case,problem,cores,version,makespan,singlecore_makespan,speedup,added_copy_bytes,partition_added_copy_bytes,spill_added_copy_bytes,cache_hit_rate,mk_nol2,added_nol2_bytes,cache_speedup,official_seconds,solve_seconds,algorithm
case_001,1,5,final,47502,233110,4.907372,4608,4608,0,,,,,,,offline_calibrated_v5
case_001,1,2,online,117436,233110,1.984996,3456,3456,0,,,,,,480.0,v5_two_stage_online
case_001,1,3,online,78545,233110,2.967853,2304,2304,0,,,,,,480.0,v5_two_stage_online
case_001,1,4,online,58984,233110,3.952089,3456,3456,0,,,,,,480.0,v5_two_stage_online
case_001,1,5,online,47502,233110,4.907372,4608,4608,0,,,,,,480.0,v5_two_stage_online
case_001,2,5,final,47502,233110,4.907372,4608,4608,0,,,,,,,offline_calibrated_v5
case_001,2,2,online,116868,233110,1.994644,1152,1152,0,,,,,,480.0,v5_two_stage_online
case_001,2,3,online,78545,233110,2.967853,2304,2304,0,,,,,,480.1,v5_two_stage_online
case_001,2,4,online,58984,233110,3.952089,3456,3456,0,,,,,,480.0,v5_two_stage_online
case_001,2,5,online,47502,233110,4.907372,4608,4608,0,,,,,,480.0,v5_two_stage_online
case_001,3,5,final,47502,233110,4.907372,4608,4608,0,0.0,47502,4608,1.0,,,offline_calibrated_v5
case_001,3,2,online,116868,233110,1.994644,1152,1152,0,0.0,116868,1152,1.0,,480.0,v5_two_stage_online
case_001,3,3,online,78545,233110,2.967853,2304,2304,0,0.0,78545,2304,1.0,,480.0,v5_two_stage_online
case_001,3,4,online,58984,233110,3.952089,3456,3456,0,0.0,58984,3456,1.0,,480.0,v5_two_stage_online
case_001,3,5,online,47502,233110,4.907372,4608,4608,0,0.0,47502,4608,1.0,,480.0,v5_two_stage_online
case_002,1,5,final,60254,261945,4.347346,222720,222720,0,,,,,,,offline_calibrated_v5
case_002,1,2,online,167672,261945,1.562247,7845888,7845888,0,,,,,,480.3,v5_two_stage_online
case_002,1,3,online,155447,261945,1.685108,7845888,7845888,0,,,,,,480.2,v5_two_stage_online
case_002,1,4,online,154187,261945,1.698879,7732224,7732224,0,,,,,,480.1,v5_two_stage_online
case_002,1,5,online,155708,261945,1.682284,7904256,7904256,0,,,,,,480.2,v5_two_stage_online
case_002,2,5,final,53799,261945,4.868957,43008,43008,0,,,,,,,offline_calibrated_v5
case_002,2,2,online,125678,261945,2.084255,1594368,1310208,284160,,,,,,480.2,v5_two_stage_online
case_002,2,3,online,90504,261945,2.894292,2302464,2302464,0,,,,,,480.1,v5_two_stage_online
case_002,2,4,online,81005,261945,3.233689,3068928,3068928,0,,,,,,480.1,v5_two_stage_online
case_002,2,5,online,70460,261945,3.717641,2789376,2789376,0,,,,,,480.2,v5_two_stage_online
case_002,3,5,final,53799,261945,4.868957,,,,,,,,0.38,,offline_calibrated_v5
case_002,3,2,online,129264,261945,2.026434,,,,,,,,0.9,420.2,v5_two_stage_online
case_002,3,3,online,90709,261945,2.887751,,,,,,,,0.7,420.5,v5_two_stage_online
case_002,3,4,online,81212,261945,3.225447,,,,,,,,0.82,420.1,v5_two_stage_online
case_002,3,5,online,74723,261945,3.505547,,,,,,,,0.85,420.1,v5_two_stage_online
case_003,1,5,final,464504,602212,1.296462,1780250,1780250,0,,,,,,,offline_calibrated_v5
case_003,1,2,online,744097,602212,0.809319,12376492,12376492,0,,,,,,480.5,v5_two_stage_online
case_003,1,3,online,744255,602212,0.809147,12376492,12376492,0,,,,,,482.4,v5_two_stage_online
case_003,1,4,online,745748,602212,0.807527,12376492,12376492,0,,,,,,482.2,v5_two_stage_online
case_003,1,5,online,748556,602212,0.804498,12376492,12376492,0,,,,,,480.0,v5_two_stage_online
case_003,2,5,final,235418,602212,2.558054,8076396,8076396,0,,,,,,,offline_calibrated_v5
case_003,2,2,online,588284,602212,1.023676,3380226,3380226,0,,,,,,480.9,v5_two_stage_online
case_003,2,3,online,583601,602212,1.03189,3650080,3650080,0,,,,,,480.6,v5_two_stage_online
case_003,2,4,online,577588,602212,1.042632,4129640,4126056,3584,,,,,,481.0,v5_two_stage_online
case_003,2,5,online,573800,602212,1.049516,5534762,5534762,0,,,,,,480.5,v5_two_stage_online
case_003,3,5,final,221809,602212,2.715003,8076396,8076396,0,0.275542,235800,8076396,1.063077,,,offline_calibrated_v5
case_003,3,2,online,592336,602212,1.016673,1952900,1950596,2304,0.031214,592336,1952900,1.0,,480.4,v5_two_stage_online
case_003,3,3,online,590565,602212,1.019722,2959528,2959528,0,0.032072,590571,2959528,1.00001,,481.5,v5_two_stage_online
case_003,3,4,online,584714,602212,1.029926,4325064,4304068,20996,0.057519,584762,4325064,1.000082,,480.5,v5_two_stage_online
case_003,3,5,online,578951,602212,1.040178,3743862,3723634,20228,0.056032,579047,3743862,1.000166,,480.6,v5_two_stage_online
case_004,1,5,final,88341,392357,4.441392,552960,552960,0,,,,,,,offline_calibrated_v5
case_004,1,2,online,201316,392357,1.948961,2036736,2036736,0,,,,,,480.0,v5_two_stage_online
case_004,1,3,online,139620,392357,2.810178,2257920,2257920,0,,,,,,480.0,v5_two_stage_online
case_004,1,4,online,105022,392357,3.735951,2036736,2036736,0,,,,,,480.1,v5_two_stage_online
case_004,1,5,online,89906,392357,4.36408,2147328,2147328,0,,,,,,480.0,v5_two_stage_online
case_004,2,5,final,85236,392357,4.603184,442368,442368,0,,,,,,,offline_calibrated_v5
case_004,2,2,online,196032,392357,2.001495,110592,110592,0,,,,,,480.0,v5_two_stage_online
case_004,2,3,online,131412,392357,2.985701,221184,221184,0,,,,,,480.1,v5_two_stage_online
case_004,2,4,online,101428,392357,3.86833,331776,331776,0,,,,,,480.0,v5_two_stage_online
case_004,2,5,online,85236,392357,4.603184,442368,442368,0,,,,,,480.0,v5_two_stage_online
case_004,3,5,final,85236,392357,4.603184,442368,442368,0,0.0,85236,442368,1.0,,,offline_calibrated_v5
case_004,3,2,online,196032,392357,2.001495,110592,110592,0,0.0,196032,110592,1.0,,480.0,v5_two_stage_online
case_004,3,3,online,131412,392357,2.985701,221184,221184,0,0.0,131412,221184,1.0,,480.1,v5_two_stage_online
case_004,3,4,online,101428,392357,3.86833,331776,331776,0,0.0,101428,331776,1.0,,480.0,v5_two_stage_online
case_004,3,5,online,85236,392357,4.603184,442368,442368,0,0.0,85236,442368,1.0,,480.1,v5_two_stage_online
case_005,1,5,final,76076,95618,1.256875,903202,903202,0,,,,,,,offline_calibrated_v5
case_005,1,2,online,128353,95618,0.744961,3631554,3631554,0,,,,,,480.0,v5_two_stage_online
case_005,1,3,online,131905,95618,0.7249,3473600,3473600,0,,,,,,480.4,v5_two_stage_online
case_005,1,4,online,134483,95618,0.711004,3762336,3762336,0,,,,,,480.3,v5_two_stage_online
case_005,1,5,online,131381,95618,0.727792,3541682,3541682,0,,,,,,480.5,v5_two_stage_online
case_005,2,5,final,46313,95618,2.064604,1780852,1780852,0,,,,,,,offline_calibrated_v5
case_005,2,2,online,86528,95618,1.105053,1477796,1477796,0,,,,,,480.3,v5_two_stage_online
case_005,2,3,online,86122,95618,1.110262,1686696,1686696,0,,,,,,480.2,v5_two_stage_online
case_005,2,4,online,86198,95618,1.109283,1721354,1721354,0,,,,,,480.2,v5_two_stage_online
case_005,2,5,online,84455,95618,1.132177,1807914,1807914,0,,,,,,480.3,v5_two_stage_online
case_005,3,5,final,42227,95618,2.264381,1655348,1655348,0,0.349924,45375,1655348,1.074549,,,offline_calibrated_v5
case_005,3,2,online,88098,95618,1.085359,1209284,1209284,0,0.030309,88156,1209284,1.000658,,480.3,v5_two_stage_online
case_005,3,3,online,86684,95618,1.103064,1834470,1834470,0,0.053607,86980,1834470,1.003415,,480.2,v5_two_stage_online
case_005,3,4,online,84034,95618,1.137849,1782440,1782440,0,0.053465,84181,1782440,1.001749,,480.3,v5_two_stage_online
case_005,3,5,online,88426,95618,1.081334,1787726,1787726,0,0.046368,88542,1787726,1.001312,,480.4,v5_two_stage_online
case_006,1,5,final,26961,82837,3.072475,400728,400728,0,,,,,,,offline_calibrated_v5
case_006,1,2,online,90786,82837,0.912442,4158668,4158668,0,,,,,,480.0,v5_two_stage_online
case_006,1,3,online,104308,82837,0.794158,5256966,5256966,0,,,,,,480.1,v5_two_stage_online
case_006,1,4,online,104018,82837,0.796372,5201278,5201278,0,,,,,,480.1,v5_two_stage_online
case_006,1,5,online,106763,82837,0.775896,5241606,5241606,0,,,,,,480.0,v5_two_stage_online
case_006,2,5,final,19736,82837,4.197254,520044,520044,0,,,,,,,offline_calibrated_v5
case_006,2,2,online,55513,82837,1.492209,1989030,1160578,828452,,,,,,480.0,v5_two_stage_online
case_006,2,3,online,43970,82837,1.883944,1489694,1232654,257040,,,,,,480.0,v5_two_stage_online
case_006,2,4,online,43171,82837,1.918811,1646372,1515284,131088,,,,,,480.0,v5_two_stage_online
case_006,2,5,online,43728,82837,1.89437,1560550,1404902,155648,,,,,,480.1,v5_two_stage_online
case_006,3,5,final,17983,82837,4.606406,545788,545788,0,0.420891,20378,545788,1.133181,,,offline_calibrated_v5
case_006,3,2,online,58863,82837,1.407285,2268078,1286062,982016,0.119969,60055,2268078,1.02025,,420.2,v5_two_stage_online
case_006,3,3,online,47268,82837,1.752496,1650828,1249392,401436,0.148167,49605,1650828,1.049441,,420.2,v5_two_stage_online
case_006,3,4,online,42742,82837,1.93807,1522374,1281734,240640,0.156629,45851,1522374,1.072739,,420.1,v5_two_stage_online
case_006,3,5,online,40869,82837,2.026891,1760540,1572124,188416,0.210768,46070,1760540,1.12726,,420.1,v5_two_stage_online
case_007,1,5,final,203834,1012562,4.967581,110592,110592,0,,,,,,,offline_calibrated_v5
case_007,1,2,online,501024,1012562,2.020985,4732416,4732416,0,,,,,,480.0,v5_two_stage_online
case_007,1,3,online,336368,1012562,3.01028,4732416,4732416,0,,,,,,480.3,v5_two_stage_online
case_007,1,4,online,255738,1012562,3.959372,4787712,4787712,0,,,,,,480.2,v5_two_stage_online
case_007,1,5,online,206896,1012562,4.894063,4787712,4787712,0,,,,,,480.1,v5_two_stage_online
case_007,2,5,final,197052,1012562,5.138552,110592,110592,0,,,,,,,offline_calibrated_v5
case_007,2,2,online,490814,1012562,2.063026,27648,27648,0,,,,,,480.4,v5_two_stage_online
case_007,2,3,online,326994,1012562,3.096577,55296,55296,0,,,,,,480.2,v5_two_stage_online
case_007,2,4,online,246058,1012562,4.115135,82944,82944,0,,,,,,480.2,v5_two_stage_online
case_007,2,5,online,197052,1012562,5.138552,110592,110592,0,,,,,,480.1,v5_two_stage_online
case_007,3,5,final,197052,1012562,5.138552,110592,110592,0,0.0,197052,110592,1.0,,,offline_calibrated_v5
case_007,3,2,online,490814,1012562,2.063026,27648,27648,0,0.0,490814,27648,1.0,,480.3,v5_two_stage_online
case_007,3,3,online,326994,1012562,3.096577,55296,55296,0,0.0,326994,55296,1.0,,480.3,v5_two_stage_online
case_007,3,4,online,246058,1012562,4.115135,82944,82944,0,0.0,246058,82944,1.0,,480.4,v5_two_stage_online
case_007,3,5,online,197052,1012562,5.138552,110592,110592,0,0.0,197052,110592,1.0,,480.2,v5_two_stage_online
case_008,1,5,final,100603,487605,4.846824,0,0,0,,,,,,,offline_calibrated_v5
case_008,1,2,online,141568,487605,3.444317,3981312,3981312,0,,,,,,480.0,v5_two_stage_online
case_008,1,3,online,115128,487605,4.235329,3981312,3981312,0,,,,,,480.0,v5_two_stage_online
case_008,1,4,online,112880,487605,4.319676,3981312,3981312,0,,,,,,480.0,v5_two_stage_online
case_008,1,5,online,112780,487605,4.323506,3981312,3981312,0,,,,,,480.0,v5_two_stage_online
case_008,2,5,final,63883,487605,7.632782,0,0,0,,,,,,,offline_calibrated_v5
case_008,2,2,online,138382,487605,3.523616,3096576,0,3096576,,,,,,480.1,v5_two_stage_online
case_008,2,3,online,102159,487605,4.773001,0,0,0,,,,,,480.1,v5_two_stage_online
case_008,2,4,online,78180,487605,6.236953,0,0,0,,,,,,480.1,v5_two_stage_online
case_008,2,5,online,63883,487605,7.632782,0,0,0,,,,,,480.1,v5_two_stage_online
case_008,3,5,final,63883,487605,7.632782,0,0,0,0.0,63883,0,1.0,,,offline_calibrated_v5
case_008,3,2,online,138382,487605,3.523616,3096576,0,3096576,0.0,138382,3096576,1.0,,480.1,v5_two_stage_online
case_008,3,3,online,102159,487605,4.773001,0,0,0,0.0,102159,0,1.0,,480.1,v5_two_stage_online
case_008,3,4,online,78180,487605,6.236953,0,0,0,0.0,78180,0,1.0,,480.1,v5_two_stage_online
case_008,3,5,online,63883,487605,7.632782,0,0,0,0.0,63883,0,1.0,,480.1,v5_two_stage_online
case_009,1,5,final,88391,153261,1.733898,373724,373724,0,,,,,,,offline_calibrated_v5
case_009,1,2,online,177885,153261,0.861573,2904198,2904198,0,,,,,,480.3,v5_two_stage_online
case_009,1,3,online,178430,153261,0.858942,2893464,2893464,0,,,,,,480.5,v5_two_stage_online
case_009,1,4,online,181142,153261,0.846082,2888598,2888598,0,,,,,,480.8,v5_two_stage_online
case_009,1,5,online,185431,153261,0.826512,3007740,3007740,0,,,,,,480.4,v5_two_stage_online
case_009,2,5,final,82666,153261,1.853979,0,0,0,,,,,,,offline_calibrated_v5
case_009,2,2,online,137160,153261,1.117388,1037648,801612,236036,,,,,,480.2,v5_two_stage_online
case_009,2,3,online,135486,153261,1.131194,1288138,1226186,61952,,,,,,480.4,v5_two_stage_online
case_009,2,4,online,137007,153261,1.118636,1208444,1165948,42496,,,,,,480.0,v5_two_stage_online
case_009,2,5,online,136345,153261,1.124068,1288060,1226108,61952,,,,,,480.1,v5_two_stage_online
case_009,3,5,final,69144,153261,2.216548,881614,881614,0,0.268537,69652,881614,1.007347,,,offline_calibrated_v5
case_009,3,2,online,136115,153261,1.125967,933026,875170,57856,0.115124,136471,933026,1.002615,,480.6,v5_two_stage_online
case_009,3,3,online,138402,153261,1.107361,897276,673530,223746,0.137808,138921,897276,1.00375,,480.9,v5_two_stage_online
case_009,3,4,online,139963,153261,1.095011,1159490,926526,232964,0.139049,140417,1159490,1.003244,,480.0,v5_two_stage_online
case_009,3,5,online,136458,153261,1.123137,1006196,848114,158082,0.149387,136677,1006196,1.001605,,480.2,v5_two_stage_online
case_010,1,5,final,24871,86969,3.496804,378128,378128,0,,,,,,,offline_calibrated_v5
case_010,1,2,online,87381,86969,0.995285,3614996,3614996,0,,,,,,480.0,v5_two_stage_online
case_010,1,3,online,86208,86969,1.008827,3870808,3870808,0,,,,,,480.1,v5_two_stage_online
case_010,1,4,online,94855,86969,0.916863,4792756,4792756,0,,,,,,480.1,v5_two_stage_online
case_010,1,5,online,93074,86969,0.934407,4792622,4792622,0,,,,,,480.0,v5_two_stage_online
case_010,2,5,final,18737,86969,4.641565,538772,538772,0,,,,,,,offline_calibrated_v5
case_010,2,2,online,48785,86969,1.7827,1209432,931792,277640,,,,,,480.0,v5_two_stage_online
case_010,2,3,online,39222,86969,2.217353,1243836,1174204,69632,,,,,,480.0,v5_two_stage_online
case_010,2,4,online,36191,86969,2.403056,1273768,1223076,50692,,,,,,480.0,v5_two_stage_online
case_010,2,5,online,34521,86969,2.519307,1326644,1293876,32768,,,,,,480.1,v5_two_stage_online
case_010,3,5,final,18683,86969,4.65498,538772,538772,0,0.330785,18737,538772,1.00289,,,offline_calibrated_v5
case_010,3,2,online,47013,86969,1.849893,1246084,792956,453128,0.165537,47999,1246084,1.020973,,480.2,v5_two_stage_online
case_010,3,3,online,38576,86969,2.254485,1482452,1288900,193552,0.152821,39990,1482452,1.036655,,480.0,v5_two_stage_online
case_010,3,4,online,34781,86969,2.500474,1275200,1242432,32768,0.196828,35849,1275200,1.030706,,480.0,v5_two_stage_online
case_010,3,5,online,32244,86969,2.697215,1374880,1340576,34304,0.25369,36209,1374880,1.122969,,480.1,v5_two_stage_online
case_011,1,5,final,46880,184697,3.939782,1081344,1081344,0,,,,,,,offline_calibrated_v5
case_011,1,2,online,138302,184697,1.335462,5410816,5410816,0,,,,,,480.0,v5_two_stage_online
case_011,1,3,online,113417,184697,1.628477,5619712,5619712,0,,,,,,480.1,v5_two_stage_online
case_011,1,4,online,106762,184697,1.729988,5554176,5554176,0,,,,,,480.0,v5_two_stage_online
case_011,1,5,online,108112,184697,1.708386,5619712,5619712,0,,,,,,480.0,v5_two_stage_online
case_011,2,5,final,39441,184697,4.682868,1308672,1308672,0,,,,,,,offline_calibrated_v5
case_011,2,2,online,104448,184697,1.768315,1474560,688128,786432,,,,,,480.0,v5_two_stage_online
case_011,2,3,online,72242,184697,2.556643,1581056,1581056,0,,,,,,480.0,v5_two_stage_online
case_011,2,4,online,57483,184697,3.213072,1552384,1552384,0,,,,,,480.1,v5_two_stage_online
case_011,2,5,online,47430,184697,3.894097,1818624,1818624,0,,,,,,480.0,v5_two_stage_online
case_011,3,5,final,39441,184697,4.682868,1308672,1308672,0,0.331288,39775,1308672,1.008468,,,offline_calibrated_v5
case_011,3,2,online,104219,184697,1.772201,1441792,524288,917504,0.182584,104219,1441792,1.0,,480.0,v5_two_stage_online
case_011,3,3,online,74397,184697,2.482587,2072576,2072576,0,0.350107,74397,2072576,1.0,,480.0,v5_two_stage_online
case_011,3,4,online,53463,184697,3.45467,1351680,1351680,0,0.256757,53463,1351680,1.0,,480.0,v5_two_stage_online
case_011,3,5,online,48204,184697,3.83157,1732608,1732608,0,0.264286,48229,1732608,1.000519,,480.1,v5_two_stage_online
case_012,1,5,final,15486,59088,3.815575,204468,204468,0,,,,,,,offline_calibrated_v5
case_012,1,2,online,53062,59088,1.113565,2038902,2038902,0,,,,,,480.1,v5_two_stage_online
case_012,1,3,online,51121,59088,1.155846,1978630,1978630,0,,,,,,480.0,v5_two_stage_online
case_012,1,4,online,51276,59088,1.152352,2051070,2051070,0,,,,,,480.1,v5_two_stage_online
case_012,1,5,online,51746,59088,1.141885,2217368,2217368,0,,,,,,480.1,v5_two_stage_online
case_012,2,5,final,13536,59088,4.365248,105600,105600,0,,,,,,,offline_calibrated_v5
case_012,2,2,online,28700,59088,2.058815,674130,674130,0,,,,,,480.1,v5_two_stage_online
case_012,2,3,online,24045,59088,2.457392,605768,605768,0,,,,,,480.0,v5_two_stage_online
case_012,2,4,online,22812,59088,2.590216,498872,498872,0,,,,,,480.1,v5_two_stage_online
case_012,2,5,online,22606,59088,2.613819,524312,524312,0,,,,,,480.1,v5_two_stage_online
case_012,3,5,final,13457,59088,4.390875,105600,105600,0,0.071837,13536,105600,1.005871,,,offline_calibrated_v5
case_012,3,2,online,29705,59088,1.98916,433786,433786,0,0.085196,29871,433786,1.005588,,480.1,v5_two_stage_online
case_012,3,3,online,23811,59088,2.481542,608130,608130,0,0.142829,24342,608130,1.022301,,480.1,v5_two_stage_online
case_012,3,4,online,21729,59088,2.719315,551198,551198,0,0.121687,22764,551198,1.047632,,480.1,v5_two_stage_online
case_012,3,5,online,21911,59088,2.696728,584998,584998,0,0.133787,23002,584998,1.049792,,480.2,v5_two_stage_online
case_013,1,5,final,55154,263949,4.785673,86016,86016,0,,,,,,,offline_calibrated_v5
case_013,1,2,online,133966,263949,1.970269,73728,73728,0,,,,,,480.1,v5_two_stage_online
case_013,1,3,online,89445,263949,2.950964,65536,65536,0,,,,,,480.1,v5_two_stage_online
case_013,1,4,online,68287,263949,3.865289,81920,81920,0,,,,,,480.0,v5_two_stage_online
case_013,1,5,online,55366,263949,4.767348,73728,73728,0,,,,,,480.1,v5_two_stage_online
case_013,2,5,final,54117,263949,4.877377,32768,32768,0,,,,,,,offline_calibrated_v5
case_013,2,2,online,132198,263949,1.996619,8192,8192,0,,,,,,480.1,v5_two_stage_online
case_013,2,3,online,88351,263949,2.987504,16384,16384,0,,,,,,480.0,v5_two_stage_online
case_013,2,4,online,66982,263949,3.940596,24576,24576,0,,,,,,480.1,v5_two_stage_online
case_013,2,5,online,54363,263949,4.855306,32768,32768,0,,,,,,480.0,v5_two_stage_online
case_013,3,5,final,53825,263949,4.903837,36864,36864,0,0.00995,54106,36864,1.005221,,,offline_calibrated_v5
case_013,3,2,online,132198,263949,1.996619,8192,8192,0,0.0,132198,8192,1.0,,480.0,v5_two_stage_online
case_013,3,3,online,88351,263949,2.987504,16384,16384,0,0.0,88351,16384,1.0,,480.1,v5_two_stage_online
case_013,3,4,online,66946,263949,3.942715,24576,24576,0,0.009,66982,24576,1.000538,,480.2,v5_two_stage_online
case_013,3,5,online,54117,263949,4.877377,32768,32768,0,0.005976,54363,32768,1.004546,,480.2,v5_two_stage_online
case_014,1,5,final,3631292,17698626,4.87392,58059168,20838912,37220256,,,,,,,offline_calibrated_v5
case_014,1,2,online,9741103,17698626,1.816902,238355516,238355516,0,,,,,,492.4,v5_two_stage_online
case_014,1,3,online,6628195,17698626,2.670203,237873212,237873212,0,,,,,,494.2,v5_two_stage_online
case_014,1,4,online,5187348,17698626,3.411883,238151228,238151228,0,,,,,,514.6,v5_two_stage_online
case_014,1,5,online,4526822,17698626,3.909724,238387772,238387772,0,,,,,,534.1,v5_two_stage_online
case_014,2,5,final,3552237,17698626,4.982389,116905200,36501000,80404200,,,,,,,offline_calibrated_v5
case_014,2,2,online,8767493,17698626,2.018664,114495672,9893208,104602464,,,,,,480.2,v5_two_stage_online
case_014,2,3,online,5853492,17698626,3.023601,114274488,19744944,94529544,,,,,,485.4,v5_two_stage_online
case_014,2,4,online,4419860,17698626,4.004341,115880256,29527560,86352696,,,,,,480.7,v5_two_stage_online
case_014,2,5,online,3561169,17698626,4.969892,114667704,38910816,75756888,,,,,,483.6,v5_two_stage_online
case_014,3,5,final,3683682,17698626,4.804602,,,,,,,,19.63,,offline_calibrated_v5
case_014,3,2,online,8777338,17698626,2.0164,,,,,,,,36.31,488.5,v5_two_stage_online
case_014,3,3,online,5869126,17698626,3.015547,,,,,,,,28.15,489.7,v5_two_stage_online
case_014,3,4,online,4428525,17698626,3.996506,,,,,,,,22.64,487.2,v5_two_stage_online
case_014,3,5,online,3561091,17698626,4.970001,,,,,,,,18.79,498.6,v5_two_stage_online
case_015,1,5,final,43263,177362,4.099623,1473664,1473664,0,,,,,,,offline_calibrated_v5
case_015,1,2,online,150903,177362,1.175338,5943532,5943532,0,,,,,,480.1,v5_two_stage_online
case_015,1,3,online,138811,177362,1.277723,6287808,6287808,0,,,,,,480.1,v5_two_stage_online
case_015,1,4,online,135050,177362,1.313306,6205502,6205502,0,,,,,,480.1,v5_two_stage_online
case_015,1,5,online,135726,177362,1.306765,6186828,6186828,0,,,,,,480.1,v5_two_stage_online
case_015,2,5,final,37891,177362,4.680848,777916,777916,0,,,,,,,offline_calibrated_v5
case_015,2,2,online,120057,177362,1.477315,3689892,2690392,999500,,,,,,480.1,v5_two_stage_online
case_015,2,3,online,89665,177362,1.978052,3046332,2374524,671808,,,,,,480.0,v5_two_stage_online
case_015,2,4,online,88333,177362,2.007879,3155304,2696552,458752,,,,,,480.1,v5_two_stage_online
case_015,2,5,online,88249,177362,2.00979,3067300,2207084,860216,,,,,,480.1,v5_two_stage_online
case_015,3,5,final,37891,177362,4.680848,,,,,,,,0.26,,offline_calibrated_v5
case_015,3,2,online,115682,177362,1.533186,,,,,,,,0.56,420.1,v5_two_stage_online
case_015,3,3,online,90696,177362,1.955566,,,,,,,,0.49,420.2,v5_two_stage_online
case_015,3,4,online,89931,177362,1.972201,,,,,,,,0.39,420.0,v5_two_stage_online
case_015,3,5,online,88613,177362,2.001535,,,,,,,,0.43,420.0,v5_two_stage_online
case_016,1,5,final,3397411,7715523,2.271001,119555952,119555952,0,,,,,,,offline_calibrated_v5
case_016,1,2,online,8203434,7715523,0.940524,176176948,176176948,0,,,,,,482.2,v5_two_stage_online
case_016,1,3,online,8207934,7715523,0.940008,176176948,176176948,0,,,,,,480.7,v5_two_stage_online
case_016,1,4,online,8214234,7715523,0.939287,176176948,176176948,0,,,,,,480.4,v5_two_stage_online
case_016,1,5,online,8211534,7715523,0.939596,176176948,176176948,0,,,,,,482.3,v5_two_stage_online
case_016,2,5,final,2240433,7715523,3.443764,16632,16632,0,,,,,,,offline_calibrated_v5
case_016,2,2,online,7869875,7715523,0.980387,47056556,23790384,23266172,,,,,,480.4,v5_two_stage_online
case_016,2,3,online,7780250,7715523,0.991681,50071032,33686324,16384708,,,,,,480.5,v5_two_stage_online
case_016,2,4,online,7760660,7715523,0.994184,50988356,35062528,15925828,,,,,,481.1,v5_two_stage_online
case_016,2,5,online,7773325,7715523,0.992564,52168268,37422012,14746256,,,,,,480.7,v5_two_stage_online
case_016,3,5,final,2240433,7715523,3.443764,,,,,,,,8.33,,offline_calibrated_v5
case_016,3,2,online,7959790,7715523,0.969312,,,,,,,,7.72,480.2,v5_two_stage_online
case_016,3,3,online,7932472,7715523,0.972651,,,,,,,,6.21,485.1,v5_two_stage_online
case_016,3,4,online,7913679,7715523,0.97496,,,,,,,,5.42,482.4,v5_two_stage_online
case_016,3,5,online,7912675,7715523,0.975084,,,,,,,,5.31,481.6,v5_two_stage_online
case_017,1,5,final,34707,162810,4.690985,446708,446708,0,,,,,,,offline_calibrated_v5
case_017,1,2,online,118663,162810,1.372037,3338500,3338500,0,,,,,,480.0,v5_two_stage_online
case_017,1,3,online,113279,162810,1.437248,4063344,4063344,0,,,,,,480.0,v5_two_stage_online
case_017,1,4,online,111843,162810,1.455701,4078398,4078398,0,,,,,,480.1,v5_two_stage_online
case_017,1,5,online,109039,162810,1.493135,4082282,4082282,0,,,,,,480.2,v5_two_stage_online
case_017,2,5,final,32743,162810,4.972361,272024,272024,0,,,,,,,offline_calibrated_v5
case_017,2,2,online,85299,162810,1.908698,1125974,1009134,116840,,,,,,480.0,v5_two_stage_online
case_017,2,3,online,66656,162810,2.442541,1165148,1165148,0,,,,,,480.0,v5_two_stage_online
case_017,2,4,online,69105,162810,2.35598,1307374,1307374,0,,,,,,480.1,v5_two_stage_online
case_017,2,5,online,68275,162810,2.384621,1295012,1295012,0,,,,,,480.0,v5_two_stage_online
case_017,3,5,final,32743,162810,4.972361,272024,272024,0,0.087698,32743,272024,1.0,,,offline_calibrated_v5
case_017,3,2,online,80715,162810,2.017097,1512368,1385312,127056,0.155071,81149,1512368,1.005377,,480.0,v5_two_stage_online
case_017,3,3,online,70119,162810,2.32191,1269472,1181396,88076,0.18627,71729,1269472,1.022961,,480.2,v5_two_stage_online
case_017,3,4,online,67239,162810,2.421363,1244486,1244486,0,0.224968,68555,1244486,1.019572,,480.1,v5_two_stage_online
case_017,3,5,online,67558,162810,2.409929,1427994,1427994,0,0.164785,67792,1427994,1.003464,,480.1,v5_two_stage_online
case_018,1,5,final,213680,1004367,4.700332,9265152,9265152,0,,,,,,,offline_calibrated_v5
case_018,1,2,online,543544,1004367,1.847812,14734008,14734008,0,,,,,,480.6,v5_two_stage_online
case_018,1,3,online,369541,1004367,2.717877,15112888,15112888,0,,,,,,480.2,v5_two_stage_online
case_018,1,4,online,293925,1004367,3.417086,14634424,14634424,0,,,,,,480.3,v5_two_stage_online
case_018,1,5,online,265336,1004367,3.785265,14071608,14071608,0,,,,,,480.6,v5_two_stage_online
case_018,2,5,final,197324,1004367,5.089938,4501504,4268032,233472,,,,,,,offline_calibrated_v5
case_018,2,2,online,492804,1004367,2.038066,3768704,1299456,2469248,,,,,,480.0,v5_two_stage_online
case_018,2,3,online,330175,1004367,3.041923,4269440,2426880,1842560,,,,,,480.2,v5_two_stage_online
case_018,2,4,online,247708,1004367,4.054641,3985408,3247104,738304,,,,,,480.0,v5_two_stage_online
case_018,2,5,online,197324,1004367,5.089938,4501504,4268032,233472,,,,,,480.2,v5_two_stage_online
case_018,3,5,final,198788,1004367,5.052453,,,,,,,,0.77,,offline_calibrated_v5
case_018,3,2,online,492391,1004367,2.039775,,,,,,,,1.01,480.4,v5_two_stage_online
case_018,3,3,online,327087,1004367,3.070642,,,,,,,,0.64,480.2,v5_two_stage_online
case_018,3,4,online,249402,1004367,4.027101,,,,,,,,0.82,480.5,v5_two_stage_online
case_018,3,5,online,198788,1004367,5.052453,,,,,,,,0.64,480.4,v5_two_stage_online
case_019,1,5,final,17993,81144,4.509754,390772,390772,0,,,,,,,offline_calibrated_v5
case_019,1,2,online,74018,81144,1.096274,2789356,2789356,0,,,,,,480.1,v5_two_stage_online
case_019,1,3,online,71493,81144,1.134992,2817532,2817532,0,,,,,,480.0,v5_two_stage_online
case_019,1,4,online,66584,81144,1.218671,2804712,2804712,0,,,,,,480.0,v5_two_stage_online
case_019,1,5,online,67326,81144,1.20524,2863620,2863620,0,,,,,,480.1,v5_two_stage_online
case_019,2,5,final,15040,81144,5.395213,93260,93260,0,,,,,,,offline_calibrated_v5
case_019,2,2,online,39526,81144,2.052927,751640,751640,0,,,,,,480.0,v5_two_stage_online
case_019,2,3,online,38097,81144,2.129931,562468,562468,0,,,,,,480.0,v5_two_stage_online
case_019,2,4,online,35203,81144,2.305031,946916,946916,0,,,,,,480.0,v5_two_stage_online
case_019,2,5,online,34506,81144,2.351591,1044392,1044392,0,,,,,,480.0,v5_two_stage_online
case_019,3,5,final,16310,81144,4.975107,93260,93260,0,0.020486,16310,93260,1.0,,,offline_calibrated_v5
case_019,3,2,online,39641,81144,2.046972,603900,595708,8192,0.150994,39639,603900,0.99995,,480.1,v5_two_stage_online
case_019,3,3,online,35549,81144,2.282596,928624,928624,0,0.122812,36033,928624,1.013615,,480.0,v5_two_stage_online
case_019,3,4,online,33937,81144,2.391019,845996,845996,0,0.145937,34455,845996,1.015264,,480.0,v5_two_stage_online
case_019,3,5,online,32756,81144,2.477226,1059956,1059956,0,0.161436,34115,1059956,1.041489,,480.1,v5_two_stage_online
case_020,1,5,final,107954,532746,4.934935,0,0,0,,,,,,,offline_calibrated_v5
case_020,1,2,online,453532,532746,1.17466,24379392,24379392,0,,,,,,480.5,v5_two_stage_online
case_020,1,3,online,450464,532746,1.182661,24379392,24379392,0,,,,,,480.8,v5_two_stage_online
case_020,1,4,online,450432,532746,1.182745,24379392,24379392,0,,,,,,480.7,v5_two_stage_online
case_020,1,5,online,450432,532746,1.182745,24379392,24379392,0,,,,,,480.1,v5_two_stage_online
case_020,2,5,final,107111,532746,4.973775,0,0,0,,,,,,,offline_calibrated_v5
case_020,2,2,online,266580,532746,1.998447,0,0,0,,,,,,480.6,v5_two_stage_online
case_020,2,3,online,177888,532746,2.994839,0,0,0,,,,,,480.4,v5_two_stage_online
case_020,2,4,online,133725,532746,3.983892,0,0,0,,,,,,480.5,v5_two_stage_online
case_020,2,5,online,107111,532746,4.973775,0,0,0,,,,,,480.3,v5_two_stage_online
case_020,3,5,final,107650,532746,4.948871,0,0,0,0.0,107650,0,1.0,,,offline_calibrated_v5
case_020,3,2,online,266580,532746,1.998447,0,0,0,0.0,266580,0,1.0,,480.4,v5_two_stage_online
case_020,3,3,online,177888,532746,2.994839,0,0,0,0.0,177888,0,1.0,,480.5,v5_two_stage_online
case_020,3,4,online,133642,532746,3.986367,0,0,0,0.0,133642,0,1.0,,480.2,v5_two_stage_online
case_020,3,5,online,107118,532746,4.97345,0,0,0,0.0,107118,0,1.0,,480.0,v5_two_stage_online
case_021,1,5,final,1243902,6567937,5.280108,7372800,7372800,0,,,,,,,offline_calibrated_v5
case_021,1,2,online,4142086,6567937,1.585659,99962880,99962880,0,,,,,,480.1,v5_two_stage_online
case_021,1,3,online,3037063,6567937,2.162595,104701952,104701952,0,,,,,,480.7,v5_two_stage_online
case_021,1,4,online,2563514,6567937,2.562084,103362560,103362560,0,,,,,,480.7,v5_two_stage_online
case_021,1,5,online,2267276,6567937,2.896841,102043648,102043648,0,,,,,,480.5,v5_two_stage_online
case_021,2,5,final,1249261,6567937,5.257458,12021760,9420800,2600960,,,,,,,offline_calibrated_v5
case_021,2,2,online,4161129,6567937,1.578403,90009600,28596224,61413376,,,,,,480.6,v5_two_stage_online
case_021,2,3,online,2976212,6567937,2.206811,85460992,35682304,49778688,,,,,,480.5,v5_two_stage_online
case_021,2,4,online,2383020,6567937,2.75614,82903040,46829568,36073472,,,,,,480.7,v5_two_stage_online
case_021,2,5,online,2003332,6567937,3.278507,80703488,46989312,33714176,,,,,,480.1,v5_two_stage_online
case_021,3,5,final,1249380,6567937,5.256957,,,,,,,,1.23,,offline_calibrated_v5
case_021,3,2,online,4180864,6567937,1.570952,,,,,,,,3.3,480.8,v5_two_stage_online
case_021,3,3,online,3031803,6567937,2.166347,,,,,,,,2.86,480.8,v5_two_stage_online
case_021,3,4,online,2412075,6567937,2.722941,,,,,,,,2.73,480.8,v5_two_stage_online
case_021,3,5,online,2045035,6567937,3.21165,,,,,,,,2.64,480.7,v5_two_stage_online
case_022,1,5,final,12133,56780,4.679799,102252,102252,0,,,,,,,offline_calibrated_v5
case_022,1,2,online,64981,56780,0.873794,3054528,3054528,0,,,,,,480.0,v5_two_stage_online
case_022,1,3,online,69328,56780,0.819005,3202688,3202688,0,,,,,,480.2,v5_two_stage_online
case_022,1,4,online,72597,56780,0.782126,3143314,3143314,0,,,,,,480.1,v5_two_stage_online
case_022,1,5,online,71645,56780,0.792519,3384024,3384024,0,,,,,,480.1,v5_two_stage_online
case_022,2,5,final,11654,56780,4.872147,137020,137020,0,,,,,,,offline_calibrated_v5
case_022,2,2,online,36133,56780,1.571417,987688,723488,264200,,,,,,480.1,v5_two_stage_online
case_022,2,3,online,33675,56780,1.686117,1036372,810956,225416,,,,,,480.1,v5_two_stage_online
case_022,2,4,online,32712,56780,1.735754,1022962,810990,211972,,,,,,480.0,v5_two_stage_online
case_022,2,5,online,31361,56780,1.810529,1108058,917594,190464,,,,,,480.1,v5_two_stage_online
case_022,3,5,final,11654,56780,4.872147,137020,137020,0,0.1957,11654,137020,1.0,,,offline_calibrated_v5
case_022,3,2,online,34966,56780,1.623863,929496,595672,333824,0.178726,35390,929496,1.012126,,480.0,v5_two_stage_online
case_022,3,3,online,30753,56780,1.846324,983882,792394,191488,0.124237,31013,983882,1.008454,,480.0,v5_two_stage_online
case_022,3,4,online,31291,56780,1.814579,1228528,1155824,72704,0.24107,34687,1228528,1.10853,,480.1,v5_two_stage_online
case_022,3,5,online,31127,56780,1.82414,1315504,1206960,108544,0.238902,34073,1315504,1.094645,,480.0,v5_two_stage_online
case_023,1,5,final,26417,122614,4.641481,443328,443328,0,,,,,,,offline_calibrated_v5
case_023,1,2,online,103283,122614,1.187165,4374642,4374642,0,,,,,,480.1,v5_two_stage_online
case_023,1,3,online,92815,122614,1.321058,4350078,4350078,0,,,,,,480.2,v5_two_stage_online
case_023,1,4,online,91146,122614,1.345248,4466838,4466838,0,,,,,,480.1,v5_two_stage_online
case_023,1,5,online,89874,122614,1.364288,4570258,4570258,0,,,,,,480.1,v5_two_stage_online
case_023,2,5,final,23240,122614,5.27599,628796,628796,0,,,,,,,offline_calibrated_v5
case_023,2,2,online,58586,122614,2.092889,1376004,1269508,106496,,,,,,480.1,v5_two_stage_online
case_023,2,3,online,46172,122614,2.655592,1340162,1317634,22528,,,,,,480.1,v5_two_stage_online
case_023,2,4,online,44343,122614,2.765126,1616054,1616054,0,,,,,,480.0,v5_two_stage_online
case_023,2,5,online,44787,122614,2.737714,1665820,1665820,0,,,,,,480.1,v5_two_stage_online
case_023,3,5,final,23240,122614,5.27599,,,,,,,,0.31,,offline_calibrated_v5
case_023,3,2,online,62706,122614,1.955379,,,,,,,,0.26,420.1,v5_two_stage_online
case_023,3,3,online,48910,122614,2.506931,,,,,,,,0.34,420.2,v5_two_stage_online
case_023,3,4,online,48845,122614,2.510267,,,,,,,,0.41,420.1,v5_two_stage_online
case_023,3,5,online,47794,122614,2.565468,,,,,,,,0.33,420.2,v5_two_stage_online
case_024,1,5,final,1124755,2555343,2.271911,39327648,39327648,0,,,,,,,offline_calibrated_v5
case_024,1,2,online,2711455,2555343,0.942425,54662400,54662400,0,,,,,,480.5,v5_two_stage_online
case_024,1,3,online,2715255,2555343,0.941106,54924580,54924580,0,,,,,,480.4,v5_two_stage_online
case_024,1,4,online,2725030,2555343,0.93773,55186732,55186732,0,,,,,,480.4,v5_two_stage_online
case_024,1,5,online,2725698,2555343,0.9375,56169726,56169726,0,,,,,,480.8,v5_two_stage_online
case_024,2,5,final,743336,2555343,3.437669,5528,5528,0,,,,,,,offline_calibrated_v5
case_024,2,2,online,2441039,2555343,1.046826,34144676,34013596,131080,,,,,,480.5,v5_two_stage_online
case_024,2,3,online,2436738,2555343,1.048674,37159484,37159484,0,,,,,,480.4,v5_two_stage_online
case_024,2,4,online,2425579,2555343,1.053498,38863316,38863316,0,,,,,,480.1,v5_two_stage_online
case_024,2,5,online,2434841,2555343,1.049491,36373120,36373120,0,,,,,,480.2,v5_two_stage_online
case_024,3,5,final,743336,2555343,3.437669,,,,,,,,2.02,,offline_calibrated_v5
case_024,3,2,online,2492845,2555343,1.025071,,,,,,,,1.52,420.6,v5_two_stage_online
case_024,3,3,online,2449975,2555343,1.043008,,,,,,,,1.32,421.2,v5_two_stage_online
case_024,3,4,online,2461804,2555343,1.037996,,,,,,,,1.18,421.1,v5_two_stage_online
case_024,3,5,online,2439455,2555343,1.047506,,,,,,,,1.29,420.1,v5_two_stage_online
case_025,1,5,final,983288,4863026,4.945678,442368,442368,0,,,,,,,offline_calibrated_v5
case_025,1,2,online,2400272,4863026,2.026031,22659072,22659072,0,,,,,,482.1,v5_two_stage_online
case_025,1,3,online,1613414,4863026,3.014122,22686720,22686720,0,,,,,,484.2,v5_two_stage_online
case_025,1,4,online,1219830,4863026,3.986642,22659072,22659072,0,,,,,,482.4,v5_two_stage_online
case_025,1,5,online,986744,4863026,4.928356,22659072,22659072,0,,,,,,491.8,v5_two_stage_online
case_025,2,5,final,943120,4863026,5.156317,110592,110592,0,,,,,,,offline_calibrated_v5
case_025,2,2,online,2351860,4863026,2.067736,27648,27648,0,,,,,,480.7,v5_two_stage_online
case_025,2,3,online,1568824,4863026,3.099791,55296,55296,0,,,,,,480.7,v5_two_stage_online
case_025,2,4,online,1177424,4863026,4.130225,82944,82944,0,,,,,,481.5,v5_two_stage_online
case_025,2,5,online,943120,4863026,5.156317,110592,110592,0,,,,,,480.4,v5_two_stage_online
case_025,3,5,final,943120,4863026,5.156317,110592,110592,0,0.0,943120,110592,1.0,,,offline_calibrated_v5
case_025,3,2,online,2351860,4863026,2.067736,27648,27648,0,0.0,2351860,27648,1.0,,482.1,v5_two_stage_online
case_025,3,3,online,1568824,4863026,3.099791,55296,55296,0,0.0,1568824,55296,1.0,,481.8,v5_two_stage_online
case_025,3,4,online,1177424,4863026,4.130225,82944,82944,0,0.0,1177424,82944,1.0,,480.0,v5_two_stage_online
case_025,3,5,online,943120,4863026,5.156317,110592,110592,0,0.0,943120,110592,1.0,,481.9,v5_two_stage_online
case_026,1,5,final,41277,99203,2.403348,227856,227856,0,,,,,,,offline_calibrated_v5
case_026,1,2,online,107166,99203,0.925695,4558872,4558872,0,,,,,,480.1,v5_two_stage_online
case_026,1,3,online,113662,99203,0.872789,4896092,4896092,0,,,,,,480.0,v5_two_stage_online
case_026,1,4,online,116814,99203,0.849239,5100802,5100802,0,,,,,,480.0,v5_two_stage_online
case_026,1,5,online,108146,99203,0.917306,4581104,4581104,0,,,,,,480.0,v5_two_stage_online
case_026,2,5,final,34778,99203,2.852464,611532,611532,0,,,,,,,offline_calibrated_v5
case_026,2,2,online,65694,99203,1.510077,2367280,1816872,550408,,,,,,480.0,v5_two_stage_online
case_026,2,3,online,60696,99203,1.634424,1991896,1803480,188416,,,,,,480.0,v5_two_stage_online
case_026,2,4,online,55458,99203,1.788795,2065360,1835472,229888,,,,,,480.1,v5_two_stage_online
case_026,2,5,online,58725,99203,1.689281,2295652,2271076,24576,,,,,,480.0,v5_two_stage_online
case_026,3,5,final,26739,99203,3.710049,622664,622664,0,0.333916,28311,622664,1.058791,,,offline_calibrated_v5
case_026,3,2,online,70496,99203,1.407215,2370900,1760588,610312,0.201165,74283,2370900,1.053719,,420.2,v5_two_stage_online
case_026,3,3,online,59380,99203,1.670647,2556188,2261276,294912,0.23522,64299,2556188,1.082839,,420.1,v5_two_stage_online
case_026,3,4,online,57792,99203,1.716552,2728264,2651460,76804,0.268695,67065,2728264,1.160455,,420.0,v5_two_stage_online
case_026,3,5,online,55374,99203,1.791509,2335072,2040156,294916,0.29528,62373,2335072,1.126395,,420.2,v5_two_stage_online
case_027,1,5,final,558753,2363952,4.230764,3041280,3041280,0,,,,,,,offline_calibrated_v5
case_027,1,2,online,1383767,2363952,1.708345,28729344,28729344,0,,,,,,480.2,v5_two_stage_online
case_027,1,3,online,978633,2363952,2.415565,28729344,28729344,0,,,,,,480.1,v5_two_stage_online
case_027,1,4,online,834500,2363952,2.832777,29097984,29097984,0,,,,,,480.2,v5_two_stage_online
case_027,1,5,online,727623,2363952,3.248869,29761536,29761536,0,,,,,,480.1,v5_two_stage_online
case_027,2,5,final,460949,2363952,5.128446,14155776,14155776,0,,,,,,,offline_calibrated_v5
case_027,2,2,online,1345840,2363952,1.756488,19578880,9216000,10362880,,,,,,480.1,v5_two_stage_online
case_027,2,3,online,962504,2363952,2.456044,19666944,12048384,7618560,,,,,,480.1,v5_two_stage_online
case_027,2,4,online,775251,2363952,3.049273,20281344,16078848,4202496,,,,,,480.2,v5_two_stage_online
case_027,2,5,online,654718,2363952,3.610642,22376448,19476480,2899968,,,,,,480.0,v5_two_stage_online
case_027,3,5,final,460949,2363952,5.128446,,,,,,,,0.55,,offline_calibrated_v5
case_027,3,2,online,1358107,2363952,1.740623,,,,,,,,0.6,420.3,v5_two_stage_online
case_027,3,3,online,983248,2363952,2.404228,,,,,,,,0.58,420.6,v5_two_stage_online
case_027,3,4,online,782707,2363952,3.020226,,,,,,,,0.68,420.0,v5_two_stage_online
case_027,3,5,online,664273,2363952,3.558706,,,,,,,,0.58,420.6,v5_two_stage_online
case_028,1,5,final,9126544,43836040,4.803137,257478456,257478456,0,,,,,,,offline_calibrated_v5
case_028,1,2,online,25143167,43836040,1.743457,405179136,405179136,0,,,,,,486.7,v5_two_stage_online
case_028,1,3,online,18650039,43836040,2.350453,405179136,405179136,0,,,,,,485.3,v5_two_stage_online
case_028,1,4,online,15662277,43836040,2.798829,405179136,405179136,0,,,,,,500.0,v5_two_stage_online
case_028,1,5,online,13688266,43836040,3.202454,405179136,405179136,0,,,,,,493.3,v5_two_stage_online
case_028,2,5,final,8056841,43836040,5.440847,24789504,9245184,15544320,,,,,,,offline_calibrated_v5
case_028,2,2,online,22277800,43836040,1.967701,281483400,2148480,279334920,,,,,,480.8,v5_two_stage_online
case_028,2,3,online,15853430,43836040,2.765082,281810352,4296960,277513392,,,,,,480.3,v5_two_stage_online
case_028,2,4,online,12490579,43836040,3.509528,281929488,6445440,275484048,,,,,,481.4,v5_two_stage_online
case_028,2,5,online,10484844,43836040,4.180896,282173496,8593920,273579576,,,,,,480.6,v5_two_stage_online
case_028,3,5,final,8049671,43836040,5.445693,,,,,,,,8.45,,offline_calibrated_v5
case_028,3,2,online,23556536,43836040,1.860887,,,,,,,,12.42,425.3,v5_two_stage_online
case_028,3,3,online,15009378,43836040,2.920577,,,,,,,,10.41,429.8,v5_two_stage_online
case_028,3,4,online,11608787,43836040,3.776109,,,,,,,,8.57,421.4,v5_two_stage_online
case_028,3,5,online,10396493,43836040,4.216426,,,,,,,,7.15,425.4,v5_two_stage_online
case_029,1,5,final,11644,37555,3.225266,192700,192700,0,,,,,,,offline_calibrated_v5
case_029,1,2,online,39180,37555,0.958525,1576728,1576728,0,,,,,,480.1,v5_two_stage_online
case_029,1,3,online,37781,37555,0.994018,1590938,1590938,0,,,,,,480.1,v5_two_stage_online
case_029,1,4,online,37548,37555,1.000186,1580728,1580728,0,,,,,,480.0,v5_two_stage_online
case_029,1,5,online,38833,37555,0.96709,1582788,1582788,0,,,,,,480.1,v5_two_stage_online
case_029,2,5,final,8406,37555,4.467642,55376,55376,0,,,,,,,offline_calibrated_v5
case_029,2,2,online,21781,37555,1.724209,383756,373516,10240,,,,,,480.0,v5_two_stage_online
case_029,2,3,online,18177,37555,2.066073,316438,316438,0,,,,,,480.0,v5_two_stage_online
case_029,2,4,online,17514,37555,2.144285,441332,441332,0,,,,,,480.0,v5_two_stage_online
case_029,2,5,online,17576,37555,2.136721,437396,437396,0,,,,,,480.1,v5_two_stage_online
case_029,3,5,final,8215,37555,4.571516,127080,127080,0,0.263651,9888,127080,1.203652,,,offline_calibrated_v5
case_029,3,2,online,21218,37555,1.769959,279102,258622,20480,0.231663,21502,279102,1.013385,,480.1,v5_two_stage_online
case_029,3,3,online,16907,37555,2.221269,502750,502750,0,0.264586,18794,502750,1.111611,,480.1,v5_two_stage_online
case_029,3,4,online,16456,37555,2.282146,519266,519266,0,0.310753,19161,519266,1.164378,,480.1,v5_two_stage_online
case_029,3,5,online,15512,37555,2.421029,412770,412770,0,0.330559,17966,412770,1.1582,,480.1,v5_two_stage_online
case_030,1,5,final,575593,2808034,4.878506,21065728,21065728,0,,,,,,,offline_calibrated_v5
case_030,1,2,online,1457749,2808034,1.926281,31445644,31445644,0,,,,,,480.9,v5_two_stage_online
case_030,1,3,online,979393,2808034,2.867117,31202956,31202956,0,,,,,,481.1,v5_two_stage_online
case_030,1,4,online,747596,2808034,3.756085,31096460,31096460,0,,,,,,480.2,v5_two_stage_online
case_030,1,5,online,610029,2808034,4.603116,30960268,30960268,0,,,,,,481.9,v5_two_stage_online
case_030,2,5,final,559258,2808034,5.020999,8347648,7523328,824320,,,,,,,offline_calibrated_v5
case_030,2,2,online,1398423,2808034,2.008,10409984,1950720,8459264,,,,,,481.1,v5_two_stage_online
case_030,2,3,online,932374,2808034,3.011703,10641408,3755008,6886400,,,,,,480.8,v5_two_stage_online
case_030,2,4,online,700618,2808034,4.007939,10828800,5729280,5099520,,,,,,480.8,v5_two_stage_online
case_030,2,5,online,560143,2808034,5.013066,9288704,7411712,1876992,,,,,,480.7,v5_two_stage_online
case_030,3,5,final,561153,2808034,5.004043,,,,,,,,3.31,,offline_calibrated_v5
case_030,3,2,online,1400330,2808034,2.005266,,,,,,,,5.01,483.3,v5_two_stage_online
case_030,3,3,online,934206,2808034,3.005797,,,,,,,,3.84,482.9,v5_two_stage_online
case_030,3,4,online,699443,2808034,4.014672,,,,,,,,3.37,482.2,v5_two_stage_online
case_030,3,5,online,561153,2808034,5.004043,,,,,,,,3.68,481.5,v5_two_stage_online
case_031,1,5,final,299067,1414369,4.729271,11559984,11559984,0,,,,,,,offline_calibrated_v5
case_031,1,2,online,727540,1414369,1.944043,14695590,14695590,0,,,,,,480.3,v5_two_stage_online
case_031,1,3,online,492455,1414369,2.872078,15386790,15386790,0,,,,,,480.0,v5_two_stage_online
case_031,1,4,online,372979,1414369,3.792087,14102694,14102694,0,,,,,,480.6,v5_two_stage_online
case_031,1,5,online,312964,1414369,4.519271,14710950,14710950,0,,,,,,480.6,v5_two_stage_online
case_031,2,5,final,285308,1414369,4.957341,5596040,5596040,0,,,,,,,offline_calibrated_v5
case_031,2,2,online,693691,1414369,2.038903,5936640,1731072,4205568,,,,,,480.3,v5_two_stage_online
case_031,2,3,online,465481,1414369,3.038511,6259200,3394560,2864640,,,,,,480.4,v5_two_stage_online
case_031,2,4,online,355927,1414369,3.973761,6632448,4678656,1953792,,,,,,480.3,v5_two_stage_online
case_031,2,5,online,292980,1414369,4.827527,6469632,5260800,1208832,,,,,,480.0,v5_two_stage_online
case_031,3,5,final,285308,1414369,4.957341,,,,,,,,1.42,,offline_calibrated_v5
case_031,3,2,online,693071,1414369,2.040727,,,,,,,,1.8,481.4,v5_two_stage_online
case_031,3,3,online,466311,1414369,3.033102,,,,,,,,2.0,480.2,v5_two_stage_online
case_031,3,4,online,355806,1414369,3.975113,,,,,,,,1.96,481.5,v5_two_stage_online
case_031,3,5,online,289017,1414369,4.893723,,,,,,,,1.65,480.4,v5_two_stage_online
case_032,1,5,final,10192,41443,4.066228,153692,153692,0,,,,,,,offline_calibrated_v5
case_032,1,2,online,44277,41443,0.935994,1626390,1626390,0,,,,,,480.1,v5_two_stage_online
case_032,1,3,online,45529,41443,0.910255,1912350,1912350,0,,,,,,480.1,v5_two_stage_online
case_032,1,4,online,43489,41443,0.952954,1775084,1775084,0,,,,,,480.1,v5_two_stage_online
case_032,1,5,online,45654,41443,0.907763,1893126,1893126,0,,,,,,480.1,v5_two_stage_online
case_032,2,5,final,12125,41443,3.417979,137324,137324,0,,,,,,,offline_calibrated_v5
case_032,2,2,online,23981,41443,1.72816,382270,382270,0,,,,,,480.1,v5_two_stage_online
case_032,2,3,online,21440,41443,1.932976,452656,452656,0,,,,,,480.0,v5_two_stage_online
case_032,2,4,online,20597,41443,2.012089,598494,598494,0,,,,,,480.0,v5_two_stage_online
case_032,2,5,online,21171,41443,1.957536,565018,565018,0,,,,,,480.0,v5_two_stage_online
case_032,3,5,final,10167,41443,4.076227,178260,178260,0,0.094574,10548,178260,1.037474,,,offline_calibrated_v5
case_032,3,2,online,23407,41443,1.770539,551448,551448,0,0.129821,23612,551448,1.008758,,480.0,v5_two_stage_online
case_032,3,3,online,20514,41443,2.02023,371516,371516,0,0.266352,21650,371516,1.055377,,480.0,v5_two_stage_online
case_032,3,4,online,21513,41443,1.926417,602578,602578,0,0.290313,22856,602578,1.062427,,480.1,v5_two_stage_online
case_032,3,5,online,19714,41443,2.102212,739696,739696,0,0.255595,22535,739696,1.143096,,480.0,v5_two_stage_online
case_033,1,5,final,367538,1774196,4.827245,11664400,11664400,0,,,,,,,offline_calibrated_v5
case_033,1,2,online,1278622,1774196,1.387584,43565824,43565824,0,,,,,,480.4,v5_two_stage_online
case_033,1,3,online,987489,1774196,1.796674,43543816,43543816,0,,,,,,480.4,v5_two_stage_online
case_033,1,4,online,853405,1774196,2.078961,43378542,43378542,0,,,,,,480.0,v5_two_stage_online
case_033,1,5,online,785585,1774196,2.258439,42609928,42609928,0,,,,,,480.5,v5_two_stage_online
case_033,2,5,final,354075,1774196,5.010791,11157096,11132520,24576,,,,,,,offline_calibrated_v5
case_033,2,2,online,1220814,1774196,1.453289,32015624,7842028,24173596,,,,,,480.3,v5_two_stage_online
case_033,2,3,online,872593,1774196,2.033246,30721020,13124604,17596416,,,,,,480.0,v5_two_stage_online
case_033,2,4,online,693066,1774196,2.559924,29515412,18126476,11388936,,,,,,480.2,v5_two_stage_online
case_033,2,5,online,586570,1774196,3.024696,29604060,23610588,5993472,,,,,,480.3,v5_two_stage_online
case_033,3,5,final,354075,1774196,5.010791,,,,,,,,1.16,,offline_calibrated_v5
case_033,3,2,online,1209842,1774196,1.466469,,,,,,,,2.14,481.3,v5_two_stage_online
case_033,3,3,online,875109,1774196,2.0274,,,,,,,,2.14,480.3,v5_two_stage_online
case_033,3,4,online,695169,1774196,2.552179,,,,,,,,1.93,481.0,v5_two_stage_online
case_033,3,5,online,593623,1774196,2.988759,,,,,,,,2.02,480.8,v5_two_stage_online
case_034,1,5,final,177666,842996,4.744836,5405268,5405268,0,,,,,,,offline_calibrated_v5
case_034,1,2,online,437586,842996,1.926469,10943412,10943412,0,,,,,,480.2,v5_two_stage_online
case_034,1,3,online,298802,842996,2.821253,10942900,10942900,0,,,,,,480.2,v5_two_stage_online
case_034,1,4,online,236648,842996,3.562236,10554292,10554292,0,,,,,,480.5,v5_two_stage_online
case_034,1,5,online,215481,842996,3.912159,10461620,10461620,0,,,,,,480.4,v5_two_stage_online
case_034,2,5,final,163258,842996,5.163582,3578880,3578880,0,,,,,,,offline_calibrated_v5
case_034,2,2,online,391167,842996,2.15508,2021376,1143296,878080,,,,,,480.2,v5_two_stage_online
case_034,2,3,online,263114,842996,3.203919,2736640,2305024,431616,,,,,,480.2,v5_two_stage_online
case_034,2,4,online,198558,842996,4.245591,2739712,2739712,0,,,,,,480.4,v5_two_stage_online
case_034,2,5,online,163258,842996,5.163582,3578880,3578880,0,,,,,,480.1,v5_two_stage_online
case_034,3,5,final,165016,842996,5.108571,,,,,,,,1.02,,offline_calibrated_v5
case_034,3,2,online,394522,842996,2.136753,,,,,,,,1.15,420.0,v5_two_stage_online
case_034,3,3,online,266731,842996,3.160473,,,,,,,,1.13,420.7,v5_two_stage_online
case_034,3,4,online,199341,842996,4.228914,,,,,,,,1.29,420.3,v5_two_stage_online
case_034,3,5,online,164856,842996,5.113529,,,,,,,,1.15,420.5,v5_two_stage_online
case_035,1,5,final,89447,169571,1.895771,1234696,1234696,0,,,,,,,offline_calibrated_v5
case_035,1,2,online,197254,169571,0.859658,4431294,4431294,0,,,,,,480.1,v5_two_stage_online
case_035,1,3,online,200203,169571,0.846995,4849236,4849236,0,,,,,,480.2,v5_two_stage_online
case_035,1,4,online,199198,169571,0.851269,4442686,4442686,0,,,,,,480.3,v5_two_stage_online
case_035,1,5,online,202304,169571,0.838199,4570304,4570304,0,,,,,,480.4,v5_two_stage_online
case_035,2,5,final,78524,169571,2.15948,1555960,1555960,0,,,,,,,offline_calibrated_v5
case_035,2,2,online,140969,169571,1.202896,1328438,1231530,96908,,,,,,480.2,v5_two_stage_online
case_035,2,3,online,140641,169571,1.205701,1580216,1482282,97934,,,,,,480.0,v5_two_stage_online
case_035,2,4,online,141740,169571,1.196352,1696372,1583462,112910,,,,,,480.2,v5_two_stage_online
case_035,2,5,online,141412,169571,1.199127,1711080,1663964,47116,,,,,,480.1,v5_two_stage_online
case_035,3,5,final,76788,169571,2.208301,1785598,1785598,0,0.21051,77590,1785598,1.010444,,,offline_calibrated_v5
case_035,3,2,online,142364,169571,1.191109,1234756,1156922,77834,0.176343,142713,1234756,1.002451,,480.1,v5_two_stage_online
case_035,3,3,online,139301,169571,1.217299,1803560,1714978,88582,0.171256,140875,1803560,1.011299,,480.5,v5_two_stage_online
case_035,3,4,online,141311,169571,1.199984,1807358,1782774,24584,0.218376,142292,1807358,1.006942,,480.4,v5_two_stage_online
case_035,3,5,online,138060,169571,1.228241,1903262,1856146,47116,0.215124,138415,1903262,1.002571,,480.2,v5_two_stage_online
case_036,1,5,final,187182,931510,4.976493,4608,4608,0,,,,,,,offline_calibrated_v5
case_036,1,2,online,468340,931510,1.988961,10368,10368,0,,,,,,480.1,v5_two_stage_online
case_036,1,3,online,313523,931510,2.971106,12672,12672,0,,,,,,480.2,v5_two_stage_online
case_036,1,4,online,235352,931510,3.957944,12672,12672,0,,,,,,480.3,v5_two_stage_online
case_036,1,5,online,188224,931510,4.948944,10368,10368,0,,,,,,480.1,v5_two_stage_online
case_036,2,5,final,187182,931510,4.976493,4608,4608,0,,,,,,,offline_calibrated_v5
case_036,2,2,online,466068,931510,1.998657,1152,1152,0,,,,,,480.2,v5_two_stage_online
case_036,2,3,online,311345,931510,2.99189,2304,2304,0,,,,,,480.2,v5_two_stage_online
case_036,2,4,online,233584,931510,3.987902,3456,3456,0,,,,,,480.2,v5_two_stage_online
case_036,2,5,online,187182,931510,4.976493,4608,4608,0,,,,,,480.2,v5_two_stage_online
case_036,3,5,final,187182,931510,4.976493,4608,4608,0,0.0,187182,4608,1.0,,,offline_calibrated_v5
case_036,3,2,online,466068,931510,1.998657,1152,1152,0,0.0,466068,1152,1.0,,480.0,v5_two_stage_online
case_036,3,3,online,311345,931510,2.99189,2304,2304,0,0.0,311345,2304,1.0,,480.0,v5_two_stage_online
case_036,3,4,online,233584,931510,3.987902,3456,3456,0,0.0,233584,3456,1.0,,480.2,v5_two_stage_online
case_036,3,5,online,187182,931510,4.976493,4608,4608,0,0.0,187182,4608,1.0,,480.1,v5_two_stage_online
case_037,1,5,final,43013,210001,4.882268,1310720,1310720,0,,,,,,,offline_calibrated_v5
case_037,1,2,online,164858,210001,1.27383,6871040,6871040,0,,,,,,480.1,v5_two_stage_online
case_037,1,3,online,135566,210001,1.549068,7280640,7280640,0,,,,,,480.1,v5_two_stage_online
case_037,1,4,online,131172,210001,1.600959,7141376,7141376,0,,,,,,480.1,v5_two_stage_online
case_037,1,5,online,132326,210001,1.586997,7208960,7208960,0,,,,,,480.1,v5_two_stage_online
case_037,2,5,final,43013,210001,4.882268,1310720,1310720,0,,,,,,,offline_calibrated_v5
case_037,2,2,online,121555,210001,1.727621,2328576,1529856,798720,,,,,,480.1,v5_two_stage_online
case_037,2,3,online,83265,210001,2.52208,2271232,2197504,73728,,,,,,480.1,v5_two_stage_online
case_037,2,4,online,67151,210001,3.127295,2607104,2607104,0,,,,,,480.0,v5_two_stage_online
case_037,2,5,online,52437,210001,4.004825,2471936,2471936,0,,,,,,480.0,v5_two_stage_online
case_037,3,5,final,43013,210001,4.882268,1310720,1310720,0,0.0,43013,1310720,1.0,,,offline_calibrated_v5
case_037,3,2,online,120839,210001,1.737858,2013184,1214464,798720,0.238754,120909,2013184,1.000579,,480.0,v5_two_stage_online
case_037,3,3,online,81155,210001,2.587653,1996800,1955840,40960,0.375394,81155,1996800,1.0,,480.1,v5_two_stage_online
case_037,3,4,online,64591,210001,3.251242,2590720,2590720,0,0.432269,64811,2590720,1.003406,,480.0,v5_two_stage_online
case_037,3,5,online,53513,210001,3.924299,3004416,3004416,0,0.407004,62111,3004416,1.160671,,480.0,v5_two_stage_online
case_038,1,5,final,291927,1364555,4.674302,14157824,14157824,0,,,,,,,offline_calibrated_v5
case_038,1,2,online,705480,1364555,1.934222,17989952,17989952,0,,,,,,480.5,v5_two_stage_online
case_038,1,3,online,476931,1364555,2.861116,18329408,18329408,0,,,,,,480.6,v5_two_stage_online
case_038,1,4,online,367930,1364555,3.708735,18086720,18086720,0,,,,,,480.2,v5_two_stage_online
case_038,1,5,online,326791,1364555,4.17562,16458560,16458560,0,,,,,,480.8,v5_two_stage_online
case_038,2,5,final,274321,1364555,4.9743,8365056,7176192,1188864,,,,,,,offline_calibrated_v5
case_038,2,2,online,667379,1364555,2.044648,7690752,2591232,5099520,,,,,,480.5,v5_two_stage_online
case_038,2,3,online,446530,1364555,3.055909,7726592,4724736,3001856,,,,,,480.2,v5_two_stage_online
case_038,2,4,online,336930,1364555,4.049966,8570880,6735360,1835520,,,,,,480.2,v5_two_stage_online
case_038,2,5,online,278208,1364555,4.904801,8380416,7587840,792576,,,,,,480.5,v5_two_stage_online
case_038,3,5,final,271223,1364555,5.031118,,,,,,,,1.89,,offline_calibrated_v5
case_038,3,2,online,668479,1364555,2.041283,,,,,,,,2.47,480.5,v5_two_stage_online
case_038,3,3,online,449678,1364555,3.034516,,,,,,,,2.23,480.0,v5_two_stage_online
case_038,3,4,online,339044,1364555,4.024714,,,,,,,,2.14,480.9,v5_two_stage_online
case_038,3,5,online,271223,1364555,5.031118,,,,,,,,2.06,480.1,v5_two_stage_online
case_039,1,5,final,315610,1435262,4.547581,9457664,8716288,741376,,,,,,,offline_calibrated_v5
case_039,1,2,online,1189215,1435262,1.206899,54812672,54812672,0,,,,,,481.3,v5_two_stage_online
case_039,1,3,online,1003293,1435262,1.430551,54542336,54542336,0,,,,,,480.6,v5_two_stage_online
case_039,1,4,online,999004,1435262,1.436693,54845440,54845440,0,,,,,,480.9,v5_two_stage_online
case_039,1,5,online,992736,1435262,1.445764,54468608,54468608,0,,,,,,480.7,v5_two_stage_online
case_039,2,5,final,309829,1435262,4.632433,10289152,4358144,5931008,,,,,,,offline_calibrated_v5
case_039,2,2,online,1088260,1435262,1.318859,42717184,14598144,28119040,,,,,,480.7,v5_two_stage_online
case_039,2,3,online,816333,1435262,1.758182,40550400,14090240,26460160,,,,,,480.1,v5_two_stage_online
case_039,2,4,online,720607,1435262,1.99174,37773312,16596992,21176320,,,,,,480.5,v5_two_stage_online
case_039,2,5,online,685349,1435262,2.094206,35930112,17129472,18800640,,,,,,480.1,v5_two_stage_online
case_039,3,5,final,293525,1435262,4.889744,,,,,,,,1.87,,offline_calibrated_v5
case_039,3,2,online,1084826,1435262,1.323034,,,,,,,,4.13,481.4,v5_two_stage_online
case_039,3,3,online,804317,1435262,1.784448,,,,,,,,3.37,481.5,v5_two_stage_online
case_039,3,4,online,681348,1435262,2.106504,,,,,,,,3.58,481.7,v5_two_stage_online
case_039,3,5,online,643817,1435262,2.229301,,,,,,,,3.48,480.3,v5_two_stage_online
case_040,1,5,final,100515,253454,2.521554,819974,819974,0,,,,,,,offline_calibrated_v5
case_040,1,2,online,280491,253454,0.903608,7092698,7092698,0,,,,,,480.2,v5_two_stage_online
case_040,1,3,online,279134,253454,0.908001,7328846,7328846,0,,,,,,480.4,v5_two_stage_online
case_040,1,4,online,285210,253454,0.888657,6994558,6994558,0,,,,,,480.4,v5_two_stage_online
case_040,1,5,online,281717,253454,0.899676,6960724,6960724,0,,,,,,480.0,v5_two_stage_online
case_040,2,5,final,88594,253454,2.860848,2359776,2359776,0,,,,,,,offline_calibrated_v5
case_040,2,2,online,234052,253454,1.082896,3534740,1816078,1718662,,,,,,480.2,v5_two_stage_online
case_040,2,3,online,228839,253454,1.107565,4314516,3288688,1025828,,,,,,480.2,v5_two_stage_online
case_040,2,4,online,226754,253454,1.117749,5458764,4720874,737890,,,,,,480.2,v5_two_stage_online
case_040,2,5,online,221311,253454,1.145239,5806872,5282584,524288,,,,,,480.0,v5_two_stage_online
case_040,3,5,final,88528,253454,2.862981,,,,,,,,0.63,,offline_calibrated_v5
case_040,3,2,online,230317,253454,1.100457,,,,,,,,0.96,480.2,v5_two_stage_online
case_040,3,3,online,231895,253454,1.092969,,,,,,,,0.87,480.0,v5_two_stage_online
case_040,3,4,online,236854,253454,1.070085,,,,,,,,0.84,480.2,v5_two_stage_online
case_040,3,5,online,228694,253454,1.108267,,,,,,,,0.85,480.1,v5_two_stage_online
case_041,1,5,final,1220843,6003957,4.917878,48243712,48243712,0,,,,,,,offline_calibrated_v5
case_041,1,2,online,3050578,6003957,1.968138,69439540,69439540,0,,,,,,485.3,v5_two_stage_online
case_041,1,3,online,2043456,6003957,2.938139,69015604,69015604,0,,,,,,480.8,v5_two_stage_online
case_041,1,4,online,1549540,6003957,3.874671,70290484,70290484,0,,,,,,482.5,v5_two_stage_online
case_041,1,5,online,1278194,6003957,4.697219,68803636,68803636,0,,,,,,484.6,v5_two_stage_online
case_041,2,5,final,1197056,6003957,5.015602,41680896,18631680,23049216,,,,,,,offline_calibrated_v5
case_041,2,2,online,2976003,6003957,2.017457,39257088,4893696,34363392,,,,,,480.5,v5_two_stage_online
case_041,2,3,online,1983587,6003957,3.026818,40350720,9621504,30729216,,,,,,482.1,v5_two_stage_online
case_041,2,4,online,1494037,6003957,4.018613,42095616,14536704,27558912,,,,,,481.1,v5_two_stage_online
case_041,2,5,online,1200910,6003957,4.999506,41069568,18238464,22831104,,,,,,481.6,v5_two_stage_online
case_041,3,5,final,1200116,6003957,5.002814,,,,,,,,8.22,,offline_calibrated_v5
case_041,3,2,online,2972518,6003957,2.019822,,,,,,,,9.34,480.1,v5_two_stage_online
case_041,3,3,online,1983545,6003957,3.026882,,,,,,,,8.72,485.5,v5_two_stage_online
case_041,3,4,online,1489142,6003957,4.031823,,,,,,,,8.16,485.1,v5_two_stage_online
case_041,3,5,online,1200116,6003957,5.002814,,,,,,,,7.19,480.5,v5_two_stage_online
case_042,1,5,final,347324,1686740,4.856388,15711260,15711260,0,,,,,,,offline_calibrated_v5
case_042,1,2,online,968114,1686740,1.742295,33273324,33273324,0,,,,,,481.5,v5_two_stage_online
case_042,1,3,online,698501,1686740,2.4148,34766892,34766892,0,,,,,,480.5,v5_two_stage_online
case_042,1,4,online,605207,1686740,2.787046,33274188,33274188,0,,,,,,480.0,v5_two_stage_online
case_042,1,5,online,594426,1686740,2.837595,32846604,32846604,0,,,,,,480.2,v5_two_stage_online
case_042,2,5,final,342415,1686740,4.926011,9520132,7867392,1652740,,,,,,,offline_calibrated_v5
case_042,2,2,online,829876,1686740,2.032521,9278028,2052384,7225644,,,,,,480.4,v5_two_stage_online
case_042,2,3,online,556473,1686740,3.031126,9730476,3951168,5779308,,,,,,480.3,v5_two_stage_online
case_042,2,4,online,423530,1686740,3.982575,10009164,5465376,4543788,,,,,,480.1,v5_two_stage_online
case_042,2,5,online,342935,1686740,4.918541,10126188,6672960,3453228,,,,,,480.3,v5_two_stage_online
case_042,3,5,final,341473,1686740,4.9396,,,,,,,,1.45,,offline_calibrated_v5
case_042,3,2,online,840490,1686740,2.006853,,,,,,,,1.8,480.5,v5_two_stage_online
case_042,3,3,online,568023,1686740,2.969492,,,,,,,,1.52,480.4,v5_two_stage_online
case_042,3,4,online,431677,1686740,3.907412,,,,,,,,1.48,481.0,v5_two_stage_online
case_042,3,5,online,341473,1686740,4.9396,,,,,,,,1.5,480.9,v5_two_stage_online
case_043,1,5,final,219345,677656,3.089453,3060192,3060192,0,,,,,,,offline_calibrated_v5
case_043,1,2,online,714862,677656,0.947954,15887304,15887304,0,,,,,,480.2,v5_two_stage_online
case_043,1,3,online,680841,677656,0.995322,15837518,15837518,0,,,,,,480.9,v5_two_stage_online
case_043,1,4,online,690322,677656,0.981652,16115750,16115750,0,,,,,,481.6,v5_two_stage_online
case_043,1,5,online,694589,677656,0.975622,15660152,15660152,0,,,,,,481.4,v5_two_stage_online
case_043,2,5,final,191753,677656,3.534005,2573312,2524160,49152,,,,,,,offline_calibrated_v5
case_043,2,2,online,559429,677656,1.211335,7493514,6263396,1230118,,,,,,480.6,v5_two_stage_online
case_043,2,3,online,556356,677656,1.218026,6481122,5034950,1446172,,,,,,480.9,v5_two_stage_online
case_043,2,4,online,546662,677656,1.239625,8911066,8190122,720944,,,,,,480.1,v5_two_stage_online
case_043,2,5,online,542277,677656,1.249649,9585074,9372030,213044,,,,,,480.2,v5_two_stage_online
case_043,3,5,final,191297,677656,3.542429,,,,,,,,2.57,,offline_calibrated_v5
case_043,3,2,online,577531,677656,1.173367,,,,,,,,4.55,482.3,v5_two_stage_online
case_043,3,3,online,565553,677656,1.198218,,,,,,,,5.04,481.5,v5_two_stage_online
case_043,3,4,online,554543,677656,1.222008,,,,,,,,4.31,483.2,v5_two_stage_online
case_043,3,5,online,548034,677656,1.236522,,,,,,,,4.04,482.8,v5_two_stage_online
case_044,1,5,final,87560,154407,1.763442,2867296,2867296,0,,,,,,,offline_calibrated_v5
case_044,1,2,online,109741,154407,1.407013,1002400,1002400,0,,,,,,480.1,v5_two_stage_online
case_044,1,3,online,109024,154407,1.416266,982528,982528,0,,,,,,480.1,v5_two_stage_online
case_044,1,4,online,112569,154407,1.371665,1049536,1049536,0,,,,,,480.1,v5_two_stage_online
case_044,1,5,online,115149,154407,1.340932,995584,995584,0,,,,,,480.0,v5_two_stage_online
case_044,2,5,final,36988,154407,4.174516,777920,777920,0,,,,,,,offline_calibrated_v5
case_044,2,2,online,74170,154407,2.081799,481024,481024,0,,,,,,480.1,v5_two_stage_online
case_044,2,3,online,79084,154407,1.952443,443520,443520,0,,,,,,480.1,v5_two_stage_online
case_044,2,4,online,77726,154407,1.986555,529280,529280,0,,,,,,480.0,v5_two_stage_online
case_044,2,5,online,81614,154407,1.891918,755008,755008,0,,,,,,480.0,v5_two_stage_online
case_044,3,5,final,36573,154407,4.221885,777920,777920,0,0.387905,36988,777920,1.011347,,,offline_calibrated_v5
case_044,3,2,online,74837,154407,2.063244,319008,319008,0,0.004392,74837,319008,1.0,,480.1,v5_two_stage_online
case_044,3,3,online,75607,154407,2.042232,373376,373376,0,0.091429,75916,373376,1.004087,,480.1,v5_two_stage_online
case_044,3,4,online,76535,154407,2.017469,638720,638720,0,0.106299,77776,638720,1.016215,,480.1,v5_two_stage_online
case_044,3,5,online,78361,154407,1.970457,640544,640544,0,0.137573,79809,640544,1.018479,,480.1,v5_two_stage_online
case_045,1,5,final,26558,125614,4.729799,0,0,0,,,,,,,offline_calibrated_v5
case_045,1,2,online,198494,125614,0.632835,10743808,10743808,0,,,,,,480.2,v5_two_stage_online
case_045,1,3,online,193011,125614,0.650813,10424320,10424320,0,,,,,,480.1,v5_two_stage_online
case_045,1,4,online,195399,125614,0.642859,10567680,10567680,0,,,,,,480.1,v5_two_stage_online
case_045,1,5,online,215032,125614,0.584164,11706368,11706368,0,,,,,,480.1,v5_two_stage_online
case_045,2,5,final,25694,125614,4.888846,323584,323584,0,,,,,,,offline_calibrated_v5
case_045,2,2,online,130463,125614,0.962832,6811648,2416640,4395008,,,,,,480.2,v5_two_stage_online
case_045,2,3,online,120272,125614,1.044416,6287360,3686400,2600960,,,,,,480.1,v5_two_stage_online
case_045,2,4,online,133306,125614,0.942298,7098368,5079040,2019328,,,,,,480.0,v5_two_stage_online
case_045,2,5,online,120628,125614,1.041334,6393856,4935680,1458176,,,,,,480.0,v5_two_stage_online
case_045,3,5,final,25694,125614,4.888846,,,,,,,,0.24,,offline_calibrated_v5
case_045,3,2,online,123164,125614,1.019892,,,,,,,,0.64,420.0,v5_two_stage_online
case_045,3,3,online,119991,125614,1.046862,,,,,,,,0.48,420.3,v5_two_stage_online
case_045,3,4,online,118261,125614,1.062176,,,,,,,,0.53,420.3,v5_two_stage_online
case_045,3,5,online,121186,125614,1.036539,,,,,,,,0.56,420.5,v5_two_stage_online
case_046,1,5,final,100302,276455,2.756226,4467968,4467968,0,,,,,,,offline_calibrated_v5
case_046,1,2,online,255466,276455,1.08216,2856224,2856224,0,,,,,,480.1,v5_two_stage_online
case_046,1,3,online,261116,276455,1.058744,2835872,2835872,0,,,,,,480.1,v5_two_stage_online
case_046,1,4,online,260252,276455,1.062259,2945440,2945440,0,,,,,,480.1,v5_two_stage_online
case_046,1,5,online,265565,276455,1.041007,3192896,3192896,0,,,,,,480.2,v5_two_stage_online
case_046,2,5,final,74398,276455,3.715893,2571456,2571456,0,,,,,,,offline_calibrated_v5
case_046,2,2,online,193823,276455,1.426327,1378624,1378624,0,,,,,,480.1,v5_two_stage_online
case_046,2,3,online,185537,276455,1.490026,1784064,1784064,0,,,,,,480.0,v5_two_stage_online
case_046,2,4,online,184580,276455,1.497752,2334944,2334944,0,,,,,,480.1,v5_two_stage_online
case_046,2,5,online,199795,276455,1.383693,2317632,2317632,0,,,,,,480.1,v5_two_stage_online
case_046,3,5,final,63424,276455,4.358839,3875488,3444800,430688,0.769272,96290,3875488,1.518195,,,offline_calibrated_v5
case_046,3,2,online,191031,276455,1.447173,1377952,1377952,0,0.047267,192087,1377952,1.005528,,480.0,v5_two_stage_online
case_046,3,3,online,194281,276455,1.422965,1280384,1280384,0,0.071635,194281,1280384,1.0,,480.0,v5_two_stage_online
case_046,3,4,online,187682,276455,1.472997,2378720,2378720,0,0.166108,189727,2378720,1.010896,,480.1,v5_two_stage_online
case_046,3,5,online,191020,276455,1.447257,2031520,2031520,0,0.159555,192898,2031520,1.009831,,480.2,v5_two_stage_online
case_047,1,5,final,304674,326508,1.071663,632744,632744,0,,,,,,,offline_calibrated_v5
case_047,1,2,online,402168,326508,0.81187,6801882,6801882,0,,,,,,481.4,v5_two_stage_online
case_047,1,3,online,409368,326508,0.79759,6801882,6801882,0,,,,,,480.5,v5_two_stage_online
case_047,1,4,online,408468,326508,0.799348,6801882,6801882,0,,,,,,480.9,v5_two_stage_online
case_047,1,5,online,410268,326508,0.795841,6801882,6801882,0,,,,,,480.2,v5_two_stage_online
case_047,2,5,final,203922,326508,1.601142,1556174,1556174,0,,,,,,,offline_calibrated_v5
case_047,2,2,online,314479,326508,1.038251,1639332,1639332,0,,,,,,480.8,v5_two_stage_online
case_047,2,3,online,316446,326508,1.031797,1841480,1841480,0,,,,,,480.6,v5_two_stage_online
case_047,2,4,online,317155,326508,1.02949,2590734,2590734,0,,,,,,480.7,v5_two_stage_online
case_047,2,5,online,316747,326508,1.030816,2341678,2341678,0,,,,,,480.1,v5_two_stage_online
case_047,3,5,final,193029,326508,1.691497,1825778,1825778,0,0.073711,193031,1825778,1.00001,,,offline_calibrated_v5
case_047,3,2,online,320957,326508,1.017295,1095364,1095364,0,0.009637,320957,1095364,1.0,,480.3,v5_two_stage_online
case_047,3,3,online,319115,326508,1.023167,1734856,1734856,0,0.011326,319160,1734856,1.000141,,481.5,v5_two_stage_online
case_047,3,4,online,317702,326508,1.027718,1849196,1849196,0,0.01698,317703,1849196,1.000003,,480.4,v5_two_stage_online
case_047,3,5,online,322127,326508,1.0136,1787632,1787632,0,0.018993,322127,1787632,1.0,,480.4,v5_two_stage_online
case_048,1,5,final,212734,222220,1.044591,67852,67852,0,,,,,,,offline_calibrated_v5
case_048,1,2,online,243817,222220,0.911421,1465238,1465238,0,,,,,,480.2,v5_two_stage_online
case_048,1,3,online,247326,222220,0.89849,1476562,1476562,0,,,,,,480.2,v5_two_stage_online
case_048,1,4,online,250847,222220,0.885879,1502616,1502616,0,,,,,,480.2,v5_two_stage_online
case_048,1,5,online,250242,222220,0.88802,1490296,1490296,0,,,,,,480.1,v5_two_stage_online
case_048,2,5,final,143722,222220,1.546179,838224,838224,0,,,,,,,offline_calibrated_v5
case_048,2,2,online,196768,222220,1.12935,310342,310342,0,,,,,,480.1,v5_two_stage_online
case_048,2,3,online,196413,222220,1.131392,437706,437706,0,,,,,,480.1,v5_two_stage_online
case_048,2,4,online,196982,222220,1.128123,595280,595280,0,,,,,,480.1,v5_two_stage_online
case_048,2,5,online,198289,222220,1.120687,463028,463028,0,,,,,,480.1,v5_two_stage_online
case_048,3,5,final,137414,222220,1.617157,844370,844370,0,0.184425,137416,844370,1.000015,,,offline_calibrated_v5
case_048,3,2,online,198029,222220,1.122159,360838,360838,0,0.000119,198031,360838,1.00001,,480.2,v5_two_stage_online
case_048,3,3,online,198773,222220,1.117959,470826,470826,0,0.000412,198775,470826,1.00001,,480.2,v5_two_stage_online
case_048,3,4,online,196568,222220,1.130499,540750,540750,0,0.017639,196570,540750,1.00001,,480.2,v5_two_stage_online
case_048,3,5,online,199511,222220,1.113823,671858,671858,0,0.046908,199593,671858,1.000411,,480.1,v5_two_stage_online
case_049,1,5,final,129746,196276,1.512771,1023678,1023678,0,,,,,,,offline_calibrated_v5
case_049,1,2,online,220004,196276,0.892147,4239986,4239986,0,,,,,,480.2,v5_two_stage_online
case_049,1,3,online,222433,196276,0.882405,4500306,4500306,0,,,,,,480.3,v5_two_stage_online
case_049,1,4,online,227664,196276,0.86213,4385588,4385588,0,,,,,,480.5,v5_two_stage_online
case_049,1,5,online,224993,196276,0.872365,4145520,4145520,0,,,,,,480.5,v5_two_stage_online
case_049,2,5,final,80512,196276,2.437848,1306828,1306828,0,,,,,,,offline_calibrated_v5
case_049,2,2,online,166342,196276,1.179955,3063720,3063720,0,,,,,,480.1,v5_two_stage_online
case_049,2,3,online,167114,196276,1.174504,2706240,2706240,0,,,,,,480.3,v5_two_stage_online
case_049,2,4,online,167161,196276,1.174173,3028044,3028044,0,,,,,,480.2,v5_two_stage_online
case_049,2,5,online,157493,196276,1.246252,3563906,3563906,0,,,,,,480.0,v5_two_stage_online
case_049,3,5,final,79789,196276,2.459938,1513420,1513420,0,0.247219,80366,1513420,1.007232,,,offline_calibrated_v5
case_049,3,2,online,170134,196276,1.153655,2134752,2134752,0,0.009714,170170,2134752,1.000212,,480.8,v5_two_stage_online
case_049,3,3,online,165587,196276,1.185335,2704736,2704736,0,0.059161,165965,2704736,1.002283,,480.1,v5_two_stage_online
case_049,3,4,online,166944,196276,1.1757,3287496,3287496,0,0.071403,167382,3287496,1.002624,,480.1,v5_two_stage_online
case_049,3,5,online,168401,196276,1.165528,3111658,3111658,0,0.056502,168516,3111658,1.000683,,480.3,v5_two_stage_online
case_050,1,5,final,88020,149690,1.700636,480368,480368,0,,,,,,,offline_calibrated_v5
case_050,1,2,online,171939,149690,0.870599,3861792,3861792,0,,,,,,480.1,v5_two_stage_online
case_050,1,3,online,176769,149690,0.846811,4117924,4117924,0,,,,,,480.0,v5_two_stage_online
case_050,1,4,online,176965,149690,0.845873,3805544,3805544,0,,,,,,480.3,v5_two_stage_online
case_050,1,5,online,173615,149690,0.862195,4337000,4337000,0,,,,,,480.6,v5_two_stage_online
case_050,2,5,final,59376,149690,2.521052,1053208,1053208,0,,,,,,,offline_calibrated_v5
case_050,2,2,online,132226,149690,1.132077,1802470,1654234,148236,,,,,,480.0,v5_two_stage_online
case_050,2,3,online,125052,149690,1.197022,2411874,2338142,73732,,,,,,480.2,v5_two_stage_online
case_050,2,4,online,129252,149690,1.158125,2528866,2462808,66058,,,,,,480.3,v5_two_stage_online
case_050,2,5,online,129792,149690,1.153307,2750686,2684630,66056,,,,,,480.4,v5_two_stage_online
case_050,3,5,final,59181,149690,2.529359,1149764,1149764,0,0.268095,59220,1149764,1.000659,,,offline_calibrated_v5
case_050,3,2,online,132525,149690,1.129523,2424020,2114744,309276,0.116078,133180,2424020,1.004942,,480.1,v5_two_stage_online
case_050,3,3,online,130237,149690,1.149366,2435642,2189880,245762,0.100134,131393,2435642,1.008876,,480.4,v5_two_stage_online
case_050,3,4,online,133282,149690,1.123107,2489842,2325486,164356,0.152121,134432,2489842,1.008628,,480.4,v5_two_stage_online
case_050,3,5,online,134830,149690,1.110213,2245812,2179500,66312,0.135632,135270,2245812,1.003263,,421.2,v5_two_stage_online
case_051,1,5,final,267458,607628,2.271863,9045396,9045396,0,,,,,,,offline_calibrated_v5
case_051,1,2,online,636325,607628,0.954902,9962794,9962794,0,,,,,,480.2,v5_two_stage_online
case_051,1,3,online,642225,607628,0.946129,9766212,9766212,0,,,,,,480.1,v5_two_stage_online
case_051,1,4,online,646410,607628,0.940004,10028386,10028386,0,,,,,,480.0,v5_two_stage_online
case_051,1,5,online,646537,607628,0.939819,9438610,9438610,0,,,,,,480.1,v5_two_stage_online
case_051,2,5,final,178070,607628,3.412299,1312,1312,0,,,,,,,offline_calibrated_v5
case_051,2,2,online,551690,607628,1.101394,15401176,15401176,0,,,,,,480.1,v5_two_stage_online
case_051,2,3,online,561077,607628,1.082967,14745996,14745996,0,,,,,,480.1,v5_two_stage_online
case_051,2,4,online,555321,607628,1.094192,17039660,17039660,0,,,,,,480.1,v5_two_stage_online
case_051,2,5,online,550901,607628,1.102971,16908652,16908652,0,,,,,,480.1,v5_two_stage_online
case_051,3,5,final,178070,607628,3.412299,,,,,,,,0.29,,offline_calibrated_v5
case_051,3,2,online,553807,607628,1.097184,,,,,,,,0.37,420.3,v5_two_stage_online
case_051,3,3,online,552775,607628,1.099232,,,,,,,,0.3,420.1,v5_two_stage_online
case_051,3,4,online,554397,607628,1.096016,,,,,,,,0.28,420.0,v5_two_stage_online
case_051,3,5,online,569558,607628,1.066841,,,,,,,,0.37,420.0,v5_two_stage_online
case_052,1,5,final,38553,180301,4.676705,771648,771648,0,,,,,,,offline_calibrated_v5
case_052,1,2,online,135406,180301,1.331558,4549298,4549298,0,,,,,,480.0,v5_two_stage_online
case_052,1,3,online,116662,180301,1.545499,4710966,4710966,0,,,,,,480.1,v5_two_stage_online
case_052,1,4,online,110311,180301,1.634479,5139434,5139434,0,,,,,,480.1,v5_two_stage_online
case_052,1,5,online,104233,180301,1.729788,5139434,5139434,0,,,,,,480.2,v5_two_stage_online
case_052,2,5,final,37293,180301,4.834714,435768,435768,0,,,,,,,offline_calibrated_v5
case_052,2,2,online,94516,180301,1.907624,967102,922046,45056,,,,,,480.1,v5_two_stage_online
case_052,2,3,online,69928,180301,2.578381,1165656,1153368,12288,,,,,,480.0,v5_two_stage_online
case_052,2,4,online,59807,180301,3.014714,1821752,1821752,0,,,,,,480.1,v5_two_stage_online
case_052,2,5,online,56229,180301,3.206548,1766660,1766660,0,,,,,,480.0,v5_two_stage_online
case_052,3,5,final,34629,180301,5.206648,464960,464960,0,0.245799,35352,464960,1.020878,,,offline_calibrated_v5
case_052,3,2,online,94037,180301,1.917341,1386562,1364034,22528,0.070393,94203,1386562,1.001765,,420.3,v5_two_stage_online
case_052,3,3,online,73453,180301,2.454644,1242482,1230194,12288,0.092635,73681,1242482,1.003104,,420.2,v5_two_stage_online
case_052,3,4,online,65152,180301,2.76739,1398072,1398072,0,0.159072,67232,1398072,1.031925,,420.1,v5_two_stage_online
case_052,3,5,online,60244,180301,2.992846,1505164,1505164,0,0.155272,62869,1505164,1.043573,,420.3,v5_two_stage_online
case_053,1,5,final,538726,1472686,2.733646,9617456,6827792,2789664,,,,,,,offline_calibrated_v5
case_053,1,2,online,1540752,1472686,0.955823,20655252,20655252,0,,,,,,481.5,v5_two_stage_online
case_053,1,3,online,1543049,1472686,0.9544,20655252,20655252,0,,,,,,480.3,v5_two_stage_online
case_053,1,4,online,1545741,1472686,0.952738,20655252,20655252,0,,,,,,481.7,v5_two_stage_online
case_053,1,5,online,1547151,1472686,0.95187,20655252,20655252,0,,,,,,480.3,v5_two_stage_online
case_053,2,5,final,399608,1472686,3.685327,13567754,13567754,0,,,,,,,offline_calibrated_v5
case_053,2,2,online,1257311,1472686,1.171298,5322982,4656036,666946,,,,,,480.8,v5_two_stage_online
case_053,2,3,online,1257961,1472686,1.170693,8501846,8501846,0,,,,,,480.6,v5_two_stage_online
case_053,2,4,online,1225593,1472686,1.201611,10528208,9898896,629312,,,,,,480.5,v5_two_stage_online
case_053,2,5,online,1223885,1472686,1.203288,8571140,7942404,628736,,,,,,480.8,v5_two_stage_online
case_053,3,5,final,374425,1472686,3.933194,,,,,,,,7.4,,offline_calibrated_v5
case_053,3,2,online,1271951,1472686,1.157817,,,,,,,,6.08,481.3,v5_two_stage_online
case_053,3,3,online,1269400,1472686,1.160143,,,,,,,,5.79,481.5,v5_two_stage_online
case_053,3,4,online,1256148,1472686,1.172383,,,,,,,,5.61,480.1,v5_two_stage_online
case_053,3,5,online,1219708,1472686,1.207409,,,,,,,,4.92,481.4,v5_two_stage_online
case_054,1,5,final,463077,815051,1.760077,2450408,2450408,0,,,,,,,offline_calibrated_v5
case_054,1,2,online,994001,815051,0.81997,19548934,19548934,0,,,,,,480.3,v5_two_stage_online
case_054,1,3,online,1002065,815051,0.813371,19548934,19548934,0,,,,,,481.5,v5_two_stage_online
case_054,1,4,online,1003168,815051,0.812477,19548934,19548934,0,,,,,,482.5,v5_two_stage_online
case_054,1,5,online,1006526,815051,0.809766,19548934,19548934,0,,,,,,480.5,v5_two_stage_online
case_054,2,5,final,280680,815051,2.903844,8307044,8307044,0,,,,,,,offline_calibrated_v5
case_054,2,2,online,706108,815051,1.154287,6918452,6213640,704812,,,,,,480.4,v5_two_stage_online
case_054,2,3,online,703443,815051,1.15866,7644566,6833452,811114,,,,,,481.0,v5_two_stage_online
case_054,2,4,online,703840,815051,1.158006,8184348,7613456,570892,,,,,,480.0,v5_two_stage_online
case_054,2,5,online,696525,815051,1.170168,8061756,7368814,692942,,,,,,481.0,v5_two_stage_online
case_054,3,5,final,273282,815051,2.982454,,,,,,,,9.23,,offline_calibrated_v5
case_054,3,2,online,729245,815051,1.117664,,,,,,,,8.41,482.2,v5_two_stage_online
case_054,3,3,online,713684,815051,1.142033,,,,,,,,8.75,485.6,v5_two_stage_online
case_054,3,4,online,707557,815051,1.151923,,,,,,,,6.76,486.0,v5_two_stage_online
case_054,3,5,online,714273,815051,1.141092,,,,,,,,6.99,481.7,v5_two_stage_online
case_055,1,5,final,25484,118835,4.663122,471120,471120,0,,,,,,,offline_calibrated_v5
case_055,1,2,online,107562,118835,1.104805,4224400,4224400,0,,,,,,480.1,v5_two_stage_online
case_055,1,3,online,101575,118835,1.169924,4300362,4300362,0,,,,,,480.0,v5_two_stage_online
case_055,1,4,online,101760,118835,1.167797,4135408,4135408,0,,,,,,480.2,v5_two_stage_online
case_055,1,5,online,102972,118835,1.154052,4779814,4779814,0,,,,,,480.1,v5_two_stage_online
case_055,2,5,final,27351,118835,4.344814,263720,263720,0,,,,,,,offline_calibrated_v5
case_055,2,2,online,59668,118835,1.991604,1228124,865588,362536,,,,,,480.0,v5_two_stage_online
case_055,2,3,online,57773,118835,2.05693,1405762,1262398,143364,,,,,,480.1,v5_two_stage_online
case_055,2,4,online,57708,118835,2.059247,1577694,1544922,32772,,,,,,480.0,v5_two_stage_online
case_055,2,5,online,54933,118835,2.163272,2008142,2004046,4096,,,,,,480.1,v5_two_stage_online
case_055,3,5,final,23642,118835,5.026436,540276,540276,0,0.289565,23733,540276,1.003849,,,offline_calibrated_v5
case_055,3,2,online,59630,118835,1.992873,1196222,876682,319540,0.216077,60063,1196222,1.007261,,480.1,v5_two_stage_online
case_055,3,3,online,57507,118835,2.066444,1596934,1351174,245760,0.207262,60802,1596934,1.057297,,480.0,v5_two_stage_online
case_055,3,4,online,53915,118835,2.204118,2055998,2051902,4096,0.232049,58410,2055998,1.083372,,480.1,v5_two_stage_online
case_055,3,5,online,57705,118835,2.059354,1981906,1981906,0,0.198681,61717,1981906,1.069526,,420.0,v5_two_stage_online
case_056,1,5,final,233361,277285,1.188223,432964,432964,0,,,,,,,offline_calibrated_v5
case_056,1,2,online,324569,277285,0.854318,6200912,6200912,0,,,,,,480.5,v5_two_stage_online
case_056,1,3,online,333746,277285,0.830826,6439678,6439678,0,,,,,,480.9,v5_two_stage_online
case_056,1,4,online,334403,277285,0.829194,6090612,6090612,0,,,,,,481.0,v5_two_stage_online
case_056,1,5,online,337847,277285,0.820741,5977794,5977794,0,,,,,,480.3,v5_two_stage_online
case_056,2,5,final,124664,277285,2.224259,2696338,2696338,0,,,,,,,offline_calibrated_v5
case_056,2,2,online,258662,277285,1.071997,1835510,1702322,133188,,,,,,480.7,v5_two_stage_online
case_056,2,3,online,249333,277285,1.112107,3218600,3132102,86498,,,,,,480.5,v5_two_stage_online
case_056,2,4,online,247920,277285,1.118445,3191054,3191054,0,,,,,,480.5,v5_two_stage_online
case_056,2,5,online,253243,277285,1.094936,2844924,2760956,83968,,,,,,480.3,v5_two_stage_online
case_056,3,5,final,124066,277285,2.23498,2696338,2696338,0,0.25709,124664,2696338,1.00482,,,offline_calibrated_v5
case_056,3,2,online,255966,277285,1.083288,1977566,1825050,152516,0.078841,255966,1977566,1.0,,480.3,v5_two_stage_online
case_056,3,3,online,248194,277285,1.117211,3830362,3830362,0,0.060401,248536,3830362,1.001378,,480.6,v5_two_stage_online
case_056,3,4,online,252083,277285,1.099975,3969908,3911408,58500,0.036241,252494,3969908,1.00163,,480.8,v5_two_stage_online
case_056,3,5,online,255670,277285,1.084543,3587878,3578146,9732,0.05066,256056,3587878,1.00151,,480.4,v5_two_stage_online
case_057,1,5,final,13939,59726,4.284812,288388,288388,0,,,,,,,offline_calibrated_v5
case_057,1,2,online,64616,59726,0.924322,2337252,2337252,0,,,,,,480.0,v5_two_stage_online
case_057,1,3,online,68345,59726,0.87389,2755762,2755762,0,,,,,,480.0,v5_two_stage_online
case_057,1,4,online,67779,59726,0.881187,2756596,2756596,0,,,,,,480.1,v5_two_stage_online
case_057,1,5,online,67343,59726,0.886892,2711974,2711974,0,,,,,,480.1,v5_two_stage_online
case_057,2,5,final,12813,59726,4.66136,362064,362064,0,,,,,,,offline_calibrated_v5
case_057,2,2,online,36147,59726,1.652309,508604,451260,57344,,,,,,480.1,v5_two_stage_online
case_057,2,3,online,32676,59726,1.827825,698618,641274,57344,,,,,,480.0,v5_two_stage_online
case_057,2,4,online,30737,59726,1.94313,710008,710008,0,,,,,,480.1,v5_two_stage_online
case_057,2,5,online,30689,59726,1.94617,734324,734324,0,,,,,,480.0,v5_two_stage_online
case_057,3,5,final,12813,59726,4.66136,362064,362064,0,0.236178,12813,362064,1.0,,,offline_calibrated_v5
case_057,3,2,online,33839,59726,1.765005,604070,542630,61440,0.338028,36786,604070,1.087089,,480.0,v5_two_stage_online
case_057,3,3,online,32107,59726,1.860217,775848,751272,24576,0.307486,34527,775848,1.075373,,480.1,v5_two_stage_online
case_057,3,4,online,29248,59726,2.042054,721274,721274,0,0.366587,32974,721274,1.127393,,480.1,v5_two_stage_online
case_057,3,5,online,29028,59726,2.057531,1091196,1091196,0,0.343752,34948,1091196,1.203941,,480.1,v5_two_stage_online
case_058,1,5,final,943156,4539717,4.813326,30683136,10002432,20680704,,,,,,,offline_calibrated_v5
case_058,1,2,online,2326910,4539717,1.950964,98709504,98709504,0,,,,,,481.2,v5_two_stage_online
case_058,1,3,online,1773690,4539717,2.559476,96952320,96952320,0,,,,,,481.3,v5_two_stage_online
case_058,1,4,online,1785151,4539717,2.543044,98033664,98033664,0,,,,,,480.9,v5_two_stage_online
case_058,1,5,online,1758387,4539717,2.581751,97087488,97087488,0,,,,,,481.9,v5_two_stage_online
case_058,2,5,final,906467,4539717,5.008144,31494144,9191424,22302720,,,,,,,offline_calibrated_v5
case_058,2,2,online,2225937,4539717,2.039463,70852608,6623232,64229376,,,,,,481.9,v5_two_stage_online
case_058,2,3,online,1511744,4539717,3.002967,69693440,13246464,56446976,,,,,,481.1,v5_two_stage_online
case_058,2,4,online,1218276,4539717,3.726345,61169664,19599360,41570304,,,,,,481.5,v5_two_stage_online
case_058,2,5,online,1180821,4539717,3.844543,61427712,25681920,35745792,,,,,,480.1,v5_two_stage_online
case_058,3,5,final,937354,4539717,4.843119,,,,,,,,5.63,,offline_calibrated_v5
case_058,3,2,online,2234572,4539717,2.031582,,,,,,,,11.05,481.8,v5_two_stage_online
case_058,3,3,online,1510562,4539717,3.005317,,,,,,,,8.77,482.1,v5_two_stage_online
case_058,3,4,online,1150348,4539717,3.946386,,,,,,,,8.82,486.3,v5_two_stage_online
case_058,3,5,online,976029,4539717,4.651211,,,,,,,,7.91,484.8,v5_two_stage_online
case_059,1,5,final,150782,829473,5.501141,3063808,3063808,0,,,,,,,offline_calibrated_v5
case_059,1,2,online,549556,829473,1.509351,21436416,21436416,0,,,,,,480.1,v5_two_stage_online
case_059,1,3,online,429332,829473,1.932008,21479424,21479424,0,,,,,,480.4,v5_two_stage_online
case_059,1,4,online,417303,829473,1.9877,23003136,23003136,0,,,,,,480.2,v5_two_stage_online
case_059,1,5,online,402756,829473,2.059493,22202368,22202368,0,,,,,,480.0,v5_two_stage_online
case_059,2,5,final,150782,829473,5.501141,3063808,3063808,0,,,,,,,offline_calibrated_v5
case_059,2,2,online,473578,829473,1.751502,12279808,6832128,5447680,,,,,,480.1,v5_two_stage_online
case_059,2,3,online,359777,829473,2.30552,13930496,10747904,3182592,,,,,,480.3,v5_two_stage_online
case_059,2,4,online,292444,829473,2.836348,13012992,12210176,802816,,,,,,480.2,v5_two_stage_online
case_059,2,5,online,261882,829473,3.167354,13463552,13258752,204800,,,,,,480.3,v5_two_stage_online
case_059,3,5,final,150736,829473,5.502819,,,,,,,,0.62,,offline_calibrated_v5
case_059,3,2,online,476541,829473,1.740612,,,,,,,,1.18,480.8,v5_two_stage_online
case_059,3,3,online,361796,829473,2.292654,,,,,,,,1.14,480.2,v5_two_stage_online
case_059,3,4,online,291506,829473,2.845475,,,,,,,,1.06,480.2,v5_two_stage_online
case_059,3,5,online,252520,829473,3.284781,,,,,,,,1.33,480.0,v5_two_stage_online
case_060,1,5,final,185416,888789,4.793486,8077532,8077532,0,,,,,,,offline_calibrated_v5
case_060,1,2,online,808313,888789,1.09956,35341852,35341852,0,,,,,,480.8,v5_two_stage_online
case_060,1,3,online,696498,888789,1.276083,35581484,35581484,0,,,,,,480.6,v5_two_stage_online
case_060,1,4,online,679139,888789,1.3087,35612888,35612888,0,,,,,,480.7,v5_two_stage_online
case_060,1,5,online,677551,888789,1.311767,35542376,35542376,0,,,,,,480.0,v5_two_stage_online
case_060,2,5,final,179432,888789,4.953347,4145416,3930368,215048,,,,,,,offline_calibrated_v5
case_060,2,2,online,706050,888789,1.258819,22868864,8780584,14088280,,,,,,480.6,v5_two_stage_online
case_060,2,3,online,550939,888789,1.613226,23139632,13770624,9369008,,,,,,480.4,v5_two_stage_online
case_060,2,4,online,482360,888789,1.842584,21394496,13241036,8153460,,,,,,480.6,v5_two_stage_online
case_060,2,5,online,445744,888789,1.993945,21693704,15606516,6087188,,,,,,480.2,v5_two_stage_online
case_060,3,5,final,178271,888789,4.985606,,,,,,,,1.62,,offline_calibrated_v5
case_060,3,2,online,699883,888789,1.269911,,,,,,,,3.7,482.5,v5_two_stage_online
case_060,3,3,online,576789,888789,1.540926,,,,,,,,2.86,481.0,v5_two_stage_online
case_060,3,4,online,472859,888789,1.879607,,,,,,,,2.62,480.7,v5_two_stage_online
case_060,3,5,online,439006,888789,2.024549,,,,,,,,2.96,481.5,v5_two_stage_online
case_061,1,5,final,19795,77191,3.89952,236624,236624,0,,,,,,,offline_calibrated_v5
case_061,1,2,online,74993,77191,1.029309,2231158,2231158,0,,,,,,480.1,v5_two_stage_online
case_061,1,3,online,69137,77191,1.116493,2292376,2292376,0,,,,,,480.1,v5_two_stage_online
case_061,1,4,online,67475,77191,1.143994,2291602,2291602,0,,,,,,480.1,v5_two_stage_online
case_061,1,5,online,66331,77191,1.163724,2349262,2349262,0,,,,,,480.1,v5_two_stage_online
case_061,2,5,final,19061,77191,4.049683,135240,135240,0,,,,,,,offline_calibrated_v5
case_061,2,2,online,48742,77191,1.583665,943372,943372,0,,,,,,480.0,v5_two_stage_online
case_061,2,3,online,38696,77191,1.994806,830006,830006,0,,,,,,480.1,v5_two_stage_online
case_061,2,4,online,36439,77191,2.118362,838438,838438,0,,,,,,480.0,v5_two_stage_online
case_061,2,5,online,33487,77191,2.305103,676180,676180,0,,,,,,480.0,v5_two_stage_online
case_061,3,5,final,19042,77191,4.053723,135240,135240,0,0.149286,19414,135240,1.019536,,,offline_calibrated_v5
case_061,3,2,online,48505,77191,1.591403,693476,693476,0,0.145751,48697,693476,1.003958,,480.1,v5_two_stage_online
case_061,3,3,online,38679,77191,1.995682,689784,689784,0,0.109844,39615,689784,1.024199,,480.0,v5_two_stage_online
case_061,3,4,online,34614,77191,2.230051,883898,883898,0,0.177591,37126,883898,1.072572,,480.1,v5_two_stage_online
case_061,3,5,online,33135,77191,2.329591,800916,800916,0,0.174445,35621,800916,1.075026,,480.0,v5_two_stage_online
case_062,1,5,final,645102,2854809,4.425361,5881344,5881344,0,,,,,,,offline_calibrated_v5
case_062,1,2,online,1893327,2854809,1.507827,90092544,90092544,0,,,,,,484.3,v5_two_stage_online
case_062,1,3,online,1747225,2854809,1.63391,90092544,90092544,0,,,,,,482.5,v5_two_stage_online
case_062,1,4,online,1748805,2854809,1.632434,90150912,90150912,0,,,,,,481.7,v5_two_stage_online
case_062,1,5,online,1746564,2854809,1.634529,90092544,90092544,0,,,,,,484.0,v5_two_stage_online
case_062,2,5,final,587612,2854809,4.858323,1236480,1236480,0,,,,,,,offline_calibrated_v5
case_062,2,2,online,2271280,2854809,1.256916,78835200,19247616,59587584,,,,,,490.0,v5_two_stage_online
case_062,2,3,online,1616011,2854809,1.766578,74285568,30761472,43524096,,,,,,482.5,v5_two_stage_online
case_062,2,4,online,1480418,2854809,1.92838,70986240,32862720,38123520,,,,,,485.2,v5_two_stage_online
case_062,2,5,online,1373777,2854809,2.078073,67167744,35223552,31944192,,,,,,485.1,v5_two_stage_online
case_062,3,5,final,587612,2854809,4.858323,,,,,,,,7.38,,offline_calibrated_v5
case_062,3,2,online,2271280,2854809,1.256916,,,,,,,,26.61,482.5,v5_two_stage_online
case_062,3,3,online,1743330,2854809,1.637561,,,,,,,,22.0,490.1,v5_two_stage_online
case_062,3,4,online,1486404,2854809,1.920614,,,,,,,,19.0,491.4,v5_two_stage_online
case_062,3,5,online,1397634,2854809,2.042601,,,,,,,,17.11,487.8,v5_two_stage_online
case_063,1,5,final,236022,1070397,4.535158,279552,279552,0,,,,,,,offline_calibrated_v5
case_063,1,2,online,685692,1070397,1.561046,33541632,33541632,0,,,,,,480.4,v5_two_stage_online
case_063,1,3,online,648713,1070397,1.650032,33305088,33305088,0,,,,,,481.7,v5_two_stage_online
case_063,1,4,online,646685,1070397,1.655206,33305088,33305088,0,,,,,,480.6,v5_two_stage_online
case_063,1,5,online,646685,1070397,1.655206,33305088,33305088,0,,,,,,480.5,v5_two_stage_online
case_063,2,5,final,227101,1070397,4.713308,147456,147456,0,,,,,,,offline_calibrated_v5
case_063,2,2,online,613187,1070397,1.745629,22745088,8641536,14103552,,,,,,480.6,v5_two_stage_online
case_063,2,3,online,449259,1070397,2.382583,20783616,11940864,8842752,,,,,,480.0,v5_two_stage_online
case_063,2,4,online,409624,1070397,2.613121,18869760,13518336,5351424,,,,,,480.5,v5_two_stage_online
case_063,2,5,online,382965,1070397,2.795026,17364480,13109760,4254720,,,,,,480.8,v5_two_stage_online
case_063,3,5,final,227101,1070397,4.713308,,,,,,,,1.74,,offline_calibrated_v5
case_063,3,2,online,601229,1070397,1.780348,,,,,,,,5.26,423.9,v5_two_stage_online
case_063,3,3,online,463056,1070397,2.311593,,,,,,,,4.73,421.7,v5_two_stage_online
case_063,3,4,online,433860,1070397,2.467148,,,,,,,,4.05,422.4,v5_two_stage_online
case_063,3,5,online,389491,1070397,2.748194,,,,,,,,4.49,421.2,v5_two_stage_online
case_064,1,5,final,16589,19116,1.15233,31408,31408,0,,,,,,,offline_calibrated_v5
case_064,1,2,online,27819,19116,0.687156,238032,238032,0,,,,,,480.0,v5_two_stage_online
case_064,1,3,online,29927,19116,0.638754,251248,251248,0,,,,,,480.1,v5_two_stage_online
case_064,1,4,online,32452,19116,0.589055,253794,253794,0,,,,,,480.1,v5_two_stage_online
case_064,1,5,online,32966,19116,0.57987,243474,243474,0,,,,,,480.1,v5_two_stage_online
case_064,2,5,final,14916,19116,1.281577,33996,33996,0,,,,,,,offline_calibrated_v5
case_064,2,2,online,17944,19116,1.065314,26406,26406,0,,,,,,480.0,v5_two_stage_online
case_064,2,3,online,20032,19116,0.954273,40652,40652,0,,,,,,480.0,v5_two_stage_online
case_064,2,4,online,20711,19116,0.922988,45418,45418,0,,,,,,480.0,v5_two_stage_online
case_064,2,5,online,21424,19116,0.89227,93552,93552,0,,,,,,480.0,v5_two_stage_online
case_064,3,5,final,14656,19116,1.304312,38670,38670,0,0.018988,14661,38670,1.000341,,,offline_calibrated_v5
case_064,3,2,online,19098,19116,1.000943,58342,58342,0,0.027363,19098,58342,1.0,,480.0,v5_two_stage_online
case_064,3,3,online,20354,19116,0.939177,74568,74568,0,0.024816,20355,74568,1.000049,,480.0,v5_two_stage_online
case_064,3,4,online,20222,19116,0.945307,46028,46028,0,0.004023,20223,46028,1.000049,,480.1,v5_two_stage_online
case_064,3,5,online,19148,19116,0.998329,37770,37770,0,0.03309,19149,37770,1.000052,,480.0,v5_two_stage_online
case_065,1,5,final,12238,53068,4.336329,238144,238144,0,,,,,,,offline_calibrated_v5
case_065,1,2,online,45272,53068,1.172204,1579658,1579658,0,,,,,,480.1,v5_two_stage_online
case_065,1,3,online,45085,53068,1.177066,1782840,1782840,0,,,,,,480.0,v5_two_stage_online
case_065,1,4,online,44989,53068,1.179577,1871050,1871050,0,,,,,,480.1,v5_two_stage_online
case_065,1,5,online,41251,53068,1.286466,1763172,1763172,0,,,,,,480.0,v5_two_stage_online
case_065,2,5,final,10277,53068,5.163764,107542,107542,0,,,,,,,offline_calibrated_v5
case_065,2,2,online,28626,53068,1.853839,290460,290460,0,,,,,,480.0,v5_two_stage_online
case_065,2,3,online,24137,53068,2.198616,540710,540710,0,,,,,,480.0,v5_two_stage_online
case_065,2,4,online,22567,53068,2.351575,738298,738298,0,,,,,,480.1,v5_two_stage_online
case_065,2,5,online,21530,53068,2.46484,703886,703886,0,,,,,,480.0,v5_two_stage_online
case_065,3,5,final,10277,53068,5.163764,107542,107542,0,0.184115,10277,107542,1.0,,,offline_calibrated_v5
case_065,3,2,online,28754,53068,1.845587,286640,286640,0,0.142733,28953,286640,1.006921,,480.0,v5_two_stage_online
case_065,3,3,online,22948,53068,2.312533,689288,689288,0,0.16558,23960,689288,1.0441,,480.1,v5_two_stage_online
case_065,3,4,online,22652,53068,2.342751,792786,792786,0,0.155511,23802,792786,1.050768,,480.2,v5_two_stage_online
case_065,3,5,online,21663,53068,2.449707,713920,713920,0,0.156428,23098,713920,1.066242,,480.0,v5_two_stage_online
case_066,1,5,final,144086,359070,2.492053,2920872,2920872,0,,,,,,,offline_calibrated_v5
case_066,1,2,online,401244,359070,0.894892,5757686,5757686,0,,,,,,480.2,v5_two_stage_online
case_066,1,3,online,406825,359070,0.882615,5702744,5702744,0,,,,,,480.5,v5_two_stage_online
case_066,1,4,online,412295,359070,0.870906,5809068,5809068,0,,,,,,480.3,v5_two_stage_online
case_066,1,5,online,404801,359070,0.887028,6016606,6016606,0,,,,,,480.9,v5_two_stage_online
case_066,2,5,final,126172,359070,2.845877,2649894,2649894,0,,,,,,,offline_calibrated_v5
case_066,2,2,online,303943,359070,1.181373,2835108,2815388,19720,,,,,,480.4,v5_two_stage_online
case_066,2,3,online,305685,359070,1.174641,2902082,2883650,18432,,,,,,480.5,v5_two_stage_online
case_066,2,4,online,293836,359070,1.222008,4314796,4314796,0,,,,,,480.3,v5_two_stage_online
case_066,2,5,online,287993,359070,1.246801,4740096,4740096,0,,,,,,480.3,v5_two_stage_online
case_066,3,5,final,125879,359070,2.852501,,,,,,,,1.82,,offline_calibrated_v5
case_066,3,2,online,321576,359070,1.116595,,,,,,,,1.97,420.1,v5_two_stage_online
case_066,3,3,online,330259,359070,1.087238,,,,,,,,2.43,420.1,v5_two_stage_online
case_066,3,4,online,309850,359070,1.158851,,,,,,,,2.2,421.3,v5_two_stage_online
case_066,3,5,online,319341,359070,1.124409,,,,,,,,2.41,421.5,v5_two_stage_online
case_067,1,5,final,13760441,63834834,4.639011,262816896,234733696,28083200,,,,,,,offline_calibrated_v5
case_067,1,2,online,60085046,63834834,1.062408,78653824,78260608,393216,,,,,,480.9,v5_two_stage_online
case_067,1,3,online,60128585,63834834,1.061639,78720256,78064896,655360,,,,,,480.0,v5_two_stage_online
case_067,1,4,online,60106616,63834834,1.062027,83968128,83574912,393216,,,,,,481.0,v5_two_stage_online
case_067,1,5,online,60112770,63834834,1.061918,89944704,89944704,0,,,,,,481.0,v5_two_stage_online
case_067,2,5,final,12588983,63834834,5.07069,17327616,14886400,2441216,,,,,,,offline_calibrated_v5
case_067,2,2,online,51729671,63834834,1.234008,65834496,45759488,20075008,,,,,,481.5,v5_two_stage_online
case_067,2,3,online,47987377,63834834,1.330242,77717888,60053888,17664000,,,,,,480.4,v5_two_stage_online
case_067,2,4,online,45471873,63834834,1.403831,85397888,69891328,15506560,,,,,,481.3,v5_two_stage_online
case_067,2,5,online,46534510,63834834,1.371774,83403008,61906048,21496960,,,,,,480.7,v5_two_stage_online
case_067,3,5,final,12554416,63834834,5.084652,,,,,,,,2.32,,offline_calibrated_v5
case_067,3,2,online,54842538,63834834,1.163966,,,,,,,,5.59,420.3,v5_two_stage_online
case_067,3,3,online,51878784,63834834,1.230461,,,,,,,,6.4,420.2,v5_two_stage_online
case_067,3,4,online,50875468,63834834,1.254727,,,,,,,,7.05,420.7,v5_two_stage_online
case_067,3,5,online,49526836,63834834,1.288894,,,,,,,,6.07,425.4,v5_two_stage_online
case_068,1,5,final,282097,362095,1.283583,535246,535246,0,,,,,,,offline_calibrated_v5
case_068,1,2,online,403892,362095,0.896514,5161750,5161750,0,,,,,,480.2,v5_two_stage_online
case_068,1,3,online,408134,362095,0.887196,5509366,5509366,0,,,,,,480.2,v5_two_stage_online
case_068,1,4,online,411720,362095,0.879469,5490168,5490168,0,,,,,,480.3,v5_two_stage_online
case_068,1,5,online,410313,362095,0.882485,5326276,5326276,0,,,,,,480.1,v5_two_stage_online
case_068,2,5,final,167859,362095,2.157138,4342392,4342392,0,,,,,,,offline_calibrated_v5
case_068,2,2,online,334721,362095,1.081782,1748084,1466994,281090,,,,,,480.4,v5_two_stage_online
case_068,2,3,online,329865,362095,1.097707,2385912,2377720,8192,,,,,,480.1,v5_two_stage_online
case_068,2,4,online,329041,362095,1.100456,2074182,2037318,36864,,,,,,480.4,v5_two_stage_online
case_068,2,5,online,331401,362095,1.092619,2827566,2827566,0,,,,,,480.5,v5_two_stage_online
case_068,3,5,final,159144,362095,2.275266,,,,,,,,2.48,,offline_calibrated_v5
case_068,3,2,online,340896,362095,1.062186,,,,,,,,1.81,480.0,v5_two_stage_online
case_068,3,3,online,332801,362095,1.088023,,,,,,,,1.58,480.7,v5_two_stage_online
case_068,3,4,online,336645,362095,1.075599,,,,,,,,1.56,480.8,v5_two_stage_online
case_068,3,5,online,330519,362095,1.095535,,,,,,,,1.6,481.2,v5_two_stage_online
case_069,1,5,final,11244,25144,2.236215,372624,372624,0,,,,,,,offline_calibrated_v5
case_069,1,2,online,35148,25144,0.715375,905106,905106,0,,,,,,480.1,v5_two_stage_online
case_069,1,3,online,34233,25144,0.734496,988658,988658,0,,,,,,480.1,v5_two_stage_online
case_069,1,4,online,38823,25144,0.647657,1198712,1198712,0,,,,,,480.1,v5_two_stage_online
case_069,1,5,online,39051,25144,0.643876,1276560,1276560,0,,,,,,480.0,v5_two_stage_online
case_069,2,5,final,8920,25144,2.818834,331856,331856,0,,,,,,,offline_calibrated_v5
case_069,2,2,online,18965,25144,1.325811,340770,340770,0,,,,,,480.1,v5_two_stage_online
case_069,2,3,online,19700,25144,1.276345,516262,516262,0,,,,,,480.1,v5_two_stage_online
case_069,2,4,online,20115,25144,1.250012,557414,557414,0,,,,,,480.0,v5_two_stage_online
case_069,2,5,online,19992,25144,1.257703,617414,617414,0,,,,,,480.1,v5_two_stage_online
case_069,3,5,final,8631,25144,2.91322,331856,331856,0,0.349012,8920,331856,1.033484,,,offline_calibrated_v5
case_069,3,2,online,19801,25144,1.269835,319588,319588,0,0.113861,19801,319588,1.0,,480.1,v5_two_stage_online
case_069,3,3,online,19936,25144,1.261236,439718,439718,0,0.140788,20075,439718,1.006972,,480.1,v5_two_stage_online
case_069,3,4,online,20634,25144,1.218571,528168,528168,0,0.109523,20879,528168,1.011874,,480.1,v5_two_stage_online
case_069,3,5,online,19738,25144,1.273888,662150,662150,0,0.161982,20761,662150,1.051829,,480.2,v5_two_stage_online
case_070,1,5,final,27133,117300,4.323149,816684,816684,0,,,,,,,offline_calibrated_v5
case_070,1,2,online,100611,117300,1.165876,3328114,3328114,0,,,,,,480.1,v5_two_stage_online
case_070,1,3,online,81812,117300,1.433775,3345530,3345530,0,,,,,,480.0,v5_two_stage_online
case_070,1,4,online,83428,117300,1.406003,3390594,3390594,0,,,,,,480.1,v5_two_stage_online
case_070,1,5,online,82893,117300,1.415077,3580054,3580054,0,,,,,,480.0,v5_two_stage_online
case_070,2,5,final,24440,117300,4.799509,881688,881688,0,,,,,,,offline_calibrated_v5
case_070,2,2,online,64217,117300,1.826619,881684,870412,11272,,,,,,480.1,v5_two_stage_online
case_070,2,3,online,53350,117300,2.198688,961944,961944,0,,,,,,480.1,v5_two_stage_online
case_070,2,4,online,54626,117300,2.147329,1098448,1098448,0,,,,,,480.1,v5_two_stage_online
case_070,2,5,online,54706,117300,2.144189,1317710,1317710,0,,,,,,480.0,v5_two_stage_online
case_070,3,5,final,24414,117300,4.80462,881688,881688,0,0.169667,24440,881688,1.001065,,,offline_calibrated_v5
case_070,3,2,online,66740,117300,1.757567,881700,858132,23568,0.105303,66740,881700,1.0,,480.1,v5_two_stage_online
case_070,3,3,online,53502,117300,2.192441,1197984,1197984,0,0.110135,54042,1197984,1.010093,,480.1,v5_two_stage_online
case_070,3,4,online,53557,117300,2.19019,996526,996526,0,0.195571,53996,996526,1.008197,,480.0,v5_two_stage_online
case_070,3,5,online,54276,117300,2.161176,1240936,1240936,0,0.175918,54531,1240936,1.004698,,480.0,v5_two_stage_online
case_071,1,5,final,9994,18919,1.893036,272306,272306,0,,,,,,,offline_calibrated_v5
case_071,1,2,online,26993,18919,0.700885,716898,716898,0,,,,,,480.0,v5_two_stage_online
case_071,1,3,online,26987,18919,0.701041,661432,661432,0,,,,,,480.0,v5_two_stage_online
case_071,1,4,online,29730,18919,0.636361,907928,907928,0,,,,,,480.0,v5_two_stage_online
case_071,1,5,online,32986,18919,0.573546,859290,859290,0,,,,,,480.1,v5_two_stage_online
case_071,2,5,final,7578,18919,2.496569,283150,283150,0,,,,,,,offline_calibrated_v5
case_071,2,2,online,17292,18919,1.09409,195586,195586,0,,,,,,480.1,v5_two_stage_online
case_071,2,3,online,16305,18919,1.160319,274788,274788,0,,,,,,480.0,v5_two_stage_online
case_071,2,4,online,16336,18919,1.158117,266726,266726,0,,,,,,480.0,v5_two_stage_online
case_071,2,5,online,16156,18919,1.17102,315238,315238,0,,,,,,480.0,v5_two_stage_online
case_071,3,5,final,7588,18919,2.493279,283150,283150,0,0.420622,7578,283150,0.998682,,,offline_calibrated_v5
case_071,3,2,online,16494,18919,1.147023,145892,145892,0,0.072276,16494,145892,1.0,,480.1,v5_two_stage_online
case_071,3,3,online,16816,18919,1.125059,287076,287076,0,0.109975,16952,287076,1.008088,,480.1,v5_two_stage_online
case_071,3,4,online,17706,18919,1.068508,352644,352644,0,0.09686,17851,352644,1.008189,,480.0,v5_two_stage_online
case_071,3,5,online,17457,18919,1.083749,437640,437640,0,0.177048,17812,437640,1.020336,,480.0,v5_two_stage_online
case_072,1,5,final,4876863,23897828,4.900246,108507184,98312192,10194992,,,,,,,offline_calibrated_v5
case_072,1,2,online,12494008,23897828,1.912743,301215450,301215450,0,,,,,,491.2,v5_two_stage_online
case_072,1,3,online,8512017,23897828,2.80754,301027034,301027034,0,,,,,,501.3,v5_two_stage_online
case_072,1,4,online,6502121,23897828,3.67539,312331994,312331994,0,,,,,,488.8,v5_two_stage_online
case_072,1,5,online,5585452,23897828,4.278584,312331994,312331994,0,,,,,,498.4,v5_two_stage_online
case_072,2,5,final,4696136,23897828,5.088828,139920048,38666928,101253120,,,,,,,offline_calibrated_v5
case_072,2,2,online,11638658,23897828,2.053315,137667248,8855552,128811696,,,,,,481.8,v5_two_stage_online
case_072,2,3,online,7768793,23897828,3.076131,139223728,19804504,119419224,,,,,,481.6,v5_two_stage_online
case_072,2,4,online,5877941,23897828,4.06568,138363704,28094808,110268896,,,,,,482.2,v5_two_stage_online
case_072,2,5,online,4700607,23897828,5.083988,139379376,36385112,102994264,,,,,,481.6,v5_two_stage_online
case_072,3,5,final,4710456,23897828,5.073358,,,,,,,,16.61,,offline_calibrated_v5
case_072,3,2,online,11658097,23897828,2.049891,,,,,,,,23.8,499.7,v5_two_stage_online
case_072,3,3,online,7788745,23897828,3.068251,,,,,,,,18.75,484.6,v5_two_stage_online
case_072,3,4,online,5853605,23897828,4.082583,,,,,,,,15.04,482.3,v5_two_stage_online
case_072,3,5,online,4710456,23897828,5.073358,,,,,,,,13.26,480.7,v5_two_stage_online
case_073,1,5,final,3249298,10081626,3.102709,136136320,116008576,20127744,,,,,,,offline_calibrated_v5
case_073,1,2,online,8440452,10081626,1.194441,11209984,11209984,0,,,,,,480.3,v5_two_stage_online
case_073,1,3,online,8463237,10081626,1.191226,12188800,12188800,0,,,,,,480.5,v5_two_stage_online
case_073,1,4,online,8424607,10081626,1.196688,11989376,11989376,0,,,,,,480.3,v5_two_stage_online
case_073,1,5,online,8439218,10081626,1.194616,12612736,12612736,0,,,,,,480.5,v5_two_stage_online
case_073,2,5,final,1854429,10081626,5.436512,14886400,14886400,0,,,,,,,offline_calibrated_v5
case_073,2,2,online,6770361,10081626,1.489082,23363968,9468288,13895680,,,,,,480.0,v5_two_stage_online
case_073,2,3,online,6319607,10081626,1.595293,23361280,9294592,14066688,,,,,,480.5,v5_two_stage_online
case_073,2,4,online,6027437,10081626,1.672622,10810496,10810496,0,,,,,,480.1,v5_two_stage_online
case_073,2,5,online,6186039,10081626,1.629739,12883456,12883456,0,,,,,,480.5,v5_two_stage_online
case_073,3,5,final,1768210,10081626,5.7016,,,,,,,,0.99,,offline_calibrated_v5
case_073,3,2,online,6869271,10081626,1.467641,,,,,,,,2.62,481.8,v5_two_stage_online
case_073,3,3,online,6499778,10081626,1.551072,,,,,,,,3.08,481.2,v5_two_stage_online
case_073,3,4,online,6380247,10081626,1.580131,,,,,,,,3.15,480.7,v5_two_stage_online
case_073,3,5,online,6485076,10081626,1.554589,,,,,,,,3.51,481.0,v5_two_stage_online
case_074,1,5,final,345696,1682239,4.866238,14409784,14409784,0,,,,,,,offline_calibrated_v5
case_074,1,2,online,1063972,1682239,1.581093,30887280,30887280,0,,,,,,480.3,v5_two_stage_online
case_074,1,3,online,802921,1682239,2.095149,32448682,32448682,0,,,,,,480.3,v5_two_stage_online
case_074,1,4,online,698909,1682239,2.40695,33636580,33636580,0,,,,,,480.5,v5_two_stage_online
case_074,1,5,online,656552,1682239,2.562233,33052424,33052424,0,,,,,,480.2,v5_two_stage_online
case_074,2,5,final,335984,1682239,5.006902,8409120,7409696,999424,,,,,,,offline_calibrated_v5
case_074,2,2,online,980196,1682239,1.716227,21747572,10016552,11731020,,,,,,480.1,v5_two_stage_online
case_074,2,3,online,712638,1682239,2.36058,21511904,13229632,8282272,,,,,,480.4,v5_two_stage_online
case_074,2,4,online,585163,1682239,2.874821,23149980,18881884,4268096,,,,,,480.3,v5_two_stage_online
case_074,2,5,online,511781,1682239,3.287029,22222972,18675760,3547212,,,,,,480.5,v5_two_stage_online
case_074,3,5,final,334863,1682239,5.023663,,,,,,,,1.01,,offline_calibrated_v5
case_074,3,2,online,1001260,1682239,1.680122,,,,,,,,1.9,480.3,v5_two_stage_online
case_074,3,3,online,724479,1682239,2.321998,,,,,,,,1.57,480.8,v5_two_stage_online
case_074,3,4,online,589924,1682239,2.85162,,,,,,,,1.59,480.3,v5_two_stage_online
case_074,3,5,online,515312,1682239,3.264506,,,,,,,,1.55,481.2,v5_two_stage_online
case_075,1,5,final,712889,1441809,2.022487,24764112,24764112,0,,,,,,,offline_calibrated_v5
case_075,1,2,online,1537373,1441809,0.937839,9270156,9270156,0,,,,,,480.8,v5_two_stage_online
case_075,1,3,online,1548590,1441809,0.931046,9215008,9215008,0,,,,,,481.0,v5_two_stage_online
case_075,1,4,online,1556558,1441809,0.92628,9341122,9341122,0,,,,,,480.8,v5_two_stage_online
case_075,1,5,online,1554168,1441809,0.927705,9492496,9492496,0,,,,,,480.9,v5_two_stage_online
case_075,2,5,final,427591,1441809,3.371935,9085016,9085016,0,,,,,,,offline_calibrated_v5
case_075,2,2,online,1342722,1441809,1.073796,2418820,2418820,0,,,,,,480.3,v5_two_stage_online
case_075,2,3,online,1337104,1441809,1.078307,3214058,3214058,0,,,,,,480.3,v5_two_stage_online
case_075,2,4,online,1334738,1441809,1.080219,4700718,4700718,0,,,,,,480.2,v5_two_stage_online
case_075,2,5,online,1342036,1441809,1.074345,3800114,3800114,0,,,,,,480.6,v5_two_stage_online
case_075,3,5,final,422094,1441809,3.415848,9085016,9085016,0,0.294481,427591,9085016,1.013023,,,offline_calibrated_v5
case_075,3,2,online,1336466,1441809,1.078822,2200868,2200868,0,0.012892,1336466,2200868,1.0,,480.5,v5_two_stage_online
case_075,3,3,online,1345753,1441809,1.071377,3671146,3671146,0,0.013061,1345753,3671146,1.0,,480.6,v5_two_stage_online
case_075,3,4,online,1318565,1441809,1.093468,3615342,3615342,0,0.013371,1318565,3615342,1.0,,480.8,v5_two_stage_online
case_075,3,5,online,1338965,1441809,1.076809,4291728,4291728,0,0.014042,1339025,4291728,1.000045,,480.3,v5_two_stage_online
case_076,1,5,final,1288446,6185113,4.800444,28965888,26175488,2790400,,,,,,,offline_calibrated_v5
case_076,1,2,online,3251277,6185113,1.902364,92095184,92095184,0,,,,,,489.8,v5_two_stage_online
case_076,1,3,online,2252185,6185113,2.746272,95522512,95522512,0,,,,,,481.6,v5_two_stage_online
case_076,1,4,online,1702103,6185113,3.633807,92247760,92247760,0,,,,,,512.1,v5_two_stage_online
case_076,1,5,online,1658727,6185113,3.728831,92803792,92803792,0,,,,,,502.9,v5_two_stage_online
case_076,2,5,final,1227055,6185113,5.040616,30243840,15894528,14349312,,,,,,,offline_calibrated_v5
case_076,2,2,online,3054488,6185113,2.024926,42439680,4074496,38365184,,,,,,484.5,v5_two_stage_online
case_076,2,3,online,2039503,6185113,3.032657,43232256,8075264,35156992,,,,,,480.3,v5_two_stage_online
case_076,2,4,online,1532024,6185113,4.037217,36966400,12125184,24841216,,,,,,482.2,v5_two_stage_online
case_076,2,5,online,1231593,6185113,5.022043,37777408,15700992,22076416,,,,,,483.7,v5_two_stage_online
case_076,3,5,final,1230171,6185113,5.027848,,,,,,,,18.79,,offline_calibrated_v5
case_076,3,2,online,3053917,6185113,2.025305,,,,,,,,26.12,481.0,v5_two_stage_online
case_076,3,3,online,2038617,6185113,3.033975,,,,,,,,19.04,489.6,v5_two_stage_online
case_076,3,4,online,1530679,6185113,4.040764,,,,,,,,16.06,492.7,v5_two_stage_online
case_076,3,5,online,1230171,6185113,5.027848,,,,,,,,14.7,484.5,v5_two_stage_online
case_077,1,5,final,183092,495320,2.705307,696978,696978,0,,,,,,,offline_calibrated_v5
case_077,1,2,online,402992,495320,1.229106,7335880,7335880,0,,,,,,480.4,v5_two_stage_online
case_077,1,3,online,357315,495320,1.386228,7383908,7383908,0,,,,,,480.3,v5_two_stage_online
case_077,1,4,online,335526,495320,1.476249,7609362,7609362,0,,,,,,480.3,v5_two_stage_online
case_077,1,5,online,334415,495320,1.481154,7969372,7969372,0,,,,,,480.3,v5_two_stage_online
case_077,2,5,final,107630,495320,4.602063,979494,979494,0,,,,,,,offline_calibrated_v5
case_077,2,2,online,341779,495320,1.449241,3482496,3253470,229026,,,,,,480.3,v5_two_stage_online
case_077,2,3,online,293053,495320,1.690206,4742248,4615238,127010,,,,,,480.2,v5_two_stage_online
case_077,2,4,online,267365,495320,1.852599,4268660,4199476,69184,,,,,,480.3,v5_two_stage_online
case_077,2,5,online,261236,495320,1.896063,4974020,4890946,83074,,,,,,480.3,v5_two_stage_online
case_077,3,5,final,106363,495320,4.656883,,,,,,,,0.97,,offline_calibrated_v5
case_077,3,2,online,342662,495320,1.445506,,,,,,,,1.7,480.0,v5_two_stage_online
case_077,3,3,online,293055,495320,1.690195,,,,,,,,1.58,480.6,v5_two_stage_online
case_077,3,4,online,267677,495320,1.850439,,,,,,,,1.49,480.4,v5_two_stage_online
case_077,3,5,online,268167,495320,1.847058,,,,,,,,1.67,480.1,v5_two_stage_online
case_078,1,5,final,488721,2296143,4.69827,15481728,15481728,0,,,,,,,offline_calibrated_v5
case_078,1,2,online,2129363,2296143,1.078324,5950344,5950344,0,,,,,,480.1,v5_two_stage_online
case_078,1,3,online,2141212,2296143,1.072357,6499464,6499464,0,,,,,,480.0,v5_two_stage_online
case_078,1,4,online,2133778,2296143,1.076093,6049320,6049320,0,,,,,,480.1,v5_two_stage_online
case_078,1,5,online,2141460,2296143,1.072232,6270216,6270216,0,,,,,,480.0,v5_two_stage_online
case_078,2,5,final,477567,2296143,4.808002,10092096,7998528,2093568,,,,,,,offline_calibrated_v5
case_078,2,2,online,1594426,2296143,1.440106,4640592,4640592,0,,,,,,480.0,v5_two_stage_online
case_078,2,3,online,1550457,2296143,1.480946,4141536,4141536,0,,,,,,480.1,v5_two_stage_online
case_078,2,4,online,1440432,2296143,1.594066,5723712,5723712,0,,,,,,480.0,v5_two_stage_online
case_078,2,5,online,1453351,2296143,1.579896,6771144,6771144,0,,,,,,480.1,v5_two_stage_online
case_078,3,5,final,453638,2296143,5.06162,,,,,,,,0.2,,offline_calibrated_v5
case_078,3,2,online,1535310,2296143,1.495557,,,,,,,,0.38,480.1,v5_two_stage_online
case_078,3,3,online,1500212,2296143,1.530546,,,,,,,,0.35,480.0,v5_two_stage_online
case_078,3,4,online,1458150,2296143,1.574696,,,,,,,,0.34,480.1,v5_two_stage_online
case_078,3,5,online,1463601,2296143,1.568831,,,,,,,,0.39,480.0,v5_two_stage_online
case_079,1,5,final,6024018,31052251,5.154741,84774912,84774912,0,,,,,,,offline_calibrated_v5
case_079,1,2,online,15406940,31052251,2.015472,146694144,146694144,0,,,,,,482.8,v5_two_stage_online
case_079,1,3,online,10473564,31052251,2.964822,145342464,145342464,0,,,,,,481.9,v5_two_stage_online
case_079,1,4,online,8006876,31052251,3.878198,147910656,147910656,0,,,,,,482.5,v5_two_stage_online
case_079,1,5,online,6565612,31052251,4.729529,147707904,147707904,0,,,,,,481.7,v5_two_stage_online
case_079,2,5,final,5981709,31052251,5.191201,66727936,22437888,44290048,,,,,,,offline_calibrated_v5
case_079,2,2,online,14861976,31052251,2.089376,65871872,5812224,60059648,,,,,,480.4,v5_two_stage_online
case_079,2,3,online,9915264,31052251,3.131762,68192256,11624448,56567808,,,,,,480.4,v5_two_stage_online
case_079,2,4,online,7439001,31052251,4.17425,68065280,17098752,50966528,,,,,,482.2,v5_two_stage_online
case_079,2,5,online,5989000,31052251,5.184881,69828608,22640640,47187968,,,,,,481.7,v5_two_stage_online
case_079,3,5,final,5997436,31052251,5.177588,,,,,,,,9.35,,offline_calibrated_v5
case_079,3,2,online,14882860,31052251,2.086444,,,,,,,,13.67,480.9,v5_two_stage_online
case_079,3,3,online,9929006,31052251,3.127428,,,,,,,,10.92,487.3,v5_two_stage_online
case_079,3,4,online,7454091,31052251,4.1658,,,,,,,,9.03,481.7,v5_two_stage_online
case_079,3,5,online,5997436,31052251,5.177588,,,,,,,,8.27,482.5,v5_two_stage_online
case_080,1,5,final,117985,292138,2.476061,2723840,2723840,0,,,,,,,offline_calibrated_v5
case_080,1,2,online,234319,292138,1.246753,10649600,10649600,0,,,,,,480.1,v5_two_stage_online
case_080,1,3,online,201892,292138,1.447001,9936896,9936896,0,,,,,,480.1,v5_two_stage_online
case_080,1,4,online,212375,292138,1.375576,10633216,10616832,16384,,,,,,480.0,v5_two_stage_online
case_080,1,5,online,209443,292138,1.394833,10457088,10457088,0,,,,,,480.0,v5_two_stage_online
case_080,2,5,final,93299,292138,3.131202,2514944,2514944,0,,,,,,,offline_calibrated_v5
case_080,2,2,online,172930,292138,1.689343,4739072,1839104,2899968,,,,,,480.0,v5_two_stage_online
case_080,2,3,online,129395,292138,2.257722,4820992,3543040,1277952,,,,,,480.1,v5_two_stage_online
case_080,2,4,online,111573,292138,2.618357,4575232,4337664,237568,,,,,,480.0,v5_two_stage_online
case_080,2,5,online,98350,292138,2.970391,3874816,3784704,90112,,,,,,480.1,v5_two_stage_online
case_080,3,5,final,68172,292138,4.285308,,,,,,,,0.47,,offline_calibrated_v5
case_080,3,2,online,171541,292138,1.703021,,,,,,,,0.34,480.2,v5_two_stage_online
case_080,3,3,online,121731,292138,2.399865,,,,,,,,0.4,480.0,v5_two_stage_online
case_080,3,4,online,93913,292138,3.11073,,,,,,,,0.31,480.0,v5_two_stage_online
case_080,3,5,online,82507,292138,3.540766,,,,,,,,0.36,480.3,v5_two_stage_online
case_081,1,5,final,43384,151795,3.498871,766700,766700,0,,,,,,,offline_calibrated_v5
case_081,1,2,online,146183,151795,1.03839,6329502,6329502,0,,,,,,480.5,v5_two_stage_online
case_081,1,3,online,144804,151795,1.048279,6310770,6310770,0,,,,,,480.3,v5_two_stage_online
case_081,1,4,online,146799,151795,1.034033,6378670,6378670,0,,,,,,480.0,v5_two_stage_online
case_081,1,5,online,144675,151795,1.049214,6319266,6319266,0,,,,,,480.1,v5_two_stage_online
case_081,2,5,final,31373,151795,4.838396,8192,8192,0,,,,,,,offline_calibrated_v5
case_081,2,2,online,118442,151795,1.281598,4374760,2598436,1776324,,,,,,480.2,v5_two_stage_online
case_081,2,3,online,97960,151795,1.549561,3348854,1898534,1450320,,,,,,480.5,v5_two_stage_online
case_081,2,4,online,80036,151795,1.896584,2587060,2210092,376968,,,,,,480.4,v5_two_stage_online
case_081,2,5,online,70817,151795,2.143482,2019948,1620444,399504,,,,,,480.2,v5_two_stage_online
case_081,3,5,final,31373,151795,4.838396,,,,,,,,0.55,,offline_calibrated_v5
case_081,3,2,online,117358,151795,1.293435,,,,,,,,1.61,421.2,v5_two_stage_online
case_081,3,3,online,89182,151795,1.702081,,,,,,,,1.49,420.2,v5_two_stage_online
case_081,3,4,online,74938,151795,2.025608,,,,,,,,1.46,421.2,v5_two_stage_online
case_081,3,5,online,65033,151795,2.334123,,,,,,,,1.35,420.9,v5_two_stage_online
case_082,1,5,final,328920,721041,2.192147,12479454,12479454,0,,,,,,,offline_calibrated_v5
case_082,1,2,online,710564,721041,1.014745,9632656,9632656,0,,,,,,480.4,v5_two_stage_online
case_082,1,3,online,701901,721041,1.027269,9632656,9632656,0,,,,,,480.3,v5_two_stage_online
case_082,1,4,online,691794,721041,1.042277,9632656,9632656,0,,,,,,480.3,v5_two_stage_online
case_082,1,5,online,698029,721041,1.032967,9632656,9632656,0,,,,,,480.5,v5_two_stage_online
case_082,2,5,final,209247,721041,3.445885,6022616,6022616,0,,,,,,,offline_calibrated_v5
case_082,2,2,online,569461,721041,1.266182,3691628,3679334,12294,,,,,,480.3,v5_two_stage_online
case_082,2,3,online,533665,721041,1.351112,4726058,4726058,0,,,,,,480.0,v5_two_stage_online
case_082,2,4,online,509656,721041,1.41476,5217198,5217198,0,,,,,,480.1,v5_two_stage_online
case_082,2,5,online,514156,721041,1.402378,6314028,6314028,0,,,,,,480.4,v5_two_stage_online
case_082,3,5,final,206093,721041,3.49862,6022616,6022616,0,0.349691,209247,6022616,1.015304,,,offline_calibrated_v5
case_082,3,2,online,595329,721041,1.211164,3736004,3736004,0,0.010046,595329,3736004,1.0,,480.5,v5_two_stage_online
case_082,3,3,online,544606,721041,1.323968,4985354,4968968,16386,0.092643,544676,4985354,1.000129,,480.1,v5_two_stage_online
case_082,3,4,online,516986,721041,1.394701,5355116,5355116,0,0.105888,517389,5355116,1.00078,,480.3,v5_two_stage_online
case_082,3,5,online,515108,721041,1.399786,6357706,6357706,0,0.125528,515588,6357706,1.000932,,480.5,v5_two_stage_online
case_083,1,5,final,574144,1057993,1.842731,17599424,8635296,8964128,,,,,,,offline_calibrated_v5
case_083,1,2,online,919173,1057993,1.151027,13184352,13184352,0,,,,,,480.0,v5_two_stage_online
case_083,1,3,online,926989,1057993,1.141322,13797440,13797440,0,,,,,,480.2,v5_two_stage_online
case_083,1,4,online,929171,1057993,1.138642,12934720,12934720,0,,,,,,480.3,v5_two_stage_online
case_083,1,5,online,926932,1057993,1.141392,12738848,12738848,0,,,,,,480.3,v5_two_stage_online
case_083,2,5,final,200760,1057993,5.269939,5257600,3721600,1536000,,,,,,,offline_calibrated_v5
case_083,2,2,online,697585,1057993,1.516651,8778848,8664160,114688,,,,,,480.1,v5_two_stage_online
case_083,2,3,online,673747,1057993,1.570312,11191968,11191968,0,,,,,,480.3,v5_two_stage_online
case_083,2,4,online,681276,1057993,1.552958,10924960,10924960,0,,,,,,480.0,v5_two_stage_online
case_083,2,5,online,667281,1057993,1.585528,10916256,10916256,0,,,,,,480.2,v5_two_stage_online
case_083,3,5,final,198206,1057993,5.337845,5257600,3721600,1536000,0.288419,200760,5257600,1.012886,,,offline_calibrated_v5
case_083,3,2,online,725776,1057993,1.45774,7532544,7532544,0,0.056481,726782,7532544,1.001386,,480.3,v5_two_stage_online
case_083,3,3,online,714073,1057993,1.481631,11210176,11210176,0,0.040736,715159,11210176,1.001521,,480.9,v5_two_stage_online
case_083,3,4,online,713250,1057993,1.483341,9757344,9757344,0,0.076317,715352,9757344,1.002947,,480.3,v5_two_stage_online
case_083,3,5,online,691667,1057993,1.529628,10207584,10207584,0,0.112052,694332,10207584,1.003853,,480.1,v5_two_stage_online
case_084,1,5,final,403428,2507412,6.215265,9925632,9925632,0,,,,,,,offline_calibrated_v5
case_084,1,2,online,719224,2507412,3.486274,9925632,9925632,0,,,,,,480.2,v5_two_stage_online
case_084,1,3,online,482780,2507412,5.193695,9925632,9925632,0,,,,,,480.5,v5_two_stage_online
case_084,1,4,online,404924,2507412,6.192303,9925632,9925632,0,,,,,,480.2,v5_two_stage_online
case_084,1,5,online,403428,2507412,6.215265,9925632,9925632,0,,,,,,480.0,v5_two_stage_online
case_084,2,5,final,283824,2507412,8.83439,0,0,0,,,,,,,offline_calibrated_v5
case_084,2,2,online,704876,2507412,3.557238,967680,0,967680,,,,,,480.9,v5_two_stage_online
case_084,2,3,online,469788,2507412,5.337327,967680,0,967680,,,,,,480.3,v5_two_stage_online
case_084,2,4,online,354468,2507412,7.073733,0,0,0,,,,,,480.2,v5_two_stage_online
case_084,2,5,online,283824,2507412,8.83439,0,0,0,,,,,,480.6,v5_two_stage_online
case_084,3,5,final,283824,2507412,8.83439,0,0,0,0.0,283824,0,1.0,,,offline_calibrated_v5
case_084,3,2,online,704876,2507412,3.557238,967680,0,967680,0.0,704876,967680,1.0,,481.1,v5_two_stage_online
case_084,3,3,online,469788,2507412,5.337327,967680,0,967680,0.0,469788,967680,1.0,,481.0,v5_two_stage_online
case_084,3,4,online,354468,2507412,7.073733,0,0,0,0.0,354468,0,1.0,,480.3,v5_two_stage_online
case_084,3,5,online,283824,2507412,8.83439,0,0,0,0.0,283824,0,1.0,,480.8,v5_two_stage_online
case_085,1,5,final,1468896,3187899,2.170269,59553682,59553682,0,,,,,,,offline_calibrated_v5
case_085,1,2,online,3848938,3187899,0.828254,41602890,41602890,0,,,,,,482.8,v5_two_stage_online
case_085,1,3,online,3834715,3187899,0.831326,41602890,41602890,0,,,,,,482.4,v5_two_stage_online
case_085,1,4,online,3865429,3187899,0.824721,41602890,41602890,0,,,,,,480.7,v5_two_stage_online
case_085,1,5,online,3851177,3187899,0.827773,41602890,41602890,0,,,,,,480.4,v5_two_stage_online
case_085,2,5,final,848638,3187899,3.756489,25298168,25298168,0,,,,,,,offline_calibrated_v5
case_085,2,2,online,3263237,3187899,0.976913,18151044,11594436,6556608,,,,,,481.5,v5_two_stage_online
case_085,2,3,online,3239577,3187899,0.984048,19169636,13648744,5520892,,,,,,481.6,v5_two_stage_online
case_085,2,4,online,3161875,3187899,1.008231,19081654,13644846,5436808,,,,,,481.1,v5_two_stage_online
case_085,2,5,online,3147435,3187899,1.012856,20553604,14994546,5559058,,,,,,480.1,v5_two_stage_online
case_085,3,5,final,834161,3187899,3.821683,,,,,,,,14.31,,offline_calibrated_v5
case_085,3,2,online,3373667,3187899,0.944936,,,,,,,,11.73,486.5,v5_two_stage_online
case_085,3,3,online,3380145,3187899,0.943125,,,,,,,,11.33,483.4,v5_two_stage_online
case_085,3,4,online,3309091,3187899,0.963376,,,,,,,,11.53,488.8,v5_two_stage_online
case_085,3,5,online,3272503,3187899,0.974147,,,,,,,,10.12,481.8,v5_two_stage_online
case_086,1,5,final,95689,118403,1.237373,1075174,1016806,58368,,,,,,,offline_calibrated_v5
case_086,1,2,online,158998,118403,0.744682,5174292,5174292,0,,,,,,480.0,v5_two_stage_online
case_086,1,3,online,168440,118403,0.702939,5302152,5302152,0,,,,,,480.1,v5_two_stage_online
case_086,1,4,online,162065,118403,0.73059,5352406,5352406,0,,,,,,480.6,v5_two_stage_online
case_086,1,5,online,164317,118403,0.720577,5242692,5242692,0,,,,,,480.2,v5_two_stage_online
case_086,2,5,final,58160,118403,2.035815,2066004,2066004,0,,,,,,,offline_calibrated_v5
case_086,2,2,online,105386,118403,1.123517,2018756,2018756,0,,,,,,480.2,v5_two_stage_online
case_086,2,3,online,108545,118403,1.090819,1829800,1809832,19968,,,,,,480.4,v5_two_stage_online
case_086,2,4,online,108839,118403,1.087873,2463500,2463500,0,,,,,,480.5,v5_two_stage_online
case_086,2,5,online,107223,118403,1.104269,2532490,2532490,0,,,,,,480.3,v5_two_stage_online
case_086,3,5,final,53232,118403,2.224282,2058964,2058964,0,0.367813,56854,2058964,1.068042,,,offline_calibrated_v5
case_086,3,2,online,105346,118403,1.123944,1963780,1963780,0,3e-06,105347,1963780,1.000009,,480.3,v5_two_stage_online
case_086,3,3,online,107802,118403,1.098338,2111492,2111492,0,0.032138,107814,2111492,1.000111,,480.5,v5_two_stage_online
case_086,3,4,online,109580,118403,1.080517,2492808,2492808,0,0.040542,110065,2492808,1.004426,,480.1,v5_two_stage_online
case_086,3,5,online,107244,118403,1.104052,2350380,2350380,0,0.038605,107255,2350380,1.000103,,480.3,v5_two_stage_online
case_087,1,5,final,838095,3974071,4.741791,10168572,9546492,622080,,,,,,,offline_calibrated_v5
case_087,1,2,online,2204566,3974071,1.802655,57639130,57639130,0,,,,,,482.1,v5_two_stage_online
case_087,1,3,online,1532388,3974071,2.593384,58468570,58468570,0,,,,,,488.2,v5_two_stage_online
case_087,1,4,online,1284331,3974071,3.094273,58745050,58745050,0,,,,,,484.3,v5_two_stage_online
case_087,1,5,online,1158765,3974071,3.429575,58122970,58122970,0,,,,,,486.7,v5_two_stage_online
case_087,2,5,final,853863,3974071,4.654226,7536820,3490996,4045824,,,,,,,offline_calibrated_v5
case_087,2,2,online,1946747,3974071,2.041391,10979728,2004480,8975248,,,,,,480.5,v5_two_stage_online
case_087,2,3,online,1304221,3974071,3.047084,11564944,4008960,7555984,,,,,,481.6,v5_two_stage_online
case_087,2,4,online,1016600,3974071,3.909179,12127120,5460480,6666640,,,,,,481.0,v5_two_stage_online
case_087,2,5,online,856933,3974071,4.637552,12104080,6773760,5330320,,,,,,481.0,v5_two_stage_online
case_087,3,5,final,840428,3974071,4.728628,,,,,,,,10.98,,offline_calibrated_v5
case_087,3,2,online,1947559,3974071,2.040539,,,,,,,,14.55,487.1,v5_two_stage_online
case_087,3,3,online,1333353,3974071,2.980509,,,,,,,,12.39,481.5,v5_two_stage_online
case_087,3,4,online,1042693,3974071,3.811353,,,,,,,,11.06,481.6,v5_two_stage_online
case_087,3,5,online,848827,3974071,4.681839,,,,,,,,10.52,485.6,v5_two_stage_online
case_088,1,5,final,175173,243623,1.390757,449266,449266,0,,,,,,,offline_calibrated_v5
case_088,1,2,online,270257,243623,0.901449,3545624,3545624,0,,,,,,480.3,v5_two_stage_online
case_088,1,3,online,272164,243623,0.895133,3201872,3201872,0,,,,,,480.1,v5_two_stage_online
case_088,1,4,online,278178,243623,0.875781,3216874,3216874,0,,,,,,480.1,v5_two_stage_online
case_088,1,5,online,280345,243623,0.869011,3658674,3658674,0,,,,,,480.5,v5_two_stage_online
case_088,2,5,final,102798,243623,2.36992,1837656,1837656,0,,,,,,,offline_calibrated_v5
case_088,2,2,online,217511,243623,1.120049,1119238,878596,240642,,,,,,480.0,v5_two_stage_online
case_088,2,3,online,215027,243623,1.132988,2156522,2156522,0,,,,,,480.1,v5_two_stage_online
case_088,2,4,online,215984,243623,1.127968,1972014,1836846,135168,,,,,,480.0,v5_two_stage_online
case_088,2,5,online,214530,243623,1.135613,1984364,1854828,129536,,,,,,480.3,v5_two_stage_online
case_088,3,5,final,102011,243623,2.388203,1837656,1837656,0,0.263184,102798,1837656,1.007715,,,offline_calibrated_v5
case_088,3,2,online,219724,243623,1.108768,1219298,1020288,199010,0.031359,219735,1219298,1.00005,,480.0,v5_two_stage_online
case_088,3,3,online,215305,243623,1.131525,1815010,1798626,16384,0.054978,216124,1815010,1.003804,,420.1,v5_two_stage_online
case_088,3,4,online,225591,243623,1.079932,2131454,2001532,129922,0.065837,226645,2131454,1.004672,,420.4,v5_two_stage_online
case_088,3,5,online,220117,243623,1.106789,2424388,2396740,27648,0.058389,221272,2424388,1.005247,,420.1,v5_two_stage_online
case_089,1,5,final,147432,693092,4.701096,954880,954880,0,,,,,,,offline_calibrated_v5
case_089,1,2,online,673151,693092,1.029623,10592416,10592416,0,,,,,,480.6,v5_two_stage_online
case_089,1,3,online,668025,693092,1.037524,10591848,10591848,0,,,,,,480.6,v5_two_stage_online
case_089,1,4,online,674087,693092,1.028194,10642752,10642752,0,,,,,,480.4,v5_two_stage_online
case_089,1,5,online,673375,693092,1.029281,10703712,10703712,0,,,,,,480.6,v5_two_stage_online
case_089,2,5,final,123062,693092,5.632055,954880,954880,0,,,,,,,offline_calibrated_v5
case_089,2,2,online,511396,693092,1.355294,3173104,3173104,0,,,,,,480.4,v5_two_stage_online
case_089,2,3,online,472729,693092,1.466151,5106920,5106920,0,,,,,,480.4,v5_two_stage_online
case_089,2,4,online,482973,693092,1.435053,6157904,6157904,0,,,,,,480.4,v5_two_stage_online
case_089,2,5,online,468605,693092,1.479054,6711936,6711936,0,,,,,,480.4,v5_two_stage_online
case_089,3,5,final,123062,693092,5.632055,954880,954880,0,0.0,123062,954880,1.0,,,offline_calibrated_v5
case_089,3,2,online,523714,693092,1.323417,3684136,3684136,0,0.035969,523719,3684136,1.00001,,480.5,v5_two_stage_online
case_089,3,3,online,472625,693092,1.466473,5214560,5214560,0,0.025294,472633,5214560,1.000017,,480.4,v5_two_stage_online
case_089,3,4,online,480692,693092,1.441863,4878840,4878840,0,0.087572,481086,4878840,1.00082,,480.0,v5_two_stage_online
case_089,3,5,online,476502,693092,1.454542,6281896,6281896,0,0.079147,477567,6281896,1.002235,,480.3,v5_two_stage_online
case_090,1,5,final,339499,1178363,3.470888,12655488,12655488,0,,,,,,,offline_calibrated_v5
case_090,1,2,online,919272,1178363,1.281844,2302296,2302296,0,,,,,,480.0,v5_two_stage_online
case_090,1,3,online,926455,1178363,1.271905,2349408,2349408,0,,,,,,480.2,v5_two_stage_online
case_090,1,4,online,930071,1178363,1.26696,3033336,3033336,0,,,,,,480.1,v5_two_stage_online
case_090,1,5,online,942357,1178363,1.250442,3071232,3071232,0,,,,,,480.1,v5_two_stage_online
case_090,2,5,final,276685,1178363,4.258861,8499192,8499192,0,,,,,,,offline_calibrated_v5
case_090,2,2,online,651669,1178363,1.808223,1856040,1856040,0,,,,,,480.2,v5_two_stage_online
case_090,2,3,online,655566,1178363,1.797474,3076152,3076152,0,,,,,,480.1,v5_two_stage_online
case_090,2,4,online,640463,1178363,1.839861,3065880,3065880,0,,,,,,480.0,v5_two_stage_online
case_090,2,5,online,622841,1178363,1.891916,2921184,2921184,0,,,,,,480.0,v5_two_stage_online
case_090,3,5,final,247585,1178363,4.759428,,,,,,,,0.35,,offline_calibrated_v5
case_090,3,2,online,683081,1178363,1.725071,,,,,,,,0.52,480.1,v5_two_stage_online
case_090,3,3,online,663421,1178363,1.776192,,,,,,,,0.5,480.1,v5_two_stage_online
case_090,3,4,online,655194,1178363,1.798495,,,,,,,,0.54,480.3,v5_two_stage_online
case_090,3,5,online,628251,1178363,1.875625,,,,,,,,0.51,480.3,v5_two_stage_online
case_091,1,5,final,1901896,9186769,4.830321,48322176,45791232,2530944,,,,,,,offline_calibrated_v5
case_091,1,2,online,4715270,9186769,1.948302,117620356,117620356,0,,,,,,489.3,v5_two_stage_online
case_091,1,3,online,3183135,9186769,2.886076,119535748,119535748,0,,,,,,507.9,v5_two_stage_online
case_091,1,4,online,2451167,9186769,3.747916,118199428,118199428,0,,,,,,482.3,v5_two_stage_online
case_091,1,5,online,2105865,9186769,4.362468,117397636,117397636,0,,,,,,489.9,v5_two_stage_online
case_091,2,5,final,1848400,9186769,4.97012,48835072,25779712,23055360,,,,,,,offline_calibrated_v5
case_091,2,2,online,4563908,9186769,2.012917,75952512,6478336,69474176,,,,,,483.2,v5_two_stage_online
case_091,2,3,online,3044932,9186769,3.017069,74619904,12956672,61663232,,,,,,480.2,v5_two_stage_online
case_091,2,4,online,2300970,9186769,3.992564,75621792,18480128,57141664,,,,,,481.2,v5_two_stage_online
case_091,2,5,online,1857500,9186769,4.945771,76097536,25646080,50451456,,,,,,484.0,v5_two_stage_online
case_091,3,5,final,1854298,9186769,4.954311,,,,,,,,18.79,,offline_calibrated_v5
case_091,3,2,online,4565702,9186769,2.012126,,,,,,,,24.56,490.5,v5_two_stage_online
case_091,3,3,online,3053690,9186769,3.008416,,,,,,,,20.5,486.1,v5_two_stage_online
case_091,3,4,online,2297631,9186769,3.998366,,,,,,,,18.04,482.9,v5_two_stage_online
case_091,3,5,online,1854298,9186769,4.954311,,,,,,,,15.41,481.6,v5_two_stage_online
case_092,1,5,final,2320718,4815554,2.075028,69531008,9189600,60341408,,,,,,,offline_calibrated_v5
case_092,1,2,online,4788140,4815554,1.005725,177935072,177935072,0,,,,,,491.5,v5_two_stage_online
case_092,1,3,online,4159458,4815554,1.157736,177935072,177935072,0,,,,,,491.7,v5_two_stage_online
case_092,1,4,online,3831654,4815554,1.256782,177935072,177935072,0,,,,,,483.8,v5_two_stage_online
case_092,1,5,online,3644870,4815554,1.321187,177935072,177935072,0,,,,,,488.8,v5_two_stage_online
case_092,2,5,final,806778,4815554,5.968871,5425536,3721600,1703936,,,,,,,offline_calibrated_v5
case_092,2,2,online,2526908,4815554,1.90571,66415808,930400,65485408,,,,,,480.6,v5_two_stage_online
case_092,2,3,online,1997132,4815554,2.411235,66838176,1860800,64977376,,,,,,481.1,v5_two_stage_online
case_092,2,4,online,1697676,4815554,2.836557,67233824,2791200,64442624,,,,,,481.2,v5_two_stage_online
case_092,2,5,online,1524634,4815554,3.158498,67033696,3721600,63312096,,,,,,480.9,v5_two_stage_online
case_092,3,5,final,804952,4815554,5.982411,,,,,,,,5.77,,offline_calibrated_v5
case_092,3,2,online,2217680,4815554,2.171438,,,,,,,,8.14,486.9,v5_two_stage_online
case_092,3,3,online,1552367,4815554,3.102072,,,,,,,,6.3,480.9,v5_two_stage_online
case_092,3,4,online,1314478,4815554,3.663472,,,,,,,,5.48,484.4,v5_two_stage_online
case_092,3,5,online,1114964,4815554,4.319022,,,,,,,,5.01,480.2,v5_two_stage_online
case_093,1,5,final,15876,74205,4.674036,32768,32768,0,,,,,,,offline_calibrated_v5
case_093,1,2,online,60780,74205,1.220879,2027520,2027520,0,,,,,,480.1,v5_two_stage_online
case_093,1,3,online,48969,74205,1.515346,2043904,2043904,0,,,,,,480.0,v5_two_stage_online
case_093,1,4,online,47159,74205,1.573507,2043904,2043904,0,,,,,,480.1,v5_two_stage_online
case_093,1,5,online,47145,74205,1.573974,2043904,2043904,0,,,,,,480.0,v5_two_stage_online
case_093,2,5,final,15876,74205,4.674036,32768,32768,0,,,,,,,offline_calibrated_v5
case_093,2,2,online,40131,74205,1.849069,327680,327680,0,,,,,,480.0,v5_two_stage_online
case_093,2,3,online,28280,74205,2.623939,348160,348160,0,,,,,,480.0,v5_two_stage_online
case_093,2,4,online,22211,74205,3.340912,516096,516096,0,,,,,,480.1,v5_two_stage_online
case_093,2,5,online,18993,74205,3.906966,389120,389120,0,,,,,,480.0,v5_two_stage_online
case_093,3,5,final,15876,74205,4.674036,32768,32768,0,0.0,15876,32768,1.0,,,offline_calibrated_v5
case_093,3,2,online,40099,74205,1.850545,253952,253952,0,0.008721,40099,253952,1.0,,480.0,v5_two_stage_online
case_093,3,3,online,27978,74205,2.652262,421888,421888,0,0.018088,28111,421888,1.004754,,480.0,v5_two_stage_online
case_093,3,4,online,22091,74205,3.35906,565248,565248,0,0.023585,22275,565248,1.008329,,480.0,v5_two_stage_online
case_093,3,5,online,18256,74205,4.064691,364544,364544,0,0.03183,18583,364544,1.017912,,480.1,v5_two_stage_online
case_094,1,5,final,22552,94892,4.207698,557856,557856,0,,,,,,,offline_calibrated_v5
case_094,1,2,online,80344,94892,1.181071,2777668,2777668,0,,,,,,480.0,v5_two_stage_online
case_094,1,3,online,79071,94892,1.200086,3470804,3470804,0,,,,,,480.0,v5_two_stage_online
case_094,1,4,online,75007,94892,1.265109,3606244,3606244,0,,,,,,480.1,v5_two_stage_online
case_094,1,5,online,75306,94892,1.260086,3529932,3529932,0,,,,,,480.0,v5_two_stage_online
case_094,2,5,final,19895,94892,4.769641,368640,368640,0,,,,,,,offline_calibrated_v5
case_094,2,2,online,55408,94892,1.712605,913388,905196,8192,,,,,,480.0,v5_two_stage_online
case_094,2,3,online,44940,94892,2.111526,1029720,1029720,0,,,,,,480.1,v5_two_stage_online
case_094,2,4,online,41354,94892,2.294627,1208292,1200100,8192,,,,,,480.0,v5_two_stage_online
case_094,2,5,online,39357,94892,2.411058,1242260,1242260,0,,,,,,480.0,v5_two_stage_online
case_094,3,5,final,19895,94892,4.769641,368640,368640,0,0.307212,19895,368640,1.0,,,offline_calibrated_v5
case_094,3,2,online,56070,94892,1.692385,1116172,1099788,16384,0.156979,57711,1116172,1.029267,,480.0,v5_two_stage_online
case_094,3,3,online,44564,94892,2.129342,1342912,1342912,0,0.167678,45902,1342912,1.030024,,480.0,v5_two_stage_online
case_094,3,4,online,41432,94892,2.290307,1654120,1654120,0,0.20178,45706,1654120,1.103157,,480.0,v5_two_stage_online
case_094,3,5,online,39816,94892,2.383263,1519596,1519596,0,0.187797,42114,1519596,1.057715,,480.0,v5_two_stage_online
case_095,1,5,final,420852,2084853,4.953886,0,0,0,,,,,,,offline_calibrated_v5
case_095,1,2,online,652732,2084853,3.194041,17031168,17031168,0,,,,,,480.4,v5_two_stage_online
case_095,1,3,online,501928,2084853,4.153689,17031168,17031168,0,,,,,,480.4,v5_two_stage_online
case_095,1,4,online,493880,2084853,4.221376,17031168,17031168,0,,,,,,480.4,v5_two_stage_online
case_095,1,5,online,488746,2084853,4.265719,17031168,17031168,0,,,,,,480.2,v5_two_stage_online
case_095,2,5,final,263772,2084853,7.903997,0,0,0,,,,,,,offline_calibrated_v5
case_095,2,2,online,614312,2084853,3.393802,8404992,0,8404992,,,,,,480.2,v5_two_stage_online
case_095,2,3,online,434655,2084853,4.79657,0,0,0,,,,,,480.3,v5_two_stage_online
case_095,2,4,online,328582,2084853,6.345001,0,0,0,,,,,,480.1,v5_two_stage_online
case_095,2,5,online,263772,2084853,7.903997,0,0,0,,,,,,480.1,v5_two_stage_online
case_095,3,5,final,263772,2084853,7.903997,0,0,0,0.0,263772,0,1.0,,,offline_calibrated_v5
case_095,3,2,online,614312,2084853,3.393802,8404992,0,8404992,0.0,614312,8404992,1.0,,480.1,v5_two_stage_online
case_095,3,3,online,434655,2084853,4.79657,0,0,0,0.0,434655,0,1.0,,480.2,v5_two_stage_online
case_095,3,4,online,328582,2084853,6.345001,0,0,0,0.0,328582,0,1.0,,480.1,v5_two_stage_online
case_095,3,5,online,263772,2084853,7.903997,0,0,0,0.0,263772,0,1.0,,480.2,v5_two_stage_online
case_096,1,5,final,27135,84194,3.102782,422720,422720,0,,,,,,,offline_calibrated_v5
case_096,1,2,online,93286,84194,0.902536,3221592,3221592,0,,,,,,480.0,v5_two_stage_online
case_096,1,3,online,89922,84194,0.9363,3290112,3290112,0,,,,,,480.1,v5_two_stage_online
case_096,1,4,online,86504,84194,0.973296,3158322,3158322,0,,,,,,480.0,v5_two_stage_online
case_096,1,5,online,86543,84194,0.972857,3266650,3266650,0,,,,,,480.1,v5_two_stage_online
case_096,2,5,final,24217,84194,3.476649,871472,871472,0,,,,,,,offline_calibrated_v5
case_096,2,2,online,52302,84194,1.609766,1265556,1265556,0,,,,,,480.0,v5_two_stage_online
case_096,2,3,online,50683,84194,1.661188,1164504,1164504,0,,,,,,480.1,v5_two_stage_online
case_096,2,4,online,49281,84194,1.708447,1397468,1397468,0,,,,,,480.1,v5_two_stage_online
case_096,2,5,online,49667,84194,1.69517,1410640,1410640,0,,,,,,480.1,v5_two_stage_online
case_096,3,5,final,24217,84194,3.476649,871472,871472,0,0.323682,24217,871472,1.0,,,offline_calibrated_v5
case_096,3,2,online,54323,84194,1.549878,1020068,1020068,0,0.164565,54717,1020068,1.007253,,480.0,v5_two_stage_online
case_096,3,3,online,50365,84194,1.671677,1198544,1198544,0,0.209432,51563,1198544,1.023786,,480.0,v5_two_stage_online
case_096,3,4,online,50858,84194,1.655472,1822092,1822092,0,0.221095,52413,1822092,1.030575,,480.1,v5_two_stage_online
case_096,3,5,online,51546,84194,1.633376,1706644,1706644,0,0.223851,53265,1706644,1.033349,,480.0,v5_two_stage_online
case_097,1,5,final,2096179,11491509,5.482122,23330816,23330816,0,,,,,,,offline_calibrated_v5
case_097,1,2,online,6631857,11491509,1.732774,137388032,137388032,0,,,,,,480.8,v5_two_stage_online
case_097,1,3,online,4918286,11491509,2.336487,137424896,137424896,0,,,,,,480.5,v5_two_stage_online
case_097,1,4,online,4085002,11491509,2.813098,141369344,141369344,0,,,,,,480.4,v5_two_stage_online
case_097,1,5,online,3573286,11491509,3.21595,142905344,142905344,0,,,,,,480.8,v5_two_stage_online
case_097,2,5,final,2102348,11491509,5.466036,21311488,17039360,4272128,,,,,,,offline_calibrated_v5
case_097,2,2,online,6688757,11491509,1.718034,121321472,68403200,52918272,,,,,,481.4,v5_two_stage_online
case_097,2,3,online,4882213,11491509,2.35375,122540032,84967424,37572608,,,,,,480.5,v5_two_stage_online
case_097,2,4,online,4028403,11491509,2.852621,125122560,96616448,28506112,,,,,,481.1,v5_two_stage_online
case_097,2,5,online,3473570,11491509,3.30827,127944704,109084672,18860032,,,,,,480.9,v5_two_stage_online
case_097,3,5,final,2102250,11491509,5.46629,,,,,,,,2.24,,offline_calibrated_v5
case_097,3,2,online,6853620,11491509,1.676706,,,,,,,,5.11,483.1,v5_two_stage_online
case_097,3,3,online,4899419,11491509,2.345484,,,,,,,,4.0,481.0,v5_two_stage_online
case_097,3,4,online,4064257,11491509,2.827456,,,,,,,,3.82,482.4,v5_two_stage_online
case_097,3,5,online,3485375,11491509,3.297065,,,,,,,,3.82,481.7,v5_two_stage_online
case_098,1,5,final,76750,177430,2.311792,594064,594064,0,,,,,,,offline_calibrated_v5
case_098,1,2,online,188917,177430,0.939196,6251284,6251284,0,,,,,,480.0,v5_two_stage_online
case_098,1,3,online,193317,177430,0.917819,7501392,7501392,0,,,,,,480.1,v5_two_stage_online
case_098,1,4,online,198290,177430,0.894801,7875474,7875474,0,,,,,,480.1,v5_two_stage_online
case_098,1,5,online,202151,177430,0.87771,7587702,7587702,0,,,,,,480.0,v5_two_stage_online
case_098,2,5,final,51910,177430,3.418031,557200,557200,0,,,,,,,offline_calibrated_v5
case_098,2,2,online,146385,177430,1.212078,5337444,3626202,1711242,,,,,,480.1,v5_two_stage_online
case_098,2,3,online,126821,177430,1.399059,5360002,4285780,1074222,,,,,,480.1,v5_two_stage_online
case_098,2,4,online,132934,177430,1.334722,5460484,4653548,806936,,,,,,480.0,v5_two_stage_online
case_098,2,5,online,134276,177430,1.321383,6133406,5723790,409616,,,,,,480.0,v5_two_stage_online
case_098,3,5,final,51702,177430,3.431782,,,,,,,,0.24,,offline_calibrated_v5
case_098,3,2,online,161228,177430,1.100491,,,,,,,,0.33,480.0,v5_two_stage_online
case_098,3,3,online,147403,177430,1.203707,,,,,,,,0.36,480.1,v5_two_stage_online
case_098,3,4,online,128076,177430,1.385349,,,,,,,,0.32,480.3,v5_two_stage_online
case_098,3,5,online,128764,177430,1.377947,,,,,,,,0.36,480.2,v5_two_stage_online
case_099,1,5,final,333534,1622999,4.866068,13197312,13197312,0,,,,,,,offline_calibrated_v5
case_099,1,2,online,861257,1622999,1.884454,25555684,25555684,0,,,,,,481.4,v5_two_stage_online
case_099,1,3,online,585251,1622999,2.773167,24793828,24793828,0,,,,,,480.8,v5_two_stage_online
case_099,1,4,online,471157,1622999,3.44471,23933668,23933668,0,,,,,,480.3,v5_two_stage_online
case_099,1,5,online,456941,1622999,3.551879,24437476,24437476,0,,,,,,480.7,v5_two_stage_online
case_099,2,5,final,327029,1622999,4.96286,8712192,7471104,1241088,,,,,,,offline_calibrated_v5
case_099,2,2,online,800338,1622999,2.027892,8503296,1904640,6598656,,,,,,480.4,v5_two_stage_online
case_099,2,3,online,535480,1622999,3.030924,8720384,3563520,5156864,,,,,,480.0,v5_two_stage_online
case_099,2,4,online,406099,1622999,3.99656,9228288,5529600,3698688,,,,,,480.2,v5_two_stage_online
case_099,2,5,online,331136,1622999,4.901306,9510912,6574080,2936832,,,,,,480.0,v5_two_stage_online
case_099,3,5,final,326002,1622999,4.978494,,,,,,,,1.73,,offline_calibrated_v5
case_099,3,2,online,800049,1622999,2.028624,,,,,,,,1.85,481.3,v5_two_stage_online
case_099,3,3,online,536068,1622999,3.027599,,,,,,,,1.78,480.7,v5_two_stage_online
case_099,3,4,online,403098,1622999,4.026314,,,,,,,,1.73,481.4,v5_two_stage_online
case_099,3,5,online,326002,1622999,4.978494,,,,,,,,1.63,481.1,v5_two_stage_online
case_100,1,5,final,53395,151223,2.832157,436296,436296,0,,,,,,,offline_calibrated_v5
case_100,1,2,online,146643,151223,1.031232,5788404,5788404,0,,,,,,480.0,v5_two_stage_online
case_100,1,3,online,141134,151223,1.071485,5807996,5807996,0,,,,,,480.1,v5_two_stage_online
case_100,1,4,online,144068,151223,1.049664,5798946,5798946,0,,,,,,480.2,v5_two_stage_online
case_100,1,5,online,143843,151223,1.051306,5708598,5708598,0,,,,,,480.2,v5_two_stage_online
case_100,2,5,final,51921,151223,2.912559,1509412,1509412,0,,,,,,,offline_calibrated_v5
case_100,2,2,online,104505,151223,1.447041,3221846,2831122,390724,,,,,,480.0,v5_two_stage_online
case_100,2,3,online,102020,151223,1.482288,3467398,2360950,1106448,,,,,,480.0,v5_two_stage_online
case_100,2,4,online,98628,151223,1.533266,3972188,3718228,253960,,,,,,480.1,v5_two_stage_online
case_100,2,5,online,95756,151223,1.579254,4490918,3966630,524288,,,,,,480.0,v5_two_stage_online
case_100,3,5,final,41015,151223,3.687017,,,,,,,,0.3,,offline_calibrated_v5
case_100,3,2,online,103451,151223,1.461784,,,,,,,,0.4,420.0,v5_two_stage_online
case_100,3,3,online,97359,151223,1.553251,,,,,,,,0.47,420.4,v5_two_stage_online
case_100,3,4,online,96421,151223,1.568362,,,,,,,,0.45,420.3,v5_two_stage_online
case_100,3,5,online,103637,151223,1.45916,,,,,,,,0.54,420.0,v5_two_stage_online
