case,q,algo,mk,sp,added_MB,spill_MB,hit_rate,solve_s,fallback
case_001,1,core_resident,115658,2.0155,4.09,0.0,,0.01,False
case_001,1,greedy_balance,115658,2.0155,4.09,0.0,,0.0,False
case_001,1,heft_like,115658,2.0155,4.09,0.0,,0.01,False
case_001,1,kl_partition,186380,1.2507,4.1,0.0,,0.24,False
case_001,1,random_search,115658,2.0155,4.09,0.0,,11.41,False
case_001,1,topo_equal,304285,0.7661,4.1,0.0,,0.01,False
case_002,1,greedy_balance,260738,1.0046,5.39,0.0,,0.01,True
case_002,1,heft_like,260738,1.0046,5.39,0.0,,0.01,True
case_002,1,kl_partition,260780,1.0045,5.44,0.0,,0.6,False
case_002,1,random_search,95741,2.736,3.59,0.0,,1.43,False
case_002,1,topo_equal,260738,1.0046,5.39,0.0,,0.01,False
case_003,1,greedy_balance,598141,1.0068,1.6,0.0,,0.11,True
case_003,1,heft_like,598141,1.0068,1.6,0.0,,0.09,True
case_003,1,kl_partition,598003,1.007,1.59,0.0,,6.07,False
case_003,1,random_search,526223,1.1444,1.09,0.0,,14.53,False
case_003,1,topo_equal,598141,1.0068,1.6,0.0,,0.06,False
case_004,1,greedy_balance,457255,0.8581,7.83,0.0,,0.01,True
case_004,1,heft_like,457255,0.8581,7.83,0.0,,0.02,True
case_004,1,kl_partition,448895,0.8741,7.97,0.0,,0.32,False
case_004,1,random_search,170093,2.3067,6.6,0.0,,0.72,False
case_004,1,topo_equal,457255,0.8581,7.83,0.0,,0.0,False
case_005,1,greedy_balance,105953,0.9025,1.44,0.0,,0.03,True
case_005,1,heft_like,105953,0.9025,1.44,0.0,,0.03,True
case_005,1,kl_partition,105953,0.9025,1.44,0.0,,1.75,True
case_005,1,random_search,93134,1.0267,0.98,0.0,,3.83,False
case_005,1,topo_equal,105953,0.9025,1.44,0.0,,0.02,False
case_006,1,greedy_balance,92072,0.8997,3.28,0.0,,0.0,True
case_006,1,heft_like,92072,0.8997,3.28,0.0,,0.01,True
case_006,1,kl_partition,91631,0.904,3.18,0.0,,0.23,False
case_006,1,random_search,57904,1.4306,1.98,0.0,,0.41,False
case_006,1,topo_equal,92072,0.8997,3.28,0.0,,0.0,False
case_007,1,greedy_balance,1230910,0.8226,19.43,0.0,,0.02,True
case_007,1,heft_like,1230910,0.8226,19.43,0.0,,0.03,True
case_007,1,kl_partition,1182908,0.856,19.55,0.0,,1.57,False
case_007,1,topo_equal,1230910,0.8226,19.43,0.0,,0.04,False
case_008,1,core_resident,178932,2.7251,7.96,0.0,,0.03,False
case_008,1,greedy_balance,550439,0.8858,17.21,2.654,,0.02,True
case_008,1,heft_like,550439,0.8858,17.21,2.654,,0.01,True
case_008,1,kl_partition,502595,0.9702,15.75,1.622,,0.33,False
case_008,1,random_search,213556,2.2833,8.04,0.0,,0.81,False
case_008,1,topo_equal,550439,0.8858,17.21,2.654,,0.0,False
case_009,1,greedy_balance,159016,0.9638,0.53,0.0,,0.04,True
case_009,1,heft_like,159016,0.9638,0.53,0.0,,0.04,True
case_009,1,kl_partition,158914,0.9644,0.54,0.0,,2.3,False
case_009,1,topo_equal,159016,0.9638,0.53,0.0,,0.03,False
case_010,1,greedy_balance,106957,0.8131,2.64,0.0,,0.0,True
case_010,1,heft_like,106957,0.8131,2.64,0.0,,0.0,True
case_010,1,kl_partition,107922,0.8059,2.66,0.0,,0.21,False
case_010,1,random_search,52596,1.6535,1.89,0.0,,0.45,False
case_010,1,topo_equal,106957,0.8131,2.64,0.0,,0.0,False
case_011,1,greedy_balance,124811,1.4798,3.51,0.0,,0.01,True
case_011,1,heft_like,124811,1.4798,3.51,0.0,,0.0,True
case_011,1,kl_partition,94751,1.9493,3.97,0.0,,0.28,False
case_011,1,topo_equal,124811,1.4798,3.51,0.0,,0.0,False
case_012,1,greedy_balance,64428,0.9171,1.28,0.0,,0.01,True
case_012,1,heft_like,64428,0.9171,1.28,0.0,,0.01,True
case_012,1,kl_partition,64428,0.9171,1.28,0.0,,0.4,True
case_012,1,random_search,39102,1.5111,0.75,0.0,,0.74,False
case_012,1,topo_equal,64428,0.9171,1.28,0.0,,0.01,False
case_013,1,greedy_balance,242861,1.0868,5.91,0.0,,0.03,True
case_013,1,heft_like,242861,1.0868,5.91,0.0,,0.03,True
case_013,1,kl_partition,192526,1.371,5.88,0.0,,0.97,False
case_013,1,topo_equal,242861,1.0868,5.91,0.0,,0.01,False
case_014,1,greedy_balance,13160736,1.3448,321.5,51.262,,0.46,True
case_014,1,heft_like,13160736,1.3448,321.5,51.262,,1.19,True
case_014,1,kl_partition,13118309,1.3492,322.19,49.919,,31.1,False
case_014,1,topo_equal,13160736,1.3448,321.5,51.262,,0.44,False
case_015,1,greedy_balance,202555,0.8756,4.1,0.025,,0.01,True
case_015,1,heft_like,202555,0.8756,4.1,0.025,,0.01,True
case_015,1,kl_partition,203196,0.8729,4.1,0.044,,0.41,False
case_015,1,topo_equal,202555,0.8756,4.1,0.025,,0.0,False
case_016,1,greedy_balance,7725109,0.9988,4.06,0.0,,0.19,True
case_016,1,heft_like,7725109,0.9988,4.06,0.0,,0.18,True
case_016,1,kl_partition,7725121,0.9988,4.06,0.0,,6.19,False
case_016,1,topo_equal,7725109,0.9988,4.06,0.0,,0.09,False
case_017,1,greedy_balance,183120,0.8891,2.88,0.0,,0.01,True
case_017,1,heft_like,183120,0.8891,2.88,0.0,,0.01,True
case_017,1,kl_partition,181245,0.8983,2.83,0.0,,0.55,False
case_017,1,topo_equal,183120,0.8891,2.88,0.0,,0.01,False
case_018,1,greedy_balance,826574,1.2151,12.11,0.111,,0.04,True
case_018,1,heft_like,826574,1.2151,12.11,0.111,,0.04,True
case_018,1,kl_partition,656218,1.5305,13.47,0.008,,1.15,False
case_018,1,topo_equal,826574,1.2151,12.11,0.111,,0.02,False
case_019,1,greedy_balance,81040,1.0013,1.66,0.0,,0.0,True
case_019,1,heft_like,81040,1.0013,1.66,0.0,,0.01,True
case_019,1,kl_partition,81083,1.0008,1.72,0.0,,0.23,False
case_019,1,topo_equal,81040,1.0013,1.66,0.0,,0.0,False
case_020,1,greedy_balance,859117,0.6201,39.9,7.197,,0.07,True
case_020,1,heft_like,859117,0.6201,39.9,7.197,,0.06,True
case_020,1,kl_partition,856558,0.622,39.66,7.16,,2.86,False
case_020,1,topo_equal,859117,0.6201,39.9,7.197,,0.06,False
case_021,1,greedy_balance,3615332,1.8167,74.32,1.81,,0.04,True
case_021,1,heft_like,3615332,1.8167,74.32,1.81,,0.06,True
case_021,1,kl_partition,3615332,1.8167,74.32,1.81,,1.88,True
case_021,1,topo_equal,3615332,1.8167,74.32,1.81,,0.04,False
case_022,1,greedy_balance,60631,0.9365,1.93,0.0,,0.02,True
case_022,1,heft_like,60631,0.9365,1.93,0.0,,0.01,True
case_022,1,kl_partition,60631,0.9365,1.93,0.0,,0.46,True
case_022,1,topo_equal,60631,0.9365,1.93,0.0,,0.0,False
case_023,1,greedy_balance,128747,0.9524,2.36,0.0,,0.01,True
case_023,1,heft_like,128747,0.9524,2.36,0.0,,0.01,True
case_023,1,kl_partition,130132,0.9422,2.36,0.0,,0.41,False
case_023,1,topo_equal,128747,0.9524,2.36,0.0,,0.0,False
case_024,1,greedy_balance,2567581,0.9952,5.96,0.0,,0.03,True
case_024,1,heft_like,2567581,0.9952,5.96,0.0,,0.04,True
case_024,1,kl_partition,2567581,0.9952,5.96,0.0,,1.84,False
case_024,1,topo_equal,2567581,0.9952,5.96,0.0,,0.03,False
case_025,1,greedy_balance,6049580,0.8039,94.56,1.209,,0.23,True
case_025,1,heft_like,6049580,0.8039,94.56,1.209,,0.43,True
case_025,1,kl_partition,5998510,0.8107,94.58,1.149,,12.85,False
case_025,1,topo_equal,6049580,0.8039,94.56,1.209,,0.3,False
case_026,1,greedy_balance,109750,0.9039,3.42,0.0,,0.0,True
case_026,1,heft_like,109750,0.9039,3.42,0.0,,0.01,True
case_026,1,kl_partition,110273,0.8996,3.4,0.0,,0.23,False
case_026,1,topo_equal,109750,0.9039,3.42,0.0,,0.0,False
case_027,1,greedy_balance,1455867,1.6237,19.87,0.647,,0.01,True
case_027,1,heft_like,1455867,1.6237,19.87,0.647,,0.01,True
case_027,1,kl_partition,1042195,2.2682,21.0,0.0,,0.59,False
case_027,1,topo_equal,1455867,1.6237,19.87,0.647,,0.01,False
case_028,1,greedy_balance,43029852,1.0187,155.86,139.297,,0.24,True
case_028,1,heft_like,43029852,1.0187,155.86,139.297,,0.3,True
case_028,1,kl_partition,43004937,1.0193,155.62,138.884,,10.77,False
case_028,1,topo_equal,43029852,1.0187,155.86,139.297,,0.18,False
case_029,1,greedy_balance,43531,0.8627,1.02,0.0,,0.01,True
case_029,1,heft_like,43531,0.8627,1.02,0.0,,0.01,True
case_029,1,kl_partition,43173,0.8699,1.0,0.0,,0.34,False
case_029,1,topo_equal,43531,0.8627,1.02,0.0,,0.0,False
case_030,1,greedy_balance,2523348,1.1128,72.28,0.352,,0.13,True
case_030,1,heft_like,2523348,1.1128,72.28,0.352,,0.16,True
case_030,1,kl_partition,2480454,1.1321,72.51,0.135,,5.73,False
case_030,1,topo_equal,2523348,1.1128,72.28,0.352,,0.05,False
case_031,1,greedy_balance,1065080,1.3279,24.16,1.198,,0.12,True
case_031,1,heft_like,1065080,1.3279,24.16,1.198,,0.16,True
case_031,1,kl_partition,1104367,1.2807,24.25,0.919,,3.68,False
case_031,1,topo_equal,1065080,1.3279,24.16,1.198,,0.06,False
case_032,1,greedy_balance,45667,0.9075,1.33,0.0,,0.01,True
case_032,1,heft_like,45667,0.9075,1.33,0.0,,0.01,True
case_032,1,kl_partition,45179,0.9173,1.34,0.0,,0.28,False
case_032,1,topo_equal,45667,0.9075,1.33,0.0,,0.0,False
case_033,1,greedy_balance,1416304,1.2527,36.31,1.487,,0.03,True
case_033,1,heft_like,1416304,1.2527,36.31,1.487,,0.03,True
case_033,1,kl_partition,1416304,1.2527,36.31,1.487,,1.64,True
case_033,1,topo_equal,1416304,1.2527,36.31,1.487,,0.02,False
case_034,1,greedy_balance,900292,0.9364,17.67,0.008,,0.04,True
case_034,1,heft_like,900292,0.9364,17.67,0.008,,0.04,True
case_034,1,kl_partition,783510,1.0759,18.11,0.008,,1.68,False
case_034,1,topo_equal,900292,0.9364,17.67,0.008,,0.02,False
case_035,1,greedy_balance,177426,0.9557,1.01,0.0,,0.04,True
case_035,1,heft_like,177426,0.9557,1.01,0.0,,0.02,True
case_035,1,kl_partition,177142,0.9573,1.01,0.0,,1.49,False
case_035,1,topo_equal,177426,0.9557,1.01,0.0,,0.01,False
case_036,1,greedy_balance,462338,2.0148,16.38,0.0,,0.01,False
case_036,1,heft_like,462338,2.0148,16.38,0.0,,0.02,False
case_036,1,kl_partition,992499,0.9386,16.39,0.0,,1.1,False
case_036,1,topo_equal,1209685,0.77,16.39,0.0,,0.01,False
case_037,1,greedy_balance,161041,1.304,5.34,0.0,,0.01,True
case_037,1,heft_like,161041,1.304,5.34,0.0,,0.01,True
case_037,1,kl_partition,128997,1.628,5.97,0.0,,0.31,False
case_037,1,topo_equal,161041,1.304,5.34,0.0,,0.0,False
case_038,1,greedy_balance,1048198,1.3018,26.2,1.926,,0.08,True
case_038,1,heft_like,1048198,1.3018,26.2,1.926,,0.06,True
case_038,1,kl_partition,923581,1.4775,26.54,1.111,,3.14,False
case_038,1,topo_equal,1048198,1.3018,26.2,1.926,,0.06,False
case_039,1,greedy_balance,1007411,1.4247,38.48,4.375,,0.1,True
case_039,1,heft_like,1007411,1.4247,38.48,4.375,,0.08,True
case_039,1,kl_partition,893429,1.6065,40.26,3.097,,2.88,False
case_039,1,topo_equal,1007411,1.4247,38.48,4.375,,0.03,False
case_040,1,greedy_balance,264028,0.96,3.24,0.0,,0.08,True
case_040,1,heft_like,264028,0.96,3.24,0.0,,0.07,True
case_040,1,kl_partition,264968,0.9565,3.23,0.0,,1.29,False
case_040,1,topo_equal,264028,0.96,3.24,0.0,,0.02,False
case_041,1,greedy_balance,4780752,1.2559,122.44,18.626,,0.22,True
case_041,1,heft_like,4780752,1.2559,122.44,18.626,,0.37,True
case_041,1,kl_partition,4780752,1.2559,122.44,18.626,,14.41,True
case_041,1,topo_equal,4780752,1.2559,122.44,18.626,,0.18,False
case_042,1,greedy_balance,1211302,1.3925,27.12,3.717,,0.07,True
case_042,1,heft_like,1211302,1.3925,27.12,3.717,,0.06,True
case_042,1,kl_partition,1007536,1.6741,27.49,2.519,,2.32,False
case_042,1,topo_equal,1211302,1.3925,27.12,3.717,,0.02,False
case_043,1,greedy_balance,702798,0.9642,3.9,0.369,,0.08,True
case_043,1,heft_like,702798,0.9642,3.9,0.369,,0.12,True
case_043,1,kl_partition,702760,0.9643,3.9,0.362,,4.84,False
case_043,1,topo_equal,702798,0.9642,3.9,0.369,,0.07,False
case_044,1,greedy_balance,101362,1.5233,0.22,0.0,,0.01,True
case_044,1,heft_like,101362,1.5233,0.22,0.0,,0.01,True
case_044,1,kl_partition,101302,1.5242,0.22,0.0,,0.44,False
case_044,1,topo_equal,101362,1.5233,0.22,0.0,,0.01,False
case_045,1,greedy_balance,198686,0.6322,8.91,1.2,,0.01,True
case_045,1,heft_like,198686,0.6322,8.91,1.2,,0.01,True
case_045,1,kl_partition,194755,0.645,8.64,1.13,,0.53,False
case_045,1,topo_equal,198686,0.6322,8.91,1.2,,0.01,False
case_046,1,greedy_balance,241719,1.1437,0.63,0.0,,0.0,True
case_046,1,heft_like,241719,1.1437,0.63,0.0,,0.01,True
case_046,1,kl_partition,241476,1.1449,0.63,0.0,,0.32,False
case_046,1,topo_equal,241719,1.1437,0.63,0.0,,0.0,False
case_047,1,greedy_balance,332855,0.9809,0.64,0.0,,0.11,True
case_047,1,heft_like,332855,0.9809,0.64,0.0,,0.15,True
case_047,1,kl_partition,332401,0.9823,0.64,0.0,,7.54,False
case_047,1,topo_equal,332855,0.9809,0.64,0.0,,0.05,False
case_048,1,greedy_balance,228718,0.9716,0.2,0.0,,0.01,True
case_048,1,heft_like,228718,0.9716,0.2,0.0,,0.01,True
case_048,1,kl_partition,228508,0.9725,0.19,0.0,,0.7,False
case_048,1,topo_equal,228718,0.9716,0.2,0.0,,0.0,False
case_049,1,greedy_balance,210188,0.9338,1.31,0.018,,0.04,True
case_049,1,heft_like,210188,0.9338,1.31,0.018,,0.04,True
case_049,1,kl_partition,211037,0.9301,1.35,0.018,,1.79,False
case_049,1,topo_equal,210188,0.9338,1.31,0.018,,0.01,False
case_050,1,greedy_balance,155509,0.9626,0.85,0.043,,0.04,True
case_050,1,heft_like,155509,0.9626,0.85,0.043,,0.05,True
case_050,1,kl_partition,155180,0.9646,0.85,0.043,,2.16,False
case_050,1,topo_equal,155509,0.9626,0.85,0.043,,0.03,False
case_051,1,greedy_balance,618116,0.983,5.7,0.0,,0.01,True
case_051,1,heft_like,618116,0.983,5.7,0.0,,0.01,True
case_051,1,kl_partition,618128,0.983,5.7,0.0,,0.4,False
case_051,1,topo_equal,618116,0.983,5.7,0.0,,0.01,False
case_052,1,greedy_balance,202484,0.8904,3.02,0.0,,0.01,True
case_052,1,heft_like,202484,0.8904,3.02,0.0,,0.01,True
case_052,1,kl_partition,202484,0.8904,3.02,0.0,,0.45,True
case_052,1,topo_equal,202484,0.8904,3.02,0.0,,0.0,False
case_053,1,greedy_balance,1442911,1.0206,6.19,3.471,,0.11,True
case_053,1,heft_like,1442911,1.0206,6.19,3.471,,0.16,True
case_053,1,kl_partition,1443535,1.0202,6.21,3.472,,6.62,False
case_053,1,topo_equal,1442911,1.0206,6.19,3.471,,0.08,False
case_054,1,greedy_balance,836192,0.9747,2.1,0.132,,0.25,True
case_054,1,heft_like,836192,0.9747,2.1,0.132,,0.28,True
case_054,1,kl_partition,836192,0.9747,2.1,0.132,,17.75,True
case_054,1,topo_equal,836192,0.9747,2.1,0.132,,0.24,False
case_055,1,greedy_balance,129271,0.9193,3.32,0.0,,0.01,True
case_055,1,heft_like,129271,0.9193,3.32,0.0,,0.02,True
case_055,1,kl_partition,128407,0.9255,3.31,0.0,,0.45,False
case_055,1,topo_equal,129271,0.9193,3.32,0.0,,0.0,False
case_056,1,greedy_balance,288006,0.9628,1.17,0.0,,0.06,True
case_056,1,heft_like,288006,0.9628,1.17,0.0,,0.09,True
case_056,1,kl_partition,288904,0.9598,1.17,0.0,,3.58,False
case_056,1,topo_equal,288006,0.9628,1.17,0.0,,0.03,False
case_057,1,greedy_balance,63717,0.9374,1.63,0.0,,0.01,True
case_057,1,heft_like,63717,0.9374,1.63,0.0,,0.01,True
case_057,1,kl_partition,63717,0.9374,1.63,0.0,,0.32,True
case_057,1,topo_equal,63717,0.9374,1.63,0.0,,0.0,False
case_058,1,greedy_balance,2647703,1.7146,133.16,10.371,,0.11,False
case_058,1,heft_like,2647703,1.7146,133.16,10.371,,0.1,False
case_058,1,kl_partition,3572022,1.2709,139.45,22.131,,22.73,False
case_058,1,topo_equal,3730619,1.2169,137.11,23.437,,0.16,False
case_059,1,greedy_balance,467265,1.7752,15.63,0.352,,0.04,True
case_059,1,heft_like,467265,1.7752,15.63,0.352,,0.08,True
case_059,1,kl_partition,394876,2.1006,16.3,0.016,,1.34,False
case_059,1,topo_equal,467265,1.7752,15.63,0.352,,0.01,False
case_060,1,greedy_balance,805313,1.1037,23.99,0.104,,0.06,True
case_060,1,heft_like,805313,1.1037,23.99,0.104,,0.13,True
case_060,1,kl_partition,727859,1.2211,24.36,0.098,,3.06,False
case_060,1,topo_equal,805313,1.1037,23.99,0.104,,0.05,False
case_061,1,greedy_balance,96879,0.7968,1.37,0.0,,0.01,True
case_061,1,heft_like,96879,0.7968,1.37,0.0,,0.01,True
case_061,1,kl_partition,96879,0.7968,1.37,0.0,,0.47,True
case_061,1,topo_equal,96879,0.7968,1.37,0.0,,0.0,False
case_062,1,greedy_balance,2853288,1.0005,58.96,0.0,,0.38,True
case_062,1,heft_like,2853288,1.0005,58.96,0.0,,0.68,True
case_062,1,kl_partition,2853936,1.0003,59.06,0.0,,9.15,False
case_062,1,topo_equal,2853288,1.0005,58.96,0.0,,0.2,False
case_063,1,greedy_balance,1060480,1.0094,22.09,0.0,,0.07,True
case_063,1,heft_like,1060480,1.0094,22.09,0.0,,0.07,True
case_063,1,kl_partition,1061164,1.0087,22.27,0.0,,3.05,False
case_063,1,topo_equal,1060480,1.0094,22.09,0.0,,0.03,False
case_064,1,greedy_balance,23631,0.8089,0.09,0.0,,0.0,True
case_064,1,heft_like,23631,0.8089,0.09,0.0,,0.01,True
case_064,1,kl_partition,23574,0.8109,0.09,0.0,,0.28,False
case_064,1,topo_equal,23631,0.8089,0.09,0.0,,0.0,False
case_065,1,greedy_balance,59771,0.8879,1.14,0.0,,0.01,True
case_065,1,heft_like,59771,0.8879,1.14,0.0,,0.0,True
case_065,1,kl_partition,59863,0.8865,1.14,0.0,,0.23,False
case_065,1,topo_equal,59771,0.8879,1.14,0.0,,0.0,False
case_066,1,greedy_balance,366615,0.9794,1.34,0.096,,0.03,True
case_066,1,heft_like,366615,0.9794,1.34,0.096,,0.03,True
case_066,1,kl_partition,366689,0.9792,1.34,0.092,,2.06,False
case_066,1,topo_equal,366615,0.9794,1.34,0.096,,0.03,False
case_067,1,greedy_balance,64127696,0.9954,213.56,203.35,,0.07,True
case_067,1,heft_like,64127696,0.9954,213.56,203.35,,0.07,True
case_067,1,kl_partition,64130960,0.9954,213.28,203.186,,2.72,False
case_067,1,topo_equal,64127696,0.9954,213.56,203.35,,0.05,False
case_068,1,greedy_balance,363888,0.9951,1.37,0.074,,0.05,True
case_068,1,heft_like,363888,0.9951,1.37,0.074,,0.06,True
case_068,1,kl_partition,364014,0.9947,1.41,0.074,,1.8,False
case_068,1,topo_equal,363888,0.9951,1.37,0.074,,0.02,False
case_069,1,greedy_balance,33757,0.7449,0.7,0.0,,0.0,True
case_069,1,heft_like,33757,0.7449,0.7,0.0,,0.0,True
case_069,1,kl_partition,33409,0.7526,0.66,0.0,,0.35,False
case_069,1,topo_equal,33757,0.7449,0.7,0.0,,0.0,False
case_070,1,greedy_balance,124979,0.9386,2.5,0.0,,0.01,True
case_070,1,heft_like,124979,0.9386,2.5,0.0,,0.01,True
case_070,1,kl_partition,126073,0.9304,2.44,0.0,,0.37,False
case_070,1,topo_equal,124979,0.9386,2.5,0.0,,0.0,False
case_071,1,greedy_balance,26432,0.7158,0.48,0.0,,0.01,True
case_071,1,heft_like,26432,0.7158,0.48,0.0,,0.0,True
case_071,1,kl_partition,26432,0.7158,0.48,0.0,,0.23,True
case_071,1,topo_equal,26432,0.7158,0.48,0.0,,0.0,False
case_072,1,greedy_balance,17196012,1.3897,313.12,77.814,,0.3,True
case_072,1,heft_like,17196012,1.3897,313.12,77.814,,0.65,True
case_072,1,kl_partition,16454685,1.4523,314.37,76.471,,16.49,False
case_072,1,topo_equal,17196012,1.3897,313.12,77.814,,0.22,False
case_073,1,greedy_balance,10198213,0.9886,106.81,104.908,,0.04,True
case_073,1,heft_like,10198213,0.9886,106.81,104.908,,0.05,True
case_073,1,kl_partition,10197891,0.9886,106.8,104.908,,1.54,False
case_073,1,topo_equal,10198213,0.9886,106.81,104.908,,0.02,False
case_074,1,greedy_balance,1131241,1.4871,22.68,2.925,,0.02,True
case_074,1,heft_like,1131241,1.4871,22.68,2.925,,0.03,True
case_074,1,kl_partition,917044,1.8344,23.35,1.311,,1.39,False
case_074,1,topo_equal,1131241,1.4871,22.68,2.925,,0.01,False
case_075,1,greedy_balance,1429281,1.0088,1.2,0.0,,0.05,True
case_075,1,heft_like,1429281,1.0088,1.2,0.0,,0.04,True
case_075,1,kl_partition,1430404,1.008,1.22,0.0,,2.54,False
case_075,1,topo_equal,1429281,1.0088,1.2,0.0,,0.02,False
case_076,1,greedy_balance,5275006,1.1725,171.1,17.759,,0.32,True
case_076,1,heft_like,5275006,1.1725,171.1,17.759,,0.56,True
case_076,1,kl_partition,5179021,1.1943,171.06,16.761,,20.21,False
case_076,1,topo_equal,5275006,1.1725,171.1,17.759,,0.34,False
case_077,1,greedy_balance,505252,0.9803,1.69,0.169,,0.04,True
case_077,1,heft_like,505252,0.9803,1.69,0.169,,0.04,True
case_077,1,kl_partition,505314,0.9802,1.67,0.154,,1.59,False
case_077,1,topo_equal,505252,0.9803,1.69,0.169,,0.03,False
case_078,1,greedy_balance,2217706,1.0354,5.56,4.479,,0.0,True
case_078,1,heft_like,2217706,1.0354,5.56,4.479,,0.0,True
case_078,1,kl_partition,2217706,1.0354,5.56,4.479,,0.3,False
case_078,1,topo_equal,2217706,1.0354,5.56,4.479,,0.0,False
case_079,1,greedy_balance,18089786,1.7166,378.91,26.628,,0.19,True
case_079,1,heft_like,18089786,1.7166,378.91,26.628,,0.32,True
case_079,1,kl_partition,17295604,1.7954,379.19,25.137,,9.21,False
case_079,1,topo_equal,18089786,1.7166,378.91,26.628,,0.09,False
case_080,1,greedy_balance,228370,1.2792,7.29,0.229,,0.01,True
case_080,1,heft_like,228370,1.2792,7.29,0.229,,0.01,True
case_080,1,kl_partition,195964,1.4908,8.88,0.0,,0.44,False
case_080,1,topo_equal,228370,1.2792,7.29,0.229,,0.0,False
case_081,1,greedy_balance,162528,0.934,4.12,0.0,,0.02,True
case_081,1,heft_like,162528,0.934,4.12,0.0,,0.03,True
case_081,1,kl_partition,161890,0.9376,4.1,0.0,,1.27,False
case_081,1,topo_equal,162528,0.934,4.12,0.0,,0.01,False
case_082,1,greedy_balance,763544,0.9443,2.59,0.061,,0.03,True
case_082,1,heft_like,763544,0.9443,2.59,0.061,,0.02,True
case_082,1,kl_partition,763544,0.9443,2.59,0.061,,1.37,True
case_082,1,topo_equal,763544,0.9443,2.59,0.061,,0.02,False
case_083,1,greedy_balance,904145,1.1702,2.39,0.0,,0.02,True
case_083,1,heft_like,904145,1.1702,2.39,0.0,,0.03,True
case_083,1,kl_partition,903401,1.1711,2.34,0.0,,1.12,False
case_083,1,topo_equal,904145,1.1702,2.39,0.0,,0.01,False
case_084,1,greedy_balance,2503801,1.0014,43.83,7.428,,0.13,True
case_084,1,heft_like,2503801,1.0014,43.83,7.428,,0.25,True
case_084,1,kl_partition,2481234,1.0106,43.32,7.023,,4.8,False
case_084,1,topo_equal,2503801,1.0014,43.83,7.428,,0.09,False
case_085,1,greedy_balance,3213606,0.992,5.85,1.295,,0.29,True
case_085,1,heft_like,3213606,0.992,5.85,1.295,,0.27,True
case_085,1,kl_partition,3240785,0.9837,5.99,1.409,,10.52,False
case_085,1,topo_equal,3213606,0.992,5.85,1.295,,0.1,False
case_086,1,greedy_balance,129626,0.9134,1.86,0.0,,0.05,True
case_086,1,heft_like,129626,0.9134,1.86,0.0,,0.04,True
case_086,1,kl_partition,129492,0.9144,1.89,0.0,,1.73,False
case_086,1,topo_equal,129626,0.9134,1.86,0.0,,0.02,False
case_087,1,greedy_balance,4071219,0.9761,18.71,0.232,,0.33,True
case_087,1,heft_like,4071219,0.9761,18.71,0.232,,0.39,True
case_087,1,kl_partition,4096737,0.9701,18.89,0.439,,13.29,False
case_087,1,topo_equal,4071219,0.9761,18.71,0.232,,0.18,False
case_088,1,greedy_balance,243826,0.9992,0.92,0.0,,0.04,True
case_088,1,heft_like,243826,0.9992,0.92,0.0,,0.02,True
case_088,1,kl_partition,242922,1.0029,0.94,0.0,,1.09,False
case_088,1,topo_equal,243826,0.9992,0.92,0.0,,0.01,False
case_089,1,greedy_balance,697921,0.9931,1.56,0.0,,0.03,True
case_089,1,heft_like,697921,0.9931,1.56,0.0,,0.03,True
case_089,1,kl_partition,697506,0.9937,1.57,0.0,,1.55,False
case_089,1,topo_equal,697921,0.9931,1.56,0.0,,0.03,False
case_090,1,greedy_balance,1070127,1.1011,9.74,9.345,,0.01,True
case_090,1,heft_like,1070127,1.1011,9.74,9.345,,0.01,True
case_090,1,kl_partition,1069911,1.1014,9.74,9.345,,0.48,False
case_090,1,topo_equal,1070127,1.1011,9.74,9.345,,0.0,False
case_091,1,greedy_balance,7172631,1.2808,176.48,30.286,,0.3,True
case_091,1,heft_like,7172631,1.2808,176.48,30.286,,0.56,True
case_091,1,kl_partition,7099049,1.2941,177.06,29.386,,19.43,False
case_091,1,topo_equal,7172631,1.2808,176.48,30.286,,0.17,False
case_092,1,greedy_balance,4081845,1.1797,10.66,1.499,,0.28,True
case_092,1,heft_like,4081845,1.1797,10.66,1.499,,0.18,True
case_092,1,kl_partition,4082660,1.1795,10.66,1.499,,6.59,False
case_092,1,topo_equal,4081845,1.1797,10.66,1.499,,0.08,False
case_093,1,greedy_balance,70061,1.0591,1.67,0.0,,0.0,True
case_093,1,heft_like,70061,1.0591,1.67,0.0,,0.0,True
case_093,1,kl_partition,51334,1.4455,1.66,0.0,,0.22,False
case_093,1,topo_equal,70061,1.0591,1.67,0.0,,0.0,False
case_094,1,greedy_balance,97286,0.9754,2.33,0.0,,0.0,True
case_094,1,heft_like,97286,0.9754,2.33,0.0,,0.0,True
case_094,1,kl_partition,90137,1.0528,2.34,0.0,,0.19,False
case_094,1,topo_equal,97286,0.9754,2.33,0.0,,0.0,False
case_095,1,greedy_balance,2370529,0.8795,75.45,13.124,,0.04,True
case_095,1,heft_like,2370529,0.8795,75.45,13.124,,0.05,True
case_095,1,kl_partition,2291583,0.9098,73.84,12.018,,1.3,False
case_095,1,topo_equal,2370529,0.8795,75.45,13.124,,0.02,False
case_096,1,greedy_balance,87799,0.9589,1.57,0.0,,0.01,True
case_096,1,heft_like,87799,0.9589,1.57,0.0,,0.01,True
case_096,1,kl_partition,86986,0.9679,1.57,0.0,,0.4,False
case_096,1,topo_equal,87799,0.9589,1.57,0.0,,0.0,False
case_097,1,greedy_balance,6171051,1.8622,96.51,4.874,,0.05,True
case_097,1,heft_like,6171051,1.8622,96.51,4.874,,0.07,True
case_097,1,kl_partition,5468089,2.1016,98.11,3.678,,3.13,False
case_097,1,topo_equal,6171051,1.8622,96.51,4.874,,0.03,False
case_098,1,greedy_balance,175129,1.0131,3.21,0.0,,0.01,True
case_098,1,heft_like,175129,1.0131,3.21,0.0,,0.01,True
case_098,1,kl_partition,175278,1.0123,3.21,0.0,,0.4,False
case_098,1,topo_equal,175129,1.0131,3.21,0.0,,0.0,False
case_099,1,greedy_balance,1070860,1.5156,20.03,1.196,,0.04,True
case_099,1,heft_like,1070860,1.5156,20.03,1.196,,0.08,True
case_099,1,kl_partition,1074368,1.5107,21.01,0.721,,2.58,False
case_099,1,topo_equal,1070860,1.5156,20.03,1.196,,0.02,False
case_100,1,greedy_balance,165571,0.9133,3.16,0.0,,0.01,True
case_100,1,heft_like,165571,0.9133,3.16,0.0,,0.01,True
case_100,1,kl_partition,165571,0.9133,3.16,0.0,,0.48,True
case_100,1,topo_equal,165571,0.9133,3.16,0.0,,0.0,False
case_001,2,core_resident,64407,3.6193,0.37,0.369,,0.01,False
case_001,2,greedy_balance,64407,3.6193,0.37,0.369,,0.0,False
case_001,2,heft_like,64407,3.6193,0.37,0.369,,0.0,False
case_001,2,kl_partition,151303,1.5407,2.69,0.066,,0.24,False
case_001,2,merge_greedy,111879,2.0836,3.2,0.066,,0.29,False
case_001,2,pipe_balance,111879,2.0836,3.2,0.066,,0.01,False
case_001,2,random_search,64407,3.6193,0.37,0.369,,4.99,False
case_001,2,shared_input,234455,0.9943,4.1,0.0,,0.0,True
case_001,2,topo_equal,234455,0.9943,4.1,0.0,,0.01,False
case_002,2,greedy_balance,206111,1.2709,4.37,0.221,,0.01,True
case_002,2,heft_like,206111,1.2709,4.37,0.221,,0.02,True
case_002,2,kl_partition,230744,1.1352,4.44,0.221,,0.6,False
case_002,2,merge_greedy,140861,1.8596,5.89,0.0,,1.15,False
case_002,2,pipe_balance,141956,1.8453,5.89,0.0,,0.12,False
case_002,2,random_search,67781,3.8646,0.55,0.0,,1.02,False
case_002,2,shared_input,206111,1.2709,4.37,0.221,,0.01,True
case_002,2,topo_equal,206111,1.2709,4.37,0.221,,0.0,False
case_003,2,greedy_balance,586422,1.0269,0.97,0.0,,0.11,True
case_003,2,heft_like,586422,1.0269,0.97,0.0,,0.11,True
case_003,2,kl_partition,585935,1.0278,0.96,0.0,,8.66,False
case_003,2,merge_greedy,501955,1.1997,3.89,0.0,,21.0,False
case_003,2,pipe_balance,501955,1.1997,3.89,0.0,,18.25,False
case_003,2,random_search,521830,1.154,0.48,0.0,,16.06,False
case_003,2,shared_input,586422,1.0269,0.97,0.0,,0.15,True
case_003,2,topo_equal,586422,1.0269,0.97,0.0,,0.16,False
case_004,2,greedy_balance,395253,0.9927,7.23,0.836,,0.01,True
case_004,2,heft_like,395253,0.9927,7.23,0.836,,0.01,True
case_004,2,kl_partition,318074,1.2335,6.24,0.823,,0.32,False
case_004,2,merge_greedy,241404,1.6253,8.93,0.528,,0.4,False
case_004,2,pipe_balance,241404,1.6253,8.93,0.528,,0.02,False
case_004,2,random_search,89745,4.3719,0.77,0.233,,0.61,False
case_004,2,shared_input,395253,0.9927,7.23,0.836,,0.0,True
case_004,2,topo_equal,395253,0.9927,7.23,0.836,,0.0,False
case_005,2,greedy_balance,94345,1.0135,0.97,0.0,,0.04,True
case_005,2,heft_like,94345,1.0135,0.97,0.0,,0.04,True
case_005,2,kl_partition,94345,1.0135,0.97,0.0,,1.6,True
case_005,2,merge_greedy,102007,0.9374,2.6,0.0,,2.47,False
case_005,2,pipe_balance,102007,0.9374,2.6,0.0,,0.82,False
case_005,2,random_search,87707,1.0902,0.37,0.0,,3.11,False
case_005,2,shared_input,94345,1.0135,0.97,0.0,,0.02,True
case_005,2,topo_equal,94345,1.0135,0.97,0.0,,0.02,False
case_006,2,greedy_balance,70915,1.1681,2.82,0.217,,0.0,True
case_006,2,heft_like,70915,1.1681,2.82,0.217,,0.0,True
case_006,2,kl_partition,72328,1.1453,2.55,0.175,,0.23,False
case_006,2,merge_greedy,100092,0.8276,4.87,0.066,,0.26,False
case_006,2,pipe_balance,100092,0.8276,4.87,0.066,,0.02,False
case_006,2,random_search,46919,1.7655,0.78,0.532,,0.33,False
case_006,2,shared_input,70915,1.1681,2.82,0.217,,0.0,True
case_006,2,topo_equal,70915,1.1681,2.82,0.217,,0.0,False
case_007,2,greedy_balance,1044438,0.9695,18.9,3.041,,0.03,True
case_007,2,heft_like,1044438,0.9695,18.9,3.041,,0.04,True
case_007,2,kl_partition,1023384,0.9894,18.25,3.29,,1.68,False
case_007,2,merge_greedy,561185,1.8043,20.89,1.02,,4.61,False
case_007,2,pipe_balance,561260,1.8041,21.32,1.444,,0.75,False
case_007,2,shared_input,1044438,0.9695,18.9,3.041,,0.05,True
case_007,2,topo_equal,1044438,0.9695,18.9,3.041,,0.03,False
case_008,2,core_resident,103026,4.7328,2.88,2.875,,0.02,False
case_008,2,greedy_balance,462163,1.055,16.18,4.202,,0.02,True
case_008,2,heft_like,462163,1.055,16.18,4.202,,0.01,True
case_008,2,kl_partition,420193,1.1604,14.47,2.765,,0.33,False
case_008,2,merge_greedy,431205,1.1308,21.43,0.0,,0.7,False
case_008,2,pipe_balance,440090,1.108,21.61,0.184,,0.03,False
case_008,2,random_search,102975,4.7352,3.02,2.875,,0.71,False
case_008,2,shared_input,377504,1.2917,19.87,0.0,,0.0,False
case_008,2,topo_equal,462163,1.055,16.18,4.202,,0.0,False
case_009,2,greedy_balance,151717,1.0102,0.39,0.0,,0.07,True
case_009,2,heft_like,151717,1.0102,0.39,0.0,,0.09,True
case_009,2,kl_partition,151625,1.0108,0.4,0.0,,2.39,False
case_009,2,merge_greedy,147612,1.0383,1.6,0.0,,3.55,False
case_009,2,pipe_balance,147612,1.0383,1.6,0.0,,1.52,False
case_009,2,shared_input,151717,1.0102,0.39,0.0,,0.06,True
case_009,2,topo_equal,151717,1.0102,0.39,0.0,,0.04,False
case_010,2,greedy_balance,68770,1.2646,2.22,0.213,,0.0,True
case_010,2,heft_like,68770,1.2646,2.22,0.213,,0.0,True
case_010,2,kl_partition,69940,1.2435,2.2,0.213,,0.23,False
case_010,2,merge_greedy,83537,1.0411,4.34,0.0,,0.36,False
case_010,2,pipe_balance,83537,1.0411,4.34,0.0,,0.02,False
case_010,2,random_search,34596,2.5138,0.44,0.229,,0.36,False
case_010,2,shared_input,68770,1.2646,2.22,0.213,,0.0,True
case_010,2,topo_equal,68770,1.2646,2.22,0.213,,0.0,False
case_011,2,greedy_balance,111103,1.6624,3.38,0.0,,0.0,True
case_011,2,heft_like,111103,1.6624,3.38,0.0,,0.0,True
case_011,2,kl_partition,77508,2.3829,3.22,0.0,,0.29,False
case_011,2,merge_greedy,90174,2.0482,4.29,0.0,,0.23,False
case_011,2,pipe_balance,90174,2.0482,4.29,0.0,,0.02,False
case_011,2,shared_input,99537,1.8556,4.98,0.0,,0.0,False
case_011,2,topo_equal,111103,1.6624,3.38,0.0,,0.0,False
case_012,2,greedy_balance,45078,1.3108,1.08,0.0,,0.01,True
case_012,2,heft_like,45078,1.3108,1.08,0.0,,0.01,True
case_012,2,kl_partition,45078,1.3108,1.08,0.0,,0.41,True
case_012,2,merge_greedy,49690,1.1891,1.86,0.0,,0.37,False
case_012,2,pipe_balance,49690,1.1891,1.86,0.0,,0.04,False
case_012,2,random_search,28305,2.0875,0.17,0.0,,0.68,False
case_012,2,shared_input,45078,1.3108,1.08,0.0,,0.01,True
case_012,2,topo_equal,45078,1.3108,1.08,0.0,,0.0,False
case_013,2,greedy_balance,181304,1.4558,5.46,0.0,,0.04,True
case_013,2,heft_like,181304,1.4558,5.46,0.0,,0.03,True
case_013,2,kl_partition,173687,1.5197,4.41,0.0,,0.92,False
case_013,2,merge_greedy,195688,1.3488,6.71,0.0,,1.61,False
case_013,2,pipe_balance,195688,1.3488,6.71,0.0,,0.16,False
case_013,2,shared_input,144303,1.8291,5.01,0.975,,0.01,False
case_013,2,topo_equal,181304,1.4558,5.46,0.0,,0.02,False
case_014,2,greedy_balance,11920593,1.4847,318.7,84.398,,0.92,True
case_014,2,heft_like,11920593,1.4847,318.7,84.398,,0.74,True
case_014,2,kl_partition,12376971,1.43,318.77,85.731,,35.56,False
case_014,2,merge_greedy,8879550,1.9932,350.65,58.864,,448.4,False
case_014,2,pipe_balance,8916861,1.9848,372.19,80.405,,287.72,False
case_014,2,shared_input,11920593,1.4847,318.7,84.398,,1.49,True
case_014,2,topo_equal,11920593,1.4847,318.7,84.398,,0.35,False
case_015,2,greedy_balance,169410,1.0469,3.63,0.316,,0.01,True
case_015,2,heft_like,169410,1.0469,3.63,0.316,,0.01,True
case_015,2,kl_partition,177561,0.9989,3.73,0.435,,0.4,False
case_015,2,merge_greedy,165234,1.0734,5.6,0.0,,0.4,False
case_015,2,pipe_balance,165234,1.0734,5.6,0.0,,0.04,False
case_015,2,shared_input,169410,1.0469,3.63,0.316,,0.01,True
case_015,2,topo_equal,169410,1.0469,3.63,0.316,,0.0,False
case_016,2,greedy_balance,7719909,0.9994,2.42,0.852,,0.3,True
case_016,2,heft_like,7719909,0.9994,2.42,0.852,,0.24,True
case_016,2,kl_partition,7719923,0.9994,2.42,0.852,,7.05,False
case_016,2,merge_greedy,7688449,1.0035,10.62,0.0,,23.51,False
case_016,2,pipe_balance,7688449,1.0035,10.62,0.0,,17.91,False
case_016,2,shared_input,7719909,0.9994,2.42,0.852,,0.23,True
case_016,2,topo_equal,7719909,0.9994,2.42,0.852,,0.11,False
case_017,2,greedy_balance,161100,1.0106,2.26,0.106,,0.01,True
case_017,2,heft_like,161100,1.0106,2.26,0.106,,0.01,True
case_017,2,kl_partition,167229,0.9736,2.17,0.106,,0.51,False
case_017,2,merge_greedy,121745,1.3373,4.01,0.0,,0.66,False
case_017,2,pipe_balance,121745,1.3373,4.01,0.0,,0.06,False
case_017,2,shared_input,161100,1.0106,2.26,0.106,,0.01,True
case_017,2,topo_equal,161100,1.0106,2.26,0.106,,0.0,False
case_018,2,greedy_balance,762099,1.3179,10.49,0.319,,0.02,True
case_018,2,heft_like,762099,1.3179,10.49,0.319,,0.02,True
case_018,2,kl_partition,615132,1.6328,10.76,0.123,,1.26,False
case_018,2,merge_greedy,735302,1.3659,14.9,0.672,,1.65,False
case_018,2,pipe_balance,735302,1.3659,14.9,0.672,,0.3,False
case_018,2,shared_input,762099,1.3179,10.49,0.319,,0.03,True
case_018,2,topo_equal,762099,1.3179,10.49,0.319,,0.01,False
case_019,2,greedy_balance,55171,1.4708,1.13,0.008,,0.0,True
case_019,2,heft_like,55171,1.4708,1.13,0.008,,0.0,True
case_019,2,kl_partition,58101,1.3966,1.07,0.008,,0.22,False
case_019,2,merge_greedy,64938,1.2496,2.13,0.0,,0.23,False
case_019,2,pipe_balance,64938,1.2496,2.13,0.0,,0.02,False
case_019,2,shared_input,55171,1.4708,1.13,0.008,,0.0,True
case_019,2,topo_equal,55171,1.4708,1.13,0.008,,0.0,False
case_020,2,greedy_balance,815861,0.653,39.86,18.104,,0.09,True
case_020,2,heft_like,815861,0.653,39.86,18.104,,0.14,True
case_020,2,kl_partition,835973,0.6373,39.53,17.801,,2.91,False
case_020,2,merge_greedy,1107535,0.481,59.7,11.325,,7.29,False
case_020,2,pipe_balance,1107535,0.481,59.7,11.325,,2.74,False
case_020,2,shared_input,815861,0.653,39.86,18.104,,0.15,True
case_020,2,topo_equal,815861,0.653,39.86,18.104,,0.05,False
case_021,2,greedy_balance,3591794,1.8286,73.17,5.169,,0.07,True
case_021,2,heft_like,3591794,1.8286,73.17,5.169,,0.05,True
case_021,2,kl_partition,3591794,1.8286,73.17,5.169,,1.8,True
case_021,2,merge_greedy,2779364,2.3631,93.5,7.766,,6.7,False
case_021,2,pipe_balance,2779364,2.3631,93.5,7.766,,0.72,False
case_021,2,shared_input,2160167,3.0405,76.19,19.562,,0.04,False
case_021,2,topo_equal,3591794,1.8286,73.17,5.169,,0.02,False
case_022,2,greedy_balance,49143,1.1554,1.52,0.099,,0.01,True
case_022,2,heft_like,49143,1.1554,1.52,0.099,,0.01,True
case_022,2,kl_partition,49143,1.1554,1.52,0.099,,0.48,True
case_022,2,merge_greedy,61882,0.9176,3.13,0.0,,0.59,False
case_022,2,pipe_balance,61882,0.9176,3.13,0.0,,0.06,False
case_022,2,shared_input,49143,1.1554,1.52,0.099,,0.01,True
case_022,2,topo_equal,49143,1.1554,1.52,0.099,,0.0,False
case_023,2,greedy_balance,88142,1.3911,1.86,0.088,,0.02,True
case_023,2,heft_like,88142,1.3911,1.86,0.088,,0.01,True
case_023,2,kl_partition,101153,1.2122,1.8,0.113,,0.35,False
case_023,2,merge_greedy,94028,1.304,4.29,0.0,,0.39,False
case_023,2,pipe_balance,94028,1.304,4.29,0.0,,0.04,False
case_023,2,shared_input,88142,1.3911,1.86,0.088,,0.0,True
case_023,2,topo_equal,88142,1.3911,1.86,0.088,,0.0,False
case_024,2,greedy_balance,2556709,0.9995,4.33,0.852,,0.04,True
case_024,2,heft_like,2556709,0.9995,4.33,0.852,,0.08,True
case_024,2,kl_partition,2556709,0.9995,4.33,0.852,,1.78,False
case_024,2,merge_greedy,2542604,1.005,9.04,0.0,,3.74,False
case_024,2,pipe_balance,2542604,1.005,9.04,0.0,,1.8,False
case_024,2,shared_input,2556709,0.9995,4.33,0.852,,0.05,True
case_024,2,topo_equal,2556709,0.9995,4.33,0.852,,0.03,False
case_025,2,greedy_balance,5236142,0.9287,97.49,21.318,,0.55,True
case_025,2,heft_like,5236142,0.9287,97.49,21.318,,0.44,True
case_025,2,kl_partition,4992769,0.974,96.54,21.453,,18.12,False
case_025,2,merge_greedy,2693270,1.8056,107.23,12.13,,84.5,False
case_025,2,pipe_balance,2693290,1.8056,110.25,15.146,,55.01,False
case_025,2,shared_input,5236142,0.9287,97.49,21.318,,0.32,True
case_025,2,topo_equal,5236142,0.9287,97.49,21.318,,0.17,False
case_026,2,greedy_balance,84144,1.179,2.76,0.18,,0.0,True
case_026,2,heft_like,84144,1.179,2.76,0.18,,0.0,True
case_026,2,kl_partition,98586,1.0063,2.68,0.188,,0.23,False
case_026,2,merge_greedy,118535,0.8369,4.75,0.0,,0.19,False
case_026,2,pipe_balance,118535,0.8369,4.75,0.0,,0.02,False
case_026,2,shared_input,84144,1.179,2.76,0.18,,0.0,True
case_026,2,topo_equal,84144,1.179,2.76,0.18,,0.0,False
case_027,2,greedy_balance,1295006,1.8254,19.47,0.647,,0.02,True
case_027,2,heft_like,1295006,1.8254,19.47,0.647,,0.01,True
case_027,2,kl_partition,1002683,2.3576,18.47,0.688,,0.61,False
case_027,2,merge_greedy,833286,2.8369,19.57,0.59,,1.0,False
case_027,2,pipe_balance,844329,2.7998,19.57,0.59,,0.08,False
case_027,2,shared_input,847936,2.7879,31.26,0.0,,0.0,False
case_027,2,topo_equal,1295006,1.8254,19.47,0.647,,0.01,False
case_028,2,greedy_balance,40668194,1.0779,154.06,141.736,,0.27,True
case_028,2,heft_like,40668194,1.0779,154.06,141.736,,0.31,True
case_028,2,kl_partition,41227767,1.0633,153.77,141.277,,13.0,False
case_028,2,merge_greedy,35662750,1.2292,54.28,14.308,,75.2,False
case_028,2,pipe_balance,35662750,1.2292,54.28,14.308,,27.53,False
case_028,2,shared_input,40668194,1.0779,154.06,141.736,,0.27,True
case_028,2,topo_equal,40668194,1.0779,154.06,141.736,,0.13,False
case_029,2,greedy_balance,34610,1.0851,0.96,0.0,,0.01,True
case_029,2,heft_like,34610,1.0851,0.96,0.0,,0.01,True
case_029,2,kl_partition,35253,1.0653,0.92,0.0,,0.34,False
case_029,2,merge_greedy,38137,0.9847,1.55,0.0,,0.33,False
case_029,2,pipe_balance,38137,0.9847,1.55,0.0,,0.03,False
case_029,2,shared_input,34610,1.0851,0.96,0.0,,0.0,True
case_029,2,topo_equal,34610,1.0851,0.96,0.0,,0.0,False
case_030,2,greedy_balance,2079581,1.3503,70.86,7.832,,0.18,True
case_030,2,heft_like,2079581,1.3503,70.86,7.832,,0.2,True
case_030,2,kl_partition,2462058,1.1405,70.13,10.09,,9.07,False
case_030,2,merge_greedy,1968418,1.4265,83.67,4.051,,19.54,False
case_030,2,pipe_balance,1968418,1.4265,83.67,4.051,,6.75,False
case_030,2,shared_input,1380387,2.0342,69.08,14.685,,0.09,False
case_030,2,topo_equal,2079581,1.3503,70.86,7.832,,0.07,False
case_031,2,greedy_balance,1043823,1.355,22.89,5.702,,0.06,True
case_031,2,heft_like,1043823,1.355,22.89,5.702,,0.13,True
case_031,2,kl_partition,1081185,1.3082,22.79,6.188,,3.2,False
case_031,2,merge_greedy,1220089,1.1592,26.71,0.979,,5.01,False
case_031,2,pipe_balance,1220089,1.1592,26.71,0.979,,1.86,False
case_031,2,shared_input,1043823,1.355,22.89,5.702,,0.08,True
case_031,2,topo_equal,1043823,1.355,22.89,5.702,,0.06,False
case_032,2,greedy_balance,37203,1.114,0.84,0.0,,0.0,True
case_032,2,heft_like,37203,1.114,0.84,0.0,,0.01,True
case_032,2,kl_partition,35129,1.1797,0.85,0.0,,0.27,False
case_032,2,merge_greedy,40439,1.0248,1.81,0.0,,0.35,False
case_032,2,pipe_balance,40439,1.0248,1.81,0.0,,0.03,False
case_032,2,shared_input,37203,1.114,0.84,0.0,,0.0,True
case_032,2,topo_equal,37203,1.114,0.84,0.0,,0.0,False
case_033,2,greedy_balance,1275608,1.3909,34.88,5.341,,0.03,True
case_033,2,heft_like,1275608,1.3909,34.88,5.341,,0.04,True
case_033,2,kl_partition,1275608,1.3909,34.88,5.341,,1.57,True
case_033,2,merge_greedy,1198392,1.4805,36.28,1.757,,3.59,False
case_033,2,pipe_balance,1252744,1.4162,38.25,3.723,,0.5,False
case_033,2,shared_input,1275608,1.3909,34.88,5.341,,0.03,True
case_033,2,topo_equal,1275608,1.3909,34.88,5.341,,0.01,False
case_034,2,greedy_balance,680966,1.2379,16.2,1.526,,0.04,True
case_034,2,heft_like,680966,1.2379,16.2,1.526,,0.03,True
case_034,2,kl_partition,605263,1.3928,15.89,1.588,,1.57,False
case_034,2,merge_greedy,588864,1.4316,21.22,0.0,,3.49,False
case_034,2,pipe_balance,588864,1.4316,21.22,0.0,,0.6,False
case_034,2,shared_input,680966,1.2379,16.2,1.526,,0.03,True
case_034,2,topo_equal,680966,1.2379,16.2,1.526,,0.02,False
case_035,2,greedy_balance,166816,1.0165,0.77,0.0,,0.05,True
case_035,2,heft_like,166816,1.0165,0.77,0.0,,0.04,True
case_035,2,kl_partition,167013,1.0153,0.77,0.0,,1.47,False
case_035,2,merge_greedy,151459,1.1196,2.64,0.0,,1.73,False
case_035,2,pipe_balance,151459,1.1196,2.64,0.0,,0.65,False
case_035,2,shared_input,166816,1.0165,0.77,0.0,,0.03,True
case_035,2,topo_equal,166816,1.0165,0.77,0.0,,0.01,False
case_036,2,greedy_balance,423605,2.199,9.93,9.921,,0.04,False
case_036,2,heft_like,423605,2.199,9.93,9.921,,0.01,False
case_036,2,kl_partition,927617,1.0042,14.23,0.655,,1.15,False
case_036,2,merge_greedy,543881,1.7127,14.05,1.581,,2.14,False
case_036,2,pipe_balance,549559,1.695,15.1,2.63,,0.23,False
case_036,2,shared_input,932855,0.9986,16.38,0.0,,0.03,True
case_036,2,topo_equal,932855,0.9986,16.38,0.0,,0.01,False
case_037,2,greedy_balance,137982,1.5219,5.34,0.0,,0.01,True
case_037,2,heft_like,137982,1.5219,5.34,0.0,,0.0,True
case_037,2,kl_partition,95296,2.2037,4.07,0.0,,0.33,False
case_037,2,merge_greedy,129355,1.6234,7.03,0.0,,0.34,False
case_037,2,pipe_balance,129355,1.6234,7.03,0.0,,0.02,False
case_037,2,shared_input,98027,2.1423,4.85,0.0,,0.0,False
case_037,2,topo_equal,137982,1.5219,5.34,0.0,,0.01,False
case_038,2,greedy_balance,950992,1.4349,25.07,3.766,,0.12,True
case_038,2,heft_like,950992,1.4349,25.07,3.766,,0.09,True
case_038,2,kl_partition,834556,1.6351,25.0,4.015,,3.58,False
case_038,2,merge_greedy,937328,1.4558,29.4,2.174,,13.49,False
case_038,2,pipe_balance,940916,1.4502,29.4,2.174,,1.74,False
case_038,2,shared_input,950992,1.4349,25.07,3.766,,0.08,True
case_038,2,topo_equal,950992,1.4349,25.07,3.766,,0.05,False
case_039,2,greedy_balance,983340,1.4596,37.45,5.661,,0.05,True
case_039,2,heft_like,983340,1.4596,37.45,5.661,,0.08,True
case_039,2,kl_partition,875756,1.6389,38.14,6.128,,3.05,False
case_039,2,merge_greedy,921854,1.5569,47.13,5.431,,7.96,False
case_039,2,pipe_balance,921854,1.5569,47.13,5.431,,1.42,False
case_039,2,shared_input,692685,2.072,34.21,5.775,,0.05,False
case_039,2,topo_equal,983340,1.4596,37.45,5.661,,0.05,False
case_040,2,greedy_balance,239422,1.0586,2.75,0.737,,0.03,True
case_040,2,heft_like,239422,1.0586,2.75,0.737,,0.02,True
case_040,2,kl_partition,240523,1.0538,2.73,0.737,,1.22,False
case_040,2,merge_greedy,228722,1.1081,4.68,0.0,,1.48,False
case_040,2,pipe_balance,228722,1.1081,4.68,0.0,,0.44,False
case_040,2,shared_input,239422,1.0586,2.75,0.737,,0.04,True
case_040,2,topo_equal,239422,1.0586,2.75,0.737,,0.01,False
case_041,2,greedy_balance,3810086,1.5758,121.29,24.123,,0.42,True
case_041,2,heft_like,3810086,1.5758,121.29,24.123,,0.42,True
case_041,2,kl_partition,3810086,1.5758,121.29,24.123,,16.8,True
case_041,2,merge_greedy,4208846,1.4265,137.71,17.723,,72.76,False
case_041,2,pipe_balance,4208846,1.4265,137.71,17.723,,64.34,False
case_041,2,shared_input,3810086,1.5758,121.29,24.123,,0.4,True
case_041,2,topo_equal,3810086,1.5758,121.29,24.123,,0.2,False
case_042,2,greedy_balance,1094999,1.5404,25.94,5.853,,0.1,True
case_042,2,heft_like,1094999,1.5404,25.94,5.853,,0.07,True
case_042,2,kl_partition,956140,1.7641,25.18,4.984,,2.35,False
case_042,2,merge_greedy,807524,2.0888,28.77,3.993,,5.69,False
case_042,2,pipe_balance,831985,2.0274,28.77,3.993,,1.08,False
case_042,2,shared_input,1094999,1.5404,25.94,5.853,,0.06,True
case_042,2,topo_equal,1094999,1.5404,25.94,5.853,,0.04,False
case_043,2,greedy_balance,669296,1.0125,3.03,0.74,,0.12,True
case_043,2,heft_like,669296,1.0125,3.03,0.74,,0.09,True
case_043,2,kl_partition,673941,1.0055,3.02,0.736,,4.76,False
case_043,2,merge_greedy,536360,1.2634,7.1,0.352,,9.23,False
case_043,2,pipe_balance,536360,1.2634,7.1,0.352,,4.81,False
case_043,2,shared_input,669296,1.0125,3.03,0.74,,0.11,True
case_043,2,topo_equal,669296,1.0125,3.03,0.74,,0.06,False
case_044,2,greedy_balance,93219,1.6564,0.18,0.0,,0.01,True
case_044,2,heft_like,93219,1.6564,0.18,0.0,,0.01,True
case_044,2,kl_partition,92391,1.6712,0.18,0.0,,0.47,False
case_044,2,merge_greedy,98500,1.5676,0.58,0.0,,0.54,False
case_044,2,pipe_balance,98500,1.5676,0.58,0.0,,0.08,False
case_044,2,shared_input,93219,1.6564,0.18,0.0,,0.01,True
case_044,2,topo_equal,93219,1.6564,0.18,0.0,,0.01,False
case_045,2,greedy_balance,173268,0.725,8.4,3.273,,0.02,True
case_045,2,heft_like,173268,0.725,8.4,3.273,,0.02,True
case_045,2,kl_partition,172109,0.7299,7.94,2.851,,0.55,False
case_045,2,merge_greedy,231984,0.5415,12.79,1.09,,0.85,False
case_045,2,pipe_balance,231984,0.5415,12.79,1.09,,0.12,False
case_045,2,shared_input,173268,0.725,8.4,3.273,,0.02,True
case_045,2,topo_equal,173268,0.725,8.4,3.273,,0.01,False
case_046,2,greedy_balance,207750,1.3307,0.46,0.0,,0.01,True
case_046,2,heft_like,207750,1.3307,0.46,0.0,,0.01,True
case_046,2,kl_partition,205974,1.3422,0.45,0.0,,0.32,False
case_046,2,merge_greedy,224787,1.2299,1.52,0.0,,0.33,False
case_046,2,pipe_balance,224787,1.2299,1.52,0.0,,0.04,False
case_046,2,shared_input,207750,1.3307,0.46,0.0,,0.01,True
case_046,2,topo_equal,207750,1.3307,0.46,0.0,,0.0,False
case_047,2,greedy_balance,321259,1.0163,0.3,0.0,,0.15,True
case_047,2,heft_like,321259,1.0163,0.3,0.0,,0.15,True
case_047,2,kl_partition,324058,1.0076,0.3,0.0,,8.81,False
case_047,2,merge_greedy,292385,1.1167,1.72,0.0,,26.42,False
case_047,2,pipe_balance,292385,1.1167,1.72,0.0,,10.62,False
case_047,2,shared_input,321259,1.0163,0.3,0.0,,0.26,True
case_047,2,topo_equal,321259,1.0163,0.3,0.0,,0.07,False
case_048,2,greedy_balance,221886,1.0015,0.11,0.0,,0.02,True
case_048,2,heft_like,221886,1.0015,0.11,0.0,,0.01,True
case_048,2,kl_partition,221696,1.0024,0.1,0.0,,0.67,False
case_048,2,merge_greedy,213622,1.0402,0.45,0.0,,0.59,False
case_048,2,pipe_balance,213622,1.0402,0.45,0.0,,0.13,False
case_048,2,shared_input,221886,1.0015,0.11,0.0,,0.01,True
case_048,2,topo_equal,221886,1.0015,0.11,0.0,,0.01,False
case_049,2,greedy_balance,189359,1.0365,0.9,0.018,,0.03,True
case_049,2,heft_like,189359,1.0365,0.9,0.018,,0.03,True
case_049,2,kl_partition,199065,0.986,0.93,0.018,,1.79,False
case_049,2,merge_greedy,148995,1.3173,3.0,0.0,,2.44,False
case_049,2,pipe_balance,148995,1.3173,3.0,0.0,,0.85,False
case_049,2,shared_input,189359,1.0365,0.9,0.018,,0.04,True
case_049,2,topo_equal,189359,1.0365,0.9,0.018,,0.03,False
case_050,2,greedy_balance,138107,1.0839,0.55,0.043,,0.07,True
case_050,2,heft_like,138107,1.0839,0.55,0.043,,0.04,True
case_050,2,kl_partition,141475,1.0581,0.55,0.043,,2.18,False
case_050,2,merge_greedy,119242,1.2553,2.61,0.0,,2.72,False
case_050,2,pipe_balance,119242,1.2553,2.61,0.0,,1.03,False
case_050,2,shared_input,138107,1.0839,0.55,0.043,,0.05,True
case_050,2,topo_equal,138107,1.0839,0.55,0.043,,0.03,False
case_051,2,greedy_balance,604145,1.0058,4.52,0.0,,0.01,True
case_051,2,heft_like,604145,1.0058,4.52,0.0,,0.01,True
case_051,2,kl_partition,604157,1.0057,4.52,0.0,,0.43,False
case_051,2,merge_greedy,572988,1.0605,10.55,0.0,,0.42,False
case_051,2,pipe_balance,572988,1.0605,10.55,0.0,,0.09,False
case_051,2,shared_input,604145,1.0058,4.52,0.0,,0.02,True
case_051,2,topo_equal,604145,1.0058,4.52,0.0,,0.0,False
case_052,2,greedy_balance,175317,1.0284,2.27,0.054,,0.01,True
case_052,2,heft_like,175317,1.0284,2.27,0.054,,0.01,True
case_052,2,kl_partition,175317,1.0284,2.27,0.054,,0.43,True
case_052,2,merge_greedy,171218,1.053,3.32,0.0,,0.65,False
case_052,2,pipe_balance,172128,1.0475,3.32,0.0,,0.04,False
case_052,2,shared_input,175317,1.0284,2.27,0.054,,0.01,True
case_052,2,topo_equal,175317,1.0284,2.27,0.054,,0.0,False
case_053,2,greedy_balance,1370887,1.0743,5.68,3.594,,0.14,True
case_053,2,heft_like,1370887,1.0743,5.68,3.594,,0.18,True
case_053,2,kl_partition,1378381,1.0684,5.7,3.602,,7.68,False
case_053,2,merge_greedy,1222109,1.205,5.91,0.0,,15.85,False
case_053,2,pipe_balance,1222109,1.205,5.91,0.0,,9.14,False
case_053,2,shared_input,1370887,1.0743,5.68,3.594,,0.2,True
case_053,2,topo_equal,1370887,1.0743,5.68,3.594,,0.08,False
case_054,2,greedy_balance,791443,1.0298,1.11,0.169,,0.31,True
case_054,2,heft_like,791443,1.0298,1.11,0.169,,0.37,True
case_054,2,kl_partition,791443,1.0298,1.11,0.169,,15.13,True
case_054,2,merge_greedy,652939,1.2483,7.24,0.465,,63.42,False
case_054,2,pipe_balance,652939,1.2483,7.24,0.465,,51.3,False
case_054,2,shared_input,791443,1.0298,1.11,0.169,,0.37,True
case_054,2,topo_equal,791443,1.0298,1.11,0.169,,0.09,False
case_055,2,greedy_balance,103568,1.1474,2.65,0.218,,0.01,True
case_055,2,heft_like,103568,1.1474,2.65,0.218,,0.01,True
case_055,2,kl_partition,110701,1.0735,2.59,0.214,,0.43,False
case_055,2,merge_greedy,103144,1.1521,4.13,0.0,,0.93,False
case_055,2,pipe_balance,103144,1.1521,4.13,0.0,,0.06,False
case_055,2,shared_input,103568,1.1474,2.65,0.218,,0.01,True
case_055,2,topo_equal,103568,1.1474,2.65,0.218,,0.0,False
case_056,2,greedy_balance,276832,1.0016,0.7,0.0,,0.1,True
case_056,2,heft_like,276832,1.0016,0.7,0.0,,0.1,True
case_056,2,kl_partition,279973,0.9904,0.7,0.0,,3.78,False
case_056,2,merge_greedy,221590,1.2513,3.21,0.003,,6.9,False
case_056,2,pipe_balance,221590,1.2513,3.21,0.003,,2.98,False
case_056,2,shared_input,276832,1.0016,0.7,0.0,,0.11,True
case_056,2,topo_equal,276832,1.0016,0.7,0.0,,0.04,False
case_057,2,greedy_balance,54359,1.0987,1.22,0.123,,0.01,True
case_057,2,heft_like,54359,1.0987,1.22,0.123,,0.01,True
case_057,2,kl_partition,54359,1.0987,1.22,0.123,,0.34,True
case_057,2,merge_greedy,61816,0.9662,2.51,0.0,,0.37,False
case_057,2,pipe_balance,61816,0.9662,2.51,0.0,,0.03,False
case_057,2,shared_input,54359,1.0987,1.22,0.123,,0.01,True
case_057,2,topo_equal,54359,1.0987,1.22,0.123,,0.0,False
case_058,2,greedy_balance,2585072,1.7561,125.72,107.336,,0.28,False
case_058,2,heft_like,2585072,1.7561,125.72,107.336,,0.22,False
case_058,2,kl_partition,3095938,1.4663,136.88,28.434,,19.24,False
case_058,2,merge_greedy,2896969,1.5671,151.14,23.532,,306.36,False
case_058,2,pipe_balance,2927743,1.5506,152.97,25.358,,67.01,False
case_058,2,shared_input,2395308,1.8953,118.98,31.416,,0.21,False
case_058,2,topo_equal,3503113,1.2959,135.85,25.301,,0.21,False
case_059,2,greedy_balance,430998,1.9245,14.65,1.016,,0.03,True
case_059,2,heft_like,430998,1.9245,14.65,1.016,,0.02,True
case_059,2,kl_partition,356046,2.3297,13.87,0.709,,1.3,False
case_059,2,merge_greedy,379225,2.1873,16.91,0.926,,1.68,False
case_059,2,pipe_balance,379225,2.1873,16.91,0.926,,0.37,False
case_059,2,shared_input,398676,2.0806,19.87,0.0,,0.04,False
case_059,2,topo_equal,430998,1.9245,14.65,1.016,,0.02,False
case_060,2,greedy_balance,771710,1.1517,21.65,0.668,,0.09,True
case_060,2,heft_like,771710,1.1517,21.65,0.668,,0.11,True
case_060,2,kl_partition,689025,1.2899,21.35,2.13,,3.41,False
case_060,2,merge_greedy,578442,1.5365,26.38,0.218,,17.46,False
case_060,2,pipe_balance,583083,1.5243,27.38,1.224,,1.45,False
case_060,2,shared_input,771710,1.1517,21.65,0.668,,0.08,True
case_060,2,topo_equal,771710,1.1517,21.65,0.668,,0.03,False
case_061,2,greedy_balance,88208,0.8751,1.05,0.0,,0.01,True
case_061,2,heft_like,88208,0.8751,1.05,0.0,,0.01,True
case_061,2,kl_partition,88208,0.8751,1.05,0.0,,0.45,True
case_061,2,merge_greedy,75566,1.0215,2.05,0.0,,0.5,False
case_061,2,pipe_balance,75566,1.0215,2.05,0.0,,0.05,False
case_061,2,shared_input,88208,0.8751,1.05,0.0,,0.01,True
case_061,2,topo_equal,88208,0.8751,1.05,0.0,,0.01,False
case_062,2,greedy_balance,2637241,1.0825,57.52,11.972,,0.51,True
case_062,2,heft_like,2637241,1.0825,57.52,11.972,,0.33,True
case_062,2,kl_partition,2956120,0.9657,57.62,11.976,,14.5,False
case_062,2,merge_greedy,1624124,1.7578,66.65,2.921,,75.08,False
case_062,2,pipe_balance,1648121,1.7322,67.74,4.004,,49.8,False
case_062,2,shared_input,2637241,1.0825,57.52,11.972,,0.36,True
case_062,2,topo_equal,2637241,1.0825,57.52,11.972,,0.19,False
case_063,2,greedy_balance,940494,1.1381,20.64,3.588,,0.06,True
case_063,2,heft_like,940494,1.1381,20.64,3.588,,0.06,True
case_063,2,kl_partition,1063302,1.0067,20.82,3.593,,2.56,False
case_063,2,merge_greedy,588349,1.8193,24.33,0.406,,9.12,False
case_063,2,pipe_balance,593782,1.8027,24.58,0.65,,2.26,False
case_063,2,shared_input,940494,1.1381,20.64,3.588,,0.08,True
case_063,2,topo_equal,940494,1.1381,20.64,3.588,,0.05,False
case_064,2,greedy_balance,20393,0.9374,0.07,0.0,,0.0,True
case_064,2,heft_like,20393,0.9374,0.07,0.0,,0.0,True
case_064,2,kl_partition,20914,0.914,0.06,0.0,,0.29,False
case_064,2,merge_greedy,23066,0.8288,0.17,0.0,,0.27,False
case_064,2,pipe_balance,23066,0.8288,0.17,0.0,,0.03,False
case_064,2,shared_input,20393,0.9374,0.07,0.0,,0.0,True
case_064,2,topo_equal,20393,0.9374,0.07,0.0,,0.0,False
case_065,2,greedy_balance,54135,0.9803,0.83,0.0,,0.0,True
case_065,2,heft_like,54135,0.9803,0.83,0.0,,0.0,True
case_065,2,kl_partition,52389,1.013,0.75,0.0,,0.23,False
case_065,2,merge_greedy,50257,1.0559,1.65,0.0,,0.2,False
case_065,2,pipe_balance,50257,1.0559,1.65,0.0,,0.02,False
case_065,2,shared_input,54135,0.9803,0.83,0.0,,0.0,True
case_065,2,topo_equal,54135,0.9803,0.83,0.0,,0.0,False
case_066,2,greedy_balance,333653,1.0762,1.1,0.157,,0.06,True
case_066,2,heft_like,333653,1.0762,1.1,0.157,,0.03,True
case_066,2,kl_partition,343664,1.0448,1.09,0.154,,2.07,False
case_066,2,merge_greedy,281520,1.2755,3.21,0.01,,3.37,False
case_066,2,pipe_balance,281520,1.2755,3.21,0.01,,1.37,False
case_066,2,shared_input,333653,1.0762,1.1,0.157,,0.07,True
case_066,2,topo_equal,333653,1.0762,1.1,0.157,,0.03,False
case_067,2,greedy_balance,56028216,1.1393,213.03,205.351,,0.1,True
case_067,2,heft_like,56028216,1.1393,213.03,205.351,,0.09,True
case_067,2,kl_partition,57119912,1.1176,212.82,205.261,,2.96,False
case_067,2,merge_greedy,52419152,1.2178,239.72,208.296,,6.91,False
case_067,2,pipe_balance,52419152,1.2178,239.72,208.296,,3.35,False
case_067,2,shared_input,56028216,1.1393,213.03,205.351,,0.08,True
case_067,2,topo_equal,56028216,1.1393,213.03,205.351,,0.05,False
case_068,2,greedy_balance,323772,1.1184,1.0,0.162,,0.06,True
case_068,2,heft_like,323772,1.1184,1.0,0.162,,0.03,True
case_068,2,kl_partition,347327,1.0425,1.01,0.162,,1.8,False
case_068,2,merge_greedy,339573,1.0663,2.48,0.0,,2.65,False
case_068,2,pipe_balance,339573,1.0663,2.48,0.0,,1.07,False
case_068,2,shared_input,323772,1.1184,1.0,0.162,,0.03,True
case_068,2,topo_equal,323772,1.1184,1.0,0.162,,0.01,False
case_069,2,greedy_balance,26282,0.9567,0.55,0.0,,0.0,True
case_069,2,heft_like,26282,0.9567,0.55,0.0,,0.0,True
case_069,2,kl_partition,27657,0.9091,0.55,0.0,,0.33,False
case_069,2,merge_greedy,31723,0.7926,0.92,0.0,,0.28,False
case_069,2,pipe_balance,31723,0.7926,0.92,0.0,,0.03,False
case_069,2,shared_input,26282,0.9567,0.55,0.0,,0.0,True
case_069,2,topo_equal,26282,0.9567,0.55,0.0,,0.0,False
case_070,2,greedy_balance,102774,1.1413,1.8,0.156,,0.0,True
case_070,2,heft_like,102774,1.1413,1.8,0.156,,0.01,True
case_070,2,kl_partition,113739,1.0313,1.72,0.152,,0.36,False
case_070,2,merge_greedy,82450,1.4227,3.04,0.0,,0.42,False
case_070,2,pipe_balance,82450,1.4227,3.04,0.0,,0.05,False
case_070,2,shared_input,102774,1.1413,1.8,0.156,,0.01,True
case_070,2,topo_equal,102774,1.1413,1.8,0.156,,0.0,False
case_071,2,greedy_balance,21698,0.8719,0.38,0.0,,0.0,True
case_071,2,heft_like,21698,0.8719,0.38,0.0,,0.0,True
case_071,2,kl_partition,21698,0.8719,0.38,0.0,,0.23,True
case_071,2,merge_greedy,24035,0.7871,0.69,0.0,,0.28,False
case_071,2,pipe_balance,24479,0.7729,0.69,0.0,,0.02,False
case_071,2,shared_input,21698,0.8719,0.38,0.0,,0.0,True
case_071,2,topo_equal,21698,0.8719,0.38,0.0,,0.0,False
case_072,2,greedy_balance,17245841,1.3857,311.83,100.41,,0.66,True
case_072,2,heft_like,17245841,1.3857,311.83,100.41,,0.45,True
case_072,2,kl_partition,16227605,1.4727,311.66,100.017,,23.24,False
case_072,2,merge_greedy,12337441,1.937,353.77,79.519,,203.59,False
case_072,2,pipe_balance,14152453,1.6886,376.38,102.129,,165.02,False
case_072,2,shared_input,17245841,1.3857,311.83,100.41,,0.55,True
case_072,2,topo_equal,17245841,1.3857,311.83,100.41,,0.3,False
case_073,2,greedy_balance,8718524,1.1563,106.94,105.686,,0.04,True
case_073,2,heft_like,8718524,1.1563,106.94,105.686,,0.04,True
case_073,2,kl_partition,9155826,1.1011,107.18,105.939,,1.65,False
case_073,2,merge_greedy,8523150,1.1829,112.41,108.563,,2.48,False
case_073,2,pipe_balance,8523150,1.1829,112.41,108.563,,0.95,False
case_073,2,shared_input,8718524,1.1563,106.94,105.686,,0.04,True
case_073,2,topo_equal,8718524,1.1563,106.94,105.686,,0.02,False
case_074,2,greedy_balance,1071787,1.5696,21.83,4.94,,0.03,True
case_074,2,heft_like,1071787,1.5696,21.83,4.94,,0.04,True
case_074,2,kl_partition,872615,1.9278,21.05,3.465,,1.49,False
case_074,2,merge_greedy,1037150,1.622,23.3,3.867,,1.85,False
case_074,2,pipe_balance,1037150,1.622,23.3,3.867,,0.47,False
case_074,2,shared_input,1071787,1.5696,21.83,4.94,,0.03,True
case_074,2,topo_equal,1071787,1.5696,21.83,4.94,,0.02,False
case_075,2,greedy_balance,1416970,1.0175,0.76,0.0,,0.06,True
case_075,2,heft_like,1416970,1.0175,0.76,0.0,,0.05,True
case_075,2,kl_partition,1419236,1.0159,0.78,0.0,,2.51,False
case_075,2,merge_greedy,1361713,1.0588,2.87,0.0,,4.28,False
case_075,2,pipe_balance,1361713,1.0588,2.87,0.0,,2.18,False
case_075,2,shared_input,1416970,1.0175,0.76,0.0,,0.08,True
case_075,2,topo_equal,1416970,1.0175,0.76,0.0,,0.02,False
case_076,2,greedy_balance,4931180,1.2543,169.83,29.568,,0.81,True
case_076,2,heft_like,4931180,1.2543,169.83,29.568,,0.48,True
case_076,2,kl_partition,4752889,1.3013,169.11,30.131,,26.61,False
case_076,2,merge_greedy,3828414,1.6156,192.18,20.131,,319.33,False
case_076,2,pipe_balance,4118393,1.5018,196.58,24.53,,172.59,False
case_076,2,shared_input,4931180,1.2543,169.83,29.568,,0.79,True
case_076,2,topo_equal,4931180,1.2543,169.83,29.568,,0.28,False
case_077,2,greedy_balance,489822,1.0112,1.37,0.295,,0.03,True
case_077,2,heft_like,489822,1.0112,1.37,0.295,,0.03,True
case_077,2,kl_partition,494589,1.0015,1.32,0.243,,1.51,False
case_077,2,merge_greedy,467896,1.0586,5.67,0.008,,2.12,False
case_077,2,pipe_balance,467896,1.0586,5.67,0.008,,0.82,False
case_077,2,shared_input,489822,1.0112,1.37,0.295,,0.04,True
case_077,2,topo_equal,489822,1.0112,1.37,0.295,,0.02,False
case_078,2,greedy_balance,1938395,1.1846,5.29,4.497,,0.0,True
case_078,2,heft_like,1938395,1.1846,5.29,4.497,,0.01,True
case_078,2,kl_partition,1938395,1.1846,5.29,4.497,,0.28,False
case_078,2,merge_greedy,1954051,1.1751,2.03,0.0,,0.2,False
case_078,2,pipe_balance,1954051,1.1751,2.03,0.0,,0.04,False
case_078,2,shared_input,1938395,1.1846,5.29,4.497,,0.0,True
case_078,2,topo_equal,1938395,1.1846,5.29,4.497,,0.0,False
case_079,2,greedy_balance,17685372,1.7558,377.72,47.501,,0.37,True
case_079,2,heft_like,17685372,1.7558,377.72,47.501,,0.29,True
case_079,2,kl_partition,17508746,1.7735,375.99,53.668,,13.07,False
case_079,2,merge_greedy,11962132,2.5959,445.94,54.172,,127.19,False
case_079,2,pipe_balance,12173927,2.5507,458.18,66.41,,24.16,False
case_079,2,shared_input,11463350,2.7088,432.78,106.586,,0.17,False
case_079,2,topo_equal,17685372,1.7558,377.72,47.501,,0.13,False
case_080,2,greedy_balance,200497,1.4571,6.36,0.229,,0.01,True
case_080,2,heft_like,200497,1.4571,6.36,0.229,,0.01,True
case_080,2,kl_partition,158517,1.8429,6.8,0.131,,0.42,False
case_080,2,merge_greedy,190949,1.5299,9.36,0.0,,0.67,False
case_080,2,pipe_balance,190949,1.5299,9.36,0.0,,0.04,False
case_080,2,shared_input,129638,2.2535,5.73,0.0,,0.0,False
case_080,2,topo_equal,200497,1.4571,6.36,0.229,,0.0,False
case_081,2,greedy_balance,150481,1.0087,3.88,0.033,,0.03,True
case_081,2,heft_like,150481,1.0087,3.88,0.033,,0.03,True
case_081,2,kl_partition,149650,1.0143,3.82,0.025,,1.27,False
case_081,2,merge_greedy,148709,1.0208,5.77,0.143,,4.03,False
case_081,2,pipe_balance,148709,1.0208,5.77,0.143,,0.49,False
case_081,2,shared_input,150481,1.0087,3.88,0.033,,0.02,True
case_081,2,topo_equal,150481,1.0087,3.88,0.033,,0.02,False
case_082,2,greedy_balance,716583,1.0062,2.03,0.313,,0.02,True
case_082,2,heft_like,716583,1.0062,2.03,0.313,,0.02,True
case_082,2,kl_partition,716583,1.0062,2.03,0.313,,1.37,True
case_082,2,merge_greedy,715869,1.0072,4.53,0.057,,1.79,False
case_082,2,pipe_balance,715869,1.0072,4.53,0.057,,0.66,False
case_082,2,shared_input,716583,1.0062,2.03,0.313,,0.03,True
case_082,2,topo_equal,716583,1.0062,2.03,0.313,,0.02,False
case_083,2,greedy_balance,782785,1.3516,1.83,0.0,,0.02,True
case_083,2,heft_like,782785,1.3516,1.83,0.0,,0.03,True
case_083,2,kl_partition,804305,1.3154,1.8,0.0,,1.12,False
case_083,2,merge_greedy,781160,1.3544,7.07,0.0,,1.63,False
case_083,2,pipe_balance,781160,1.3544,7.07,0.0,,0.56,False
case_083,2,shared_input,782785,1.3516,1.83,0.0,,0.02,True
case_083,2,topo_equal,782785,1.3516,1.83,0.0,,0.01,False
case_084,2,greedy_balance,2228558,1.1251,42.56,12.617,,0.31,True
case_084,2,heft_like,2228558,1.1251,42.56,12.617,,0.16,True
case_084,2,kl_partition,2323098,1.0793,41.86,12.018,,6.17,False
case_084,2,merge_greedy,1621231,1.5466,56.88,3.368,,13.25,False
case_084,2,pipe_balance,1621231,1.5466,56.88,3.368,,4.71,False
case_084,2,shared_input,1054826,2.3771,49.63,0.0,,0.1,False
case_084,2,topo_equal,2228558,1.1251,42.56,12.617,,0.08,False
case_085,2,greedy_balance,3171841,1.0051,4.13,1.296,,0.25,True
case_085,2,heft_like,3171841,1.0051,4.13,1.296,,0.28,True
case_085,2,kl_partition,3196251,0.9974,4.27,1.409,,10.42,False
case_085,2,merge_greedy,2998030,1.0633,11.56,1.293,,29.88,False
case_085,2,pipe_balance,2998030,1.0633,11.56,1.293,,23.58,False
case_085,2,shared_input,3171841,1.0051,4.13,1.296,,0.25,True
case_085,2,topo_equal,3171841,1.0051,4.13,1.296,,0.08,False
case_086,2,greedy_balance,114601,1.0332,1.3,0.058,,0.04,True
case_086,2,heft_like,114601,1.0332,1.3,0.058,,0.04,True
case_086,2,kl_partition,121728,0.9727,1.31,0.058,,1.81,False
case_086,2,merge_greedy,112651,1.0511,3.3,0.0,,2.7,False
case_086,2,pipe_balance,112651,1.0511,3.3,0.0,,1.15,False
case_086,2,shared_input,114601,1.0332,1.3,0.058,,0.03,True
case_086,2,topo_equal,114601,1.0332,1.3,0.058,,0.02,False
case_087,2,greedy_balance,3969527,1.0011,16.86,1.638,,0.44,True
case_087,2,heft_like,3969527,1.0011,16.86,1.638,,0.39,True
case_087,2,kl_partition,4009417,0.9912,17.0,1.814,,13.91,False
case_087,2,merge_greedy,3899653,1.0191,19.56,3.158,,56.96,False
case_087,2,pipe_balance,3899653,1.0191,19.56,3.158,,49.1,False
case_087,2,shared_input,3969527,1.0011,16.86,1.638,,0.41,True
case_087,2,topo_equal,3969527,1.0011,16.86,1.638,,0.17,False
case_088,2,greedy_balance,221331,1.1007,0.57,0.0,,0.02,True
case_088,2,heft_like,221331,1.1007,0.57,0.0,,0.02,True
case_088,2,kl_partition,225162,1.082,0.6,0.0,,1.09,False
case_088,2,merge_greedy,225641,1.0797,1.67,0.005,,1.28,False
case_088,2,pipe_balance,225641,1.0797,1.67,0.005,,0.4,False
case_088,2,shared_input,221331,1.1007,0.57,0.0,,0.03,True
case_088,2,topo_equal,221331,1.1007,0.57,0.0,,0.01,False
case_089,2,greedy_balance,631037,1.0983,1.19,0.0,,0.03,True
case_089,2,heft_like,631037,1.0983,1.19,0.0,,0.04,True
case_089,2,kl_partition,630552,1.0992,1.2,0.0,,1.64,False
case_089,2,merge_greedy,614415,1.1281,3.98,0.0,,2.71,False
case_089,2,pipe_balance,614415,1.1281,3.98,0.0,,1.2,False
case_089,2,shared_input,631037,1.0983,1.19,0.0,,0.04,True
case_089,2,topo_equal,631037,1.0983,1.19,0.0,,0.01,False
case_090,2,greedy_balance,991650,1.1883,9.71,9.392,,0.01,True
case_090,2,heft_like,991650,1.1883,9.71,9.392,,0.01,True
case_090,2,kl_partition,991434,1.1885,9.72,9.392,,0.49,False
case_090,2,merge_greedy,737234,1.5984,0.93,0.0,,0.45,False
case_090,2,pipe_balance,737234,1.5984,0.93,0.0,,0.09,False
case_090,2,shared_input,991650,1.1883,9.71,9.392,,0.01,True
case_090,2,topo_equal,991650,1.1883,9.71,9.392,,0.01,False
case_091,2,greedy_balance,5852173,1.5698,175.26,34.317,,0.67,True
case_091,2,heft_like,5852173,1.5698,175.26,34.317,,0.49,True
case_091,2,kl_partition,6143769,1.4953,175.25,35.97,,26.05,False
case_091,2,merge_greedy,4973770,1.847,204.97,29.654,,290.2,False
case_091,2,pipe_balance,5080766,1.8081,210.05,34.733,,168.76,False
case_091,2,shared_input,5852173,1.5698,175.26,34.317,,0.82,True
case_091,2,topo_equal,5852173,1.5698,175.26,34.317,,0.24,False
case_092,2,greedy_balance,3355802,1.435,9.23,2.013,,0.17,True
case_092,2,heft_like,3355802,1.435,9.23,2.013,,0.18,True
case_092,2,kl_partition,3870120,1.2443,9.15,1.976,,6.35,False
case_092,2,merge_greedy,3626594,1.3278,33.21,5.808,,21.64,False
case_092,2,pipe_balance,3626594,1.3278,33.21,5.808,,14.95,False
case_092,2,shared_input,3355802,1.435,9.23,2.013,,0.18,True
case_092,2,topo_equal,3355802,1.435,9.23,2.013,,0.07,False
case_093,2,greedy_balance,63835,1.1625,1.54,0.0,,0.0,True
case_093,2,heft_like,63835,1.1625,1.54,0.0,,0.0,True
case_093,2,kl_partition,43051,1.7237,1.03,0.0,,0.21,False
case_093,2,merge_greedy,53154,1.396,1.7,0.0,,0.23,False
case_093,2,pipe_balance,53971,1.3749,1.7,0.0,,0.01,False
case_093,2,shared_input,35271,2.1039,1.13,0.0,,0.0,False
case_093,2,topo_equal,63835,1.1625,1.54,0.0,,0.01,False
case_094,2,greedy_balance,83056,1.1425,1.5,0.0,,0.0,True
case_094,2,heft_like,83056,1.1425,1.5,0.0,,0.0,True
case_094,2,kl_partition,76543,1.2397,1.44,0.016,,0.2,False
case_094,2,merge_greedy,93979,1.0097,2.35,0.0,,0.14,False
case_094,2,pipe_balance,93979,1.0097,2.35,0.0,,0.01,False
case_094,2,shared_input,83056,1.1425,1.5,0.0,,0.0,True
case_094,2,topo_equal,83056,1.1425,1.5,0.0,,0.0,False
case_095,2,greedy_balance,2162779,0.964,74.28,23.04,,0.05,True
case_095,2,heft_like,2162779,0.964,74.28,23.04,,0.07,True
case_095,2,kl_partition,2147186,0.971,71.65,21.16,,1.41,False
case_095,2,merge_greedy,1942305,1.0734,97.6,6.119,,2.21,False
case_095,2,pipe_balance,1942305,1.0734,97.6,6.119,,0.55,False
case_095,2,shared_input,1614629,1.2912,85.16,0.0,,0.03,False
case_095,2,topo_equal,2162779,0.964,74.28,23.04,,0.01,False
case_096,2,greedy_balance,79022,1.0655,1.34,0.0,,0.01,True
case_096,2,heft_like,79022,1.0655,1.34,0.0,,0.01,True
case_096,2,kl_partition,78149,1.0774,1.29,0.0,,0.39,False
case_096,2,merge_greedy,73099,1.1518,2.63,0.0,,0.36,False
case_096,2,pipe_balance,73099,1.1518,2.63,0.0,,0.05,False
case_096,2,shared_input,79022,1.0655,1.34,0.0,,0.01,True
case_096,2,topo_equal,79022,1.0655,1.34,0.0,,0.0,False
case_097,2,greedy_balance,5811292,1.9774,95.25,9.257,,0.06,True
case_097,2,heft_like,5811292,1.9774,95.25,9.257,,0.07,True
case_097,2,kl_partition,5452448,2.1076,94.73,10.617,,3.6,False
case_097,2,merge_greedy,4124937,2.7859,100.76,15.671,,5.03,False
case_097,2,pipe_balance,4124937,2.7859,100.76,15.671,,2.05,False
case_097,2,shared_input,4024750,2.8552,155.84,11.796,,0.02,False
case_097,2,topo_equal,5811292,1.9774,95.25,9.257,,0.04,False
case_098,2,greedy_balance,167116,1.0617,2.61,0.262,,0.01,True
case_098,2,heft_like,167116,1.0617,2.61,0.262,,0.01,True
case_098,2,kl_partition,169703,1.0455,2.6,0.262,,0.41,False
case_098,2,merge_greedy,173972,1.0199,7.87,0.0,,0.43,False
case_098,2,pipe_balance,173972,1.0199,7.87,0.0,,0.06,False
case_098,2,shared_input,167116,1.0617,2.61,0.262,,0.01,True
case_098,2,topo_equal,167116,1.0617,2.61,0.262,,0.0,False
case_099,2,greedy_balance,825444,1.9662,18.04,2.966,,0.04,True
case_099,2,heft_like,825444,1.9662,18.04,2.966,,0.05,True
case_099,2,kl_partition,800995,2.0262,18.44,2.881,,2.65,False
case_099,2,merge_greedy,593510,2.7346,22.64,1.955,,12.08,False
case_099,2,pipe_balance,651702,2.4904,23.6,2.909,,1.67,False
case_099,2,shared_input,825444,1.9662,18.04,2.966,,0.05,True
case_099,2,topo_equal,825444,1.9662,18.04,2.966,,0.02,False
case_100,2,greedy_balance,135152,1.1189,2.83,0.0,,0.01,True
case_100,2,heft_like,135152,1.1189,2.83,0.0,,0.01,True
case_100,2,kl_partition,135152,1.1189,2.83,0.0,,0.49,True
case_100,2,merge_greedy,155359,0.9734,5.59,0.0,,0.49,False
case_100,2,pipe_balance,155359,0.9734,5.59,0.0,,0.08,False
case_100,2,shared_input,135152,1.1189,2.83,0.0,,0.01,True
case_100,2,topo_equal,135152,1.1189,2.83,0.0,,0.0,False
case_001,3,core_resident,64407,3.6193,0.37,0.369,0.0,0.01,False
case_001,3,greedy_balance,64407,3.6193,0.37,0.369,0.0,0.0,False
case_001,3,heft_like,64407,3.6193,0.37,0.369,0.0,0.0,False
case_001,3,kl_partition,146742,1.5886,2.69,0.066,0.12327289537213006,0.23,False
case_001,3,merge_greedy,111810,2.0849,3.13,0.0,0.06621146285950755,0.3,False
case_001,3,pipe_balance,111879,2.0836,3.2,0.066,0.0,0.01,False
case_001,3,random_search,64407,3.6193,0.37,0.369,0.0,5.08,False
case_001,3,shared_input,234455,0.9943,4.1,0.0,0.24866257956187277,0.0,True
case_001,3,topo_equal,234455,0.9943,4.1,0.0,0.24866257956187277,0.0,False
case_002,3,greedy_balance,206099,1.271,4.37,0.221,0.25298736770228747,0.01,True
case_002,3,heft_like,206099,1.271,4.37,0.221,0.25298736770228747,0.03,True
case_002,3,kl_partition,230744,1.1352,4.44,0.221,0.2527063599458728,0.59,False
case_002,3,pipe_balance,126175,2.076,5.89,0.0,0.3074115665356541,0.13,False
case_002,3,random_search,67781,3.8646,0.55,0.0,0.0,1.06,False
case_002,3,shared_input,206099,1.271,4.37,0.221,0.25298736770228747,0.01,True
case_002,3,topo_equal,206099,1.271,4.37,0.221,0.25298736770228747,0.01,False
case_003,3,greedy_balance,586422,1.0269,0.97,0.0,6.78760673511591e-06,0.15,True
case_003,3,heft_like,586422,1.0269,0.97,0.0,6.78760673511591e-06,0.32,True
case_003,3,kl_partition,585935,1.0278,0.96,0.0,6.7956018864590834e-06,10.77,False
case_003,3,merge_greedy,501854,1.2,3.89,0.0,0.06240890701787321,26.66,False
case_003,3,pipe_balance,501854,1.2,3.89,0.0,0.06240890701787321,13.33,False
case_003,3,random_search,521831,1.154,0.48,0.0,0.0003487888765195591,16.27,False
case_003,3,shared_input,586422,1.0269,0.97,0.0,6.78760673511591e-06,0.15,True
case_003,3,topo_equal,586422,1.0269,0.97,0.0,6.78760673511591e-06,0.1,False
case_004,3,greedy_balance,392846,0.9988,7.23,0.836,0.06465517241379311,0.01,True
case_004,3,heft_like,392846,0.9988,7.23,0.836,0.06465517241379311,0.01,True
case_004,3,kl_partition,315022,1.2455,6.24,0.823,0.0985144644253323,0.32,False
case_004,3,pipe_balance,238788,1.6431,8.93,0.528,0.11369047619047619,0.03,False
case_004,3,random_search,88389,4.439,0.77,0.233,0.15028901734104047,0.56,False
case_004,3,shared_input,392846,0.9988,7.23,0.836,0.06465517241379311,0.01,True
case_004,3,topo_equal,392846,0.9988,7.23,0.836,0.06465517241379311,0.0,False
case_005,3,greedy_balance,94345,1.0135,0.97,0.0,0.028839716451708183,0.03,True
case_005,3,heft_like,94345,1.0135,0.97,0.0,0.028839716451708183,0.04,True
case_005,3,kl_partition,94345,1.0135,0.97,0.0,0.028839716451708183,1.63,True
case_005,3,merge_greedy,100436,0.952,2.6,0.0,0.11802046705867289,2.36,False
case_005,3,pipe_balance,100436,0.952,2.6,0.0,0.11802046705867289,0.77,False
case_005,3,random_search,87707,1.0902,0.37,0.0,0.028834915143297956,3.49,False
case_005,3,shared_input,94345,1.0135,0.97,0.0,0.028839716451708183,0.03,True
case_005,3,topo_equal,94345,1.0135,0.97,0.0,0.028839716451708183,0.02,False
case_006,3,greedy_balance,70869,1.1689,2.82,0.217,0.03215136668948993,0.0,True
case_006,3,heft_like,70869,1.1689,2.82,0.217,0.03215136668948993,0.0,True
case_006,3,kl_partition,72131,1.1484,2.55,0.175,0.03330276792742204,0.24,False
case_006,3,pipe_balance,99107,0.8358,4.87,0.066,0.05189986105680031,0.02,False
case_006,3,random_search,46388,1.7857,0.78,0.532,0.18608115447280626,0.37,False
case_006,3,shared_input,70869,1.1689,2.82,0.217,0.03215136668948993,0.0,True
case_006,3,topo_equal,70869,1.1689,2.82,0.217,0.03215136668948993,0.01,False
case_007,3,greedy_balance,1044438,0.9695,18.9,3.041,0.000991501416430595,0.04,True
case_007,3,heft_like,1044438,0.9695,18.9,3.041,0.000991501416430595,0.06,True
case_007,3,kl_partition,1023384,0.9894,18.25,3.29,0.017687661777394306,1.74,False
case_007,3,pipe_balance,561079,1.8047,21.32,1.444,0.03456726428479298,0.75,False
case_007,3,shared_input,1044438,0.9695,18.9,3.041,0.000991501416430595,0.09,True
case_007,3,topo_equal,1044438,0.9695,18.9,3.041,0.000991501416430595,0.04,False
case_008,3,core_resident,103026,4.7328,2.88,2.875,0.0,0.03,False
case_008,3,greedy_balance,452354,1.0779,16.18,4.202,0.10239585540585262,0.01,True
case_008,3,heft_like,452354,1.0779,16.18,4.202,0.10239585540585262,0.01,True
case_008,3,kl_partition,417803,1.1671,14.47,2.765,0.07989991703101064,0.34,False
case_008,3,merge_greedy,429410,1.1355,21.43,0.0,0.018860760211050095,0.72,False
case_008,3,pipe_balance,438307,1.1125,21.61,0.184,0.018724926996415932,0.03,False
case_008,3,random_search,102975,4.7352,3.02,2.875,0.0,0.75,False
case_008,3,shared_input,377504,1.2917,19.87,0.0,0.0,0.0,False
case_008,3,topo_equal,452354,1.0779,16.18,4.202,0.10239585540585262,0.0,False
case_009,3,greedy_balance,151699,1.0103,0.39,0.0,0.014978749275869388,0.07,True
case_009,3,heft_like,151699,1.0103,0.39,0.0,0.014978749275869388,0.08,True
case_009,3,kl_partition,151605,1.0109,0.4,0.0,0.016423723474326298,2.27,False
case_009,3,merge_greedy,147400,1.0398,1.6,0.0,0.1295660764890934,3.62,False
case_009,3,pipe_balance,147400,1.0398,1.6,0.0,0.1295660764890934,1.47,False
case_009,3,shared_input,151699,1.0103,0.39,0.0,0.014978749275869388,0.05,True
case_009,3,topo_equal,151699,1.0103,0.39,0.0,0.014978749275869388,0.02,False
case_010,3,greedy_balance,66905,1.2999,2.22,0.213,0.18702837248137122,0.0,True
case_010,3,heft_like,66905,1.2999,2.22,0.213,0.18702837248137122,0.0,True
case_010,3,kl_partition,68297,1.2734,2.2,0.213,0.18486051100726972,0.22,False
case_010,3,pipe_balance,81874,1.0622,4.34,0.0,0.05638649626335811,0.02,False
case_010,3,random_search,34264,2.5382,0.44,0.229,0.19844462639405755,0.36,False
case_010,3,shared_input,66905,1.2999,2.22,0.213,0.18702837248137122,0.0,True
case_010,3,topo_equal,66905,1.2999,2.22,0.213,0.18702837248137122,0.0,False
case_011,3,greedy_balance,111103,1.6624,3.38,0.0,0.0,0.0,True
case_011,3,heft_like,111103,1.6624,3.38,0.0,0.0,0.0,True
case_011,3,kl_partition,75657,2.4412,3.22,0.0,0.27961321514907334,0.28,False
case_011,3,merge_greedy,89739,2.0582,4.29,0.0,0.31021194605009633,0.24,False
case_011,3,pipe_balance,89739,2.0582,4.29,0.0,0.31021194605009633,0.02,False
case_011,3,shared_input,99537,1.8556,4.98,0.0,0.0,0.0,False
case_011,3,topo_equal,111103,1.6624,3.38,0.0,0.0,0.0,False
case_012,3,greedy_balance,43981,1.3435,1.08,0.0,0.2164318422286562,0.01,True
case_012,3,heft_like,43981,1.3435,1.08,0.0,0.2164318422286562,0.01,True
case_012,3,kl_partition,43981,1.3435,1.08,0.0,0.2164318422286562,0.4,True
case_012,3,merge_greedy,45414,1.3011,1.86,0.0,0.16984193956703775,0.37,False
case_012,3,pipe_balance,45414,1.3011,1.86,0.0,0.16984193956703775,0.04,False
case_012,3,random_search,28305,2.0875,0.17,0.0,0.028327299258967258,0.61,False
case_012,3,shared_input,43981,1.3435,1.08,0.0,0.2164318422286562,0.01,True
case_012,3,topo_equal,43981,1.3435,1.08,0.0,0.2164318422286562,0.0,False
case_013,3,greedy_balance,181304,1.4558,5.46,0.0,0.0012908777969018934,0.03,True
case_013,3,heft_like,181304,1.4558,5.46,0.0,0.0012908777969018934,0.04,True
case_013,3,kl_partition,173508,1.5212,4.41,0.0,0.005791505791505791,0.97,False
case_013,3,merge_greedy,195686,1.3488,6.71,0.0,0.001520912547528517,1.69,False
case_013,3,pipe_balance,195686,1.3488,6.71,0.0,0.001520912547528517,0.15,False
case_013,3,shared_input,144303,1.8291,5.01,0.975,0.0,0.03,False
case_013,3,topo_equal,181304,1.4558,5.46,0.0,0.0012908777969018934,0.02,False
case_014,3,greedy_balance,11900694,1.4872,318.7,84.398,0.011884397370813858,0.86,True
case_014,3,heft_like,11900694,1.4872,318.7,84.398,0.011884397370813858,1.12,True
case_014,3,kl_partition,12298964,1.439,318.77,85.731,0.046374109733077824,38.1,False
case_014,3,pipe_balance,8858167,1.998,372.19,80.405,0.023447220812296884,268.11,False
case_014,3,shared_input,11900694,1.4872,318.7,84.398,0.011884397370813858,1.39,True
case_014,3,topo_equal,11900694,1.4872,318.7,84.398,0.011884397370813858,0.43,False
case_015,3,greedy_balance,166650,1.0643,3.63,0.316,0.14977294034826588,0.01,True
case_015,3,heft_like,166650,1.0643,3.63,0.316,0.14977294034826588,0.02,True
case_015,3,kl_partition,176910,1.0026,3.73,0.435,0.14177765752316188,0.39,False
case_015,3,pipe_balance,161857,1.0958,5.6,0.0,0.09881615581114636,0.04,False
case_015,3,shared_input,166650,1.0643,3.63,0.316,0.14977294034826588,0.01,True
case_015,3,topo_equal,166650,1.0643,3.63,0.316,0.14977294034826588,0.0,False
case_016,3,greedy_balance,7718249,0.9996,2.42,0.852,0.6575205027854024,0.18,True
case_016,3,heft_like,7718249,0.9996,2.42,0.852,0.6575205027854024,0.22,True
case_016,3,kl_partition,7718263,0.9996,2.42,0.852,0.6575210525259687,7.98,False
case_016,3,merge_greedy,7688449,1.0035,10.62,0.0,0.06060497705057505,38.06,False
case_016,3,pipe_balance,7688449,1.0035,10.62,0.0,0.06060497705057505,27.34,False
case_016,3,shared_input,7718249,0.9996,2.42,0.852,0.6575205027854024,0.25,True
case_016,3,topo_equal,7718249,0.9996,2.42,0.852,0.6575205027854024,0.1,False
case_017,3,greedy_balance,159403,1.0214,2.26,0.106,0.18121340557546098,0.02,True
case_017,3,heft_like,159403,1.0214,2.26,0.106,0.18121340557546098,0.02,True
case_017,3,kl_partition,165009,0.9867,2.17,0.106,0.1913339770199401,0.54,False
case_017,3,pipe_balance,120209,1.3544,4.01,0.0,0.08605866729710061,0.08,False
case_017,3,shared_input,159403,1.0214,2.26,0.106,0.18121340557546098,0.01,True
case_017,3,topo_equal,159403,1.0214,2.26,0.106,0.18121340557546098,0.01,False
case_018,3,greedy_balance,760506,1.3207,10.49,0.319,0.12915095483902822,0.03,True
case_018,3,heft_like,760506,1.3207,10.49,0.319,0.12915095483902822,0.06,True
case_018,3,kl_partition,614444,1.6346,10.76,0.123,0.17865412081981707,1.21,False
case_018,3,pipe_balance,734911,1.3667,14.9,0.672,0.07284404007730323,0.32,False
case_018,3,shared_input,760506,1.3207,10.49,0.319,0.12915095483902822,0.03,True
case_018,3,topo_equal,760506,1.3207,10.49,0.319,0.12915095483902822,0.03,False
case_019,3,greedy_balance,55144,1.4715,1.13,0.008,0.21798646673730687,0.01,True
case_019,3,heft_like,55144,1.4715,1.13,0.008,0.21798646673730687,0.0,True
case_019,3,kl_partition,57992,1.3992,1.07,0.008,0.23021066607546314,0.23,False
case_019,3,merge_greedy,61971,1.3094,2.13,0.0,0.25021910214170484,0.21,False
case_019,3,pipe_balance,61971,1.3094,2.13,0.0,0.25021910214170484,0.02,False
case_019,3,shared_input,55144,1.4715,1.13,0.008,0.21798646673730687,0.0,True
case_019,3,topo_equal,55144,1.4715,1.13,0.008,0.21798646673730687,0.0,False
case_020,3,greedy_balance,792216,0.6725,39.86,18.104,0.07765850385776585,0.09,True
case_020,3,heft_like,792216,0.6725,39.86,18.104,0.07765850385776585,0.12,True
case_020,3,kl_partition,824293,0.6463,39.53,17.801,0.05274762550881954,2.49,False
case_020,3,pipe_balance,1079210,0.4936,59.7,11.325,0.04805045871559633,2.43,False
case_020,3,shared_input,792216,0.6725,39.86,18.104,0.07765850385776585,0.09,True
case_020,3,topo_equal,792216,0.6725,39.86,18.104,0.07765850385776585,0.04,False
case_021,3,greedy_balance,3572518,1.8385,73.17,5.169,0.0673629503772925,0.03,True
case_021,3,heft_like,3572518,1.8385,73.17,5.169,0.0673629503772925,0.04,True
case_021,3,kl_partition,3572518,1.8385,73.17,5.169,0.0673629503772925,2.0,True
case_021,3,pipe_balance,2780266,2.3623,93.5,7.766,0.03260173021467478,0.74,False
case_021,3,shared_input,2160167,3.0405,76.19,19.562,0.0,0.03,False
case_021,3,topo_equal,3572518,1.8385,73.17,5.169,0.0673629503772925,0.02,False
case_022,3,greedy_balance,48065,1.1813,1.52,0.099,0.2868141446732533,0.01,True
case_022,3,heft_like,48065,1.1813,1.52,0.099,0.2868141446732533,0.01,True
case_022,3,kl_partition,48065,1.1813,1.52,0.099,0.2868141446732533,0.46,True
case_022,3,pipe_balance,57981,0.9793,3.13,0.0,0.17030191735530306,0.07,False
case_022,3,shared_input,48065,1.1813,1.52,0.099,0.2868141446732533,0.01,True
case_022,3,topo_equal,48065,1.1813,1.52,0.099,0.2868141446732533,0.0,False
case_023,3,greedy_balance,87180,1.4064,1.86,0.088,0.18160783590945795,0.0,True
case_023,3,heft_like,87180,1.4064,1.86,0.088,0.18160783590945795,0.0,True
case_023,3,kl_partition,100534,1.2196,1.8,0.113,0.15847893819399647,0.35,False
case_023,3,pipe_balance,90141,1.3602,4.29,0.0,0.1424105677350164,0.04,False
case_023,3,shared_input,87180,1.4064,1.86,0.088,0.18160783590945795,0.0,True
case_023,3,topo_equal,87180,1.4064,1.86,0.088,0.18160783590945795,0.0,False
case_024,3,greedy_balance,2556709,0.9995,4.33,0.852,0.35293864215703874,0.08,True
case_024,3,heft_like,2556709,0.9995,4.33,0.852,0.35293864215703874,0.06,True
case_024,3,kl_partition,2556709,0.9995,4.33,0.852,0.35293864215703874,2.1,False
case_024,3,merge_greedy,2540001,1.006,9.04,0.0,0.24137304490878286,3.27,False
case_024,3,pipe_balance,2540001,1.006,9.04,0.0,0.24137304490878286,1.72,False
case_024,3,shared_input,2556709,0.9995,4.33,0.852,0.35293864215703874,0.06,True
case_024,3,topo_equal,2556709,0.9995,4.33,0.852,0.35293864215703874,0.02,False
case_025,3,greedy_balance,5236142,0.9287,97.49,21.318,0.009643776242719762,0.39,True
case_025,3,heft_like,5236142,0.9287,97.49,21.318,0.009643776242719762,0.51,True
case_025,3,kl_partition,4992769,0.974,96.54,21.453,0.008993295906687742,17.36,False
case_025,3,pipe_balance,2693085,1.8057,110.25,15.146,0.02537468467131622,75.29,False
case_025,3,shared_input,5236142,0.9287,97.49,21.318,0.009643776242719762,0.63,True
case_025,3,topo_equal,5236142,0.9287,97.49,21.318,0.009643776242719762,0.15,False
case_026,3,greedy_balance,80401,1.2339,2.76,0.18,0.2591635631426077,0.0,True
case_026,3,heft_like,80401,1.2339,2.76,0.18,0.2591635631426077,0.0,True
case_026,3,kl_partition,96490,1.0281,2.68,0.188,0.24819515912459034,0.22,False
case_026,3,pipe_balance,111968,0.886,4.75,0.0,0.13146944576726216,0.02,False
case_026,3,shared_input,80401,1.2339,2.76,0.18,0.2591635631426077,0.01,True
case_026,3,topo_equal,80401,1.2339,2.76,0.18,0.2591635631426077,0.0,False
case_027,3,greedy_balance,1295006,1.8254,19.47,0.647,0.0,0.02,True
case_027,3,heft_like,1295006,1.8254,19.47,0.647,0.0,0.01,True
case_027,3,kl_partition,1002522,2.358,18.47,0.688,0.13333333333333333,0.61,False
case_027,3,pipe_balance,843274,2.8033,19.57,0.59,0.12678108808290156,0.08,False
case_027,3,shared_input,847936,2.7879,31.26,0.0,0.0,0.01,False
case_027,3,topo_equal,1295006,1.8254,19.47,0.647,0.0,0.0,False
case_028,3,greedy_balance,39101643,1.1211,154.06,141.736,0.8883890861036976,0.29,True
case_028,3,heft_like,39101643,1.1211,154.06,141.736,0.8883890861036976,0.32,True
case_028,3,kl_partition,39562858,1.108,153.77,141.277,0.8927664126220083,12.19,False
case_028,3,merge_greedy,35662750,1.2292,54.28,14.308,0.002130618223673587,67.13,False
case_028,3,pipe_balance,35662750,1.2292,54.28,14.308,0.002130618223673587,88.01,False
case_028,3,shared_input,39101643,1.1211,154.06,141.736,0.8883890861036976,0.29,True
case_028,3,topo_equal,39101643,1.1211,154.06,141.736,0.8883890861036976,0.15,False
case_029,3,greedy_balance,34267,1.096,0.96,0.0,0.21381939133496,0.01,True
case_029,3,heft_like,34267,1.096,0.96,0.0,0.21381939133496,0.0,True
case_029,3,kl_partition,34905,1.0759,0.92,0.0,0.22718118737444076,0.34,False
case_029,3,merge_greedy,35241,1.0657,1.55,0.0,0.15684465993486618,0.33,False
case_029,3,pipe_balance,35241,1.0657,1.55,0.0,0.15684465993486618,0.03,False
case_029,3,shared_input,34267,1.096,0.96,0.0,0.21381939133496,0.01,True
case_029,3,topo_equal,34267,1.096,0.96,0.0,0.21381939133496,0.0,False
case_030,3,greedy_balance,2079610,1.3503,70.86,7.832,0.015242358834972153,0.17,True
case_030,3,heft_like,2079610,1.3503,70.86,7.832,0.015242358834972153,0.16,True
case_030,3,kl_partition,2460893,1.1411,70.13,10.09,0.021799091260376553,8.37,False
case_030,3,pipe_balance,1966345,1.428,83.67,4.051,0.011387112398311703,6.2,False
case_030,3,shared_input,1380387,2.0342,69.08,14.685,0.0,0.1,False
case_030,3,topo_equal,2079610,1.3503,70.86,7.832,0.015242358834972153,0.07,False
case_031,3,greedy_balance,1034543,1.3671,22.89,5.702,0.09433838489501319,0.06,True
case_031,3,heft_like,1034543,1.3671,22.89,5.702,0.09433838489501319,0.12,True
case_031,3,kl_partition,1072360,1.3189,22.79,6.188,0.10478079161702904,2.77,False
case_031,3,pipe_balance,1214785,1.1643,26.71,0.979,0.0827190969851734,1.67,False
case_031,3,shared_input,1034543,1.3671,22.89,5.702,0.09433838489501319,0.08,True
case_031,3,topo_equal,1034543,1.3671,22.89,5.702,0.09433838489501319,0.06,False
case_032,3,greedy_balance,37049,1.1186,0.84,0.0,0.2008024460413092,0.01,True
case_032,3,heft_like,37049,1.1186,0.84,0.0,0.2008024460413092,0.01,True
case_032,3,kl_partition,35026,1.1832,0.85,0.0,0.21708415566013867,0.28,False
case_032,3,merge_greedy,38643,1.0725,1.81,0.0,0.10993256093789806,0.32,False
case_032,3,pipe_balance,38643,1.0725,1.81,0.0,0.10993256093789806,0.02,False
case_032,3,shared_input,37049,1.1186,0.84,0.0,0.2008024460413092,0.0,True
case_032,3,topo_equal,37049,1.1186,0.84,0.0,0.2008024460413092,0.0,False
case_033,3,greedy_balance,1259036,1.4092,34.88,5.341,0.07626730555263765,0.03,True
case_033,3,heft_like,1259036,1.4092,34.88,5.341,0.07626730555263765,0.05,True
case_033,3,kl_partition,1259036,1.4092,34.88,5.341,0.07626730555263765,1.66,True
case_033,3,pipe_balance,1257315,1.4111,38.25,3.723,0.06146750374329911,0.48,False
case_033,3,shared_input,1259036,1.4092,34.88,5.341,0.07626730555263765,0.03,True
case_033,3,topo_equal,1259036,1.4092,34.88,5.341,0.07626730555263765,0.03,False
case_034,3,greedy_balance,680966,1.2379,16.2,1.526,0.03135726514761355,0.03,True
case_034,3,heft_like,680966,1.2379,16.2,1.526,0.03135726514761355,0.03,True
case_034,3,kl_partition,603265,1.3974,15.89,1.588,0.09277486368074939,1.69,False
case_034,3,pipe_balance,588649,1.4321,21.22,0.0,0.020809831200114887,0.58,False
case_034,3,shared_input,680966,1.2379,16.2,1.526,0.03135726514761355,0.05,True
case_034,3,topo_equal,680966,1.2379,16.2,1.526,0.03135726514761355,0.03,False
case_035,3,greedy_balance,166816,1.0165,0.77,0.0,0.36956753357720196,0.02,True
case_035,3,heft_like,166816,1.0165,0.77,0.0,0.36956753357720196,0.04,True
case_035,3,kl_partition,167013,1.0153,0.77,0.0,0.3698821753777392,1.51,False
case_035,3,pipe_balance,148727,1.1401,2.64,0.0,0.17498699703103235,0.65,False
case_035,3,shared_input,166816,1.0165,0.77,0.0,0.36956753357720196,0.02,True
case_035,3,topo_equal,166816,1.0165,0.77,0.0,0.36956753357720196,0.01,False
case_036,3,greedy_balance,423605,2.199,9.93,9.921,0.0,0.01,False
case_036,3,heft_like,423605,2.199,9.93,9.921,0.0,0.01,False
case_036,3,kl_partition,927617,1.0042,14.23,0.655,0.00684902187406361,1.14,False
case_036,3,pipe_balance,549559,1.695,15.1,2.63,0.0,0.23,False
case_036,3,shared_input,932855,0.9986,16.38,0.0,0.2496655567381773,0.02,True
case_036,3,topo_equal,932855,0.9986,16.38,0.0,0.2496655567381773,0.01,False
case_037,3,greedy_balance,137449,1.5278,5.34,0.0,0.11566265060240964,0.01,True
case_037,3,heft_like,137449,1.5278,5.34,0.0,0.11566265060240964,0.0,True
case_037,3,kl_partition,95296,2.2037,4.07,0.0,0.28337874659400547,0.32,False
case_037,3,merge_greedy,114175,1.8393,7.03,0.0,0.1981981981981982,0.32,False
case_037,3,pipe_balance,114175,1.8393,7.03,0.0,0.1981981981981982,0.02,False
case_037,3,shared_input,98027,2.1423,4.85,0.0,0.0,0.0,False
case_037,3,topo_equal,137449,1.5278,5.34,0.0,0.11566265060240964,0.0,False
case_038,3,greedy_balance,944044,1.4454,25.07,3.766,0.1098726898724268,0.1,True
case_038,3,heft_like,944044,1.4454,25.07,3.766,0.1098726898724268,0.07,True
case_038,3,kl_partition,830875,1.6423,25.0,4.015,0.11021286493292862,3.39,False
case_038,3,pipe_balance,932430,1.4634,29.4,2.174,0.07123391050192533,1.71,False
case_038,3,shared_input,944044,1.4454,25.07,3.766,0.1098726898724268,0.13,True
case_038,3,topo_equal,944044,1.4454,25.07,3.766,0.1098726898724268,0.04,False
case_039,3,greedy_balance,974805,1.4724,37.45,5.661,0.1411512553582364,0.06,True
case_039,3,heft_like,974805,1.4724,37.45,5.661,0.1411512553582364,0.09,True
case_039,3,kl_partition,859287,1.6703,38.14,6.128,0.11426066627703098,3.3,False
case_039,3,pipe_balance,880432,1.6302,47.13,5.431,0.09566126502875065,1.43,False
case_039,3,shared_input,692685,2.072,34.21,5.775,0.0,0.04,False
case_039,3,topo_equal,974805,1.4724,37.45,5.661,0.1411512553582364,0.06,False
case_040,3,greedy_balance,239422,1.0586,2.75,0.737,0.10400101649195054,0.03,True
case_040,3,heft_like,239422,1.0586,2.75,0.737,0.10400101649195054,0.03,True
case_040,3,kl_partition,240523,1.0538,2.73,0.737,0.10367478882365459,1.26,False
case_040,3,pipe_balance,228045,1.1114,4.68,0.0,0.09684960883722009,0.43,False
case_040,3,shared_input,239422,1.0586,2.75,0.737,0.10400101649195054,0.03,True
case_040,3,topo_equal,239422,1.0586,2.75,0.737,0.10400101649195054,0.02,False
case_041,3,greedy_balance,3774495,1.5907,121.29,24.123,0.05078134938846206,0.45,True
case_041,3,heft_like,3774495,1.5907,121.29,24.123,0.05078134938846206,0.42,True
case_041,3,kl_partition,3774495,1.5907,121.29,24.123,0.05078134938846206,17.34,True
case_041,3,pipe_balance,4135984,1.4516,137.71,17.723,0.08941200828910598,59.56,False
case_041,3,shared_input,3774495,1.5907,121.29,24.123,0.05078134938846206,0.52,True
case_041,3,topo_equal,3774495,1.5907,121.29,24.123,0.05078134938846206,0.13,False
case_042,3,greedy_balance,1045827,1.6128,25.94,5.853,0.1810396938180934,0.06,True
case_042,3,heft_like,1045827,1.6128,25.94,5.853,0.1810396938180934,0.08,True
case_042,3,kl_partition,927502,1.8186,25.18,4.984,0.2300234723075618,2.27,False
case_042,3,pipe_balance,820228,2.0564,28.77,3.993,0.17856429641852037,1.09,False
case_042,3,shared_input,1045827,1.6128,25.94,5.853,0.1810396938180934,0.06,True
case_042,3,topo_equal,1045827,1.6128,25.94,5.853,0.1810396938180934,0.02,False
case_043,3,greedy_balance,669296,1.0125,3.03,0.74,0.0060628301923103724,0.09,True
case_043,3,heft_like,669296,1.0125,3.03,0.74,0.0060628301923103724,0.09,True
case_043,3,kl_partition,673941,1.0055,3.02,0.736,0.044109098164352524,4.8,False
case_043,3,pipe_balance,536275,1.2636,7.1,0.352,0.045080145145633396,4.62,False
case_043,3,shared_input,669296,1.0125,3.03,0.74,0.0060628301923103724,0.11,True
case_043,3,topo_equal,669296,1.0125,3.03,0.74,0.0060628301923103724,0.04,False
case_044,3,greedy_balance,93102,1.6585,0.18,0.0,0.016515376908831477,0.01,True
case_044,3,heft_like,93102,1.6585,0.18,0.0,0.016515376908831477,0.01,True
case_044,3,kl_partition,92274,1.6734,0.18,0.0,0.01786636686822035,0.47,False
case_044,3,pipe_balance,98350,1.57,0.58,0.0,0.01838282227385299,0.08,False
case_044,3,shared_input,93102,1.6585,0.18,0.0,0.016515376908831477,0.01,True
case_044,3,topo_equal,93102,1.6585,0.18,0.0,0.016515376908831477,0.0,False
case_045,3,greedy_balance,159966,0.7853,8.4,3.273,0.22213438735177865,0.01,True
case_045,3,heft_like,159966,0.7853,8.4,3.273,0.22213438735177865,0.01,True
case_045,3,kl_partition,163977,0.766,7.94,2.851,0.1961441743503772,0.55,False
case_045,3,pipe_balance,211279,0.5945,12.79,1.09,0.15925717501406866,0.12,False
case_045,3,shared_input,159966,0.7853,8.4,3.273,0.22213438735177865,0.01,True
case_045,3,topo_equal,159966,0.7853,8.4,3.273,0.22213438735177865,0.0,False
case_046,3,greedy_balance,207750,1.3307,0.46,0.0,0.028904261064108826,0.01,True
case_046,3,heft_like,207750,1.3307,0.46,0.0,0.028904261064108826,0.01,True
case_046,3,kl_partition,205974,1.3422,0.45,0.0,0.028975793354128535,0.32,False
case_046,3,merge_greedy,224787,1.2299,1.52,0.0,0.011864098837209302,0.28,False
case_046,3,pipe_balance,224787,1.2299,1.52,0.0,0.011864098837209302,0.04,False
case_046,3,shared_input,207750,1.3307,0.46,0.0,0.028904261064108826,0.01,True
case_046,3,topo_equal,207750,1.3307,0.46,0.0,0.028904261064108826,0.0,False
case_047,3,greedy_balance,321259,1.0163,0.3,0.0,0.000764820876972628,0.16,True
case_047,3,heft_like,321259,1.0163,0.3,0.0,0.000764820876972628,0.14,True
case_047,3,kl_partition,324058,1.0076,0.3,0.0,0.0007617071433027228,11.16,False
case_047,3,merge_greedy,292378,1.1167,1.72,0.0,0.013693724188266797,19.42,False
case_047,3,pipe_balance,292378,1.1167,1.72,0.0,0.013693724188266797,12.07,False
case_047,3,shared_input,321259,1.0163,0.3,0.0,0.000764820876972628,0.27,True
case_047,3,topo_equal,321259,1.0163,0.3,0.0,0.000764820876972628,0.07,False
case_048,3,greedy_balance,221886,1.0015,0.11,0.0,0.019420209475458094,0.02,True
case_048,3,heft_like,221886,1.0015,0.11,0.0,0.019420209475458094,0.01,True
case_048,3,kl_partition,221696,1.0024,0.1,0.0,0.019508097660485387,0.68,False
case_048,3,merge_greedy,213622,1.0402,0.45,0.0,0.008120120270295612,0.63,False
case_048,3,pipe_balance,213622,1.0402,0.45,0.0,0.008120120270295612,0.12,False
case_048,3,shared_input,221886,1.0015,0.11,0.0,0.019420209475458094,0.01,True
case_048,3,topo_equal,221886,1.0015,0.11,0.0,0.019420209475458094,0.0,False
case_049,3,greedy_balance,189229,1.0372,0.9,0.018,0.035598345783546106,0.03,True
case_049,3,heft_like,189229,1.0372,0.9,0.018,0.035598345783546106,0.03,True
case_049,3,kl_partition,199052,0.9861,0.93,0.018,0.03865051497013586,1.83,False
case_049,3,merge_greedy,148946,1.3178,3.0,0.0,0.16410969802847414,2.68,False
case_049,3,pipe_balance,148946,1.3178,3.0,0.0,0.16410969802847414,0.87,False
case_049,3,shared_input,189229,1.0372,0.9,0.018,0.035598345783546106,0.08,True
case_049,3,topo_equal,189229,1.0372,0.9,0.018,0.035598345783546106,0.03,False
case_050,3,greedy_balance,138107,1.0839,0.55,0.043,0.061748788776264905,0.04,True
case_050,3,heft_like,138107,1.0839,0.55,0.043,0.061748788776264905,0.04,True
case_050,3,kl_partition,141475,1.0581,0.55,0.043,0.06504615685189105,2.05,False
case_050,3,merge_greedy,116451,1.2854,2.61,0.0,0.1568389930711977,2.74,False
case_050,3,pipe_balance,116451,1.2854,2.61,0.0,0.1568389930711977,0.97,False
case_050,3,shared_input,138107,1.0839,0.55,0.043,0.061748788776264905,0.06,True
case_050,3,topo_equal,138107,1.0839,0.55,0.043,0.061748788776264905,0.03,False
case_051,3,greedy_balance,604145,1.0058,4.52,0.0,0.2380948228908176,0.01,True
case_051,3,heft_like,604145,1.0058,4.52,0.0,0.2380948228908176,0.01,True
case_051,3,kl_partition,604157,1.0057,4.52,0.0,0.2380949612921302,0.41,False
case_051,3,merge_greedy,572014,1.0623,10.55,0.0,0.15228148032023972,0.44,False
case_051,3,pipe_balance,572014,1.0623,10.55,0.0,0.15228148032023972,0.08,False
case_051,3,shared_input,604145,1.0058,4.52,0.0,0.2380948228908176,0.01,True
case_051,3,topo_equal,604145,1.0058,4.52,0.0,0.2380948228908176,0.01,False
case_052,3,greedy_balance,175314,1.0284,2.27,0.054,0.02305900190814008,0.01,True
case_052,3,heft_like,175314,1.0284,2.27,0.054,0.02305900190814008,0.01,True
case_052,3,kl_partition,175314,1.0284,2.27,0.054,0.02305900190814008,0.47,True
case_052,3,pipe_balance,171090,1.0538,3.32,0.0,0.03621756227491588,0.04,False
case_052,3,shared_input,175314,1.0284,2.27,0.054,0.02305900190814008,0.01,True
case_052,3,topo_equal,175314,1.0284,2.27,0.054,0.02305900190814008,0.01,False
case_053,3,greedy_balance,1336544,1.1019,5.68,3.594,0.46023115075460175,0.19,True
case_053,3,heft_like,1336544,1.1019,5.68,3.594,0.46023115075460175,0.22,True
case_053,3,kl_partition,1344038,1.0957,5.7,3.602,0.4606940048924487,10.45,False
case_053,3,pipe_balance,1222109,1.205,5.91,0.0,0.0064744913215931945,16.29,False
case_053,3,shared_input,1336544,1.1019,5.68,3.594,0.46023115075460175,0.23,True
case_053,3,topo_equal,1336544,1.1019,5.68,3.594,0.46023115075460175,0.08,False
case_054,3,greedy_balance,791443,1.0298,1.11,0.169,0.0023735260273871233,0.3,True
case_054,3,heft_like,791443,1.0298,1.11,0.169,0.0023735260273871233,0.25,True
case_054,3,kl_partition,791443,1.0298,1.11,0.169,0.0023735260273871233,13.12,True
case_054,3,pipe_balance,652880,1.2484,7.24,0.465,0.03294429825801654,36.81,False
case_054,3,shared_input,791443,1.0298,1.11,0.169,0.0023735260273871233,0.27,True
case_054,3,topo_equal,791443,1.0298,1.11,0.169,0.0023735260273871233,0.12,False
case_055,3,greedy_balance,103104,1.1526,2.65,0.218,0.16408407387773122,0.01,True
case_055,3,heft_like,103104,1.1526,2.65,0.218,0.16408407387773122,0.01,True
case_055,3,kl_partition,109698,1.0833,2.59,0.214,0.13846073227880792,0.43,False
case_055,3,pipe_balance,100384,1.1838,4.13,0.0,0.07502396998348426,0.07,False
case_055,3,shared_input,103104,1.1526,2.65,0.218,0.16408407387773122,0.01,True
case_055,3,topo_equal,103104,1.1526,2.65,0.218,0.16408407387773122,0.0,False
case_056,3,greedy_balance,276832,1.0016,0.7,0.0,0.013410095208888022,0.07,True
case_056,3,heft_like,276832,1.0016,0.7,0.0,0.013410095208888022,0.07,True
case_056,3,kl_partition,279973,0.9904,0.7,0.0,0.014339612134374695,3.61,False
case_056,3,merge_greedy,221546,1.2516,3.21,0.003,0.05293294080005497,6.67,False
case_056,3,pipe_balance,221546,1.2516,3.21,0.003,0.05293294080005497,3.27,False
case_056,3,shared_input,276832,1.0016,0.7,0.0,0.013410095208888022,0.11,True
case_056,3,topo_equal,276832,1.0016,0.7,0.0,0.013410095208888022,0.04,False
case_057,3,greedy_balance,52125,1.1458,1.22,0.123,0.22070662273636757,0.01,True
case_057,3,heft_like,52125,1.1458,1.22,0.123,0.22070662273636757,0.01,True
case_057,3,kl_partition,52125,1.1458,1.22,0.123,0.22070662273636757,0.35,True
case_057,3,merge_greedy,59610,1.0019,2.51,0.0,0.14442406954631892,0.37,False
case_057,3,pipe_balance,59610,1.0019,2.51,0.0,0.14442406954631892,0.03,False
case_057,3,shared_input,52125,1.1458,1.22,0.123,0.22070662273636757,0.0,True
case_057,3,topo_equal,52125,1.1458,1.22,0.123,0.22070662273636757,0.0,False
case_058,3,greedy_balance,2488103,1.8246,125.72,107.336,0.06750788643533123,0.19,False
case_058,3,heft_like,2488103,1.8246,125.72,107.336,0.06750788643533123,0.25,False
case_058,3,kl_partition,3095350,1.4666,136.88,28.434,0.039560538927570305,17.43,False
case_058,3,pipe_balance,2790092,1.6271,152.97,25.358,0.10698283878603432,55.17,False
case_058,3,shared_input,2395308,1.8953,118.98,31.416,0.0,0.26,False
case_058,3,topo_equal,3381455,1.3425,135.85,25.301,0.09193756926486886,0.14,False
case_059,3,greedy_balance,425987,1.9472,14.65,1.016,0.20412147505422992,0.05,True
case_059,3,heft_like,425987,1.9472,14.65,1.016,0.20412147505422992,0.04,True
case_059,3,kl_partition,353482,2.3466,13.87,0.709,0.24888691006233304,1.35,False
case_059,3,pipe_balance,377055,2.1999,16.91,0.926,0.2028715271303375,0.36,False
case_059,3,shared_input,398676,2.0806,19.87,0.0,0.0,0.02,False
case_059,3,topo_equal,425987,1.9472,14.65,1.016,0.20412147505422992,0.02,False
case_060,3,greedy_balance,769986,1.1543,21.65,0.668,0.0455783775050812,0.13,True
case_060,3,heft_like,769986,1.1543,21.65,0.668,0.0455783775050812,0.11,True
case_060,3,kl_partition,688824,1.2903,21.35,2.13,0.06104752392596277,3.33,False
case_060,3,pipe_balance,567076,1.5673,27.38,1.224,0.05865230655654588,1.33,False
case_060,3,shared_input,769986,1.1543,21.65,0.668,0.0455783775050812,0.07,True
case_060,3,topo_equal,769986,1.1543,21.65,0.668,0.0455783775050812,0.09,False
case_061,3,greedy_balance,87929,0.8779,1.05,0.0,0.16977585406267726,0.01,True
case_061,3,heft_like,87929,0.8779,1.05,0.0,0.16977585406267726,0.01,True
case_061,3,kl_partition,87929,0.8779,1.05,0.0,0.16977585406267726,0.49,True
case_061,3,merge_greedy,74473,1.0365,2.05,0.0,0.09881968421344195,0.5,False
case_061,3,pipe_balance,74473,1.0365,2.05,0.0,0.09881968421344195,0.05,False
case_061,3,shared_input,87929,0.8779,1.05,0.0,0.16977585406267726,0.01,True
case_061,3,topo_equal,87929,0.8779,1.05,0.0,0.16977585406267726,0.0,False
case_062,3,greedy_balance,2603025,1.0967,57.52,11.972,0.03246860541969597,0.36,True
case_062,3,heft_like,2603025,1.0967,57.52,11.972,0.03246860541969597,0.4,True
case_062,3,kl_partition,2956120,0.9657,57.62,11.976,0.0038789546079779917,11.88,False
case_062,3,pipe_balance,1423143,2.006,67.74,4.004,0.3111719686040541,24.82,False
case_062,3,shared_input,2603025,1.0967,57.52,11.972,0.03246860541969597,0.59,True
case_062,3,topo_equal,2603025,1.0967,57.52,11.972,0.03246860541969597,0.25,False
case_063,3,greedy_balance,900079,1.1892,20.64,3.588,0.11132276744894849,0.1,True
case_063,3,heft_like,900079,1.1892,20.64,3.588,0.11132276744894849,0.09,True
case_063,3,kl_partition,1063302,1.0067,20.82,3.593,0.003409607516290347,2.53,False
case_063,3,pipe_balance,520028,2.0583,24.58,0.65,0.30739692805173807,2.37,False
case_063,3,shared_input,900079,1.1892,20.64,3.588,0.11132276744894849,0.09,True
case_063,3,topo_equal,900079,1.1892,20.64,3.588,0.11132276744894849,0.03,False
case_064,3,greedy_balance,20393,0.9374,0.07,0.0,0.03309989995712448,0.0,True
case_064,3,heft_like,20393,0.9374,0.07,0.0,0.03309989995712448,0.0,True
case_064,3,kl_partition,20914,0.914,0.06,0.0,0.04155776267642446,0.29,False
case_064,3,merge_greedy,23066,0.8288,0.17,0.0,0.09911714881417774,0.28,False
case_064,3,pipe_balance,23066,0.8288,0.17,0.0,0.09911714881417774,0.03,False
case_064,3,shared_input,20393,0.9374,0.07,0.0,0.03309989995712448,0.01,True
case_064,3,topo_equal,20393,0.9374,0.07,0.0,0.03309989995712448,0.0,False
case_065,3,greedy_balance,54065,0.9816,0.83,0.0,0.10988871224165342,0.0,True
case_065,3,heft_like,54065,0.9816,0.83,0.0,0.10988871224165342,0.0,True
case_065,3,kl_partition,52371,1.0133,0.75,0.0,0.11908731801752404,0.23,False
case_065,3,merge_greedy,47978,1.1061,1.65,0.0,0.12194892929761993,0.21,False
case_065,3,pipe_balance,47978,1.1061,1.65,0.0,0.12194892929761993,0.02,False
case_065,3,shared_input,54065,0.9816,0.83,0.0,0.10988871224165342,0.0,True
case_065,3,topo_equal,54065,0.9816,0.83,0.0,0.10988871224165342,0.0,False
case_066,3,greedy_balance,333653,1.0762,1.1,0.157,0.04927583837755701,0.06,True
case_066,3,heft_like,333653,1.0762,1.1,0.157,0.04927583837755701,0.06,True
case_066,3,kl_partition,343655,1.0449,1.09,0.154,0.05685904283328569,2.02,False
case_066,3,pipe_balance,281520,1.2755,3.21,0.01,0.09096304628557263,1.36,False
case_066,3,shared_input,333653,1.0762,1.1,0.157,0.04927583837755701,0.05,True
case_066,3,topo_equal,333653,1.0762,1.1,0.157,0.04927583837755701,0.02,False
case_067,3,greedy_balance,55940713,1.1411,213.03,205.351,0.032386255429903234,0.1,True
case_067,3,heft_like,55940713,1.1411,213.03,205.351,0.032386255429903234,0.11,True
case_067,3,kl_partition,57015247,1.1196,212.82,205.261,0.03936989299213727,2.82,False
case_067,3,pipe_balance,50660760,1.26,239.72,208.296,0.8736353216553897,3.21,False
case_067,3,shared_input,55940713,1.1411,213.03,205.351,0.032386255429903234,0.08,True
case_067,3,topo_equal,55940713,1.1411,213.03,205.351,0.032386255429903234,0.08,False
case_068,3,greedy_balance,323461,1.1194,1.0,0.162,0.014522869661956437,0.05,True
case_068,3,heft_like,323461,1.1194,1.0,0.162,0.014522869661956437,0.06,True
case_068,3,kl_partition,346869,1.0439,1.01,0.162,0.023717461224727048,1.81,False
case_068,3,pipe_balance,338603,1.0694,2.48,0.0,0.06170735762701482,1.04,False
case_068,3,shared_input,323461,1.1194,1.0,0.162,0.014522869661956437,0.03,True
case_068,3,topo_equal,323461,1.1194,1.0,0.162,0.014522869661956437,0.02,False
case_069,3,greedy_balance,26282,0.9567,0.55,0.0,0.030939721668378547,0.0,True
case_069,3,heft_like,26282,0.9567,0.55,0.0,0.030939721668378547,0.0,True
case_069,3,kl_partition,27657,0.9091,0.55,0.0,0.12366046178718548,0.33,False
case_069,3,merge_greedy,30899,0.8137,0.92,0.0,0.13693695553445356,0.28,False
case_069,3,pipe_balance,30899,0.8137,0.92,0.0,0.13693695553445356,0.03,False
case_069,3,shared_input,26282,0.9567,0.55,0.0,0.030939721668378547,0.0,True
case_069,3,topo_equal,26282,0.9567,0.55,0.0,0.030939721668378547,0.0,False
case_070,3,greedy_balance,102654,1.1427,1.8,0.156,0.10194729163576242,0.01,True
case_070,3,heft_like,102654,1.1427,1.8,0.156,0.10194729163576242,0.01,True
case_070,3,kl_partition,113558,1.033,1.72,0.152,0.10711676596774646,0.37,False
case_070,3,pipe_balance,81834,1.4334,3.04,0.0,0.03916997607886161,0.06,False
case_070,3,shared_input,102654,1.1427,1.8,0.156,0.10194729163576242,0.01,True
case_070,3,topo_equal,102654,1.1427,1.8,0.156,0.10194729163576242,0.0,False
case_071,3,greedy_balance,21698,0.8719,0.38,0.0,0.032536165776098004,0.0,True
case_071,3,heft_like,21698,0.8719,0.38,0.0,0.032536165776098004,0.0,True
case_071,3,kl_partition,21698,0.8719,0.38,0.0,0.032536165776098004,0.25,True
case_071,3,merge_greedy,23649,0.8,0.69,0.0,0.11034104076232641,0.31,False
case_071,3,pipe_balance,23911,0.7912,0.69,0.0,0.11034104076232641,0.02,False
case_071,3,shared_input,21698,0.8719,0.38,0.0,0.032536165776098004,0.0,True
case_071,3,topo_equal,21698,0.8719,0.38,0.0,0.032536165776098004,0.0,False
case_072,3,greedy_balance,17243270,1.3859,311.83,100.41,0.001422381760639629,0.57,True
case_072,3,heft_like,17243270,1.3859,311.83,100.41,0.001422381760639629,0.67,True
case_072,3,kl_partition,16234180,1.4721,311.66,100.017,0.1154353992089928,25.36,False
case_072,3,pipe_balance,14199423,1.683,376.38,102.129,0.029185600694357272,125.12,False
case_072,3,shared_input,17243270,1.3859,311.83,100.41,0.001422381760639629,0.76,True
case_072,3,topo_equal,17243270,1.3859,311.83,100.41,0.001422381760639629,0.18,False
case_073,3,greedy_balance,8718285,1.1564,106.94,105.686,0.0015059873455229994,0.04,True
case_073,3,heft_like,8718285,1.1564,106.94,105.686,0.0015059873455229994,0.03,True
case_073,3,kl_partition,9155455,1.1012,107.18,105.939,0.0015862101751672303,1.52,False
case_073,3,pipe_balance,7886928,1.2783,112.41,108.563,0.5847838625734393,1.01,False
case_073,3,shared_input,8718285,1.1564,106.94,105.686,0.0015059873455229994,0.04,True
case_073,3,topo_equal,8718285,1.1564,106.94,105.686,0.0015059873455229994,0.03,False
case_074,3,greedy_balance,1070336,1.5717,21.83,4.94,0.0321216366641903,0.03,True
case_074,3,heft_like,1070336,1.5717,21.83,4.94,0.0321216366641903,0.04,True
case_074,3,kl_partition,863722,1.9477,21.05,3.465,0.07828663592034177,1.43,False
case_074,3,pipe_balance,1014376,1.6584,23.3,3.867,0.0974624056999207,0.48,False
case_074,3,shared_input,1070336,1.5717,21.83,4.94,0.0321216366641903,0.02,True
case_074,3,topo_equal,1070336,1.5717,21.83,4.94,0.0321216366641903,0.02,False
case_075,3,greedy_balance,1416970,1.0175,0.76,0.0,5.4532218088882064e-06,0.04,True
case_075,3,heft_like,1416970,1.0175,0.76,0.0,5.4532218088882064e-06,0.05,True
case_075,3,kl_partition,1419236,1.0159,0.78,0.0,0.0019145883860960024,2.54,False
case_075,3,merge_greedy,1361713,1.0588,2.87,0.0,0.014260543287273109,4.3,False
case_075,3,pipe_balance,1361713,1.0588,2.87,0.0,0.014260543287273109,2.13,False
case_075,3,shared_input,1416970,1.0175,0.76,0.0,5.4532218088882064e-06,0.07,True
case_075,3,topo_equal,1416970,1.0175,0.76,0.0,5.4532218088882064e-06,0.03,False
case_076,3,greedy_balance,4835928,1.279,169.83,29.568,0.05847567634393094,0.46,True
case_076,3,heft_like,4835928,1.279,169.83,29.568,0.05847567634393094,0.72,True
case_076,3,kl_partition,4694419,1.3175,169.11,30.131,0.07061896110331159,28.13,False
case_076,3,pipe_balance,4092992,1.5111,196.58,24.53,0.022094765939653607,147.28,False
case_076,3,shared_input,4835928,1.279,169.83,29.568,0.05847567634393094,0.7,True
case_076,3,topo_equal,4835928,1.279,169.83,29.568,0.05847567634393094,0.2,False
case_077,3,greedy_balance,489822,1.0112,1.37,0.295,0.022401169584991984,0.03,True
case_077,3,heft_like,489822,1.0112,1.37,0.295,0.022401169584991984,0.03,True
case_077,3,kl_partition,494589,1.0015,1.32,0.243,0.02194742957531147,1.59,False
case_077,3,pipe_balance,466681,1.0614,5.67,0.008,0.033449618988240254,0.87,False
case_077,3,shared_input,489822,1.0112,1.37,0.295,0.022401169584991984,0.04,True
case_077,3,topo_equal,489822,1.0112,1.37,0.295,0.022401169584991984,0.01,False
case_078,3,greedy_balance,1910988,1.2015,5.29,4.497,0.3909086070154894,0.0,True
case_078,3,heft_like,1910988,1.2015,5.29,4.497,0.3909086070154894,0.01,True
case_078,3,kl_partition,1910988,1.2015,5.29,4.497,0.3909086070154894,0.28,False
case_078,3,merge_greedy,1954051,1.1751,2.03,0.0,0.003175723359209598,0.22,False
case_078,3,pipe_balance,1954051,1.1751,2.03,0.0,0.003175723359209598,0.03,False
case_078,3,shared_input,1910988,1.2015,5.29,4.497,0.3909086070154894,0.0,True
case_078,3,topo_equal,1910988,1.2015,5.29,4.497,0.3909086070154894,0.0,False
case_079,3,greedy_balance,17661732,1.7582,377.72,47.501,0.04034110821229703,0.28,True
case_079,3,heft_like,17661732,1.7582,377.72,47.501,0.04034110821229703,0.34,True
case_079,3,kl_partition,17485404,1.7759,375.99,53.668,0.02873703180556232,15.94,False
case_079,3,pipe_balance,12091241,2.5682,458.18,66.41,0.03065956292240146,23.61,False
case_079,3,shared_input,11463350,2.7088,432.78,106.586,0.0,0.2,False
case_079,3,topo_equal,17661732,1.7582,377.72,47.501,0.04034110821229703,0.1,False
case_080,3,greedy_balance,200497,1.4571,6.36,0.229,0.0,0.01,True
case_080,3,heft_like,200497,1.4571,6.36,0.229,0.0,0.01,True
case_080,3,kl_partition,145484,2.008,6.8,0.131,0.23062139654067906,0.43,False
case_080,3,pipe_balance,175081,1.6686,9.36,0.0,0.13097949886104784,0.04,False
case_080,3,shared_input,129638,2.2535,5.73,0.0,0.0,0.0,False
case_080,3,topo_equal,200497,1.4571,6.36,0.229,0.0,0.0,False
case_081,3,greedy_balance,148864,1.0197,3.88,0.033,0.20947330092865032,0.03,True
case_081,3,heft_like,148864,1.0197,3.88,0.033,0.20947330092865032,0.03,True
case_081,3,kl_partition,149057,1.0184,3.82,0.025,0.21951038874943024,1.3,False
case_081,3,pipe_balance,143650,1.0567,5.77,0.143,0.07738138197088713,0.48,False
case_081,3,shared_input,148864,1.0197,3.88,0.033,0.20947330092865032,0.03,True
case_081,3,topo_equal,148864,1.0197,3.88,0.033,0.20947330092865032,0.02,False
case_082,3,greedy_balance,716583,1.0062,2.03,0.313,0.0944063597560369,0.03,True
case_082,3,heft_like,716583,1.0062,2.03,0.313,0.0944063597560369,0.04,True
case_082,3,kl_partition,716583,1.0062,2.03,0.313,0.0944063597560369,1.41,True
case_082,3,merge_greedy,715598,1.0076,4.53,0.057,0.12936113516005351,1.85,False
case_082,3,pipe_balance,715598,1.0076,4.53,0.057,0.12936113516005351,0.67,False
case_082,3,shared_input,716583,1.0062,2.03,0.313,0.0944063597560369,0.02,True
case_082,3,topo_equal,716583,1.0062,2.03,0.313,0.0944063597560369,0.02,False
case_083,3,greedy_balance,782785,1.3516,1.83,0.0,0.01788654732230531,0.02,True
case_083,3,heft_like,782785,1.3516,1.83,0.0,0.01788654732230531,0.02,True
case_083,3,kl_partition,804305,1.3154,1.8,0.0,0.018021583281328482,1.11,False
case_083,3,merge_greedy,781160,1.3544,7.07,0.0,0.0017962204809803975,1.71,False
case_083,3,pipe_balance,781160,1.3544,7.07,0.0,0.0017962204809803975,0.55,False
case_083,3,shared_input,782785,1.3516,1.83,0.0,0.01788654732230531,0.02,True
case_083,3,topo_equal,782785,1.3516,1.83,0.0,0.01788654732230531,0.02,False
case_084,3,greedy_balance,2213807,1.1326,42.56,12.617,0.04178722361944064,0.16,True
case_084,3,heft_like,2213807,1.1326,42.56,12.617,0.04178722361944064,0.31,True
case_084,3,kl_partition,2322289,1.0797,41.86,12.018,0.015978176225424193,6.67,False
case_084,3,pipe_balance,1588956,1.578,56.88,3.368,0.07232187896818394,3.79,False
case_084,3,shared_input,1054826,2.3771,49.63,0.0,0.0,0.12,False
case_084,3,topo_equal,2213807,1.1326,42.56,12.617,0.04178722361944064,0.09,False
case_085,3,greedy_balance,3171841,1.0051,4.13,1.296,0.10033229414133334,0.21,True
case_085,3,heft_like,3171841,1.0051,4.13,1.296,0.10033229414133334,0.22,True
case_085,3,kl_partition,3196251,0.9974,4.27,1.409,0.10764874464228055,10.43,False
case_085,3,pipe_balance,2997688,1.0635,11.56,1.293,0.08603254270131,22.01,False
case_085,3,shared_input,3171841,1.0051,4.13,1.296,0.10033229414133334,0.24,True
case_085,3,topo_equal,3171841,1.0051,4.13,1.296,0.10033229414133334,0.1,False
case_086,3,greedy_balance,114592,1.0333,1.3,0.058,0.04314096267692063,0.03,True
case_086,3,heft_like,114592,1.0333,1.3,0.058,0.04314096267692063,0.04,True
case_086,3,kl_partition,121680,0.9731,1.31,0.058,0.054438405614023744,1.72,False
case_086,3,merge_greedy,109491,1.0814,3.3,0.0,0.13213506524988888,2.97,False
case_086,3,pipe_balance,109491,1.0814,3.3,0.0,0.13213506524988888,1.18,False
case_086,3,shared_input,114592,1.0333,1.3,0.058,0.04314096267692063,0.05,True
case_086,3,topo_equal,114592,1.0333,1.3,0.058,0.04314096267692063,0.02,False
case_087,3,greedy_balance,3969392,1.0012,16.86,1.638,0.005657940403417243,0.36,True
case_087,3,heft_like,3969392,1.0012,16.86,1.638,0.005657940403417243,0.48,True
case_087,3,kl_partition,4009417,0.9912,17.0,1.814,0.013377860696654153,16.58,False
case_087,3,pipe_balance,3878226,1.0247,19.56,3.158,0.1852877869368328,66.25,False
case_087,3,shared_input,3969392,1.0012,16.86,1.638,0.005657940403417243,0.45,True
case_087,3,topo_equal,3969392,1.0012,16.86,1.638,0.005657940403417243,0.16,False
case_088,3,greedy_balance,221316,1.1008,0.57,0.0,0.022553720807870485,0.02,True
case_088,3,heft_like,221316,1.1008,0.57,0.0,0.022553720807870485,0.02,True
case_088,3,kl_partition,225024,1.0827,0.6,0.0,0.03092341219905265,1.16,False
case_088,3,merge_greedy,225377,1.081,1.67,0.005,0.05020767288951509,1.29,False
case_088,3,pipe_balance,225377,1.081,1.67,0.005,0.05020767288951509,0.39,False
case_088,3,shared_input,221316,1.1008,0.57,0.0,0.022553720807870485,0.02,True
case_088,3,topo_equal,221316,1.1008,0.57,0.0,0.022553720807870485,0.01,False
case_089,3,greedy_balance,631037,1.0983,1.19,0.0,0.004345047923322683,0.04,True
case_089,3,heft_like,631037,1.0983,1.19,0.0,0.004345047923322683,0.04,True
case_089,3,kl_partition,630552,1.0992,1.2,0.0,0.014421252371916509,1.56,False
case_089,3,merge_greedy,614415,1.1281,3.98,0.0,0.0,2.57,False
case_089,3,pipe_balance,614415,1.1281,3.98,0.0,0.0,1.12,False
case_089,3,shared_input,631037,1.0983,1.19,0.0,0.004345047923322683,0.05,True
case_089,3,topo_equal,631037,1.0983,1.19,0.0,0.004345047923322683,0.01,False
case_090,3,greedy_balance,888766,1.3258,9.71,9.392,0.7162482235907153,0.01,True
case_090,3,heft_like,888766,1.3258,9.71,9.392,0.7162482235907153,0.01,True
case_090,3,kl_partition,888550,1.3262,9.72,9.392,0.7163107826726003,0.49,False
case_090,3,merge_greedy,737234,1.5984,0.93,0.0,0.017175418634030087,0.46,False
case_090,3,pipe_balance,737234,1.5984,0.93,0.0,0.017175418634030087,0.09,False
case_090,3,shared_input,888766,1.3258,9.71,9.392,0.7162482235907153,0.01,True
case_090,3,topo_equal,888766,1.3258,9.71,9.392,0.7162482235907153,0.0,False
case_091,3,greedy_balance,5652848,1.6252,175.26,34.317,0.11822134305937142,0.4,True
case_091,3,heft_like,5652848,1.6252,175.26,34.317,0.11822134305937142,0.44,True
case_091,3,kl_partition,6061824,1.5155,175.25,35.97,0.1137635858338019,21.7,False
case_091,3,pipe_balance,4746086,1.9357,210.05,34.733,0.2081949183571724,74.01,False
case_091,3,shared_input,5652848,1.6252,175.26,34.317,0.11822134305937142,0.66,True
case_091,3,topo_equal,5652848,1.6252,175.26,34.317,0.11822134305937142,0.25,False
case_092,3,greedy_balance,3355802,1.435,9.23,2.013,0.006564290450770207,0.15,True
case_092,3,heft_like,3355802,1.435,9.23,2.013,0.006564290450770207,0.15,True
case_092,3,kl_partition,3870120,1.2443,9.15,1.976,0.004182755726106248,6.12,False
case_092,3,pipe_balance,3625838,1.3281,33.21,5.808,0.06586526976760058,15.48,False
case_092,3,shared_input,3355802,1.435,9.23,2.013,0.006564290450770207,0.18,True
case_092,3,topo_equal,3355802,1.435,9.23,2.013,0.006564290450770207,0.08,False
case_093,3,greedy_balance,63835,1.1625,1.54,0.0,0.010606060606060607,0.0,True
case_093,3,heft_like,63835,1.1625,1.54,0.0,0.010606060606060607,0.0,True
case_093,3,kl_partition,43051,1.7237,1.03,0.0,0.014842300556586271,0.21,False
case_093,3,merge_greedy,53152,1.3961,1.7,0.0,0.008595988538681949,0.23,False
case_093,3,pipe_balance,53969,1.375,1.7,0.0,0.008595988538681949,0.01,False
case_093,3,shared_input,35271,2.1039,1.13,0.0,0.0,0.0,False
case_093,3,topo_equal,63835,1.1625,1.54,0.0,0.010606060606060607,0.0,False
case_094,3,greedy_balance,81082,1.1703,1.5,0.0,0.17861663349509135,0.0,True
case_094,3,heft_like,81082,1.1703,1.5,0.0,0.17861663349509135,0.0,True
case_094,3,kl_partition,74519,1.2734,1.44,0.016,0.16376410816076753,0.21,False
case_094,3,pipe_balance,92684,1.0238,2.35,0.0,0.10854500014363276,0.01,False
case_094,3,shared_input,81082,1.1703,1.5,0.0,0.17861663349509135,0.01,True
case_094,3,topo_equal,81082,1.1703,1.5,0.0,0.17861663349509135,0.0,False
case_095,3,greedy_balance,2115509,0.9855,74.28,23.04,0.06863434939962029,0.05,True
case_095,3,heft_like,2115509,0.9855,74.28,23.04,0.06863434939962029,0.06,True
case_095,3,kl_partition,2123394,0.9818,71.65,21.16,0.03990667441402904,1.77,False
case_095,3,pipe_balance,1838902,1.1337,97.6,6.119,0.09764035399730217,0.66,False
case_095,3,shared_input,1614629,1.2912,85.16,0.0,0.0,0.04,False
case_095,3,topo_equal,2115509,0.9855,74.28,23.04,0.06863434939962029,0.02,False
case_096,3,greedy_balance,78989,1.0659,1.34,0.0,0.2694455865891014,0.01,True
case_096,3,heft_like,78989,1.0659,1.34,0.0,0.2694455865891014,0.01,True
case_096,3,kl_partition,78149,1.0774,1.29,0.0,0.27439253689623205,0.42,False
case_096,3,pipe_balance,71671,1.1747,2.63,0.0,0.1371185360218945,0.06,False
case_096,3,shared_input,78989,1.0659,1.34,0.0,0.2694455865891014,0.01,True
case_096,3,topo_equal,78989,1.0659,1.34,0.0,0.2694455865891014,0.0,False
case_097,3,greedy_balance,5779990,1.9882,95.25,9.257,0.06632984482136413,0.07,True
case_097,3,heft_like,5779990,1.9882,95.25,9.257,0.06632984482136413,0.1,True
case_097,3,kl_partition,5445698,2.1102,94.73,10.617,0.058353345998064444,2.99,False
case_097,3,pipe_balance,4127034,2.7844,100.76,15.671,0.05526854131271454,2.02,False
case_097,3,shared_input,4024750,2.8552,155.84,11.796,0.0,0.06,False
case_097,3,topo_equal,5779990,1.9882,95.25,9.257,0.06632984482136413,0.03,False
case_098,3,greedy_balance,165877,1.0696,2.61,0.262,0.20792890034502665,0.01,True
case_098,3,heft_like,165877,1.0696,2.61,0.262,0.20792890034502665,0.01,True
case_098,3,kl_partition,168703,1.0517,2.6,0.262,0.19968127382881581,0.4,False
case_098,3,pipe_balance,170881,1.0383,7.87,0.0,0.08864173026248245,0.07,False
case_098,3,shared_input,165877,1.0696,2.61,0.262,0.20792890034502665,0.01,True
case_098,3,topo_equal,165877,1.0696,2.61,0.262,0.20792890034502665,0.0,False
case_099,3,greedy_balance,820842,1.9772,18.04,2.966,0.11693763527457593,0.04,True
case_099,3,heft_like,820842,1.9772,18.04,2.966,0.11693763527457593,0.06,True
case_099,3,kl_partition,797753,2.0345,18.44,2.881,0.11889561796019132,2.64,False
case_099,3,pipe_balance,651345,2.4918,23.6,2.909,0.0967968260127341,1.59,False
case_099,3,shared_input,820842,1.9772,18.04,2.966,0.11693763527457593,0.08,True
case_099,3,topo_equal,820842,1.9772,18.04,2.966,0.11693763527457593,0.03,False
case_100,3,greedy_balance,131482,1.1501,2.83,0.0,0.2571459298215303,0.01,True
case_100,3,heft_like,131482,1.1501,2.83,0.0,0.2571459298215303,0.01,True
case_100,3,kl_partition,131482,1.1501,2.83,0.0,0.2571459298215303,0.48,True
case_100,3,pipe_balance,150209,1.0068,5.59,0.0,0.1481953711089885,0.08,False
case_100,3,shared_input,131482,1.1501,2.83,0.0,0.2571459298215303,0.01,True
case_100,3,topo_equal,131482,1.1501,2.83,0.0,0.2571459298215303,0.01,False
