case,ver,core,op_id,op,pipe,start,end,duration,mk
case_084,pre,0,1000024773,COPY_IN,PIPE_MTE2,0,260,260,502466
case_084,pre,0,1000024775,COPY_IN,PIPE_MTE2,260,520,260,502466
case_084,pre,0,7756,MATMUL,PIPE_M,520,1108,588,502466
case_084,pre,0,1000024779,COPY_IN,PIPE_MTE2,520,525,5,502466
case_084,pre,0,1000024783,COPY_IN,PIPE_MTE2,525,785,260,502466
case_084,pre,0,1000024785,COPY_IN,PIPE_MTE2,785,1045,260,502466
case_084,pre,0,1000024789,COPY_IN,PIPE_MTE2,1045,1050,5,502466
case_084,pre,0,1000024787,COPY_IN,PIPE_MTE2,1050,1310,260,502466
case_084,pre,0,7758,DIV,PIPE_V,1108,1408,300,502466
case_084,pre,0,7768,MATMUL,PIPE_M,1108,1696,588,502466
case_084,pre,0,1000024793,COPY_IN,PIPE_MTE2,1310,1570,260,502466
case_084,pre,0,7759,REDUCE,PIPE_V,1408,1492,84,502466
case_084,pre,0,7760,SUB,PIPE_V,1492,1576,84,502466
case_084,pre,0,1000024795,COPY_IN,PIPE_MTE2,1570,1830,260,502466
case_084,pre,0,7770,DIV,PIPE_V,1696,1996,300,502466
case_084,pre,0,1000024799,COPY_IN,PIPE_MTE2,1830,1835,5,502466
case_084,pre,0,1000024797,COPY_IN,PIPE_MTE2,1835,2095,260,502466
case_084,pre,0,7771,REDUCE,PIPE_V,1996,2080,84,502466
case_084,pre,0,7772,SUB,PIPE_V,2080,2164,84,502466
case_084,pre,0,1000024803,COPY_IN,PIPE_MTE2,2095,2355,260,502466
case_084,pre,0,7773,EXP,PIPE_V,2164,2464,300,502466
case_084,pre,0,1000024805,COPY_IN,PIPE_MTE2,2355,2615,260,502466
case_084,pre,0,7774,REDUCE,PIPE_V,2464,2548,84,502466
case_084,pre,0,7775,DIV,PIPE_V,2548,2848,300,502466
case_084,pre,0,1000024809,COPY_IN,PIPE_MTE2,2615,2620,5,502466
case_084,pre,0,1000024807,COPY_IN,PIPE_MTE2,2620,2887,267,502466
case_084,pre,0,7776,MATMUL,PIPE_M,2848,3436,588,502466
case_084,pre,0,1000024813,COPY_IN,PIPE_MTE2,2887,3192,305,502466
case_084,pre,0,1000024815,COPY_IN,PIPE_MTE2,3192,3462,270,502466
case_084,pre,0,7780,MATMUL,PIPE_M,3436,4024,588,502466
case_084,pre,0,1000024791,COPY_OUT,PIPE_MTE3,3436,3881,445,502466
case_084,pre,0,1000024819,COPY_IN,PIPE_MTE2,3462,3470,8,502466
case_084,pre,0,1000024817,COPY_IN,PIPE_MTE2,3470,3907,437,502466
case_084,pre,0,1000024823,COPY_IN,PIPE_MTE2,3907,4185,278,502466
case_084,pre,0,7782,DIV,PIPE_V,4024,4324,300,502466
case_084,pre,0,1000024825,COPY_IN,PIPE_MTE2,4185,4445,260,502466
case_084,pre,0,7783,REDUCE,PIPE_V,4324,4408,84,502466
case_084,pre,0,7784,SUB,PIPE_V,4408,4492,84,502466
case_084,pre,0,1000024829,COPY_IN,PIPE_MTE2,4445,4450,5,502466
case_084,pre,0,1000024827,COPY_IN,PIPE_MTE2,4450,4710,260,502466
case_084,pre,0,7785,EXP,PIPE_V,4492,4792,300,502466
case_084,pre,0,1000024833,COPY_IN,PIPE_MTE2,4710,4970,260,502466
case_084,pre,0,7786,REDUCE,PIPE_V,4792,4876,84,502466
case_084,pre,0,7787,DIV,PIPE_V,4876,5176,300,502466
case_084,pre,0,1000024835,COPY_IN,PIPE_MTE2,4970,5241,271,502466
case_084,pre,0,7788,MATMUL,PIPE_M,5176,5764,588,502466
case_084,pre,0,1000024839,COPY_IN,PIPE_MTE2,5241,5247,6,502466
case_084,pre,0,1000024837,COPY_IN,PIPE_MTE2,5247,5547,300,502466
case_084,pre,0,1000024843,COPY_IN,PIPE_MTE2,5547,5833,286,502466
case_084,pre,0,7792,MATMUL,PIPE_M,5764,6352,588,502466
case_084,pre,0,1000024801,COPY_OUT,PIPE_MTE3,5764,6210,446,502466
case_084,pre,0,1000024845,COPY_IN,PIPE_MTE2,5833,6262,429,502466
case_084,pre,0,1000024849,COPY_IN,PIPE_MTE2,6262,6268,6,502466
case_084,pre,0,1000024847,COPY_IN,PIPE_MTE2,6268,6540,272,502466
case_084,pre,0,7794,DIV,PIPE_V,6352,6652,300,502466
case_084,pre,0,1000024853,COPY_IN,PIPE_MTE2,6540,6800,260,502466
case_084,pre,0,7795,REDUCE,PIPE_V,6652,6736,84,502466
case_084,pre,0,7796,SUB,PIPE_V,6736,6820,84,502466
case_084,pre,0,1000024855,COPY_IN,PIPE_MTE2,6800,7060,260,502466
case_084,pre,0,7797,EXP,PIPE_V,6820,7120,300,502466
case_084,pre,0,1000024859,COPY_IN,PIPE_MTE2,7060,7065,5,502466
case_084,pre,0,1000024857,COPY_IN,PIPE_MTE2,7065,7325,260,502466
case_084,pre,0,7798,REDUCE,PIPE_V,7120,7204,84,502466
case_084,pre,0,7799,DIV,PIPE_V,7204,7504,300,502466
case_084,pre,0,1000024863,COPY_IN,PIPE_MTE2,7325,7602,277,502466
case_084,pre,0,7800,MATMUL,PIPE_M,7504,8092,588,502466
case_084,pre,0,1000024865,COPY_IN,PIPE_MTE2,7602,7897,295,502466
case_084,pre,0,1000024869,COPY_IN,PIPE_MTE2,7897,7902,5,502466
case_084,pre,0,1000024867,COPY_IN,PIPE_MTE2,7902,8204,302,502466
case_084,pre,0,7804,MATMUL,PIPE_M,8092,8680,588,502466
case_084,pre,0,1000024811,COPY_OUT,PIPE_MTE3,8092,8538,446,502466
case_084,pre,0,1000024873,COPY_IN,PIPE_MTE2,8204,8622,418,502466
case_084,pre,0,1000024875,COPY_IN,PIPE_MTE2,8622,8890,268,502466
case_084,pre,0,7806,DIV,PIPE_V,8680,8980,300,502466
case_084,pre,0,1000024879,COPY_IN,PIPE_MTE2,8890,8895,5,502466
case_084,pre,0,1000024877,COPY_IN,PIPE_MTE2,8895,9155,260,502466
case_084,pre,0,7807,REDUCE,PIPE_V,8980,9064,84,502466
case_084,pre,0,7808,SUB,PIPE_V,9064,9148,84,502466
case_084,pre,0,7809,EXP,PIPE_V,9148,9448,300,502466
case_084,pre,0,1000024883,COPY_IN,PIPE_MTE2,9155,9415,260,502466
case_084,pre,0,1000024885,COPY_IN,PIPE_MTE2,9415,9675,260,502466
case_084,pre,0,7810,REDUCE,PIPE_V,9448,9532,84,502466
case_084,pre,0,7811,DIV,PIPE_V,9532,9832,300,502466
case_084,pre,0,1000024889,COPY_IN,PIPE_MTE2,9675,9680,5,502466
case_084,pre,0,1000024887,COPY_IN,PIPE_MTE2,9680,9962,282,502466
case_084,pre,0,7812,MATMUL,PIPE_M,9832,10420,588,502466
case_084,pre,0,1000024893,COPY_IN,PIPE_MTE2,9962,10252,290,502466
case_084,pre,0,1000024895,COPY_IN,PIPE_MTE2,10252,10568,316,502466
case_084,pre,0,7816,MATMUL,PIPE_M,10420,11008,588,502466
case_084,pre,0,1000024821,COPY_OUT,PIPE_MTE3,10420,10727,307,502466
case_084,pre,0,7818,DIV,PIPE_V,11008,11308,300,502466
case_084,pre,0,7819,REDUCE,PIPE_V,11308,11392,84,502466
case_084,pre,0,7820,SUB,PIPE_V,11392,11476,84,502466
case_084,pre,0,7821,EXP,PIPE_V,11476,11776,300,502466
case_084,pre,0,1000024899,COPY_IN,PIPE_MTE2,11476,11479,3,502466
case_084,pre,0,1000024897,COPY_IN,PIPE_MTE2,11479,11635,156,502466
case_084,pre,0,1000024903,COPY_IN,PIPE_MTE2,11635,11836,201,502466
case_084,pre,0,7822,REDUCE,PIPE_V,11776,11860,84,502466
case_084,pre,0,1000024905,COPY_IN,PIPE_MTE2,11836,12044,208,502466
case_084,pre,0,7823,DIV,PIPE_V,11860,12160,300,502466
case_084,pre,0,7824,MATMUL,PIPE_M,12160,12748,588,502466
case_084,pre,0,7828,MATMUL,PIPE_M,12748,13336,588,502466
case_084,pre,0,1000024831,COPY_OUT,PIPE_MTE3,12748,12904,156,502466
case_084,pre,0,7830,DIV,PIPE_V,13336,13636,300,502466
case_084,pre,0,7831,REDUCE,PIPE_V,13636,13720,84,502466
case_084,pre,0,7832,SUB,PIPE_V,13720,13804,84,502466
case_084,pre,0,7833,EXP,PIPE_V,13804,14104,300,502466
case_084,pre,0,1000024909,COPY_IN,PIPE_MTE2,13804,13807,3,502466
case_084,pre,0,1000024907,COPY_IN,PIPE_MTE2,13807,13963,156,502466
case_084,pre,0,1000024913,COPY_IN,PIPE_MTE2,13963,14164,201,502466
case_084,pre,0,7834,REDUCE,PIPE_V,14104,14188,84,502466
case_084,pre,0,1000024915,COPY_IN,PIPE_MTE2,14164,14372,208,502466
case_084,pre,0,7835,DIV,PIPE_V,14188,14488,300,502466
case_084,pre,0,7836,MATMUL,PIPE_M,14488,15076,588,502466
case_084,pre,0,7840,MATMUL,PIPE_M,15076,15664,588,502466
case_084,pre,0,1000024841,COPY_OUT,PIPE_MTE3,15076,15232,156,502466
case_084,pre,0,7842,DIV,PIPE_V,15664,15964,300,502466
case_084,pre,0,7843,REDUCE,PIPE_V,15964,16048,84,502466
case_084,pre,0,7844,SUB,PIPE_V,16048,16132,84,502466
case_084,pre,0,7845,EXP,PIPE_V,16132,16432,300,502466
case_084,pre,0,1000024919,COPY_IN,PIPE_MTE2,16132,16135,3,502466
case_084,pre,0,1000024917,COPY_IN,PIPE_MTE2,16135,16291,156,502466
case_084,pre,0,1000024923,COPY_IN,PIPE_MTE2,16291,16492,201,502466
case_084,pre,0,7846,REDUCE,PIPE_V,16432,16516,84,502466
case_084,pre,0,1000024925,COPY_IN,PIPE_MTE2,16492,16700,208,502466
case_084,pre,0,7847,DIV,PIPE_V,16516,16816,300,502466
case_084,pre,0,7848,MATMUL,PIPE_M,16816,17404,588,502466
case_084,pre,0,7852,MATMUL,PIPE_M,17404,17992,588,502466
case_084,pre,0,1000024851,COPY_OUT,PIPE_MTE3,17404,17560,156,502466
case_084,pre,0,7854,DIV,PIPE_V,17992,18292,300,502466
case_084,pre,0,7855,REDUCE,PIPE_V,18292,18376,84,502466
case_084,pre,0,7856,SUB,PIPE_V,18376,18460,84,502466
case_084,pre,0,7857,EXP,PIPE_V,18460,18760,300,502466
case_084,pre,0,1000024929,COPY_IN,PIPE_MTE2,18460,18463,3,502466
case_084,pre,0,1000024927,COPY_IN,PIPE_MTE2,18463,18619,156,502466
case_084,pre,0,1000024933,COPY_IN,PIPE_MTE2,18619,18820,201,502466
case_084,pre,0,7858,REDUCE,PIPE_V,18760,18844,84,502466
case_084,pre,0,1000024935,COPY_IN,PIPE_MTE2,18820,19028,208,502466
case_084,pre,0,7859,DIV,PIPE_V,18844,19144,300,502466
case_084,pre,0,7860,MATMUL,PIPE_M,19144,19732,588,502466
case_084,pre,0,7864,MATMUL,PIPE_M,19732,20320,588,502466
case_084,pre,0,1000024861,COPY_OUT,PIPE_MTE3,19732,19888,156,502466
case_084,pre,0,7866,DIV,PIPE_V,20320,20620,300,502466
case_084,pre,0,7867,REDUCE,PIPE_V,20620,20704,84,502466
case_084,pre,0,7868,SUB,PIPE_V,20704,20788,84,502466
case_084,pre,0,7869,EXP,PIPE_V,20788,21088,300,502466
case_084,pre,0,1000024939,COPY_IN,PIPE_MTE2,20788,20791,3,502466
case_084,pre,0,1000024937,COPY_IN,PIPE_MTE2,20791,20947,156,502466
case_084,pre,0,1000024943,COPY_IN,PIPE_MTE2,20947,21148,201,502466
case_084,pre,0,7870,REDUCE,PIPE_V,21088,21172,84,502466
case_084,pre,0,1000024945,COPY_IN,PIPE_MTE2,21148,21356,208,502466
case_084,pre,0,7871,DIV,PIPE_V,21172,21472,300,502466
case_084,pre,0,7872,MATMUL,PIPE_M,21472,22060,588,502466
case_084,pre,0,7876,MATMUL,PIPE_M,22060,22648,588,502466
case_084,pre,0,1000024871,COPY_OUT,PIPE_MTE3,22060,22216,156,502466
case_084,pre,0,7878,DIV,PIPE_V,22648,22948,300,502466
case_084,pre,0,7879,REDUCE,PIPE_V,22948,23032,84,502466
case_084,pre,0,7880,SUB,PIPE_V,23032,23116,84,502466
case_084,pre,0,7881,EXP,PIPE_V,23116,23416,300,502466
case_084,pre,0,1000024949,COPY_IN,PIPE_MTE2,23116,23119,3,502466
case_084,pre,0,1000024947,COPY_IN,PIPE_MTE2,23119,23275,156,502466
case_084,pre,0,1000024953,COPY_IN,PIPE_MTE2,23275,23476,201,502466
case_084,pre,0,7882,REDUCE,PIPE_V,23416,23500,84,502466
case_084,pre,0,1000024955,COPY_IN,PIPE_MTE2,23476,23684,208,502466
case_084,pre,0,7883,DIV,PIPE_V,23500,23800,300,502466
case_084,pre,0,7884,MATMUL,PIPE_M,23800,24388,588,502466
case_084,pre,0,7888,MATMUL,PIPE_M,24388,24976,588,502466
case_084,pre,0,1000024881,COPY_OUT,PIPE_MTE3,24388,24544,156,502466
case_084,pre,0,7890,DIV,PIPE_V,24976,25276,300,502466
case_084,pre,0,7891,REDUCE,PIPE_V,25276,25360,84,502466
case_084,pre,0,7892,SUB,PIPE_V,25360,25444,84,502466
case_084,pre,0,7893,EXP,PIPE_V,25444,25744,300,502466
case_084,pre,0,1000024959,COPY_IN,PIPE_MTE2,25444,25447,3,502466
case_084,pre,0,1000024957,COPY_IN,PIPE_MTE2,25447,25603,156,502466
case_084,pre,0,1000024963,COPY_IN,PIPE_MTE2,25603,25804,201,502466
case_084,pre,0,7894,REDUCE,PIPE_V,25744,25828,84,502466
case_084,pre,0,1000024965,COPY_IN,PIPE_MTE2,25804,26012,208,502466
case_084,pre,0,7895,DIV,PIPE_V,25828,26128,300,502466
case_084,pre,0,7896,MATMUL,PIPE_M,26128,26716,588,502466
case_084,pre,0,7900,MATMUL,PIPE_M,26716,27304,588,502466
case_084,pre,0,1000024891,COPY_OUT,PIPE_MTE3,26716,26872,156,502466
case_084,pre,0,7902,DIV,PIPE_V,27304,27604,300,502466
case_084,pre,0,7903,REDUCE,PIPE_V,27604,27688,84,502466
case_084,pre,0,7904,SUB,PIPE_V,27688,27772,84,502466
case_084,pre,0,7905,EXP,PIPE_V,27772,28072,300,502466
case_084,pre,0,1000024969,COPY_IN,PIPE_MTE2,27772,27775,3,502466
case_084,pre,0,1000024967,COPY_IN,PIPE_MTE2,27775,27931,156,502466
case_084,pre,0,1000024973,COPY_IN,PIPE_MTE2,27931,28132,201,502466
case_084,pre,0,7906,REDUCE,PIPE_V,28072,28156,84,502466
case_084,pre,0,1000024975,COPY_IN,PIPE_MTE2,28132,28340,208,502466
case_084,pre,0,7907,DIV,PIPE_V,28156,28456,300,502466
case_084,pre,0,7908,MATMUL,PIPE_M,28456,29044,588,502466
case_084,pre,0,7912,MATMUL,PIPE_M,29044,29632,588,502466
case_084,pre,0,1000024901,COPY_OUT,PIPE_MTE3,29044,29200,156,502466
case_084,pre,0,7914,DIV,PIPE_V,29632,29932,300,502466
case_084,pre,0,7915,REDUCE,PIPE_V,29932,30016,84,502466
case_084,pre,0,7916,SUB,PIPE_V,30016,30100,84,502466
case_084,pre,0,7917,EXP,PIPE_V,30100,30400,300,502466
case_084,pre,0,1000024979,COPY_IN,PIPE_MTE2,30100,30103,3,502466
case_084,pre,0,1000024977,COPY_IN,PIPE_MTE2,30103,30259,156,502466
case_084,pre,0,1000024983,COPY_IN,PIPE_MTE2,30259,30460,201,502466
case_084,pre,0,7918,REDUCE,PIPE_V,30400,30484,84,502466
case_084,pre,0,1000024985,COPY_IN,PIPE_MTE2,30460,30668,208,502466
case_084,pre,0,7919,DIV,PIPE_V,30484,30784,300,502466
case_084,pre,0,7920,MATMUL,PIPE_M,30784,31372,588,502466
case_084,pre,0,7924,MATMUL,PIPE_M,31372,31960,588,502466
case_084,pre,0,1000024911,COPY_OUT,PIPE_MTE3,31372,31528,156,502466
case_084,pre,0,7926,DIV,PIPE_V,31960,32260,300,502466
case_084,pre,0,7927,REDUCE,PIPE_V,32260,32344,84,502466
case_084,pre,0,7928,SUB,PIPE_V,32344,32428,84,502466
case_084,pre,0,7929,EXP,PIPE_V,32428,32728,300,502466
case_084,pre,0,1000024989,COPY_IN,PIPE_MTE2,32428,32431,3,502466
case_084,pre,0,1000024987,COPY_IN,PIPE_MTE2,32431,32587,156,502466
case_084,pre,0,1000024993,COPY_IN,PIPE_MTE2,32587,32788,201,502466
case_084,pre,0,7930,REDUCE,PIPE_V,32728,32812,84,502466
case_084,pre,0,1000024995,COPY_IN,PIPE_MTE2,32788,32996,208,502466
case_084,pre,0,7931,DIV,PIPE_V,32812,33112,300,502466
case_084,pre,0,7932,MATMUL,PIPE_M,33112,33700,588,502466
case_084,pre,0,7936,MATMUL,PIPE_M,33700,34288,588,502466
case_084,pre,0,1000024921,COPY_OUT,PIPE_MTE3,33700,33856,156,502466
case_084,pre,0,7938,DIV,PIPE_V,34288,34588,300,502466
case_084,pre,0,7939,REDUCE,PIPE_V,34588,34672,84,502466
case_084,pre,0,7940,SUB,PIPE_V,34672,34756,84,502466
case_084,pre,0,7941,EXP,PIPE_V,34756,35056,300,502466
case_084,pre,0,1000024999,COPY_IN,PIPE_MTE2,34756,34759,3,502466
case_084,pre,0,1000024997,COPY_IN,PIPE_MTE2,34759,34915,156,502466
case_084,pre,0,1000025003,COPY_IN,PIPE_MTE2,34915,35116,201,502466
case_084,pre,0,7942,REDUCE,PIPE_V,35056,35140,84,502466
case_084,pre,0,1000025005,COPY_IN,PIPE_MTE2,35116,35324,208,502466
case_084,pre,0,7943,DIV,PIPE_V,35140,35440,300,502466
case_084,pre,0,7944,MATMUL,PIPE_M,35440,36028,588,502466
case_084,pre,0,7948,MATMUL,PIPE_M,36028,36616,588,502466
case_084,pre,0,1000024931,COPY_OUT,PIPE_MTE3,36028,36184,156,502466
case_084,pre,0,7950,DIV,PIPE_V,36616,36916,300,502466
case_084,pre,0,7951,REDUCE,PIPE_V,36916,37000,84,502466
case_084,pre,0,7952,SUB,PIPE_V,37000,37084,84,502466
case_084,pre,0,7953,EXP,PIPE_V,37084,37384,300,502466
case_084,pre,0,1000025009,COPY_IN,PIPE_MTE2,37084,37087,3,502466
case_084,pre,0,1000025007,COPY_IN,PIPE_MTE2,37087,37243,156,502466
case_084,pre,0,1000025013,COPY_IN,PIPE_MTE2,37243,37444,201,502466
case_084,pre,0,7954,REDUCE,PIPE_V,37384,37468,84,502466
case_084,pre,0,1000025015,COPY_IN,PIPE_MTE2,37444,37652,208,502466
case_084,pre,0,7955,DIV,PIPE_V,37468,37768,300,502466
case_084,pre,0,7956,MATMUL,PIPE_M,37768,38356,588,502466
case_084,pre,0,7960,MATMUL,PIPE_M,38356,38944,588,502466
case_084,pre,0,1000024941,COPY_OUT,PIPE_MTE3,38356,38512,156,502466
case_084,pre,0,7962,DIV,PIPE_V,38944,39244,300,502466
case_084,pre,0,7963,REDUCE,PIPE_V,39244,39328,84,502466
case_084,pre,0,7964,SUB,PIPE_V,39328,39412,84,502466
case_084,pre,0,7965,EXP,PIPE_V,39412,39712,300,502466
case_084,pre,0,1000025019,COPY_IN,PIPE_MTE2,39412,39415,3,502466
case_084,pre,0,1000025017,COPY_IN,PIPE_MTE2,39415,39571,156,502466
case_084,pre,0,1000025023,COPY_IN,PIPE_MTE2,39571,39772,201,502466
case_084,pre,0,7966,REDUCE,PIPE_V,39712,39796,84,502466
case_084,pre,0,1000025025,COPY_IN,PIPE_MTE2,39772,39980,208,502466
case_084,pre,0,7967,DIV,PIPE_V,39796,40096,300,502466
case_084,pre,0,7968,MATMUL,PIPE_M,40096,40684,588,502466
case_084,pre,0,7972,MATMUL,PIPE_M,40684,41272,588,502466
case_084,pre,0,1000024951,COPY_OUT,PIPE_MTE3,40684,40840,156,502466
case_084,pre,0,7974,DIV,PIPE_V,41272,41572,300,502466
case_084,pre,0,7975,REDUCE,PIPE_V,41572,41656,84,502466
case_084,pre,0,7976,SUB,PIPE_V,41656,41740,84,502466
case_084,pre,0,7977,EXP,PIPE_V,41740,42040,300,502466
case_084,pre,0,1000025029,COPY_IN,PIPE_MTE2,41740,41743,3,502466
case_084,pre,0,1000025027,COPY_IN,PIPE_MTE2,41743,41899,156,502466
case_084,pre,0,1000025033,COPY_IN,PIPE_MTE2,41899,42100,201,502466
case_084,pre,0,7978,REDUCE,PIPE_V,42040,42124,84,502466
case_084,pre,0,1000025035,COPY_IN,PIPE_MTE2,42100,42308,208,502466
case_084,pre,0,7979,DIV,PIPE_V,42124,42424,300,502466
case_084,pre,0,7980,MATMUL,PIPE_M,42424,43012,588,502466
case_084,pre,0,7984,MATMUL,PIPE_M,43012,43600,588,502466
case_084,pre,0,1000024961,COPY_OUT,PIPE_MTE3,43012,43168,156,502466
case_084,pre,0,7986,DIV,PIPE_V,43600,43900,300,502466
case_084,pre,0,7987,REDUCE,PIPE_V,43900,43984,84,502466
case_084,pre,0,7988,SUB,PIPE_V,43984,44068,84,502466
case_084,pre,0,7989,EXP,PIPE_V,44068,44368,300,502466
case_084,pre,0,1000025039,COPY_IN,PIPE_MTE2,44068,44071,3,502466
case_084,pre,0,1000025037,COPY_IN,PIPE_MTE2,44071,44227,156,502466
case_084,pre,0,1000025043,COPY_IN,PIPE_MTE2,44227,44428,201,502466
case_084,pre,0,7990,REDUCE,PIPE_V,44368,44452,84,502466
case_084,pre,0,1000025045,COPY_IN,PIPE_MTE2,44428,44636,208,502466
case_084,pre,0,7991,DIV,PIPE_V,44452,44752,300,502466
case_084,pre,0,7992,MATMUL,PIPE_M,44752,45340,588,502466
case_084,pre,0,7996,MATMUL,PIPE_M,45340,45928,588,502466
case_084,pre,0,1000024971,COPY_OUT,PIPE_MTE3,45340,45496,156,502466
case_084,pre,0,7998,DIV,PIPE_V,45928,46228,300,502466
case_084,pre,0,7999,REDUCE,PIPE_V,46228,46312,84,502466
case_084,pre,0,8000,SUB,PIPE_V,46312,46396,84,502466
case_084,pre,0,8001,EXP,PIPE_V,46396,46696,300,502466
case_084,pre,0,1000025049,COPY_IN,PIPE_MTE2,46396,46399,3,502466
case_084,pre,0,1000025047,COPY_IN,PIPE_MTE2,46399,46555,156,502466
case_084,pre,0,1000025053,COPY_IN,PIPE_MTE2,46555,46756,201,502466
case_084,pre,0,8002,REDUCE,PIPE_V,46696,46780,84,502466
case_084,pre,0,1000025055,COPY_IN,PIPE_MTE2,46756,46964,208,502466
case_084,pre,0,8003,DIV,PIPE_V,46780,47080,300,502466
case_084,pre,0,8004,MATMUL,PIPE_M,47080,47668,588,502466
case_084,pre,0,8008,MATMUL,PIPE_M,47668,48256,588,502466
case_084,pre,0,1000024981,COPY_OUT,PIPE_MTE3,47668,47824,156,502466
case_084,pre,0,8010,DIV,PIPE_V,48256,48556,300,502466
case_084,pre,0,8011,REDUCE,PIPE_V,48556,48640,84,502466
case_084,pre,0,8012,SUB,PIPE_V,48640,48724,84,502466
case_084,pre,0,8013,EXP,PIPE_V,48724,49024,300,502466
case_084,pre,0,1000025059,COPY_IN,PIPE_MTE2,48724,48727,3,502466
case_084,pre,0,1000025057,COPY_IN,PIPE_MTE2,48727,48883,156,502466
case_084,pre,0,1000025063,COPY_IN,PIPE_MTE2,48883,49084,201,502466
case_084,pre,0,8014,REDUCE,PIPE_V,49024,49108,84,502466
case_084,pre,0,1000025065,COPY_IN,PIPE_MTE2,49084,49292,208,502466
case_084,pre,0,8015,DIV,PIPE_V,49108,49408,300,502466
case_084,pre,0,8016,MATMUL,PIPE_M,49408,49996,588,502466
case_084,pre,0,8020,MATMUL,PIPE_M,49996,50584,588,502466
case_084,pre,0,1000024991,COPY_OUT,PIPE_MTE3,49996,50152,156,502466
case_084,pre,0,8022,DIV,PIPE_V,50584,50884,300,502466
case_084,pre,0,8023,REDUCE,PIPE_V,50884,50968,84,502466
case_084,pre,0,8024,SUB,PIPE_V,50968,51052,84,502466
case_084,pre,0,8025,EXP,PIPE_V,51052,51352,300,502466
case_084,pre,0,1000025069,COPY_IN,PIPE_MTE2,51052,51055,3,502466
case_084,pre,0,1000025067,COPY_IN,PIPE_MTE2,51055,51211,156,502466
case_084,pre,0,1000025073,COPY_IN,PIPE_MTE2,51211,51412,201,502466
case_084,pre,0,8026,REDUCE,PIPE_V,51352,51436,84,502466
case_084,pre,0,1000025075,COPY_IN,PIPE_MTE2,51412,51620,208,502466
case_084,pre,0,8027,DIV,PIPE_V,51436,51736,300,502466
case_084,pre,0,8028,MATMUL,PIPE_M,51736,52324,588,502466
case_084,pre,0,8032,MATMUL,PIPE_M,52324,52912,588,502466
case_084,pre,0,1000025001,COPY_OUT,PIPE_MTE3,52324,52480,156,502466
case_084,pre,0,8034,DIV,PIPE_V,52912,53212,300,502466
case_084,pre,0,8035,REDUCE,PIPE_V,53212,53296,84,502466
case_084,pre,0,8036,SUB,PIPE_V,53296,53380,84,502466
case_084,pre,0,8037,EXP,PIPE_V,53380,53680,300,502466
case_084,pre,0,1000025079,COPY_IN,PIPE_MTE2,53380,53383,3,502466
case_084,pre,0,1000025077,COPY_IN,PIPE_MTE2,53383,53539,156,502466
case_084,pre,0,1000025083,COPY_IN,PIPE_MTE2,53539,53740,201,502466
case_084,pre,0,8038,REDUCE,PIPE_V,53680,53764,84,502466
case_084,pre,0,1000025085,COPY_IN,PIPE_MTE2,53740,53948,208,502466
case_084,pre,0,8039,DIV,PIPE_V,53764,54064,300,502466
case_084,pre,0,8040,MATMUL,PIPE_M,54064,54652,588,502466
case_084,pre,0,8044,MATMUL,PIPE_M,54652,55240,588,502466
case_084,pre,0,1000025011,COPY_OUT,PIPE_MTE3,54652,54808,156,502466
case_084,pre,0,8046,DIV,PIPE_V,55240,55540,300,502466
case_084,pre,0,8047,REDUCE,PIPE_V,55540,55624,84,502466
case_084,pre,0,8048,SUB,PIPE_V,55624,55708,84,502466
case_084,pre,0,8049,EXP,PIPE_V,55708,56008,300,502466
case_084,pre,0,1000025089,COPY_IN,PIPE_MTE2,55708,55711,3,502466
case_084,pre,0,1000025087,COPY_IN,PIPE_MTE2,55711,55867,156,502466
case_084,pre,0,1000025093,COPY_IN,PIPE_MTE2,55867,56068,201,502466
case_084,pre,0,8050,REDUCE,PIPE_V,56008,56092,84,502466
case_084,pre,0,1000025095,COPY_IN,PIPE_MTE2,56068,56276,208,502466
case_084,pre,0,8051,DIV,PIPE_V,56092,56392,300,502466
case_084,pre,0,8052,MATMUL,PIPE_M,56392,56980,588,502466
case_084,pre,0,8056,MATMUL,PIPE_M,56980,57568,588,502466
case_084,pre,0,1000025021,COPY_OUT,PIPE_MTE3,56980,57136,156,502466
case_084,pre,0,8058,DIV,PIPE_V,57568,57868,300,502466
case_084,pre,0,8059,REDUCE,PIPE_V,57868,57952,84,502466
case_084,pre,0,8060,SUB,PIPE_V,57952,58036,84,502466
case_084,pre,0,8061,EXP,PIPE_V,58036,58336,300,502466
case_084,pre,0,1000025099,COPY_IN,PIPE_MTE2,58036,58039,3,502466
case_084,pre,0,1000025097,COPY_IN,PIPE_MTE2,58039,58195,156,502466
case_084,pre,0,1000025103,COPY_IN,PIPE_MTE2,58195,58396,201,502466
case_084,pre,0,8062,REDUCE,PIPE_V,58336,58420,84,502466
case_084,pre,0,1000025105,COPY_IN,PIPE_MTE2,58396,58604,208,502466
case_084,pre,0,8063,DIV,PIPE_V,58420,58720,300,502466
case_084,pre,0,8064,MATMUL,PIPE_M,58720,59308,588,502466
case_084,pre,0,8068,MATMUL,PIPE_M,59308,59896,588,502466
case_084,pre,0,1000025031,COPY_OUT,PIPE_MTE3,59308,59464,156,502466
case_084,pre,0,8070,DIV,PIPE_V,59896,60196,300,502466
case_084,pre,0,8071,REDUCE,PIPE_V,60196,60280,84,502466
case_084,pre,0,8072,SUB,PIPE_V,60280,60364,84,502466
case_084,pre,0,8073,EXP,PIPE_V,60364,60664,300,502466
case_084,pre,0,1000025109,COPY_IN,PIPE_MTE2,60364,60367,3,502466
case_084,pre,0,1000025107,COPY_IN,PIPE_MTE2,60367,60523,156,502466
case_084,pre,0,1000025113,COPY_IN,PIPE_MTE2,60523,60724,201,502466
case_084,pre,0,8074,REDUCE,PIPE_V,60664,60748,84,502466
case_084,pre,0,1000025115,COPY_IN,PIPE_MTE2,60724,60932,208,502466
case_084,pre,0,8075,DIV,PIPE_V,60748,61048,300,502466
case_084,pre,0,8076,MATMUL,PIPE_M,61048,61636,588,502466
case_084,pre,0,8080,MATMUL,PIPE_M,61636,62224,588,502466
case_084,pre,0,1000025041,COPY_OUT,PIPE_MTE3,61636,61792,156,502466
case_084,pre,0,8082,DIV,PIPE_V,62224,62524,300,502466
case_084,pre,0,8083,REDUCE,PIPE_V,62524,62608,84,502466
case_084,pre,0,8084,SUB,PIPE_V,62608,62692,84,502466
case_084,pre,0,8085,EXP,PIPE_V,62692,62992,300,502466
case_084,pre,0,1000025119,COPY_IN,PIPE_MTE2,62692,62695,3,502466
case_084,pre,0,1000025117,COPY_IN,PIPE_MTE2,62695,62851,156,502466
case_084,pre,0,1000025123,COPY_IN,PIPE_MTE2,62851,63052,201,502466
case_084,pre,0,8086,REDUCE,PIPE_V,62992,63076,84,502466
case_084,pre,0,1000025125,COPY_IN,PIPE_MTE2,63052,63260,208,502466
case_084,pre,0,8087,DIV,PIPE_V,63076,63376,300,502466
case_084,pre,0,8088,MATMUL,PIPE_M,63376,63964,588,502466
case_084,pre,0,8092,MATMUL,PIPE_M,63964,64552,588,502466
case_084,pre,0,1000025051,COPY_OUT,PIPE_MTE3,63964,64120,156,502466
case_084,pre,0,8094,DIV,PIPE_V,64552,64852,300,502466
case_084,pre,0,8095,REDUCE,PIPE_V,64852,64936,84,502466
case_084,pre,0,8096,SUB,PIPE_V,64936,65020,84,502466
case_084,pre,0,8097,EXP,PIPE_V,65020,65320,300,502466
case_084,pre,0,1000025129,COPY_IN,PIPE_MTE2,65020,65023,3,502466
case_084,pre,0,1000025127,COPY_IN,PIPE_MTE2,65023,65179,156,502466
case_084,pre,0,1000025133,COPY_IN,PIPE_MTE2,65179,65380,201,502466
case_084,pre,0,8098,REDUCE,PIPE_V,65320,65404,84,502466
case_084,pre,0,1000025135,COPY_IN,PIPE_MTE2,65380,65588,208,502466
case_084,pre,0,8099,DIV,PIPE_V,65404,65704,300,502466
case_084,pre,0,8100,MATMUL,PIPE_M,65704,66292,588,502466
case_084,pre,0,8104,MATMUL,PIPE_M,66292,66880,588,502466
case_084,pre,0,1000025061,COPY_OUT,PIPE_MTE3,66292,66448,156,502466
case_084,pre,0,8106,DIV,PIPE_V,66880,67180,300,502466
case_084,pre,0,8107,REDUCE,PIPE_V,67180,67264,84,502466
case_084,pre,0,8108,SUB,PIPE_V,67264,67348,84,502466
case_084,pre,0,8109,EXP,PIPE_V,67348,67648,300,502466
case_084,pre,0,1000025139,COPY_IN,PIPE_MTE2,67348,67351,3,502466
case_084,pre,0,1000025137,COPY_IN,PIPE_MTE2,67351,67507,156,502466
case_084,pre,0,1000025143,COPY_IN,PIPE_MTE2,67507,67708,201,502466
case_084,pre,0,8110,REDUCE,PIPE_V,67648,67732,84,502466
case_084,pre,0,1000025145,COPY_IN,PIPE_MTE2,67708,67916,208,502466
case_084,pre,0,8111,DIV,PIPE_V,67732,68032,300,502466
case_084,pre,0,8112,MATMUL,PIPE_M,68032,68620,588,502466
case_084,pre,0,8116,MATMUL,PIPE_M,68620,69208,588,502466
case_084,pre,0,1000025071,COPY_OUT,PIPE_MTE3,68620,68776,156,502466
case_084,pre,0,8118,DIV,PIPE_V,69208,69508,300,502466
case_084,pre,0,8119,REDUCE,PIPE_V,69508,69592,84,502466
case_084,pre,0,8120,SUB,PIPE_V,69592,69676,84,502466
case_084,pre,0,8121,EXP,PIPE_V,69676,69976,300,502466
case_084,pre,0,1000025149,COPY_IN,PIPE_MTE2,69676,69679,3,502466
case_084,pre,0,1000025147,COPY_IN,PIPE_MTE2,69679,69835,156,502466
case_084,pre,0,1000025153,COPY_IN,PIPE_MTE2,69835,70036,201,502466
case_084,pre,0,8122,REDUCE,PIPE_V,69976,70060,84,502466
case_084,pre,0,1000025155,COPY_IN,PIPE_MTE2,70036,70244,208,502466
case_084,pre,0,8123,DIV,PIPE_V,70060,70360,300,502466
case_084,pre,0,8124,MATMUL,PIPE_M,70360,70948,588,502466
case_084,pre,0,8128,MATMUL,PIPE_M,70948,71536,588,502466
case_084,pre,0,1000025081,COPY_OUT,PIPE_MTE3,70948,71104,156,502466
case_084,pre,0,8130,DIV,PIPE_V,71536,71836,300,502466
case_084,pre,0,8131,REDUCE,PIPE_V,71836,71920,84,502466
case_084,pre,0,8132,SUB,PIPE_V,71920,72004,84,502466
case_084,pre,0,8133,EXP,PIPE_V,72004,72304,300,502466
case_084,pre,0,1000025159,COPY_IN,PIPE_MTE2,72004,72007,3,502466
case_084,pre,0,1000025157,COPY_IN,PIPE_MTE2,72007,72163,156,502466
case_084,pre,0,1000025163,COPY_IN,PIPE_MTE2,72163,72364,201,502466
case_084,pre,0,8134,REDUCE,PIPE_V,72304,72388,84,502466
case_084,pre,0,1000025165,COPY_IN,PIPE_MTE2,72364,72572,208,502466
case_084,pre,0,8135,DIV,PIPE_V,72388,72688,300,502466
case_084,pre,0,8136,MATMUL,PIPE_M,72688,73276,588,502466
case_084,pre,0,8140,MATMUL,PIPE_M,73276,73864,588,502466
case_084,pre,0,1000025091,COPY_OUT,PIPE_MTE3,73276,73432,156,502466
case_084,pre,0,8142,DIV,PIPE_V,73864,74164,300,502466
case_084,pre,0,8143,REDUCE,PIPE_V,74164,74248,84,502466
case_084,pre,0,8144,SUB,PIPE_V,74248,74332,84,502466
case_084,pre,0,8145,EXP,PIPE_V,74332,74632,300,502466
case_084,pre,0,1000025169,COPY_IN,PIPE_MTE2,74332,74335,3,502466
case_084,pre,0,1000025167,COPY_IN,PIPE_MTE2,74335,74491,156,502466
case_084,pre,0,1000025173,COPY_IN,PIPE_MTE2,74491,74692,201,502466
case_084,pre,0,8146,REDUCE,PIPE_V,74632,74716,84,502466
case_084,pre,0,1000025175,COPY_IN,PIPE_MTE2,74692,74900,208,502466
case_084,pre,0,8147,DIV,PIPE_V,74716,75016,300,502466
case_084,pre,0,8148,MATMUL,PIPE_M,75016,75604,588,502466
case_084,pre,0,8152,MATMUL,PIPE_M,75604,76192,588,502466
case_084,pre,0,1000025101,COPY_OUT,PIPE_MTE3,75604,75760,156,502466
case_084,pre,0,8154,DIV,PIPE_V,76192,76492,300,502466
case_084,pre,0,8155,REDUCE,PIPE_V,76492,76576,84,502466
case_084,pre,0,8156,SUB,PIPE_V,76576,76660,84,502466
case_084,pre,0,8157,EXP,PIPE_V,76660,76960,300,502466
case_084,pre,0,1000025179,COPY_IN,PIPE_MTE2,76660,76663,3,502466
case_084,pre,0,1000025177,COPY_IN,PIPE_MTE2,76663,76819,156,502466
case_084,pre,0,1000025183,COPY_IN,PIPE_MTE2,76819,77020,201,502466
case_084,pre,0,8158,REDUCE,PIPE_V,76960,77044,84,502466
case_084,pre,0,1000025185,COPY_IN,PIPE_MTE2,77020,77228,208,502466
case_084,pre,0,8159,DIV,PIPE_V,77044,77344,300,502466
case_084,pre,0,8160,MATMUL,PIPE_M,77344,77932,588,502466
case_084,pre,0,8164,MATMUL,PIPE_M,77932,78520,588,502466
case_084,pre,0,1000025111,COPY_OUT,PIPE_MTE3,77932,78088,156,502466
case_084,pre,0,8166,DIV,PIPE_V,78520,78820,300,502466
case_084,pre,0,8167,REDUCE,PIPE_V,78820,78904,84,502466
case_084,pre,0,8168,SUB,PIPE_V,78904,78988,84,502466
case_084,pre,0,8169,EXP,PIPE_V,78988,79288,300,502466
case_084,pre,0,1000025189,COPY_IN,PIPE_MTE2,78988,78991,3,502466
case_084,pre,0,1000025187,COPY_IN,PIPE_MTE2,78991,79147,156,502466
case_084,pre,0,1000025193,COPY_IN,PIPE_MTE2,79147,79348,201,502466
case_084,pre,0,8170,REDUCE,PIPE_V,79288,79372,84,502466
case_084,pre,0,1000025195,COPY_IN,PIPE_MTE2,79348,79556,208,502466
case_084,pre,0,8171,DIV,PIPE_V,79372,79672,300,502466
case_084,pre,0,8172,MATMUL,PIPE_M,79672,80260,588,502466
case_084,pre,0,8176,MATMUL,PIPE_M,80260,80848,588,502466
case_084,pre,0,1000025121,COPY_OUT,PIPE_MTE3,80260,80416,156,502466
case_084,pre,0,8178,DIV,PIPE_V,80848,81148,300,502466
case_084,pre,0,8179,REDUCE,PIPE_V,81148,81232,84,502466
case_084,pre,0,8180,SUB,PIPE_V,81232,81316,84,502466
case_084,pre,0,8181,EXP,PIPE_V,81316,81616,300,502466
case_084,pre,0,1000025199,COPY_IN,PIPE_MTE2,81316,81319,3,502466
case_084,pre,0,1000025197,COPY_IN,PIPE_MTE2,81319,81475,156,502466
case_084,pre,0,1000025203,COPY_IN,PIPE_MTE2,81475,81676,201,502466
case_084,pre,0,8182,REDUCE,PIPE_V,81616,81700,84,502466
case_084,pre,0,1000025205,COPY_IN,PIPE_MTE2,81676,81884,208,502466
case_084,pre,0,8183,DIV,PIPE_V,81700,82000,300,502466
case_084,pre,0,8184,MATMUL,PIPE_M,82000,82588,588,502466
case_084,pre,0,8188,MATMUL,PIPE_M,82588,83176,588,502466
case_084,pre,0,1000025131,COPY_OUT,PIPE_MTE3,82588,82744,156,502466
case_084,pre,0,8190,DIV,PIPE_V,83176,83476,300,502466
case_084,pre,0,8191,REDUCE,PIPE_V,83476,83560,84,502466
case_084,pre,0,8192,SUB,PIPE_V,83560,83644,84,502466
case_084,pre,0,8193,EXP,PIPE_V,83644,83944,300,502466
case_084,pre,0,1000025209,COPY_IN,PIPE_MTE2,83644,83647,3,502466
case_084,pre,0,1000025207,COPY_IN,PIPE_MTE2,83647,83803,156,502466
case_084,pre,0,1000025213,COPY_IN,PIPE_MTE2,83803,84004,201,502466
case_084,pre,0,8194,REDUCE,PIPE_V,83944,84028,84,502466
case_084,pre,0,1000025215,COPY_IN,PIPE_MTE2,84004,84212,208,502466
case_084,pre,0,8195,DIV,PIPE_V,84028,84328,300,502466
case_084,pre,0,8196,MATMUL,PIPE_M,84328,84916,588,502466
case_084,pre,0,8200,MATMUL,PIPE_M,84916,85504,588,502466
case_084,pre,0,1000025141,COPY_OUT,PIPE_MTE3,84916,85072,156,502466
case_084,pre,0,8202,DIV,PIPE_V,85504,85804,300,502466
case_084,pre,0,8203,REDUCE,PIPE_V,85804,85888,84,502466
case_084,pre,0,8204,SUB,PIPE_V,85888,85972,84,502466
case_084,pre,0,8205,EXP,PIPE_V,85972,86272,300,502466
case_084,pre,0,1000025219,COPY_IN,PIPE_MTE2,85972,85975,3,502466
case_084,pre,0,1000025217,COPY_IN,PIPE_MTE2,85975,86131,156,502466
case_084,pre,0,1000025223,COPY_IN,PIPE_MTE2,86131,86332,201,502466
case_084,pre,0,8206,REDUCE,PIPE_V,86272,86356,84,502466
case_084,pre,0,1000025225,COPY_IN,PIPE_MTE2,86332,86540,208,502466
case_084,pre,0,8207,DIV,PIPE_V,86356,86656,300,502466
case_084,pre,0,8208,MATMUL,PIPE_M,86656,87244,588,502466
case_084,pre,0,8212,MATMUL,PIPE_M,87244,87832,588,502466
case_084,pre,0,1000025151,COPY_OUT,PIPE_MTE3,87244,87400,156,502466
case_084,pre,0,8214,DIV,PIPE_V,87832,88132,300,502466
case_084,pre,0,8215,REDUCE,PIPE_V,88132,88216,84,502466
case_084,pre,0,8216,SUB,PIPE_V,88216,88300,84,502466
case_084,pre,0,8217,EXP,PIPE_V,88300,88600,300,502466
case_084,pre,0,1000025229,COPY_IN,PIPE_MTE2,88300,88303,3,502466
case_084,pre,0,1000025227,COPY_IN,PIPE_MTE2,88303,88459,156,502466
case_084,pre,0,1000025233,COPY_IN,PIPE_MTE2,88459,88660,201,502466
case_084,pre,0,8218,REDUCE,PIPE_V,88600,88684,84,502466
case_084,pre,0,1000025235,COPY_IN,PIPE_MTE2,88660,88868,208,502466
case_084,pre,0,8219,DIV,PIPE_V,88684,88984,300,502466
case_084,pre,0,8220,MATMUL,PIPE_M,88984,89572,588,502466
case_084,pre,0,8224,MATMUL,PIPE_M,89572,90160,588,502466
case_084,pre,0,1000025161,COPY_OUT,PIPE_MTE3,89572,89728,156,502466
case_084,pre,0,8226,DIV,PIPE_V,90160,90460,300,502466
case_084,pre,0,8227,REDUCE,PIPE_V,90460,90544,84,502466
case_084,pre,0,8228,SUB,PIPE_V,90544,90628,84,502466
case_084,pre,0,8229,EXP,PIPE_V,90628,90928,300,502466
case_084,pre,0,1000025239,COPY_IN,PIPE_MTE2,90628,90631,3,502466
case_084,pre,0,1000025237,COPY_IN,PIPE_MTE2,90631,90787,156,502466
case_084,pre,0,1000025243,COPY_IN,PIPE_MTE2,90787,90988,201,502466
case_084,pre,0,8230,REDUCE,PIPE_V,90928,91012,84,502466
case_084,pre,0,1000025245,COPY_IN,PIPE_MTE2,90988,91196,208,502466
case_084,pre,0,8231,DIV,PIPE_V,91012,91312,300,502466
case_084,pre,0,8232,MATMUL,PIPE_M,91312,91900,588,502466
case_084,pre,0,8236,MATMUL,PIPE_M,91900,92488,588,502466
case_084,pre,0,1000025171,COPY_OUT,PIPE_MTE3,91900,92056,156,502466
case_084,pre,0,8238,DIV,PIPE_V,92488,92788,300,502466
case_084,pre,0,8239,REDUCE,PIPE_V,92788,92872,84,502466
case_084,pre,0,8240,SUB,PIPE_V,92872,92956,84,502466
case_084,pre,0,8241,EXP,PIPE_V,92956,93256,300,502466
case_084,pre,0,1000025249,COPY_IN,PIPE_MTE2,92956,92959,3,502466
case_084,pre,0,1000025247,COPY_IN,PIPE_MTE2,92959,93115,156,502466
case_084,pre,0,1000025253,COPY_IN,PIPE_MTE2,93115,93316,201,502466
case_084,pre,0,8242,REDUCE,PIPE_V,93256,93340,84,502466
case_084,pre,0,1000025255,COPY_IN,PIPE_MTE2,93316,93524,208,502466
case_084,pre,0,8243,DIV,PIPE_V,93340,93640,300,502466
case_084,pre,0,8244,MATMUL,PIPE_M,93640,94228,588,502466
case_084,pre,0,8248,MATMUL,PIPE_M,94228,94816,588,502466
case_084,pre,0,1000025181,COPY_OUT,PIPE_MTE3,94228,94384,156,502466
case_084,pre,0,8250,DIV,PIPE_V,94816,95116,300,502466
case_084,pre,0,8251,REDUCE,PIPE_V,95116,95200,84,502466
case_084,pre,0,8252,SUB,PIPE_V,95200,95284,84,502466
case_084,pre,0,8253,EXP,PIPE_V,95284,95584,300,502466
case_084,pre,0,1000025259,COPY_IN,PIPE_MTE2,95284,95287,3,502466
case_084,pre,0,1000025257,COPY_IN,PIPE_MTE2,95287,95443,156,502466
case_084,pre,0,1000025263,COPY_IN,PIPE_MTE2,95443,95644,201,502466
case_084,pre,0,8254,REDUCE,PIPE_V,95584,95668,84,502466
case_084,pre,0,1000025265,COPY_IN,PIPE_MTE2,95644,95852,208,502466
case_084,pre,0,8255,DIV,PIPE_V,95668,95968,300,502466
case_084,pre,0,8256,MATMUL,PIPE_M,95968,96556,588,502466
case_084,pre,0,8260,MATMUL,PIPE_M,96556,97144,588,502466
case_084,pre,0,1000025191,COPY_OUT,PIPE_MTE3,96556,96712,156,502466
case_084,pre,0,8262,DIV,PIPE_V,97144,97444,300,502466
case_084,pre,0,8263,REDUCE,PIPE_V,97444,97528,84,502466
case_084,pre,0,8264,SUB,PIPE_V,97528,97612,84,502466
case_084,pre,0,8265,EXP,PIPE_V,97612,97912,300,502466
case_084,pre,0,1000025269,COPY_IN,PIPE_MTE2,97612,97615,3,502466
case_084,pre,0,1000025267,COPY_IN,PIPE_MTE2,97615,97771,156,502466
case_084,pre,0,1000025273,COPY_IN,PIPE_MTE2,97771,97972,201,502466
case_084,pre,0,8266,REDUCE,PIPE_V,97912,97996,84,502466
case_084,pre,0,1000025275,COPY_IN,PIPE_MTE2,97972,98180,208,502466
case_084,pre,0,8267,DIV,PIPE_V,97996,98296,300,502466
case_084,pre,0,8268,MATMUL,PIPE_M,98296,98884,588,502466
case_084,pre,0,8272,MATMUL,PIPE_M,98884,99472,588,502466
case_084,pre,0,1000025201,COPY_OUT,PIPE_MTE3,98884,99040,156,502466
case_084,pre,0,8274,DIV,PIPE_V,99472,99772,300,502466
case_084,pre,0,8275,REDUCE,PIPE_V,99772,99856,84,502466
case_084,pre,0,8276,SUB,PIPE_V,99856,99940,84,502466
case_084,pre,0,8277,EXP,PIPE_V,99940,100240,300,502466
case_084,pre,0,1000025279,COPY_IN,PIPE_MTE2,99940,99943,3,502466
case_084,pre,0,1000025277,COPY_IN,PIPE_MTE2,99943,100099,156,502466
case_084,pre,0,1000025283,COPY_IN,PIPE_MTE2,100099,100300,201,502466
case_084,pre,0,8278,REDUCE,PIPE_V,100240,100324,84,502466
case_084,pre,0,1000025285,COPY_IN,PIPE_MTE2,100300,100508,208,502466
case_084,pre,0,8279,DIV,PIPE_V,100324,100624,300,502466
case_084,pre,0,8280,MATMUL,PIPE_M,100624,101212,588,502466
case_084,pre,0,8284,MATMUL,PIPE_M,101212,101800,588,502466
case_084,pre,0,1000025211,COPY_OUT,PIPE_MTE3,101212,101368,156,502466
case_084,pre,0,8286,DIV,PIPE_V,101800,102100,300,502466
case_084,pre,0,8287,REDUCE,PIPE_V,102100,102184,84,502466
case_084,pre,0,8288,SUB,PIPE_V,102184,102268,84,502466
case_084,pre,0,8289,EXP,PIPE_V,102268,102568,300,502466
case_084,pre,0,1000025289,COPY_IN,PIPE_MTE2,102268,102271,3,502466
case_084,pre,0,1000025287,COPY_IN,PIPE_MTE2,102271,102427,156,502466
case_084,pre,0,1000025293,COPY_IN,PIPE_MTE2,102427,102628,201,502466
case_084,pre,0,8290,REDUCE,PIPE_V,102568,102652,84,502466
case_084,pre,0,1000025295,COPY_IN,PIPE_MTE2,102628,102836,208,502466
case_084,pre,0,8291,DIV,PIPE_V,102652,102952,300,502466
case_084,pre,0,8292,MATMUL,PIPE_M,102952,103540,588,502466
case_084,pre,0,8296,MATMUL,PIPE_M,103540,104128,588,502466
case_084,pre,0,1000025221,COPY_OUT,PIPE_MTE3,103540,103696,156,502466
case_084,pre,0,8298,DIV,PIPE_V,104128,104428,300,502466
case_084,pre,0,8299,REDUCE,PIPE_V,104428,104512,84,502466
case_084,pre,0,8300,SUB,PIPE_V,104512,104596,84,502466
case_084,pre,0,8301,EXP,PIPE_V,104596,104896,300,502466
case_084,pre,0,1000025299,COPY_IN,PIPE_MTE2,104596,104599,3,502466
case_084,pre,0,1000025297,COPY_IN,PIPE_MTE2,104599,104755,156,502466
case_084,pre,0,1000025303,COPY_IN,PIPE_MTE2,104755,104956,201,502466
case_084,pre,0,8302,REDUCE,PIPE_V,104896,104980,84,502466
case_084,pre,0,1000025305,COPY_IN,PIPE_MTE2,104956,105164,208,502466
case_084,pre,0,8303,DIV,PIPE_V,104980,105280,300,502466
case_084,pre,0,8304,MATMUL,PIPE_M,105280,105868,588,502466
case_084,pre,0,8308,MATMUL,PIPE_M,105868,106456,588,502466
case_084,pre,0,1000025231,COPY_OUT,PIPE_MTE3,105868,106024,156,502466
case_084,pre,0,8310,DIV,PIPE_V,106456,106756,300,502466
case_084,pre,0,8311,REDUCE,PIPE_V,106756,106840,84,502466
case_084,pre,0,8312,SUB,PIPE_V,106840,106924,84,502466
case_084,pre,0,8313,EXP,PIPE_V,106924,107224,300,502466
case_084,pre,0,1000025309,COPY_IN,PIPE_MTE2,106924,106927,3,502466
case_084,pre,0,1000025307,COPY_IN,PIPE_MTE2,106927,107083,156,502466
case_084,pre,0,1000025313,COPY_IN,PIPE_MTE2,107083,107284,201,502466
case_084,pre,0,8314,REDUCE,PIPE_V,107224,107308,84,502466
case_084,pre,0,1000025315,COPY_IN,PIPE_MTE2,107284,107492,208,502466
case_084,pre,0,8315,DIV,PIPE_V,107308,107608,300,502466
case_084,pre,0,8316,MATMUL,PIPE_M,107608,108196,588,502466
case_084,pre,0,8320,MATMUL,PIPE_M,108196,108784,588,502466
case_084,pre,0,1000025241,COPY_OUT,PIPE_MTE3,108196,108352,156,502466
case_084,pre,0,8322,DIV,PIPE_V,108784,109084,300,502466
case_084,pre,0,8323,REDUCE,PIPE_V,109084,109168,84,502466
case_084,pre,0,8324,SUB,PIPE_V,109168,109252,84,502466
case_084,pre,0,8325,EXP,PIPE_V,109252,109552,300,502466
case_084,pre,0,1000025319,COPY_IN,PIPE_MTE2,109252,109255,3,502466
case_084,pre,0,1000025317,COPY_IN,PIPE_MTE2,109255,109411,156,502466
case_084,pre,0,1000025323,COPY_IN,PIPE_MTE2,109411,109612,201,502466
case_084,pre,0,8326,REDUCE,PIPE_V,109552,109636,84,502466
case_084,pre,0,1000025325,COPY_IN,PIPE_MTE2,109612,109820,208,502466
case_084,pre,0,8327,DIV,PIPE_V,109636,109936,300,502466
case_084,pre,0,8328,MATMUL,PIPE_M,109936,110524,588,502466
case_084,pre,0,8332,MATMUL,PIPE_M,110524,111112,588,502466
case_084,pre,0,1000025251,COPY_OUT,PIPE_MTE3,110524,110680,156,502466
case_084,pre,0,8334,DIV,PIPE_V,111112,111412,300,502466
case_084,pre,0,8335,REDUCE,PIPE_V,111412,111496,84,502466
case_084,pre,0,8336,SUB,PIPE_V,111496,111580,84,502466
case_084,pre,0,8337,EXP,PIPE_V,111580,111880,300,502466
case_084,pre,0,1000025329,COPY_IN,PIPE_MTE2,111580,111583,3,502466
case_084,pre,0,1000025327,COPY_IN,PIPE_MTE2,111583,111739,156,502466
case_084,pre,0,1000025333,COPY_IN,PIPE_MTE2,111739,111940,201,502466
case_084,pre,0,8338,REDUCE,PIPE_V,111880,111964,84,502466
case_084,pre,0,1000025335,COPY_IN,PIPE_MTE2,111940,112148,208,502466
case_084,pre,0,8339,DIV,PIPE_V,111964,112264,300,502466
case_084,pre,0,8340,MATMUL,PIPE_M,112264,112852,588,502466
case_084,pre,0,8344,MATMUL,PIPE_M,112852,113440,588,502466
case_084,pre,0,1000025261,COPY_OUT,PIPE_MTE3,112852,113008,156,502466
case_084,pre,0,8346,DIV,PIPE_V,113440,113740,300,502466
case_084,pre,0,8347,REDUCE,PIPE_V,113740,113824,84,502466
case_084,pre,0,8348,SUB,PIPE_V,113824,113908,84,502466
case_084,pre,0,8349,EXP,PIPE_V,113908,114208,300,502466
case_084,pre,0,1000025339,COPY_IN,PIPE_MTE2,113908,113911,3,502466
case_084,pre,0,1000025337,COPY_IN,PIPE_MTE2,113911,114067,156,502466
case_084,pre,0,1000025343,COPY_IN,PIPE_MTE2,114067,114268,201,502466
case_084,pre,0,8350,REDUCE,PIPE_V,114208,114292,84,502466
case_084,pre,0,1000025345,COPY_IN,PIPE_MTE2,114268,114476,208,502466
case_084,pre,0,8351,DIV,PIPE_V,114292,114592,300,502466
case_084,pre,0,8352,MATMUL,PIPE_M,114592,115180,588,502466
case_084,pre,0,8356,MATMUL,PIPE_M,115180,115768,588,502466
case_084,pre,0,1000025271,COPY_OUT,PIPE_MTE3,115180,115336,156,502466
case_084,pre,0,8358,DIV,PIPE_V,115768,116068,300,502466
case_084,pre,0,8359,REDUCE,PIPE_V,116068,116152,84,502466
case_084,pre,0,8360,SUB,PIPE_V,116152,116236,84,502466
case_084,pre,0,8361,EXP,PIPE_V,116236,116536,300,502466
case_084,pre,0,1000025349,COPY_IN,PIPE_MTE2,116236,116239,3,502466
case_084,pre,0,1000025347,COPY_IN,PIPE_MTE2,116239,116395,156,502466
case_084,pre,0,1000025353,COPY_IN,PIPE_MTE2,116395,116596,201,502466
case_084,pre,0,8362,REDUCE,PIPE_V,116536,116620,84,502466
case_084,pre,0,1000025355,COPY_IN,PIPE_MTE2,116596,116804,208,502466
case_084,pre,0,8363,DIV,PIPE_V,116620,116920,300,502466
case_084,pre,0,8364,MATMUL,PIPE_M,116920,117508,588,502466
case_084,pre,0,8368,MATMUL,PIPE_M,117508,118096,588,502466
case_084,pre,0,1000025281,COPY_OUT,PIPE_MTE3,117508,117664,156,502466
case_084,pre,0,8370,DIV,PIPE_V,118096,118396,300,502466
case_084,pre,0,8371,REDUCE,PIPE_V,118396,118480,84,502466
case_084,pre,0,8372,SUB,PIPE_V,118480,118564,84,502466
case_084,pre,0,8373,EXP,PIPE_V,118564,118864,300,502466
case_084,pre,0,1000025359,COPY_IN,PIPE_MTE2,118564,118567,3,502466
case_084,pre,0,1000025357,COPY_IN,PIPE_MTE2,118567,118723,156,502466
case_084,pre,0,1000025363,COPY_IN,PIPE_MTE2,118723,118924,201,502466
case_084,pre,0,8374,REDUCE,PIPE_V,118864,118948,84,502466
case_084,pre,0,1000025365,COPY_IN,PIPE_MTE2,118924,119132,208,502466
case_084,pre,0,8375,DIV,PIPE_V,118948,119248,300,502466
case_084,pre,0,8376,MATMUL,PIPE_M,119248,119836,588,502466
case_084,pre,0,8380,MATMUL,PIPE_M,119836,120424,588,502466
case_084,pre,0,1000025291,COPY_OUT,PIPE_MTE3,119836,119992,156,502466
case_084,pre,0,8382,DIV,PIPE_V,120424,120724,300,502466
case_084,pre,0,8383,REDUCE,PIPE_V,120724,120808,84,502466
case_084,pre,0,8384,SUB,PIPE_V,120808,120892,84,502466
case_084,pre,0,8385,EXP,PIPE_V,120892,121192,300,502466
case_084,pre,0,1000025369,COPY_IN,PIPE_MTE2,120892,120895,3,502466
case_084,pre,0,1000025367,COPY_IN,PIPE_MTE2,120895,121051,156,502466
case_084,pre,0,1000025373,COPY_IN,PIPE_MTE2,121051,121252,201,502466
case_084,pre,0,8386,REDUCE,PIPE_V,121192,121276,84,502466
case_084,pre,0,1000025375,COPY_IN,PIPE_MTE2,121252,121460,208,502466
case_084,pre,0,8387,DIV,PIPE_V,121276,121576,300,502466
case_084,pre,0,8388,MATMUL,PIPE_M,121576,122164,588,502466
case_084,pre,0,8392,MATMUL,PIPE_M,122164,122752,588,502466
case_084,pre,0,1000025301,COPY_OUT,PIPE_MTE3,122164,122320,156,502466
case_084,pre,0,8394,DIV,PIPE_V,122752,123052,300,502466
case_084,pre,0,8395,REDUCE,PIPE_V,123052,123136,84,502466
case_084,pre,0,8396,SUB,PIPE_V,123136,123220,84,502466
case_084,pre,0,8397,EXP,PIPE_V,123220,123520,300,502466
case_084,pre,0,1000025379,COPY_IN,PIPE_MTE2,123220,123223,3,502466
case_084,pre,0,1000025377,COPY_IN,PIPE_MTE2,123223,123379,156,502466
case_084,pre,0,1000025383,COPY_IN,PIPE_MTE2,123379,123580,201,502466
case_084,pre,0,8398,REDUCE,PIPE_V,123520,123604,84,502466
case_084,pre,0,1000025385,COPY_IN,PIPE_MTE2,123580,123788,208,502466
case_084,pre,0,8399,DIV,PIPE_V,123604,123904,300,502466
case_084,pre,0,8400,MATMUL,PIPE_M,123904,124492,588,502466
case_084,pre,0,8404,MATMUL,PIPE_M,124492,125080,588,502466
case_084,pre,0,1000025311,COPY_OUT,PIPE_MTE3,124492,124648,156,502466
case_084,pre,0,8406,DIV,PIPE_V,125080,125380,300,502466
case_084,pre,0,8407,REDUCE,PIPE_V,125380,125464,84,502466
case_084,pre,0,8408,SUB,PIPE_V,125464,125548,84,502466
case_084,pre,0,8409,EXP,PIPE_V,125548,125848,300,502466
case_084,pre,0,1000025389,COPY_IN,PIPE_MTE2,125548,125551,3,502466
case_084,pre,0,1000025387,COPY_IN,PIPE_MTE2,125551,125707,156,502466
case_084,pre,0,1000025393,COPY_IN,PIPE_MTE2,125707,125908,201,502466
case_084,pre,0,8410,REDUCE,PIPE_V,125848,125932,84,502466
case_084,pre,0,1000025395,COPY_IN,PIPE_MTE2,125908,126116,208,502466
case_084,pre,0,8411,DIV,PIPE_V,125932,126232,300,502466
case_084,pre,0,8412,MATMUL,PIPE_M,126232,126820,588,502466
case_084,pre,0,8416,MATMUL,PIPE_M,126820,127408,588,502466
case_084,pre,0,1000025321,COPY_OUT,PIPE_MTE3,126820,126976,156,502466
case_084,pre,0,8418,DIV,PIPE_V,127408,127708,300,502466
case_084,pre,0,8419,REDUCE,PIPE_V,127708,127792,84,502466
case_084,pre,0,8420,SUB,PIPE_V,127792,127876,84,502466
case_084,pre,0,8421,EXP,PIPE_V,127876,128176,300,502466
case_084,pre,0,1000025399,COPY_IN,PIPE_MTE2,127876,127879,3,502466
case_084,pre,0,1000025397,COPY_IN,PIPE_MTE2,127879,128035,156,502466
case_084,pre,0,1000025403,COPY_IN,PIPE_MTE2,128035,128236,201,502466
case_084,pre,0,8422,REDUCE,PIPE_V,128176,128260,84,502466
case_084,pre,0,1000025405,COPY_IN,PIPE_MTE2,128236,128444,208,502466
case_084,pre,0,8423,DIV,PIPE_V,128260,128560,300,502466
case_084,pre,0,8424,MATMUL,PIPE_M,128560,129148,588,502466
case_084,pre,0,8428,MATMUL,PIPE_M,129148,129736,588,502466
case_084,pre,0,1000025331,COPY_OUT,PIPE_MTE3,129148,129304,156,502466
case_084,pre,0,8430,DIV,PIPE_V,129736,130036,300,502466
case_084,pre,0,8431,REDUCE,PIPE_V,130036,130120,84,502466
case_084,pre,0,8432,SUB,PIPE_V,130120,130204,84,502466
case_084,pre,0,8433,EXP,PIPE_V,130204,130504,300,502466
case_084,pre,0,1000025409,COPY_IN,PIPE_MTE2,130204,130207,3,502466
case_084,pre,0,1000025407,COPY_IN,PIPE_MTE2,130207,130363,156,502466
case_084,pre,0,1000025413,COPY_IN,PIPE_MTE2,130363,130564,201,502466
case_084,pre,0,8434,REDUCE,PIPE_V,130504,130588,84,502466
case_084,pre,0,1000025415,COPY_IN,PIPE_MTE2,130564,130772,208,502466
case_084,pre,0,8435,DIV,PIPE_V,130588,130888,300,502466
case_084,pre,0,8436,MATMUL,PIPE_M,130888,131476,588,502466
case_084,pre,0,8440,MATMUL,PIPE_M,131476,132064,588,502466
case_084,pre,0,1000025341,COPY_OUT,PIPE_MTE3,131476,131632,156,502466
case_084,pre,0,8442,DIV,PIPE_V,132064,132364,300,502466
case_084,pre,0,8443,REDUCE,PIPE_V,132364,132448,84,502466
case_084,pre,0,8444,SUB,PIPE_V,132448,132532,84,502466
case_084,pre,0,8445,EXP,PIPE_V,132532,132832,300,502466
case_084,pre,0,1000025419,COPY_IN,PIPE_MTE2,132532,132535,3,502466
case_084,pre,0,1000025417,COPY_IN,PIPE_MTE2,132535,132691,156,502466
case_084,pre,0,1000025423,COPY_IN,PIPE_MTE2,132691,132892,201,502466
case_084,pre,0,8446,REDUCE,PIPE_V,132832,132916,84,502466
case_084,pre,0,1000025425,COPY_IN,PIPE_MTE2,132892,133100,208,502466
case_084,pre,0,8447,DIV,PIPE_V,132916,133216,300,502466
case_084,pre,0,8448,MATMUL,PIPE_M,133216,133804,588,502466
case_084,pre,0,8452,MATMUL,PIPE_M,133804,134392,588,502466
case_084,pre,0,1000025351,COPY_OUT,PIPE_MTE3,133804,133960,156,502466
case_084,pre,0,8454,DIV,PIPE_V,134392,134692,300,502466
case_084,pre,0,8455,REDUCE,PIPE_V,134692,134776,84,502466
case_084,pre,0,8456,SUB,PIPE_V,134776,134860,84,502466
case_084,pre,0,8457,EXP,PIPE_V,134860,135160,300,502466
case_084,pre,0,1000025429,COPY_IN,PIPE_MTE2,134860,134863,3,502466
case_084,pre,0,1000025427,COPY_IN,PIPE_MTE2,134863,135019,156,502466
case_084,pre,0,1000025433,COPY_IN,PIPE_MTE2,135019,135220,201,502466
case_084,pre,0,8458,REDUCE,PIPE_V,135160,135244,84,502466
case_084,pre,0,1000025435,COPY_IN,PIPE_MTE2,135220,135428,208,502466
case_084,pre,0,8459,DIV,PIPE_V,135244,135544,300,502466
case_084,pre,0,8460,MATMUL,PIPE_M,135544,136132,588,502466
case_084,pre,0,8464,MATMUL,PIPE_M,136132,136720,588,502466
case_084,pre,0,1000025361,COPY_OUT,PIPE_MTE3,136132,136288,156,502466
case_084,pre,0,8466,DIV,PIPE_V,136720,137020,300,502466
case_084,pre,0,8467,REDUCE,PIPE_V,137020,137104,84,502466
case_084,pre,0,8468,SUB,PIPE_V,137104,137188,84,502466
case_084,pre,0,8469,EXP,PIPE_V,137188,137488,300,502466
case_084,pre,0,1000025439,COPY_IN,PIPE_MTE2,137188,137191,3,502466
case_084,pre,0,1000025437,COPY_IN,PIPE_MTE2,137191,137347,156,502466
case_084,pre,0,1000025443,COPY_IN,PIPE_MTE2,137347,137548,201,502466
case_084,pre,0,8470,REDUCE,PIPE_V,137488,137572,84,502466
case_084,pre,0,1000025445,COPY_IN,PIPE_MTE2,137548,137756,208,502466
case_084,pre,0,8471,DIV,PIPE_V,137572,137872,300,502466
case_084,pre,0,8472,MATMUL,PIPE_M,137872,138460,588,502466
case_084,pre,0,8476,MATMUL,PIPE_M,138460,139048,588,502466
case_084,pre,0,1000025371,COPY_OUT,PIPE_MTE3,138460,138616,156,502466
case_084,pre,0,8478,DIV,PIPE_V,139048,139348,300,502466
case_084,pre,0,8479,REDUCE,PIPE_V,139348,139432,84,502466
case_084,pre,0,8480,SUB,PIPE_V,139432,139516,84,502466
case_084,pre,0,8481,EXP,PIPE_V,139516,139816,300,502466
case_084,pre,0,1000025449,COPY_IN,PIPE_MTE2,139516,139519,3,502466
case_084,pre,0,1000025447,COPY_IN,PIPE_MTE2,139519,139675,156,502466
case_084,pre,0,1000025453,COPY_IN,PIPE_MTE2,139675,139876,201,502466
case_084,pre,0,8482,REDUCE,PIPE_V,139816,139900,84,502466
case_084,pre,0,1000025455,COPY_IN,PIPE_MTE2,139876,140084,208,502466
case_084,pre,0,8483,DIV,PIPE_V,139900,140200,300,502466
case_084,pre,0,8484,MATMUL,PIPE_M,140200,140788,588,502466
case_084,pre,0,8488,MATMUL,PIPE_M,140788,141376,588,502466
case_084,pre,0,1000025381,COPY_OUT,PIPE_MTE3,140788,140944,156,502466
case_084,pre,0,8490,DIV,PIPE_V,141376,141676,300,502466
case_084,pre,0,8491,REDUCE,PIPE_V,141676,141760,84,502466
case_084,pre,0,8492,SUB,PIPE_V,141760,141844,84,502466
case_084,pre,0,8493,EXP,PIPE_V,141844,142144,300,502466
case_084,pre,0,1000025459,COPY_IN,PIPE_MTE2,141844,141847,3,502466
case_084,pre,0,1000025457,COPY_IN,PIPE_MTE2,141847,142003,156,502466
case_084,pre,0,1000025463,COPY_IN,PIPE_MTE2,142003,142204,201,502466
case_084,pre,0,8494,REDUCE,PIPE_V,142144,142228,84,502466
case_084,pre,0,1000025465,COPY_IN,PIPE_MTE2,142204,142412,208,502466
case_084,pre,0,8495,DIV,PIPE_V,142228,142528,300,502466
case_084,pre,0,8496,MATMUL,PIPE_M,142528,143116,588,502466
case_084,pre,0,8500,MATMUL,PIPE_M,143116,143704,588,502466
case_084,pre,0,1000025391,COPY_OUT,PIPE_MTE3,143116,143272,156,502466
case_084,pre,0,8502,DIV,PIPE_V,143704,144004,300,502466
case_084,pre,0,8503,REDUCE,PIPE_V,144004,144088,84,502466
case_084,pre,0,8504,SUB,PIPE_V,144088,144172,84,502466
case_084,pre,0,8505,EXP,PIPE_V,144172,144472,300,502466
case_084,pre,0,1000025469,COPY_IN,PIPE_MTE2,144172,144175,3,502466
case_084,pre,0,1000025467,COPY_IN,PIPE_MTE2,144175,144331,156,502466
case_084,pre,0,1000025473,COPY_IN,PIPE_MTE2,144331,144532,201,502466
case_084,pre,0,8506,REDUCE,PIPE_V,144472,144556,84,502466
case_084,pre,0,1000025475,COPY_IN,PIPE_MTE2,144532,144740,208,502466
case_084,pre,0,8507,DIV,PIPE_V,144556,144856,300,502466
case_084,pre,0,8508,MATMUL,PIPE_M,144856,145444,588,502466
case_084,pre,0,8512,MATMUL,PIPE_M,145444,146032,588,502466
case_084,pre,0,1000025401,COPY_OUT,PIPE_MTE3,145444,145600,156,502466
case_084,pre,0,8514,DIV,PIPE_V,146032,146332,300,502466
case_084,pre,0,8515,REDUCE,PIPE_V,146332,146416,84,502466
case_084,pre,0,8516,SUB,PIPE_V,146416,146500,84,502466
case_084,pre,0,8517,EXP,PIPE_V,146500,146800,300,502466
case_084,pre,0,1000025479,COPY_IN,PIPE_MTE2,146500,146503,3,502466
case_084,pre,0,1000025477,COPY_IN,PIPE_MTE2,146503,146659,156,502466
case_084,pre,0,1000025483,COPY_IN,PIPE_MTE2,146659,146860,201,502466
case_084,pre,0,8518,REDUCE,PIPE_V,146800,146884,84,502466
case_084,pre,0,1000025485,COPY_IN,PIPE_MTE2,146860,147068,208,502466
case_084,pre,0,8519,DIV,PIPE_V,146884,147184,300,502466
case_084,pre,0,8520,MATMUL,PIPE_M,147184,147772,588,502466
case_084,pre,0,8524,MATMUL,PIPE_M,147772,148360,588,502466
case_084,pre,0,1000025411,COPY_OUT,PIPE_MTE3,147772,147928,156,502466
case_084,pre,0,8526,DIV,PIPE_V,148360,148660,300,502466
case_084,pre,0,8527,REDUCE,PIPE_V,148660,148744,84,502466
case_084,pre,0,8528,SUB,PIPE_V,148744,148828,84,502466
case_084,pre,0,8529,EXP,PIPE_V,148828,149128,300,502466
case_084,pre,0,1000025489,COPY_IN,PIPE_MTE2,148828,148831,3,502466
case_084,pre,0,1000025487,COPY_IN,PIPE_MTE2,148831,148987,156,502466
case_084,pre,0,1000024763,COPY_IN,PIPE_MTE2,148987,149188,201,502466
case_084,pre,0,8530,REDUCE,PIPE_V,149128,149212,84,502466
case_084,pre,0,1000024765,COPY_IN,PIPE_MTE2,149188,149352,164,502466
case_084,pre,0,8531,DIV,PIPE_V,149212,149512,300,502466
case_084,pre,0,8532,MATMUL,PIPE_M,149512,150100,588,502466
case_084,pre,0,8536,MATMUL,PIPE_M,150100,150688,588,502466
case_084,pre,0,1000025421,COPY_OUT,PIPE_MTE3,150100,150256,156,502466
case_084,pre,0,8538,DIV,PIPE_V,150688,150988,300,502466
case_084,pre,0,8539,REDUCE,PIPE_V,150988,151072,84,502466
case_084,pre,0,8540,SUB,PIPE_V,151072,151156,84,502466
case_084,pre,0,8541,EXP,PIPE_V,151156,151456,300,502466
case_084,pre,0,1000024769,COPY_IN,PIPE_MTE2,151156,151159,3,502466
case_084,pre,0,1000024767,COPY_IN,PIPE_MTE2,151159,151315,156,502466
case_084,pre,0,1000024777,COPY_IN,PIPE_MTE2,151315,151471,156,502466
case_084,pre,0,8542,REDUCE,PIPE_V,151456,151540,84,502466
case_084,pre,0,1000023743,COPY_IN,PIPE_MTE2,151471,151627,156,502466
case_084,pre,0,8543,DIV,PIPE_V,151540,151840,300,502466
case_084,pre,0,1000023745,COPY_IN,PIPE_MTE2,151627,151679,52,502466
case_084,pre,0,1000023753,COPY_IN,PIPE_MTE2,151679,151731,52,502466
case_084,pre,0,1000023755,COPY_IN,PIPE_MTE2,151731,151783,52,502466
case_084,pre,0,8544,MATMUL,PIPE_M,151840,152428,588,502466
case_084,pre,0,8548,MATMUL,PIPE_M,152428,153016,588,502466
case_084,pre,0,1000025431,COPY_OUT,PIPE_MTE3,152428,152584,156,502466
case_084,pre,0,8550,DIV,PIPE_V,153016,153316,300,502466
case_084,pre,0,8551,REDUCE,PIPE_V,153316,153400,84,502466
case_084,pre,0,8552,SUB,PIPE_V,153400,153484,84,502466
case_084,pre,0,8553,EXP,PIPE_V,153484,153784,300,502466
case_084,pre,0,8554,REDUCE,PIPE_V,153784,153868,84,502466
case_084,pre,0,8555,DIV,PIPE_V,153868,154168,300,502466
case_084,pre,0,8556,MATMUL,PIPE_M,154168,154756,588,502466
case_084,pre,0,1000023759,COPY_IN,PIPE_MTE2,154168,154170,2,502466
case_084,pre,0,1000023757,COPY_IN,PIPE_MTE2,154170,154273,103,502466
case_084,pre,0,1000023763,COPY_IN,PIPE_MTE2,154273,154325,52,502466
case_084,pre,0,1000023765,COPY_IN,PIPE_MTE2,154325,154377,52,502466
case_084,pre,0,8560,MATMUL,PIPE_M,154756,155344,588,502466
case_084,pre,0,1000025441,COPY_OUT,PIPE_MTE3,154756,154912,156,502466
case_084,pre,0,8562,DIV,PIPE_V,155344,155644,300,502466
case_084,pre,0,8563,REDUCE,PIPE_V,155644,155728,84,502466
case_084,pre,0,8564,SUB,PIPE_V,155728,155812,84,502466
case_084,pre,0,8565,EXP,PIPE_V,155812,156112,300,502466
case_084,pre,0,8566,REDUCE,PIPE_V,156112,156196,84,502466
case_084,pre,0,8567,DIV,PIPE_V,156196,156496,300,502466
case_084,pre,0,8568,MATMUL,PIPE_M,156496,157084,588,502466
case_084,pre,0,1000023769,COPY_IN,PIPE_MTE2,156496,156498,2,502466
case_084,pre,0,1000023767,COPY_IN,PIPE_MTE2,156498,156601,103,502466
case_084,pre,0,1000023773,COPY_IN,PIPE_MTE2,156601,156653,52,502466
case_084,pre,0,1000023775,COPY_IN,PIPE_MTE2,156653,156705,52,502466
case_084,pre,0,8572,MATMUL,PIPE_M,157084,157672,588,502466
case_084,pre,0,1000025451,COPY_OUT,PIPE_MTE3,157084,157240,156,502466
case_084,pre,0,8574,DIV,PIPE_V,157672,157972,300,502466
case_084,pre,0,8575,REDUCE,PIPE_V,157972,158056,84,502466
case_084,pre,0,8576,SUB,PIPE_V,158056,158140,84,502466
case_084,pre,0,8577,EXP,PIPE_V,158140,158440,300,502466
case_084,pre,0,8578,REDUCE,PIPE_V,158440,158524,84,502466
case_084,pre,0,8579,DIV,PIPE_V,158524,158824,300,502466
case_084,pre,0,8580,MATMUL,PIPE_M,158824,159412,588,502466
case_084,pre,0,1000023779,COPY_IN,PIPE_MTE2,158824,158826,2,502466
case_084,pre,0,1000023777,COPY_IN,PIPE_MTE2,158826,158929,103,502466
case_084,pre,0,1000023783,COPY_IN,PIPE_MTE2,158929,158981,52,502466
case_084,pre,0,1000023785,COPY_IN,PIPE_MTE2,158981,159033,52,502466
case_084,pre,0,8584,MATMUL,PIPE_M,159412,160000,588,502466
case_084,pre,0,1000025461,COPY_OUT,PIPE_MTE3,159412,159568,156,502466
case_084,pre,0,8586,DIV,PIPE_V,160000,160300,300,502466
case_084,pre,0,8587,REDUCE,PIPE_V,160300,160384,84,502466
case_084,pre,0,8588,SUB,PIPE_V,160384,160468,84,502466
case_084,pre,0,8589,EXP,PIPE_V,160468,160768,300,502466
case_084,pre,0,8590,REDUCE,PIPE_V,160768,160852,84,502466
case_084,pre,0,8591,DIV,PIPE_V,160852,161152,300,502466
case_084,pre,0,8592,MATMUL,PIPE_M,161152,161740,588,502466
case_084,pre,0,1000023789,COPY_IN,PIPE_MTE2,161152,161154,2,502466
case_084,pre,0,1000023787,COPY_IN,PIPE_MTE2,161154,161257,103,502466
case_084,pre,0,1000023793,COPY_IN,PIPE_MTE2,161257,161309,52,502466
case_084,pre,0,1000023795,COPY_IN,PIPE_MTE2,161309,161361,52,502466
case_084,pre,0,8596,MATMUL,PIPE_M,161740,162328,588,502466
case_084,pre,0,1000025471,COPY_OUT,PIPE_MTE3,161740,161896,156,502466
case_084,pre,0,8598,DIV,PIPE_V,162328,162628,300,502466
case_084,pre,0,8599,REDUCE,PIPE_V,162628,162712,84,502466
case_084,pre,0,8600,SUB,PIPE_V,162712,162796,84,502466
case_084,pre,0,8601,EXP,PIPE_V,162796,163096,300,502466
case_084,pre,0,8602,REDUCE,PIPE_V,163096,163180,84,502466
case_084,pre,0,8603,DIV,PIPE_V,163180,163480,300,502466
case_084,pre,0,8604,MATMUL,PIPE_M,163480,164068,588,502466
case_084,pre,0,1000023799,COPY_IN,PIPE_MTE2,163480,163482,2,502466
case_084,pre,0,1000023797,COPY_IN,PIPE_MTE2,163482,163585,103,502466
case_084,pre,0,1000023803,COPY_IN,PIPE_MTE2,163585,163637,52,502466
case_084,pre,0,1000023805,COPY_IN,PIPE_MTE2,163637,163689,52,502466
case_084,pre,0,8608,MATMUL,PIPE_M,164068,164656,588,502466
case_084,pre,0,1000025481,COPY_OUT,PIPE_MTE3,164068,164224,156,502466
case_084,pre,0,8610,DIV,PIPE_V,164656,164956,300,502466
case_084,pre,0,8611,REDUCE,PIPE_V,164956,165040,84,502466
case_084,pre,0,8612,SUB,PIPE_V,165040,165124,84,502466
case_084,pre,0,8613,EXP,PIPE_V,165124,165424,300,502466
case_084,pre,0,8614,REDUCE,PIPE_V,165424,165508,84,502466
case_084,pre,0,8615,DIV,PIPE_V,165508,165808,300,502466
case_084,pre,0,8616,MATMUL,PIPE_M,165808,166396,588,502466
case_084,pre,0,1000023809,COPY_IN,PIPE_MTE2,165808,165810,2,502466
case_084,pre,0,1000023807,COPY_IN,PIPE_MTE2,165810,165913,103,502466
case_084,pre,0,1000023813,COPY_IN,PIPE_MTE2,165913,165965,52,502466
case_084,pre,0,1000023815,COPY_IN,PIPE_MTE2,165965,166017,52,502466
case_084,pre,0,7744,MATMUL,PIPE_M,166396,166984,588,502466
case_084,pre,0,1000025491,COPY_OUT,PIPE_MTE3,166396,166552,156,502466
case_084,pre,0,7746,DIV,PIPE_V,166984,167284,300,502466
case_084,pre,0,7747,REDUCE,PIPE_V,167284,167368,84,502466
case_084,pre,0,7748,SUB,PIPE_V,167368,167452,84,502466
case_084,pre,0,7749,EXP,PIPE_V,167452,167752,300,502466
case_084,pre,0,7750,REDUCE,PIPE_V,167752,167836,84,502466
case_084,pre,0,7751,DIV,PIPE_V,167836,168136,300,502466
case_084,pre,0,7752,MATMUL,PIPE_M,168136,168724,588,502466
case_084,pre,0,7761,EXP,PIPE_V,168136,168436,300,502466
case_084,pre,0,1000023819,COPY_IN,PIPE_MTE2,168136,168138,2,502466
case_084,pre,0,1000023817,COPY_IN,PIPE_MTE2,168138,168242,104,502466
case_084,pre,0,1000023823,COPY_IN,PIPE_MTE2,168242,168346,104,502466
case_084,pre,0,1000023825,COPY_IN,PIPE_MTE2,168346,168450,104,502466
case_084,pre,0,7762,REDUCE,PIPE_V,168436,168520,84,502466
case_084,pre,0,7763,DIV,PIPE_V,168520,168820,300,502466
case_084,pre,0,1000024771,COPY_OUT,PIPE_MTE3,168724,168997,273,502466
case_084,pre,0,7764,MATMUL,PIPE_M,168820,169408,588,502466
case_084,pre,0,6520,MATMUL,PIPE_M,169408,169996,588,502466
case_084,pre,0,1000023829,COPY_IN,PIPE_MTE2,169408,169411,3,502466
case_084,pre,0,1000024781,COPY_OUT,PIPE_MTE3,169408,169564,156,502466
case_084,pre,0,1000023827,COPY_IN,PIPE_MTE2,169411,169566,155,502466
case_084,pre,0,1000023833,COPY_IN,PIPE_MTE2,169566,169670,104,502466
case_084,pre,0,1000023835,COPY_IN,PIPE_MTE2,169670,169774,104,502466
case_084,pre,0,6532,MATMUL,PIPE_M,169996,170584,588,502466
case_084,pre,0,6534,DIV,PIPE_V,170584,170884,300,502466
case_084,pre,0,6535,REDUCE,PIPE_V,170884,170968,84,502466
case_084,pre,0,6536,SUB,PIPE_V,170968,171052,84,502466
case_084,pre,0,6537,EXP,PIPE_V,171052,171352,300,502466
case_084,pre,0,6538,REDUCE,PIPE_V,171352,171436,84,502466
case_084,pre,0,6539,DIV,PIPE_V,171436,171736,300,502466
case_084,pre,0,6540,MATMUL,PIPE_M,171736,172324,588,502466
case_084,pre,0,6544,MATMUL,PIPE_M,172324,172912,588,502466
case_084,pre,0,1000023761,COPY_OUT,PIPE_MTE3,172324,172598,274,502466
case_084,pre,0,1000023839,COPY_IN,PIPE_MTE2,172324,172330,6,502466
case_084,pre,0,1000023837,COPY_IN,PIPE_MTE2,172330,172602,272,502466
case_084,pre,0,1000023843,COPY_IN,PIPE_MTE2,172602,172740,138,502466
case_084,pre,0,1000023845,COPY_IN,PIPE_MTE2,172740,172840,100,502466
case_084,pre,0,6546,DIV,PIPE_V,172912,173212,300,502466
case_084,pre,0,6547,REDUCE,PIPE_V,173212,173296,84,502466
case_084,pre,0,6548,SUB,PIPE_V,173296,173380,84,502466
case_084,pre,0,6549,EXP,PIPE_V,173380,173680,300,502466
case_084,pre,0,6550,REDUCE,PIPE_V,173680,173764,84,502466
case_084,pre,0,6551,DIV,PIPE_V,173764,174064,300,502466
case_084,pre,0,6552,MATMUL,PIPE_M,174064,174652,588,502466
case_084,pre,0,6556,MATMUL,PIPE_M,174652,175240,588,502466
case_084,pre,0,1000023771,COPY_OUT,PIPE_MTE3,174652,174926,274,502466
case_084,pre,0,1000023849,COPY_IN,PIPE_MTE2,174652,174658,6,502466
case_084,pre,0,1000023847,COPY_IN,PIPE_MTE2,174658,174930,272,502466
case_084,pre,0,1000023853,COPY_IN,PIPE_MTE2,174930,175068,138,502466
case_084,pre,0,1000023855,COPY_IN,PIPE_MTE2,175068,175168,100,502466
case_084,pre,0,6558,DIV,PIPE_V,175240,175540,300,502466
case_084,pre,0,6559,REDUCE,PIPE_V,175540,175624,84,502466
case_084,pre,0,6560,SUB,PIPE_V,175624,175708,84,502466
case_084,pre,0,6561,EXP,PIPE_V,175708,176008,300,502466
case_084,pre,0,6562,REDUCE,PIPE_V,176008,176092,84,502466
case_084,pre,0,6563,DIV,PIPE_V,176092,176392,300,502466
case_084,pre,0,6564,MATMUL,PIPE_M,176392,176980,588,502466
case_084,pre,0,6568,MATMUL,PIPE_M,176980,177568,588,502466
case_084,pre,0,1000023781,COPY_OUT,PIPE_MTE3,176980,177254,274,502466
case_084,pre,0,1000023859,COPY_IN,PIPE_MTE2,176980,176986,6,502466
case_084,pre,0,1000023857,COPY_IN,PIPE_MTE2,176986,177258,272,502466
case_084,pre,0,1000023863,COPY_IN,PIPE_MTE2,177258,177396,138,502466
case_084,pre,0,1000023865,COPY_IN,PIPE_MTE2,177396,177496,100,502466
case_084,pre,0,6570,DIV,PIPE_V,177568,177868,300,502466
case_084,pre,0,6571,REDUCE,PIPE_V,177868,177952,84,502466
case_084,pre,0,6572,SUB,PIPE_V,177952,178036,84,502466
case_084,pre,0,6573,EXP,PIPE_V,178036,178336,300,502466
case_084,pre,0,6574,REDUCE,PIPE_V,178336,178420,84,502466
case_084,pre,0,6575,DIV,PIPE_V,178420,178720,300,502466
case_084,pre,0,6576,MATMUL,PIPE_M,178720,179308,588,502466
case_084,pre,0,6580,MATMUL,PIPE_M,179308,179896,588,502466
case_084,pre,0,1000023791,COPY_OUT,PIPE_MTE3,179308,179582,274,502466
case_084,pre,0,1000023869,COPY_IN,PIPE_MTE2,179308,179314,6,502466
case_084,pre,0,1000023867,COPY_IN,PIPE_MTE2,179314,179586,272,502466
case_084,pre,0,1000023873,COPY_IN,PIPE_MTE2,179586,179724,138,502466
case_084,pre,0,1000023875,COPY_IN,PIPE_MTE2,179724,179824,100,502466
case_084,pre,0,6582,DIV,PIPE_V,179896,180196,300,502466
case_084,pre,0,6583,REDUCE,PIPE_V,180196,180280,84,502466
case_084,pre,0,6584,SUB,PIPE_V,180280,180364,84,502466
case_084,pre,0,6585,EXP,PIPE_V,180364,180664,300,502466
case_084,pre,0,6586,REDUCE,PIPE_V,180664,180748,84,502466
case_084,pre,0,6587,DIV,PIPE_V,180748,181048,300,502466
case_084,pre,0,6588,MATMUL,PIPE_M,181048,181636,588,502466
case_084,pre,0,6592,MATMUL,PIPE_M,181636,182224,588,502466
case_084,pre,0,1000023801,COPY_OUT,PIPE_MTE3,181636,181910,274,502466
case_084,pre,0,1000023879,COPY_IN,PIPE_MTE2,181636,181642,6,502466
case_084,pre,0,1000023877,COPY_IN,PIPE_MTE2,181642,181914,272,502466
case_084,pre,0,1000023883,COPY_IN,PIPE_MTE2,181914,182052,138,502466
case_084,pre,0,1000023885,COPY_IN,PIPE_MTE2,182052,182152,100,502466
case_084,pre,0,6594,DIV,PIPE_V,182224,182524,300,502466
case_084,pre,0,6595,REDUCE,PIPE_V,182524,182608,84,502466
case_084,pre,0,6596,SUB,PIPE_V,182608,182692,84,502466
case_084,pre,0,6597,EXP,PIPE_V,182692,182992,300,502466
case_084,pre,0,6598,REDUCE,PIPE_V,182992,183076,84,502466
case_084,pre,0,6599,DIV,PIPE_V,183076,183376,300,502466
case_084,pre,0,6600,MATMUL,PIPE_M,183376,183964,588,502466
case_084,pre,0,6604,MATMUL,PIPE_M,183964,184552,588,502466
case_084,pre,0,1000023811,COPY_OUT,PIPE_MTE3,183964,184238,274,502466
case_084,pre,0,1000023889,COPY_IN,PIPE_MTE2,183964,183970,6,502466
case_084,pre,0,1000023887,COPY_IN,PIPE_MTE2,183970,184242,272,502466
case_084,pre,0,1000023893,COPY_IN,PIPE_MTE2,184242,184380,138,502466
case_084,pre,0,1000023895,COPY_IN,PIPE_MTE2,184380,184480,100,502466
case_084,pre,0,6606,DIV,PIPE_V,184552,184852,300,502466
case_084,pre,0,6607,REDUCE,PIPE_V,184852,184936,84,502466
case_084,pre,0,6608,SUB,PIPE_V,184936,185020,84,502466
case_084,pre,0,6609,EXP,PIPE_V,185020,185320,300,502466
case_084,pre,0,6610,REDUCE,PIPE_V,185320,185404,84,502466
case_084,pre,0,6611,DIV,PIPE_V,185404,185704,300,502466
case_084,pre,0,6612,MATMUL,PIPE_M,185704,186292,588,502466
case_084,pre,0,6616,MATMUL,PIPE_M,186292,186880,588,502466
case_084,pre,0,1000023821,COPY_OUT,PIPE_MTE3,186292,186566,274,502466
case_084,pre,0,1000023899,COPY_IN,PIPE_MTE2,186292,186298,6,502466
case_084,pre,0,1000023897,COPY_IN,PIPE_MTE2,186298,186570,272,502466
case_084,pre,0,1000023903,COPY_IN,PIPE_MTE2,186570,186708,138,502466
case_084,pre,0,1000023905,COPY_IN,PIPE_MTE2,186708,186808,100,502466
case_084,pre,0,6618,DIV,PIPE_V,186880,187180,300,502466
case_084,pre,0,6619,REDUCE,PIPE_V,187180,187264,84,502466
case_084,pre,0,6620,SUB,PIPE_V,187264,187348,84,502466
case_084,pre,0,6621,EXP,PIPE_V,187348,187648,300,502466
case_084,pre,0,6622,REDUCE,PIPE_V,187648,187732,84,502466
case_084,pre,0,6623,DIV,PIPE_V,187732,188032,300,502466
case_084,pre,0,6624,MATMUL,PIPE_M,188032,188620,588,502466
case_084,pre,0,6628,MATMUL,PIPE_M,188620,189208,588,502466
case_084,pre,0,1000023831,COPY_OUT,PIPE_MTE3,188620,188894,274,502466
case_084,pre,0,1000023909,COPY_IN,PIPE_MTE2,188620,188626,6,502466
case_084,pre,0,1000023907,COPY_IN,PIPE_MTE2,188626,188898,272,502466
case_084,pre,0,1000023913,COPY_IN,PIPE_MTE2,188898,189036,138,502466
case_084,pre,0,1000023915,COPY_IN,PIPE_MTE2,189036,189136,100,502466
case_084,pre,0,6630,DIV,PIPE_V,189208,189508,300,502466
case_084,pre,0,6631,REDUCE,PIPE_V,189508,189592,84,502466
case_084,pre,0,6632,SUB,PIPE_V,189592,189676,84,502466
case_084,pre,0,6633,EXP,PIPE_V,189676,189976,300,502466
case_084,pre,0,6634,REDUCE,PIPE_V,189976,190060,84,502466
case_084,pre,0,6635,DIV,PIPE_V,190060,190360,300,502466
case_084,pre,0,6636,MATMUL,PIPE_M,190360,190948,588,502466
case_084,pre,0,6640,MATMUL,PIPE_M,190948,191536,588,502466
case_084,pre,0,1000023841,COPY_OUT,PIPE_MTE3,190948,191222,274,502466
case_084,pre,0,1000023919,COPY_IN,PIPE_MTE2,190948,190954,6,502466
case_084,pre,0,1000023917,COPY_IN,PIPE_MTE2,190954,191226,272,502466
case_084,pre,0,1000023923,COPY_IN,PIPE_MTE2,191226,191364,138,502466
case_084,pre,0,1000023925,COPY_IN,PIPE_MTE2,191364,191464,100,502466
case_084,pre,0,6642,DIV,PIPE_V,191536,191836,300,502466
case_084,pre,0,6643,REDUCE,PIPE_V,191836,191920,84,502466
case_084,pre,0,6644,SUB,PIPE_V,191920,192004,84,502466
case_084,pre,0,6645,EXP,PIPE_V,192004,192304,300,502466
case_084,pre,0,6646,REDUCE,PIPE_V,192304,192388,84,502466
case_084,pre,0,6647,DIV,PIPE_V,192388,192688,300,502466
case_084,pre,0,6648,MATMUL,PIPE_M,192688,193276,588,502466
case_084,pre,0,6652,MATMUL,PIPE_M,193276,193864,588,502466
case_084,pre,0,1000023851,COPY_OUT,PIPE_MTE3,193276,193550,274,502466
case_084,pre,0,1000023929,COPY_IN,PIPE_MTE2,193276,193282,6,502466
case_084,pre,0,1000023927,COPY_IN,PIPE_MTE2,193282,193554,272,502466
case_084,pre,0,1000023933,COPY_IN,PIPE_MTE2,193554,193692,138,502466
case_084,pre,0,1000023935,COPY_IN,PIPE_MTE2,193692,193792,100,502466
case_084,pre,0,6654,DIV,PIPE_V,193864,194164,300,502466
case_084,pre,0,6655,REDUCE,PIPE_V,194164,194248,84,502466
case_084,pre,0,6656,SUB,PIPE_V,194248,194332,84,502466
case_084,pre,0,6657,EXP,PIPE_V,194332,194632,300,502466
case_084,pre,0,6658,REDUCE,PIPE_V,194632,194716,84,502466
case_084,pre,0,6659,DIV,PIPE_V,194716,195016,300,502466
case_084,pre,0,6660,MATMUL,PIPE_M,195016,195604,588,502466
case_084,pre,0,6664,MATMUL,PIPE_M,195604,196192,588,502466
case_084,pre,0,1000023861,COPY_OUT,PIPE_MTE3,195604,195878,274,502466
case_084,pre,0,1000023939,COPY_IN,PIPE_MTE2,195604,195610,6,502466
case_084,pre,0,1000023937,COPY_IN,PIPE_MTE2,195610,195882,272,502466
case_084,pre,0,1000023943,COPY_IN,PIPE_MTE2,195882,196020,138,502466
case_084,pre,0,1000023945,COPY_IN,PIPE_MTE2,196020,196120,100,502466
case_084,pre,0,6666,DIV,PIPE_V,196192,196492,300,502466
case_084,pre,0,6667,REDUCE,PIPE_V,196492,196576,84,502466
case_084,pre,0,6668,SUB,PIPE_V,196576,196660,84,502466
case_084,pre,0,6669,EXP,PIPE_V,196660,196960,300,502466
case_084,pre,0,6670,REDUCE,PIPE_V,196960,197044,84,502466
case_084,pre,0,6671,DIV,PIPE_V,197044,197344,300,502466
case_084,pre,0,6672,MATMUL,PIPE_M,197344,197932,588,502466
case_084,pre,0,6676,MATMUL,PIPE_M,197932,198520,588,502466
case_084,pre,0,1000023871,COPY_OUT,PIPE_MTE3,197932,198206,274,502466
case_084,pre,0,1000023949,COPY_IN,PIPE_MTE2,197932,197938,6,502466
case_084,pre,0,1000023947,COPY_IN,PIPE_MTE2,197938,198210,272,502466
case_084,pre,0,1000023953,COPY_IN,PIPE_MTE2,198210,198348,138,502466
case_084,pre,0,1000023955,COPY_IN,PIPE_MTE2,198348,198448,100,502466
case_084,pre,0,6678,DIV,PIPE_V,198520,198820,300,502466
case_084,pre,0,6679,REDUCE,PIPE_V,198820,198904,84,502466
case_084,pre,0,6680,SUB,PIPE_V,198904,198988,84,502466
case_084,pre,0,6681,EXP,PIPE_V,198988,199288,300,502466
case_084,pre,0,6682,REDUCE,PIPE_V,199288,199372,84,502466
case_084,pre,0,6683,DIV,PIPE_V,199372,199672,300,502466
case_084,pre,0,6684,MATMUL,PIPE_M,199672,200260,588,502466
case_084,pre,0,6688,MATMUL,PIPE_M,200260,200848,588,502466
case_084,pre,0,1000023881,COPY_OUT,PIPE_MTE3,200260,200534,274,502466
case_084,pre,0,1000023959,COPY_IN,PIPE_MTE2,200260,200266,6,502466
case_084,pre,0,1000023957,COPY_IN,PIPE_MTE2,200266,200538,272,502466
case_084,pre,0,1000023963,COPY_IN,PIPE_MTE2,200538,200676,138,502466
case_084,pre,0,1000023965,COPY_IN,PIPE_MTE2,200676,200776,100,502466
case_084,pre,0,6690,DIV,PIPE_V,200848,201148,300,502466
case_084,pre,0,6691,REDUCE,PIPE_V,201148,201232,84,502466
case_084,pre,0,6692,SUB,PIPE_V,201232,201316,84,502466
case_084,pre,0,6693,EXP,PIPE_V,201316,201616,300,502466
case_084,pre,0,6694,REDUCE,PIPE_V,201616,201700,84,502466
case_084,pre,0,6695,DIV,PIPE_V,201700,202000,300,502466
case_084,pre,0,6696,MATMUL,PIPE_M,202000,202588,588,502466
case_084,pre,0,6700,MATMUL,PIPE_M,202588,203176,588,502466
case_084,pre,0,1000023891,COPY_OUT,PIPE_MTE3,202588,202862,274,502466
case_084,pre,0,1000023969,COPY_IN,PIPE_MTE2,202588,202594,6,502466
case_084,pre,0,1000023967,COPY_IN,PIPE_MTE2,202594,202866,272,502466
case_084,pre,0,1000023973,COPY_IN,PIPE_MTE2,202866,203004,138,502466
case_084,pre,0,1000023975,COPY_IN,PIPE_MTE2,203004,203104,100,502466
case_084,pre,0,6702,DIV,PIPE_V,203176,203476,300,502466
case_084,pre,0,6703,REDUCE,PIPE_V,203476,203560,84,502466
case_084,pre,0,6704,SUB,PIPE_V,203560,203644,84,502466
case_084,pre,0,6705,EXP,PIPE_V,203644,203944,300,502466
case_084,pre,0,6706,REDUCE,PIPE_V,203944,204028,84,502466
case_084,pre,0,6707,DIV,PIPE_V,204028,204328,300,502466
case_084,pre,0,6708,MATMUL,PIPE_M,204328,204916,588,502466
case_084,pre,0,6712,MATMUL,PIPE_M,204916,205504,588,502466
case_084,pre,0,1000023901,COPY_OUT,PIPE_MTE3,204916,205190,274,502466
case_084,pre,0,1000023979,COPY_IN,PIPE_MTE2,204916,204922,6,502466
case_084,pre,0,1000023977,COPY_IN,PIPE_MTE2,204922,205194,272,502466
case_084,pre,0,1000023983,COPY_IN,PIPE_MTE2,205194,205332,138,502466
case_084,pre,0,1000023985,COPY_IN,PIPE_MTE2,205332,205432,100,502466
case_084,pre,0,6714,DIV,PIPE_V,205504,205804,300,502466
case_084,pre,0,6715,REDUCE,PIPE_V,205804,205888,84,502466
case_084,pre,0,6716,SUB,PIPE_V,205888,205972,84,502466
case_084,pre,0,6717,EXP,PIPE_V,205972,206272,300,502466
case_084,pre,0,6718,REDUCE,PIPE_V,206272,206356,84,502466
case_084,pre,0,6719,DIV,PIPE_V,206356,206656,300,502466
case_084,pre,0,6720,MATMUL,PIPE_M,206656,207244,588,502466
case_084,pre,0,6724,MATMUL,PIPE_M,207244,207832,588,502466
case_084,pre,0,1000023911,COPY_OUT,PIPE_MTE3,207244,207518,274,502466
case_084,pre,0,1000023989,COPY_IN,PIPE_MTE2,207244,207250,6,502466
case_084,pre,0,1000023987,COPY_IN,PIPE_MTE2,207250,207522,272,502466
case_084,pre,0,1000023993,COPY_IN,PIPE_MTE2,207522,207660,138,502466
case_084,pre,0,1000023995,COPY_IN,PIPE_MTE2,207660,207760,100,502466
case_084,pre,0,6726,DIV,PIPE_V,207832,208132,300,502466
case_084,pre,0,6727,REDUCE,PIPE_V,208132,208216,84,502466
case_084,pre,0,6728,SUB,PIPE_V,208216,208300,84,502466
case_084,pre,0,6729,EXP,PIPE_V,208300,208600,300,502466
case_084,pre,0,6730,REDUCE,PIPE_V,208600,208684,84,502466
case_084,pre,0,6731,DIV,PIPE_V,208684,208984,300,502466
case_084,pre,0,6732,MATMUL,PIPE_M,208984,209572,588,502466
case_084,pre,0,6736,MATMUL,PIPE_M,209572,210160,588,502466
case_084,pre,0,1000023921,COPY_OUT,PIPE_MTE3,209572,209846,274,502466
case_084,pre,0,1000023999,COPY_IN,PIPE_MTE2,209572,209578,6,502466
case_084,pre,0,1000023997,COPY_IN,PIPE_MTE2,209578,209850,272,502466
case_084,pre,0,1000024003,COPY_IN,PIPE_MTE2,209850,209988,138,502466
case_084,pre,0,1000024005,COPY_IN,PIPE_MTE2,209988,210088,100,502466
case_084,pre,0,6738,DIV,PIPE_V,210160,210460,300,502466
case_084,pre,0,6739,REDUCE,PIPE_V,210460,210544,84,502466
case_084,pre,0,6740,SUB,PIPE_V,210544,210628,84,502466
case_084,pre,0,6741,EXP,PIPE_V,210628,210928,300,502466
case_084,pre,0,6742,REDUCE,PIPE_V,210928,211012,84,502466
case_084,pre,0,6743,DIV,PIPE_V,211012,211312,300,502466
case_084,pre,0,6744,MATMUL,PIPE_M,211312,211900,588,502466
case_084,pre,0,6748,MATMUL,PIPE_M,211900,212488,588,502466
case_084,pre,0,1000023931,COPY_OUT,PIPE_MTE3,211900,212174,274,502466
case_084,pre,0,1000024009,COPY_IN,PIPE_MTE2,211900,211906,6,502466
case_084,pre,0,1000024007,COPY_IN,PIPE_MTE2,211906,212178,272,502466
case_084,pre,0,1000024013,COPY_IN,PIPE_MTE2,212178,212316,138,502466
case_084,pre,0,1000024015,COPY_IN,PIPE_MTE2,212316,212416,100,502466
case_084,pre,0,6750,DIV,PIPE_V,212488,212788,300,502466
case_084,pre,0,6751,REDUCE,PIPE_V,212788,212872,84,502466
case_084,pre,0,6752,SUB,PIPE_V,212872,212956,84,502466
case_084,pre,0,6753,EXP,PIPE_V,212956,213256,300,502466
case_084,pre,0,6754,REDUCE,PIPE_V,213256,213340,84,502466
case_084,pre,0,6755,DIV,PIPE_V,213340,213640,300,502466
case_084,pre,0,6756,MATMUL,PIPE_M,213640,214228,588,502466
case_084,pre,0,6760,MATMUL,PIPE_M,214228,214816,588,502466
case_084,pre,0,1000023941,COPY_OUT,PIPE_MTE3,214228,214502,274,502466
case_084,pre,0,1000024019,COPY_IN,PIPE_MTE2,214228,214234,6,502466
case_084,pre,0,1000024017,COPY_IN,PIPE_MTE2,214234,214506,272,502466
case_084,pre,0,1000024023,COPY_IN,PIPE_MTE2,214506,214644,138,502466
case_084,pre,0,1000024025,COPY_IN,PIPE_MTE2,214644,214744,100,502466
case_084,pre,0,6762,DIV,PIPE_V,214816,215116,300,502466
case_084,pre,0,6763,REDUCE,PIPE_V,215116,215200,84,502466
case_084,pre,0,6764,SUB,PIPE_V,215200,215284,84,502466
case_084,pre,0,6765,EXP,PIPE_V,215284,215584,300,502466
case_084,pre,0,6766,REDUCE,PIPE_V,215584,215668,84,502466
case_084,pre,0,6767,DIV,PIPE_V,215668,215968,300,502466
case_084,pre,0,6768,MATMUL,PIPE_M,215968,216556,588,502466
case_084,pre,0,6772,MATMUL,PIPE_M,216556,217144,588,502466
case_084,pre,0,1000023951,COPY_OUT,PIPE_MTE3,216556,216830,274,502466
case_084,pre,0,1000024029,COPY_IN,PIPE_MTE2,216556,216562,6,502466
case_084,pre,0,1000024027,COPY_IN,PIPE_MTE2,216562,216834,272,502466
case_084,pre,0,1000024033,COPY_IN,PIPE_MTE2,216834,216972,138,502466
case_084,pre,0,1000024035,COPY_IN,PIPE_MTE2,216972,217072,100,502466
case_084,pre,0,6774,DIV,PIPE_V,217144,217444,300,502466
case_084,pre,0,6775,REDUCE,PIPE_V,217444,217528,84,502466
case_084,pre,0,6776,SUB,PIPE_V,217528,217612,84,502466
case_084,pre,0,6777,EXP,PIPE_V,217612,217912,300,502466
case_084,pre,0,6778,REDUCE,PIPE_V,217912,217996,84,502466
case_084,pre,0,6779,DIV,PIPE_V,217996,218296,300,502466
case_084,pre,0,6780,MATMUL,PIPE_M,218296,218884,588,502466
case_084,pre,0,6784,MATMUL,PIPE_M,218884,219472,588,502466
case_084,pre,0,1000023961,COPY_OUT,PIPE_MTE3,218884,219158,274,502466
case_084,pre,0,1000024039,COPY_IN,PIPE_MTE2,218884,218890,6,502466
case_084,pre,0,1000024037,COPY_IN,PIPE_MTE2,218890,219162,272,502466
case_084,pre,0,1000024043,COPY_IN,PIPE_MTE2,219162,219300,138,502466
case_084,pre,0,1000024045,COPY_IN,PIPE_MTE2,219300,219400,100,502466
case_084,pre,0,6786,DIV,PIPE_V,219472,219772,300,502466
case_084,pre,0,6787,REDUCE,PIPE_V,219772,219856,84,502466
case_084,pre,0,6788,SUB,PIPE_V,219856,219940,84,502466
case_084,pre,0,6789,EXP,PIPE_V,219940,220240,300,502466
case_084,pre,0,6790,REDUCE,PIPE_V,220240,220324,84,502466
case_084,pre,0,6791,DIV,PIPE_V,220324,220624,300,502466
case_084,pre,0,6792,MATMUL,PIPE_M,220624,221212,588,502466
case_084,pre,0,6796,MATMUL,PIPE_M,221212,221800,588,502466
case_084,pre,0,1000023971,COPY_OUT,PIPE_MTE3,221212,221486,274,502466
case_084,pre,0,1000024049,COPY_IN,PIPE_MTE2,221212,221218,6,502466
case_084,pre,0,1000024047,COPY_IN,PIPE_MTE2,221218,221490,272,502466
case_084,pre,0,1000024053,COPY_IN,PIPE_MTE2,221490,221628,138,502466
case_084,pre,0,1000024055,COPY_IN,PIPE_MTE2,221628,221728,100,502466
case_084,pre,0,6798,DIV,PIPE_V,221800,222100,300,502466
case_084,pre,0,6799,REDUCE,PIPE_V,222100,222184,84,502466
case_084,pre,0,6800,SUB,PIPE_V,222184,222268,84,502466
case_084,pre,0,6801,EXP,PIPE_V,222268,222568,300,502466
case_084,pre,0,6802,REDUCE,PIPE_V,222568,222652,84,502466
case_084,pre,0,6803,DIV,PIPE_V,222652,222952,300,502466
case_084,pre,0,6804,MATMUL,PIPE_M,222952,223540,588,502466
case_084,pre,0,6808,MATMUL,PIPE_M,223540,224128,588,502466
case_084,pre,0,1000023981,COPY_OUT,PIPE_MTE3,223540,223814,274,502466
case_084,pre,0,1000024059,COPY_IN,PIPE_MTE2,223540,223546,6,502466
case_084,pre,0,1000024057,COPY_IN,PIPE_MTE2,223546,223818,272,502466
case_084,pre,0,1000024063,COPY_IN,PIPE_MTE2,223818,223956,138,502466
case_084,pre,0,1000024065,COPY_IN,PIPE_MTE2,223956,224056,100,502466
case_084,pre,0,6810,DIV,PIPE_V,224128,224428,300,502466
case_084,pre,0,6811,REDUCE,PIPE_V,224428,224512,84,502466
case_084,pre,0,6812,SUB,PIPE_V,224512,224596,84,502466
case_084,pre,0,6813,EXP,PIPE_V,224596,224896,300,502466
case_084,pre,0,6814,REDUCE,PIPE_V,224896,224980,84,502466
case_084,pre,0,6815,DIV,PIPE_V,224980,225280,300,502466
case_084,pre,0,6816,MATMUL,PIPE_M,225280,225868,588,502466
case_084,pre,0,6820,MATMUL,PIPE_M,225868,226456,588,502466
case_084,pre,0,1000023991,COPY_OUT,PIPE_MTE3,225868,226142,274,502466
case_084,pre,0,1000024069,COPY_IN,PIPE_MTE2,225868,225874,6,502466
case_084,pre,0,1000024067,COPY_IN,PIPE_MTE2,225874,226146,272,502466
case_084,pre,0,1000024073,COPY_IN,PIPE_MTE2,226146,226284,138,502466
case_084,pre,0,1000024075,COPY_IN,PIPE_MTE2,226284,226384,100,502466
case_084,pre,0,6822,DIV,PIPE_V,226456,226756,300,502466
case_084,pre,0,6823,REDUCE,PIPE_V,226756,226840,84,502466
case_084,pre,0,6824,SUB,PIPE_V,226840,226924,84,502466
case_084,pre,0,6825,EXP,PIPE_V,226924,227224,300,502466
case_084,pre,0,6826,REDUCE,PIPE_V,227224,227308,84,502466
case_084,pre,0,6827,DIV,PIPE_V,227308,227608,300,502466
case_084,pre,0,6828,MATMUL,PIPE_M,227608,228196,588,502466
case_084,pre,0,6832,MATMUL,PIPE_M,228196,228784,588,502466
case_084,pre,0,1000024001,COPY_OUT,PIPE_MTE3,228196,228470,274,502466
case_084,pre,0,1000024079,COPY_IN,PIPE_MTE2,228196,228202,6,502466
case_084,pre,0,1000024077,COPY_IN,PIPE_MTE2,228202,228474,272,502466
case_084,pre,0,1000024083,COPY_IN,PIPE_MTE2,228474,228612,138,502466
case_084,pre,0,1000024085,COPY_IN,PIPE_MTE2,228612,228712,100,502466
case_084,pre,0,6834,DIV,PIPE_V,228784,229084,300,502466
case_084,pre,0,6835,REDUCE,PIPE_V,229084,229168,84,502466
case_084,pre,0,6836,SUB,PIPE_V,229168,229252,84,502466
case_084,pre,0,6837,EXP,PIPE_V,229252,229552,300,502466
case_084,pre,0,6838,REDUCE,PIPE_V,229552,229636,84,502466
case_084,pre,0,6839,DIV,PIPE_V,229636,229936,300,502466
case_084,pre,0,6840,MATMUL,PIPE_M,229936,230524,588,502466
case_084,pre,0,6844,MATMUL,PIPE_M,230524,231112,588,502466
case_084,pre,0,1000024011,COPY_OUT,PIPE_MTE3,230524,230798,274,502466
case_084,pre,0,1000024089,COPY_IN,PIPE_MTE2,230524,230530,6,502466
case_084,pre,0,1000024087,COPY_IN,PIPE_MTE2,230530,230802,272,502466
case_084,pre,0,1000024093,COPY_IN,PIPE_MTE2,230802,230940,138,502466
case_084,pre,0,1000024095,COPY_IN,PIPE_MTE2,230940,231040,100,502466
case_084,pre,0,6846,DIV,PIPE_V,231112,231412,300,502466
case_084,pre,0,6847,REDUCE,PIPE_V,231412,231496,84,502466
case_084,pre,0,6848,SUB,PIPE_V,231496,231580,84,502466
case_084,pre,0,6849,EXP,PIPE_V,231580,231880,300,502466
case_084,pre,0,6850,REDUCE,PIPE_V,231880,231964,84,502466
case_084,pre,0,6851,DIV,PIPE_V,231964,232264,300,502466
case_084,pre,0,6852,MATMUL,PIPE_M,232264,232852,588,502466
case_084,pre,0,6856,MATMUL,PIPE_M,232852,233440,588,502466
case_084,pre,0,1000024021,COPY_OUT,PIPE_MTE3,232852,233126,274,502466
case_084,pre,0,1000024099,COPY_IN,PIPE_MTE2,232852,232858,6,502466
case_084,pre,0,1000024097,COPY_IN,PIPE_MTE2,232858,233130,272,502466
case_084,pre,0,1000024103,COPY_IN,PIPE_MTE2,233130,233268,138,502466
case_084,pre,0,1000024105,COPY_IN,PIPE_MTE2,233268,233368,100,502466
case_084,pre,0,6858,DIV,PIPE_V,233440,233740,300,502466
case_084,pre,0,6859,REDUCE,PIPE_V,233740,233824,84,502466
case_084,pre,0,6860,SUB,PIPE_V,233824,233908,84,502466
case_084,pre,0,6861,EXP,PIPE_V,233908,234208,300,502466
case_084,pre,0,6862,REDUCE,PIPE_V,234208,234292,84,502466
case_084,pre,0,6863,DIV,PIPE_V,234292,234592,300,502466
case_084,pre,0,6864,MATMUL,PIPE_M,234592,235180,588,502466
case_084,pre,0,6868,MATMUL,PIPE_M,235180,235768,588,502466
case_084,pre,0,1000024031,COPY_OUT,PIPE_MTE3,235180,235454,274,502466
case_084,pre,0,1000024109,COPY_IN,PIPE_MTE2,235180,235186,6,502466
case_084,pre,0,1000024107,COPY_IN,PIPE_MTE2,235186,235458,272,502466
case_084,pre,0,1000024113,COPY_IN,PIPE_MTE2,235458,235596,138,502466
case_084,pre,0,1000024115,COPY_IN,PIPE_MTE2,235596,235696,100,502466
case_084,pre,0,6870,DIV,PIPE_V,235768,236068,300,502466
case_084,pre,0,6871,REDUCE,PIPE_V,236068,236152,84,502466
case_084,pre,0,6872,SUB,PIPE_V,236152,236236,84,502466
case_084,pre,0,6873,EXP,PIPE_V,236236,236536,300,502466
case_084,pre,0,6874,REDUCE,PIPE_V,236536,236620,84,502466
case_084,pre,0,6875,DIV,PIPE_V,236620,236920,300,502466
case_084,pre,0,6876,MATMUL,PIPE_M,236920,237508,588,502466
case_084,pre,0,6880,MATMUL,PIPE_M,237508,238096,588,502466
case_084,pre,0,1000024041,COPY_OUT,PIPE_MTE3,237508,237782,274,502466
case_084,pre,0,1000024119,COPY_IN,PIPE_MTE2,237508,237514,6,502466
case_084,pre,0,1000024117,COPY_IN,PIPE_MTE2,237514,237786,272,502466
case_084,pre,0,1000024123,COPY_IN,PIPE_MTE2,237786,237924,138,502466
case_084,pre,0,1000024125,COPY_IN,PIPE_MTE2,237924,238024,100,502466
case_084,pre,0,6882,DIV,PIPE_V,238096,238396,300,502466
case_084,pre,0,6883,REDUCE,PIPE_V,238396,238480,84,502466
case_084,pre,0,6884,SUB,PIPE_V,238480,238564,84,502466
case_084,pre,0,6885,EXP,PIPE_V,238564,238864,300,502466
case_084,pre,0,6886,REDUCE,PIPE_V,238864,238948,84,502466
case_084,pre,0,6887,DIV,PIPE_V,238948,239248,300,502466
case_084,pre,0,6888,MATMUL,PIPE_M,239248,239836,588,502466
case_084,pre,0,6892,MATMUL,PIPE_M,239836,240424,588,502466
case_084,pre,0,1000024051,COPY_OUT,PIPE_MTE3,239836,240110,274,502466
case_084,pre,0,1000024129,COPY_IN,PIPE_MTE2,239836,239842,6,502466
case_084,pre,0,1000024127,COPY_IN,PIPE_MTE2,239842,240114,272,502466
case_084,pre,0,1000024133,COPY_IN,PIPE_MTE2,240114,240252,138,502466
case_084,pre,0,1000024135,COPY_IN,PIPE_MTE2,240252,240352,100,502466
case_084,pre,0,6894,DIV,PIPE_V,240424,240724,300,502466
case_084,pre,0,6895,REDUCE,PIPE_V,240724,240808,84,502466
case_084,pre,0,6896,SUB,PIPE_V,240808,240892,84,502466
case_084,pre,0,6897,EXP,PIPE_V,240892,241192,300,502466
case_084,pre,0,6898,REDUCE,PIPE_V,241192,241276,84,502466
case_084,pre,0,6899,DIV,PIPE_V,241276,241576,300,502466
case_084,pre,0,6900,MATMUL,PIPE_M,241576,242164,588,502466
case_084,pre,0,6904,MATMUL,PIPE_M,242164,242752,588,502466
case_084,pre,0,1000024061,COPY_OUT,PIPE_MTE3,242164,242438,274,502466
case_084,pre,0,1000024139,COPY_IN,PIPE_MTE2,242164,242170,6,502466
case_084,pre,0,1000024137,COPY_IN,PIPE_MTE2,242170,242442,272,502466
case_084,pre,0,1000024143,COPY_IN,PIPE_MTE2,242442,242580,138,502466
case_084,pre,0,1000024145,COPY_IN,PIPE_MTE2,242580,242680,100,502466
case_084,pre,0,6906,DIV,PIPE_V,242752,243052,300,502466
case_084,pre,0,6907,REDUCE,PIPE_V,243052,243136,84,502466
case_084,pre,0,6908,SUB,PIPE_V,243136,243220,84,502466
case_084,pre,0,6909,EXP,PIPE_V,243220,243520,300,502466
case_084,pre,0,6910,REDUCE,PIPE_V,243520,243604,84,502466
case_084,pre,0,6911,DIV,PIPE_V,243604,243904,300,502466
case_084,pre,0,6912,MATMUL,PIPE_M,243904,244492,588,502466
case_084,pre,0,6916,MATMUL,PIPE_M,244492,245080,588,502466
case_084,pre,0,1000024071,COPY_OUT,PIPE_MTE3,244492,244766,274,502466
case_084,pre,0,1000024149,COPY_IN,PIPE_MTE2,244492,244498,6,502466
case_084,pre,0,1000024147,COPY_IN,PIPE_MTE2,244498,244770,272,502466
case_084,pre,0,1000024153,COPY_IN,PIPE_MTE2,244770,244908,138,502466
case_084,pre,0,1000024155,COPY_IN,PIPE_MTE2,244908,245008,100,502466
case_084,pre,0,6918,DIV,PIPE_V,245080,245380,300,502466
case_084,pre,0,6919,REDUCE,PIPE_V,245380,245464,84,502466
case_084,pre,0,6920,SUB,PIPE_V,245464,245548,84,502466
case_084,pre,0,6921,EXP,PIPE_V,245548,245848,300,502466
case_084,pre,0,6922,REDUCE,PIPE_V,245848,245932,84,502466
case_084,pre,0,6923,DIV,PIPE_V,245932,246232,300,502466
case_084,pre,0,6924,MATMUL,PIPE_M,246232,246820,588,502466
case_084,pre,0,6928,MATMUL,PIPE_M,246820,247408,588,502466
case_084,pre,0,1000024081,COPY_OUT,PIPE_MTE3,246820,247094,274,502466
case_084,pre,0,1000024159,COPY_IN,PIPE_MTE2,246820,246826,6,502466
case_084,pre,0,1000024157,COPY_IN,PIPE_MTE2,246826,247098,272,502466
case_084,pre,0,1000024163,COPY_IN,PIPE_MTE2,247098,247236,138,502466
case_084,pre,0,1000024165,COPY_IN,PIPE_MTE2,247236,247336,100,502466
case_084,pre,0,6930,DIV,PIPE_V,247408,247708,300,502466
case_084,pre,0,6931,REDUCE,PIPE_V,247708,247792,84,502466
case_084,pre,0,6932,SUB,PIPE_V,247792,247876,84,502466
case_084,pre,0,6933,EXP,PIPE_V,247876,248176,300,502466
case_084,pre,0,6934,REDUCE,PIPE_V,248176,248260,84,502466
case_084,pre,0,6935,DIV,PIPE_V,248260,248560,300,502466
case_084,pre,0,6936,MATMUL,PIPE_M,248560,249148,588,502466
case_084,pre,0,6940,MATMUL,PIPE_M,249148,249736,588,502466
case_084,pre,0,1000024091,COPY_OUT,PIPE_MTE3,249148,249422,274,502466
case_084,pre,0,1000024169,COPY_IN,PIPE_MTE2,249148,249154,6,502466
case_084,pre,0,1000024167,COPY_IN,PIPE_MTE2,249154,249426,272,502466
case_084,pre,0,1000024173,COPY_IN,PIPE_MTE2,249426,249564,138,502466
case_084,pre,0,1000024175,COPY_IN,PIPE_MTE2,249564,249664,100,502466
case_084,pre,0,6942,DIV,PIPE_V,249736,250036,300,502466
case_084,pre,0,6943,REDUCE,PIPE_V,250036,250120,84,502466
case_084,pre,0,6944,SUB,PIPE_V,250120,250204,84,502466
case_084,pre,0,6945,EXP,PIPE_V,250204,250504,300,502466
case_084,pre,0,6946,REDUCE,PIPE_V,250504,250588,84,502466
case_084,pre,0,6947,DIV,PIPE_V,250588,250888,300,502466
case_084,pre,0,6948,MATMUL,PIPE_M,250888,251476,588,502466
case_084,pre,0,6952,MATMUL,PIPE_M,251476,252064,588,502466
case_084,pre,0,1000024101,COPY_OUT,PIPE_MTE3,251476,251750,274,502466
case_084,pre,0,1000024179,COPY_IN,PIPE_MTE2,251476,251482,6,502466
case_084,pre,0,1000024177,COPY_IN,PIPE_MTE2,251482,251754,272,502466
case_084,pre,0,1000024183,COPY_IN,PIPE_MTE2,251754,251892,138,502466
case_084,pre,0,1000024185,COPY_IN,PIPE_MTE2,251892,251992,100,502466
case_084,pre,0,6954,DIV,PIPE_V,252064,252364,300,502466
case_084,pre,0,6955,REDUCE,PIPE_V,252364,252448,84,502466
case_084,pre,0,6956,SUB,PIPE_V,252448,252532,84,502466
case_084,pre,0,6957,EXP,PIPE_V,252532,252832,300,502466
case_084,pre,0,6958,REDUCE,PIPE_V,252832,252916,84,502466
case_084,pre,0,6959,DIV,PIPE_V,252916,253216,300,502466
case_084,pre,0,6960,MATMUL,PIPE_M,253216,253804,588,502466
case_084,pre,0,6964,MATMUL,PIPE_M,253804,254392,588,502466
case_084,pre,0,1000024111,COPY_OUT,PIPE_MTE3,253804,254078,274,502466
case_084,pre,0,1000024189,COPY_IN,PIPE_MTE2,253804,253810,6,502466
case_084,pre,0,1000024187,COPY_IN,PIPE_MTE2,253810,254082,272,502466
case_084,pre,0,1000024193,COPY_IN,PIPE_MTE2,254082,254220,138,502466
case_084,pre,0,1000024195,COPY_IN,PIPE_MTE2,254220,254320,100,502466
case_084,pre,0,6966,DIV,PIPE_V,254392,254692,300,502466
case_084,pre,0,6967,REDUCE,PIPE_V,254692,254776,84,502466
case_084,pre,0,6968,SUB,PIPE_V,254776,254860,84,502466
case_084,pre,0,6969,EXP,PIPE_V,254860,255160,300,502466
case_084,pre,0,6970,REDUCE,PIPE_V,255160,255244,84,502466
case_084,pre,0,6971,DIV,PIPE_V,255244,255544,300,502466
case_084,pre,0,6972,MATMUL,PIPE_M,255544,256132,588,502466
case_084,pre,0,6976,MATMUL,PIPE_M,256132,256720,588,502466
case_084,pre,0,1000024121,COPY_OUT,PIPE_MTE3,256132,256406,274,502466
case_084,pre,0,1000024199,COPY_IN,PIPE_MTE2,256132,256138,6,502466
case_084,pre,0,1000024197,COPY_IN,PIPE_MTE2,256138,256410,272,502466
case_084,pre,0,1000024203,COPY_IN,PIPE_MTE2,256410,256548,138,502466
case_084,pre,0,1000024205,COPY_IN,PIPE_MTE2,256548,256648,100,502466
case_084,pre,0,6978,DIV,PIPE_V,256720,257020,300,502466
case_084,pre,0,6979,REDUCE,PIPE_V,257020,257104,84,502466
case_084,pre,0,6980,SUB,PIPE_V,257104,257188,84,502466
case_084,pre,0,6981,EXP,PIPE_V,257188,257488,300,502466
case_084,pre,0,6982,REDUCE,PIPE_V,257488,257572,84,502466
case_084,pre,0,6983,DIV,PIPE_V,257572,257872,300,502466
case_084,pre,0,6984,MATMUL,PIPE_M,257872,258460,588,502466
case_084,pre,0,6988,MATMUL,PIPE_M,258460,259048,588,502466
case_084,pre,0,1000024131,COPY_OUT,PIPE_MTE3,258460,258734,274,502466
case_084,pre,0,1000024209,COPY_IN,PIPE_MTE2,258460,258466,6,502466
case_084,pre,0,1000024207,COPY_IN,PIPE_MTE2,258466,258738,272,502466
case_084,pre,0,1000024213,COPY_IN,PIPE_MTE2,258738,258876,138,502466
case_084,pre,0,1000024215,COPY_IN,PIPE_MTE2,258876,258976,100,502466
case_084,pre,0,6990,DIV,PIPE_V,259048,259348,300,502466
case_084,pre,0,6991,REDUCE,PIPE_V,259348,259432,84,502466
case_084,pre,0,6992,SUB,PIPE_V,259432,259516,84,502466
case_084,pre,0,6993,EXP,PIPE_V,259516,259816,300,502466
case_084,pre,0,6994,REDUCE,PIPE_V,259816,259900,84,502466
case_084,pre,0,6995,DIV,PIPE_V,259900,260200,300,502466
case_084,pre,0,6996,MATMUL,PIPE_M,260200,260788,588,502466
case_084,pre,0,7000,MATMUL,PIPE_M,260788,261376,588,502466
case_084,pre,0,1000024141,COPY_OUT,PIPE_MTE3,260788,261062,274,502466
case_084,pre,0,1000024219,COPY_IN,PIPE_MTE2,260788,260794,6,502466
case_084,pre,0,1000024217,COPY_IN,PIPE_MTE2,260794,261066,272,502466
case_084,pre,0,1000024223,COPY_IN,PIPE_MTE2,261066,261204,138,502466
case_084,pre,0,1000024225,COPY_IN,PIPE_MTE2,261204,261304,100,502466
case_084,pre,0,7002,DIV,PIPE_V,261376,261676,300,502466
case_084,pre,0,7003,REDUCE,PIPE_V,261676,261760,84,502466
case_084,pre,0,7004,SUB,PIPE_V,261760,261844,84,502466
case_084,pre,0,7005,EXP,PIPE_V,261844,262144,300,502466
case_084,pre,0,7006,REDUCE,PIPE_V,262144,262228,84,502466
case_084,pre,0,7007,DIV,PIPE_V,262228,262528,300,502466
case_084,pre,0,7008,MATMUL,PIPE_M,262528,263116,588,502466
case_084,pre,0,7012,MATMUL,PIPE_M,263116,263704,588,502466
case_084,pre,0,1000024151,COPY_OUT,PIPE_MTE3,263116,263390,274,502466
case_084,pre,0,1000024229,COPY_IN,PIPE_MTE2,263116,263122,6,502466
case_084,pre,0,1000024227,COPY_IN,PIPE_MTE2,263122,263394,272,502466
case_084,pre,0,1000024233,COPY_IN,PIPE_MTE2,263394,263532,138,502466
case_084,pre,0,1000024235,COPY_IN,PIPE_MTE2,263532,263632,100,502466
case_084,pre,0,7014,DIV,PIPE_V,263704,264004,300,502466
case_084,pre,0,7015,REDUCE,PIPE_V,264004,264088,84,502466
case_084,pre,0,7016,SUB,PIPE_V,264088,264172,84,502466
case_084,pre,0,7017,EXP,PIPE_V,264172,264472,300,502466
case_084,pre,0,7018,REDUCE,PIPE_V,264472,264556,84,502466
case_084,pre,0,7019,DIV,PIPE_V,264556,264856,300,502466
case_084,pre,0,7020,MATMUL,PIPE_M,264856,265444,588,502466
case_084,pre,0,7024,MATMUL,PIPE_M,265444,266032,588,502466
case_084,pre,0,1000024161,COPY_OUT,PIPE_MTE3,265444,265718,274,502466
case_084,pre,0,1000024239,COPY_IN,PIPE_MTE2,265444,265450,6,502466
case_084,pre,0,1000024237,COPY_IN,PIPE_MTE2,265450,265722,272,502466
case_084,pre,0,1000024243,COPY_IN,PIPE_MTE2,265722,265860,138,502466
case_084,pre,0,1000024245,COPY_IN,PIPE_MTE2,265860,265960,100,502466
case_084,pre,0,7026,DIV,PIPE_V,266032,266332,300,502466
case_084,pre,0,7027,REDUCE,PIPE_V,266332,266416,84,502466
case_084,pre,0,7028,SUB,PIPE_V,266416,266500,84,502466
case_084,pre,0,7029,EXP,PIPE_V,266500,266800,300,502466
case_084,pre,0,7030,REDUCE,PIPE_V,266800,266884,84,502466
case_084,pre,0,7031,DIV,PIPE_V,266884,267184,300,502466
case_084,pre,0,7032,MATMUL,PIPE_M,267184,267772,588,502466
case_084,pre,0,7036,MATMUL,PIPE_M,267772,268360,588,502466
case_084,pre,0,1000024171,COPY_OUT,PIPE_MTE3,267772,268046,274,502466
case_084,pre,0,1000024249,COPY_IN,PIPE_MTE2,267772,267778,6,502466
case_084,pre,0,1000024247,COPY_IN,PIPE_MTE2,267778,268050,272,502466
case_084,pre,0,1000024253,COPY_IN,PIPE_MTE2,268050,268188,138,502466
case_084,pre,0,1000024255,COPY_IN,PIPE_MTE2,268188,268288,100,502466
case_084,pre,0,7038,DIV,PIPE_V,268360,268660,300,502466
case_084,pre,0,7039,REDUCE,PIPE_V,268660,268744,84,502466
case_084,pre,0,7040,SUB,PIPE_V,268744,268828,84,502466
case_084,pre,0,7041,EXP,PIPE_V,268828,269128,300,502466
case_084,pre,0,7042,REDUCE,PIPE_V,269128,269212,84,502466
case_084,pre,0,7043,DIV,PIPE_V,269212,269512,300,502466
case_084,pre,0,7044,MATMUL,PIPE_M,269512,270100,588,502466
case_084,pre,0,7048,MATMUL,PIPE_M,270100,270688,588,502466
case_084,pre,0,1000024181,COPY_OUT,PIPE_MTE3,270100,270374,274,502466
case_084,pre,0,1000024259,COPY_IN,PIPE_MTE2,270100,270106,6,502466
case_084,pre,0,1000024257,COPY_IN,PIPE_MTE2,270106,270378,272,502466
case_084,pre,0,1000024263,COPY_IN,PIPE_MTE2,270378,270516,138,502466
case_084,pre,0,1000024265,COPY_IN,PIPE_MTE2,270516,270616,100,502466
case_084,pre,0,7050,DIV,PIPE_V,270688,270988,300,502466
case_084,pre,0,7051,REDUCE,PIPE_V,270988,271072,84,502466
case_084,pre,0,7052,SUB,PIPE_V,271072,271156,84,502466
case_084,pre,0,7053,EXP,PIPE_V,271156,271456,300,502466
case_084,pre,0,7054,REDUCE,PIPE_V,271456,271540,84,502466
case_084,pre,0,7055,DIV,PIPE_V,271540,271840,300,502466
case_084,pre,0,7056,MATMUL,PIPE_M,271840,272428,588,502466
case_084,pre,0,7060,MATMUL,PIPE_M,272428,273016,588,502466
case_084,pre,0,1000024191,COPY_OUT,PIPE_MTE3,272428,272702,274,502466
case_084,pre,0,1000024269,COPY_IN,PIPE_MTE2,272428,272434,6,502466
case_084,pre,0,1000024267,COPY_IN,PIPE_MTE2,272434,272706,272,502466
case_084,pre,0,1000024273,COPY_IN,PIPE_MTE2,272706,272844,138,502466
case_084,pre,0,1000024275,COPY_IN,PIPE_MTE2,272844,272944,100,502466
case_084,pre,0,7062,DIV,PIPE_V,273016,273316,300,502466
case_084,pre,0,7063,REDUCE,PIPE_V,273316,273400,84,502466
case_084,pre,0,7064,SUB,PIPE_V,273400,273484,84,502466
case_084,pre,0,7065,EXP,PIPE_V,273484,273784,300,502466
case_084,pre,0,7066,REDUCE,PIPE_V,273784,273868,84,502466
case_084,pre,0,7067,DIV,PIPE_V,273868,274168,300,502466
case_084,pre,0,7068,MATMUL,PIPE_M,274168,274756,588,502466
case_084,pre,0,7072,MATMUL,PIPE_M,274756,275344,588,502466
case_084,pre,0,1000024201,COPY_OUT,PIPE_MTE3,274756,275030,274,502466
case_084,pre,0,1000024279,COPY_IN,PIPE_MTE2,274756,274762,6,502466
case_084,pre,0,1000024277,COPY_IN,PIPE_MTE2,274762,275034,272,502466
case_084,pre,0,1000024283,COPY_IN,PIPE_MTE2,275034,275172,138,502466
case_084,pre,0,1000024285,COPY_IN,PIPE_MTE2,275172,275272,100,502466
case_084,pre,0,7074,DIV,PIPE_V,275344,275644,300,502466
case_084,pre,0,7075,REDUCE,PIPE_V,275644,275728,84,502466
case_084,pre,0,7076,SUB,PIPE_V,275728,275812,84,502466
case_084,pre,0,7077,EXP,PIPE_V,275812,276112,300,502466
case_084,pre,0,7078,REDUCE,PIPE_V,276112,276196,84,502466
case_084,pre,0,7079,DIV,PIPE_V,276196,276496,300,502466
case_084,pre,0,7080,MATMUL,PIPE_M,276496,277084,588,502466
case_084,pre,0,7084,MATMUL,PIPE_M,277084,277672,588,502466
case_084,pre,0,1000024211,COPY_OUT,PIPE_MTE3,277084,277358,274,502466
case_084,pre,0,1000024289,COPY_IN,PIPE_MTE2,277084,277090,6,502466
case_084,pre,0,1000024287,COPY_IN,PIPE_MTE2,277090,277362,272,502466
case_084,pre,0,1000024293,COPY_IN,PIPE_MTE2,277362,277500,138,502466
case_084,pre,0,1000024295,COPY_IN,PIPE_MTE2,277500,277600,100,502466
case_084,pre,0,7086,DIV,PIPE_V,277672,277972,300,502466
case_084,pre,0,7087,REDUCE,PIPE_V,277972,278056,84,502466
case_084,pre,0,7088,SUB,PIPE_V,278056,278140,84,502466
case_084,pre,0,7089,EXP,PIPE_V,278140,278440,300,502466
case_084,pre,0,7090,REDUCE,PIPE_V,278440,278524,84,502466
case_084,pre,0,7091,DIV,PIPE_V,278524,278824,300,502466
case_084,pre,0,7092,MATMUL,PIPE_M,278824,279412,588,502466
case_084,pre,0,7096,MATMUL,PIPE_M,279412,280000,588,502466
case_084,pre,0,1000024221,COPY_OUT,PIPE_MTE3,279412,279686,274,502466
case_084,pre,0,1000024299,COPY_IN,PIPE_MTE2,279412,279418,6,502466
case_084,pre,0,1000024297,COPY_IN,PIPE_MTE2,279418,279690,272,502466
case_084,pre,0,1000024303,COPY_IN,PIPE_MTE2,279690,279828,138,502466
case_084,pre,0,1000024305,COPY_IN,PIPE_MTE2,279828,279928,100,502466
case_084,pre,0,7098,DIV,PIPE_V,280000,280300,300,502466
case_084,pre,0,7099,REDUCE,PIPE_V,280300,280384,84,502466
case_084,pre,0,7100,SUB,PIPE_V,280384,280468,84,502466
case_084,pre,0,7101,EXP,PIPE_V,280468,280768,300,502466
case_084,pre,0,7102,REDUCE,PIPE_V,280768,280852,84,502466
case_084,pre,0,7103,DIV,PIPE_V,280852,281152,300,502466
case_084,pre,0,7104,MATMUL,PIPE_M,281152,281740,588,502466
case_084,pre,0,7108,MATMUL,PIPE_M,281740,282328,588,502466
case_084,pre,0,1000024231,COPY_OUT,PIPE_MTE3,281740,282014,274,502466
case_084,pre,0,1000024309,COPY_IN,PIPE_MTE2,281740,281746,6,502466
case_084,pre,0,1000024307,COPY_IN,PIPE_MTE2,281746,282018,272,502466
case_084,pre,0,1000024313,COPY_IN,PIPE_MTE2,282018,282156,138,502466
case_084,pre,0,1000024315,COPY_IN,PIPE_MTE2,282156,282256,100,502466
case_084,pre,0,7110,DIV,PIPE_V,282328,282628,300,502466
case_084,pre,0,7111,REDUCE,PIPE_V,282628,282712,84,502466
case_084,pre,0,7112,SUB,PIPE_V,282712,282796,84,502466
case_084,pre,0,7113,EXP,PIPE_V,282796,283096,300,502466
case_084,pre,0,7114,REDUCE,PIPE_V,283096,283180,84,502466
case_084,pre,0,7115,DIV,PIPE_V,283180,283480,300,502466
case_084,pre,0,7116,MATMUL,PIPE_M,283480,284068,588,502466
case_084,pre,0,7120,MATMUL,PIPE_M,284068,284656,588,502466
case_084,pre,0,1000024241,COPY_OUT,PIPE_MTE3,284068,284342,274,502466
case_084,pre,0,1000024319,COPY_IN,PIPE_MTE2,284068,284074,6,502466
case_084,pre,0,1000024317,COPY_IN,PIPE_MTE2,284074,284346,272,502466
case_084,pre,0,1000024323,COPY_IN,PIPE_MTE2,284346,284484,138,502466
case_084,pre,0,1000024325,COPY_IN,PIPE_MTE2,284484,284584,100,502466
case_084,pre,0,7122,DIV,PIPE_V,284656,284956,300,502466
case_084,pre,0,7123,REDUCE,PIPE_V,284956,285040,84,502466
case_084,pre,0,7124,SUB,PIPE_V,285040,285124,84,502466
case_084,pre,0,7125,EXP,PIPE_V,285124,285424,300,502466
case_084,pre,0,7126,REDUCE,PIPE_V,285424,285508,84,502466
case_084,pre,0,7127,DIV,PIPE_V,285508,285808,300,502466
case_084,pre,0,7128,MATMUL,PIPE_M,285808,286396,588,502466
case_084,pre,0,7132,MATMUL,PIPE_M,286396,286984,588,502466
case_084,pre,0,1000024251,COPY_OUT,PIPE_MTE3,286396,286670,274,502466
case_084,pre,0,1000024329,COPY_IN,PIPE_MTE2,286396,286402,6,502466
case_084,pre,0,1000024327,COPY_IN,PIPE_MTE2,286402,286674,272,502466
case_084,pre,0,1000024333,COPY_IN,PIPE_MTE2,286674,286812,138,502466
case_084,pre,0,1000024335,COPY_IN,PIPE_MTE2,286812,286912,100,502466
case_084,pre,0,7134,DIV,PIPE_V,286984,287284,300,502466
case_084,pre,0,7135,REDUCE,PIPE_V,287284,287368,84,502466
case_084,pre,0,7136,SUB,PIPE_V,287368,287452,84,502466
case_084,pre,0,7137,EXP,PIPE_V,287452,287752,300,502466
case_084,pre,0,7138,REDUCE,PIPE_V,287752,287836,84,502466
case_084,pre,0,7139,DIV,PIPE_V,287836,288136,300,502466
case_084,pre,0,7140,MATMUL,PIPE_M,288136,288724,588,502466
case_084,pre,0,7144,MATMUL,PIPE_M,288724,289312,588,502466
case_084,pre,0,1000024261,COPY_OUT,PIPE_MTE3,288724,288998,274,502466
case_084,pre,0,1000024339,COPY_IN,PIPE_MTE2,288724,288730,6,502466
case_084,pre,0,1000024337,COPY_IN,PIPE_MTE2,288730,289002,272,502466
case_084,pre,0,1000024343,COPY_IN,PIPE_MTE2,289002,289140,138,502466
case_084,pre,0,1000024345,COPY_IN,PIPE_MTE2,289140,289240,100,502466
case_084,pre,0,7146,DIV,PIPE_V,289312,289612,300,502466
case_084,pre,0,7147,REDUCE,PIPE_V,289612,289696,84,502466
case_084,pre,0,7148,SUB,PIPE_V,289696,289780,84,502466
case_084,pre,0,7149,EXP,PIPE_V,289780,290080,300,502466
case_084,pre,0,7150,REDUCE,PIPE_V,290080,290164,84,502466
case_084,pre,0,7151,DIV,PIPE_V,290164,290464,300,502466
case_084,pre,0,7152,MATMUL,PIPE_M,290464,291052,588,502466
case_084,pre,0,7156,MATMUL,PIPE_M,291052,291640,588,502466
case_084,pre,0,1000024271,COPY_OUT,PIPE_MTE3,291052,291326,274,502466
case_084,pre,0,1000024349,COPY_IN,PIPE_MTE2,291052,291058,6,502466
case_084,pre,0,1000024347,COPY_IN,PIPE_MTE2,291058,291330,272,502466
case_084,pre,0,1000024353,COPY_IN,PIPE_MTE2,291330,291468,138,502466
case_084,pre,0,1000024355,COPY_IN,PIPE_MTE2,291468,291568,100,502466
case_084,pre,0,7158,DIV,PIPE_V,291640,291940,300,502466
case_084,pre,0,7159,REDUCE,PIPE_V,291940,292024,84,502466
case_084,pre,0,7160,SUB,PIPE_V,292024,292108,84,502466
case_084,pre,0,7161,EXP,PIPE_V,292108,292408,300,502466
case_084,pre,0,7162,REDUCE,PIPE_V,292408,292492,84,502466
case_084,pre,0,7163,DIV,PIPE_V,292492,292792,300,502466
case_084,pre,0,7164,MATMUL,PIPE_M,292792,293380,588,502466
case_084,pre,0,7168,MATMUL,PIPE_M,293380,293968,588,502466
case_084,pre,0,1000024281,COPY_OUT,PIPE_MTE3,293380,293654,274,502466
case_084,pre,0,1000024359,COPY_IN,PIPE_MTE2,293380,293386,6,502466
case_084,pre,0,1000024357,COPY_IN,PIPE_MTE2,293386,293658,272,502466
case_084,pre,0,1000024363,COPY_IN,PIPE_MTE2,293658,293796,138,502466
case_084,pre,0,1000024365,COPY_IN,PIPE_MTE2,293796,293896,100,502466
case_084,pre,0,7170,DIV,PIPE_V,293968,294268,300,502466
case_084,pre,0,7171,REDUCE,PIPE_V,294268,294352,84,502466
case_084,pre,0,7172,SUB,PIPE_V,294352,294436,84,502466
case_084,pre,0,7173,EXP,PIPE_V,294436,294736,300,502466
case_084,pre,0,7174,REDUCE,PIPE_V,294736,294820,84,502466
case_084,pre,0,7175,DIV,PIPE_V,294820,295120,300,502466
case_084,pre,0,7176,MATMUL,PIPE_M,295120,295708,588,502466
case_084,pre,0,7180,MATMUL,PIPE_M,295708,296296,588,502466
case_084,pre,0,1000024291,COPY_OUT,PIPE_MTE3,295708,295982,274,502466
case_084,pre,0,1000024369,COPY_IN,PIPE_MTE2,295708,295714,6,502466
case_084,pre,0,1000024367,COPY_IN,PIPE_MTE2,295714,295986,272,502466
case_084,pre,0,1000024373,COPY_IN,PIPE_MTE2,295986,296124,138,502466
case_084,pre,0,1000024375,COPY_IN,PIPE_MTE2,296124,296224,100,502466
case_084,pre,0,7182,DIV,PIPE_V,296296,296596,300,502466
case_084,pre,0,7183,REDUCE,PIPE_V,296596,296680,84,502466
case_084,pre,0,7184,SUB,PIPE_V,296680,296764,84,502466
case_084,pre,0,7185,EXP,PIPE_V,296764,297064,300,502466
case_084,pre,0,7186,REDUCE,PIPE_V,297064,297148,84,502466
case_084,pre,0,7187,DIV,PIPE_V,297148,297448,300,502466
case_084,pre,0,7188,MATMUL,PIPE_M,297448,298036,588,502466
case_084,pre,0,7192,MATMUL,PIPE_M,298036,298624,588,502466
case_084,pre,0,1000024301,COPY_OUT,PIPE_MTE3,298036,298310,274,502466
case_084,pre,0,1000024379,COPY_IN,PIPE_MTE2,298036,298042,6,502466
case_084,pre,0,1000024377,COPY_IN,PIPE_MTE2,298042,298314,272,502466
case_084,pre,0,1000024383,COPY_IN,PIPE_MTE2,298314,298452,138,502466
case_084,pre,0,1000024385,COPY_IN,PIPE_MTE2,298452,298552,100,502466
case_084,pre,0,7194,DIV,PIPE_V,298624,298924,300,502466
case_084,pre,0,7195,REDUCE,PIPE_V,298924,299008,84,502466
case_084,pre,0,7196,SUB,PIPE_V,299008,299092,84,502466
case_084,pre,0,7197,EXP,PIPE_V,299092,299392,300,502466
case_084,pre,0,7198,REDUCE,PIPE_V,299392,299476,84,502466
case_084,pre,0,7199,DIV,PIPE_V,299476,299776,300,502466
case_084,pre,0,7200,MATMUL,PIPE_M,299776,300364,588,502466
case_084,pre,0,7204,MATMUL,PIPE_M,300364,300952,588,502466
case_084,pre,0,1000024311,COPY_OUT,PIPE_MTE3,300364,300638,274,502466
case_084,pre,0,1000024389,COPY_IN,PIPE_MTE2,300364,300370,6,502466
case_084,pre,0,1000024387,COPY_IN,PIPE_MTE2,300370,300642,272,502466
case_084,pre,0,1000024393,COPY_IN,PIPE_MTE2,300642,300780,138,502466
case_084,pre,0,1000024395,COPY_IN,PIPE_MTE2,300780,300880,100,502466
case_084,pre,0,7206,DIV,PIPE_V,300952,301252,300,502466
case_084,pre,0,7207,REDUCE,PIPE_V,301252,301336,84,502466
case_084,pre,0,7208,SUB,PIPE_V,301336,301420,84,502466
case_084,pre,0,7209,EXP,PIPE_V,301420,301720,300,502466
case_084,pre,0,7210,REDUCE,PIPE_V,301720,301804,84,502466
case_084,pre,0,7211,DIV,PIPE_V,301804,302104,300,502466
case_084,pre,0,7212,MATMUL,PIPE_M,302104,302692,588,502466
case_084,pre,0,7216,MATMUL,PIPE_M,302692,303280,588,502466
case_084,pre,0,1000024321,COPY_OUT,PIPE_MTE3,302692,302966,274,502466
case_084,pre,0,1000024399,COPY_IN,PIPE_MTE2,302692,302698,6,502466
case_084,pre,0,1000024397,COPY_IN,PIPE_MTE2,302698,302970,272,502466
case_084,pre,0,1000024403,COPY_IN,PIPE_MTE2,302970,303108,138,502466
case_084,pre,0,1000024405,COPY_IN,PIPE_MTE2,303108,303208,100,502466
case_084,pre,0,7218,DIV,PIPE_V,303280,303580,300,502466
case_084,pre,0,7219,REDUCE,PIPE_V,303580,303664,84,502466
case_084,pre,0,7220,SUB,PIPE_V,303664,303748,84,502466
case_084,pre,0,7221,EXP,PIPE_V,303748,304048,300,502466
case_084,pre,0,7222,REDUCE,PIPE_V,304048,304132,84,502466
case_084,pre,0,7223,DIV,PIPE_V,304132,304432,300,502466
case_084,pre,0,7224,MATMUL,PIPE_M,304432,305020,588,502466
case_084,pre,0,7228,MATMUL,PIPE_M,305020,305608,588,502466
case_084,pre,0,1000024331,COPY_OUT,PIPE_MTE3,305020,305294,274,502466
case_084,pre,0,1000024409,COPY_IN,PIPE_MTE2,305020,305026,6,502466
case_084,pre,0,1000024407,COPY_IN,PIPE_MTE2,305026,305298,272,502466
case_084,pre,0,1000024413,COPY_IN,PIPE_MTE2,305298,305436,138,502466
case_084,pre,0,1000024415,COPY_IN,PIPE_MTE2,305436,305536,100,502466
case_084,pre,0,7230,DIV,PIPE_V,305608,305908,300,502466
case_084,pre,0,7231,REDUCE,PIPE_V,305908,305992,84,502466
case_084,pre,0,7232,SUB,PIPE_V,305992,306076,84,502466
case_084,pre,0,7233,EXP,PIPE_V,306076,306376,300,502466
case_084,pre,0,7234,REDUCE,PIPE_V,306376,306460,84,502466
case_084,pre,0,7235,DIV,PIPE_V,306460,306760,300,502466
case_084,pre,0,7236,MATMUL,PIPE_M,306760,307348,588,502466
case_084,pre,0,7240,MATMUL,PIPE_M,307348,307936,588,502466
case_084,pre,0,1000024341,COPY_OUT,PIPE_MTE3,307348,307622,274,502466
case_084,pre,0,1000024419,COPY_IN,PIPE_MTE2,307348,307354,6,502466
case_084,pre,0,1000024417,COPY_IN,PIPE_MTE2,307354,307626,272,502466
case_084,pre,0,1000024423,COPY_IN,PIPE_MTE2,307626,307764,138,502466
case_084,pre,0,1000024425,COPY_IN,PIPE_MTE2,307764,307864,100,502466
case_084,pre,0,7242,DIV,PIPE_V,307936,308236,300,502466
case_084,pre,0,7243,REDUCE,PIPE_V,308236,308320,84,502466
case_084,pre,0,7244,SUB,PIPE_V,308320,308404,84,502466
case_084,pre,0,7245,EXP,PIPE_V,308404,308704,300,502466
case_084,pre,0,7246,REDUCE,PIPE_V,308704,308788,84,502466
case_084,pre,0,7247,DIV,PIPE_V,308788,309088,300,502466
case_084,pre,0,7248,MATMUL,PIPE_M,309088,309676,588,502466
case_084,pre,0,7252,MATMUL,PIPE_M,309676,310264,588,502466
case_084,pre,0,1000024351,COPY_OUT,PIPE_MTE3,309676,309950,274,502466
case_084,pre,0,1000024429,COPY_IN,PIPE_MTE2,309676,309682,6,502466
case_084,pre,0,1000024427,COPY_IN,PIPE_MTE2,309682,309954,272,502466
case_084,pre,0,1000024433,COPY_IN,PIPE_MTE2,309954,310092,138,502466
case_084,pre,0,1000024435,COPY_IN,PIPE_MTE2,310092,310192,100,502466
case_084,pre,0,7254,DIV,PIPE_V,310264,310564,300,502466
case_084,pre,0,7255,REDUCE,PIPE_V,310564,310648,84,502466
case_084,pre,0,7256,SUB,PIPE_V,310648,310732,84,502466
case_084,pre,0,7257,EXP,PIPE_V,310732,311032,300,502466
case_084,pre,0,7258,REDUCE,PIPE_V,311032,311116,84,502466
case_084,pre,0,7259,DIV,PIPE_V,311116,311416,300,502466
case_084,pre,0,7260,MATMUL,PIPE_M,311416,312004,588,502466
case_084,pre,0,7264,MATMUL,PIPE_M,312004,312592,588,502466
case_084,pre,0,1000024361,COPY_OUT,PIPE_MTE3,312004,312278,274,502466
case_084,pre,0,1000024439,COPY_IN,PIPE_MTE2,312004,312010,6,502466
case_084,pre,0,1000024437,COPY_IN,PIPE_MTE2,312010,312282,272,502466
case_084,pre,0,1000024443,COPY_IN,PIPE_MTE2,312282,312420,138,502466
case_084,pre,0,1000024445,COPY_IN,PIPE_MTE2,312420,312520,100,502466
case_084,pre,0,7266,DIV,PIPE_V,312592,312892,300,502466
case_084,pre,0,7267,REDUCE,PIPE_V,312892,312976,84,502466
case_084,pre,0,7268,SUB,PIPE_V,312976,313060,84,502466
case_084,pre,0,7269,EXP,PIPE_V,313060,313360,300,502466
case_084,pre,0,7270,REDUCE,PIPE_V,313360,313444,84,502466
case_084,pre,0,7271,DIV,PIPE_V,313444,313744,300,502466
case_084,pre,0,7272,MATMUL,PIPE_M,313744,314332,588,502466
case_084,pre,0,7276,MATMUL,PIPE_M,314332,314920,588,502466
case_084,pre,0,1000024371,COPY_OUT,PIPE_MTE3,314332,314606,274,502466
case_084,pre,0,1000024449,COPY_IN,PIPE_MTE2,314332,314338,6,502466
case_084,pre,0,1000024447,COPY_IN,PIPE_MTE2,314338,314610,272,502466
case_084,pre,0,1000024453,COPY_IN,PIPE_MTE2,314610,314783,173,502466
case_084,pre,0,1000024455,COPY_IN,PIPE_MTE2,314783,314900,117,502466
case_084,pre,0,7278,DIV,PIPE_V,314920,315220,300,502466
case_084,pre,0,7279,REDUCE,PIPE_V,315220,315304,84,502466
case_084,pre,0,7280,SUB,PIPE_V,315304,315388,84,502466
case_084,pre,0,7281,EXP,PIPE_V,315388,315688,300,502466
case_084,pre,0,7282,REDUCE,PIPE_V,315688,315772,84,502466
case_084,pre,0,7283,DIV,PIPE_V,315772,316072,300,502466
case_084,pre,0,7284,MATMUL,PIPE_M,316072,316660,588,502466
case_084,pre,0,7288,MATMUL,PIPE_M,316660,317248,588,502466
case_084,pre,0,1000024381,COPY_OUT,PIPE_MTE3,316660,316868,208,502466
case_084,pre,0,1000024459,COPY_IN,PIPE_MTE2,316660,316664,4,502466
case_084,pre,0,1000024457,COPY_IN,PIPE_MTE2,316664,316871,207,502466
case_084,pre,0,1000024463,COPY_IN,PIPE_MTE2,316871,316975,104,502466
case_084,pre,0,1000024465,COPY_IN,PIPE_MTE2,316975,317079,104,502466
case_084,pre,0,7290,DIV,PIPE_V,317248,317548,300,502466
case_084,pre,0,7291,REDUCE,PIPE_V,317548,317632,84,502466
case_084,pre,0,7292,SUB,PIPE_V,317632,317716,84,502466
case_084,pre,0,7293,EXP,PIPE_V,317716,318016,300,502466
case_084,pre,0,7294,REDUCE,PIPE_V,318016,318100,84,502466
case_084,pre,0,7295,DIV,PIPE_V,318100,318400,300,502466
case_084,pre,0,7296,MATMUL,PIPE_M,318400,318988,588,502466
case_084,pre,0,7300,MATMUL,PIPE_M,318988,319576,588,502466
case_084,pre,0,1000024391,COPY_OUT,PIPE_MTE3,318988,319092,104,502466
case_084,pre,0,1000024469,COPY_IN,PIPE_MTE2,318988,318990,2,502466
case_084,pre,0,1000024467,COPY_IN,PIPE_MTE2,318990,319093,103,502466
case_084,pre,0,1000024473,COPY_IN,PIPE_MTE2,319093,319145,52,502466
case_084,pre,0,1000024475,COPY_IN,PIPE_MTE2,319145,319197,52,502466
case_084,pre,0,7302,DIV,PIPE_V,319576,319876,300,502466
case_084,pre,0,7303,REDUCE,PIPE_V,319876,319960,84,502466
case_084,pre,0,7304,SUB,PIPE_V,319960,320044,84,502466
case_084,pre,0,7305,EXP,PIPE_V,320044,320344,300,502466
case_084,pre,0,7306,REDUCE,PIPE_V,320344,320428,84,502466
case_084,pre,0,7307,DIV,PIPE_V,320428,320728,300,502466
case_084,pre,0,7308,MATMUL,PIPE_M,320728,321316,588,502466
case_084,pre,0,7312,MATMUL,PIPE_M,321316,321904,588,502466
case_084,pre,0,1000024401,COPY_OUT,PIPE_MTE3,321316,321420,104,502466
case_084,pre,0,1000024479,COPY_IN,PIPE_MTE2,321316,321318,2,502466
case_084,pre,0,1000024477,COPY_IN,PIPE_MTE2,321318,321421,103,502466
case_084,pre,0,1000024483,COPY_IN,PIPE_MTE2,321421,321473,52,502466
case_084,pre,0,1000024485,COPY_IN,PIPE_MTE2,321473,321525,52,502466
case_084,pre,0,7314,DIV,PIPE_V,321904,322204,300,502466
case_084,pre,0,7315,REDUCE,PIPE_V,322204,322288,84,502466
case_084,pre,0,7316,SUB,PIPE_V,322288,322372,84,502466
case_084,pre,0,7317,EXP,PIPE_V,322372,322672,300,502466
case_084,pre,0,7318,REDUCE,PIPE_V,322672,322756,84,502466
case_084,pre,0,7319,DIV,PIPE_V,322756,323056,300,502466
case_084,pre,0,7320,MATMUL,PIPE_M,323056,323644,588,502466
case_084,pre,0,7324,MATMUL,PIPE_M,323644,324232,588,502466
case_084,pre,0,1000024411,COPY_OUT,PIPE_MTE3,323644,323748,104,502466
case_084,pre,0,1000024489,COPY_IN,PIPE_MTE2,323644,323646,2,502466
case_084,pre,0,1000024487,COPY_IN,PIPE_MTE2,323646,323749,103,502466
case_084,pre,0,1000024493,COPY_IN,PIPE_MTE2,323749,323801,52,502466
case_084,pre,0,1000024495,COPY_IN,PIPE_MTE2,323801,323853,52,502466
case_084,pre,0,7326,DIV,PIPE_V,324232,324532,300,502466
case_084,pre,0,7327,REDUCE,PIPE_V,324532,324616,84,502466
case_084,pre,0,7328,SUB,PIPE_V,324616,324700,84,502466
case_084,pre,0,7329,EXP,PIPE_V,324700,325000,300,502466
case_084,pre,0,7330,REDUCE,PIPE_V,325000,325084,84,502466
case_084,pre,0,7331,DIV,PIPE_V,325084,325384,300,502466
case_084,pre,0,7332,MATMUL,PIPE_M,325384,325972,588,502466
case_084,pre,0,7336,MATMUL,PIPE_M,325972,326560,588,502466
case_084,pre,0,1000024421,COPY_OUT,PIPE_MTE3,325972,326076,104,502466
case_084,pre,0,1000024499,COPY_IN,PIPE_MTE2,325972,325974,2,502466
case_084,pre,0,1000024497,COPY_IN,PIPE_MTE2,325974,326077,103,502466
case_084,pre,0,1000024503,COPY_IN,PIPE_MTE2,326077,326129,52,502466
case_084,pre,0,1000024505,COPY_IN,PIPE_MTE2,326129,326181,52,502466
case_084,pre,0,7338,DIV,PIPE_V,326560,326860,300,502466
case_084,pre,0,7339,REDUCE,PIPE_V,326860,326944,84,502466
case_084,pre,0,7340,SUB,PIPE_V,326944,327028,84,502466
case_084,pre,0,7341,EXP,PIPE_V,327028,327328,300,502466
case_084,pre,0,7342,REDUCE,PIPE_V,327328,327412,84,502466
case_084,pre,0,7343,DIV,PIPE_V,327412,327712,300,502466
case_084,pre,0,7344,MATMUL,PIPE_M,327712,328300,588,502466
case_084,pre,0,7348,MATMUL,PIPE_M,328300,328888,588,502466
case_084,pre,0,1000024431,COPY_OUT,PIPE_MTE3,328300,328404,104,502466
case_084,pre,0,1000024509,COPY_IN,PIPE_MTE2,328300,328302,2,502466
case_084,pre,0,1000024507,COPY_IN,PIPE_MTE2,328302,328405,103,502466
case_084,pre,0,1000024513,COPY_IN,PIPE_MTE2,328405,328457,52,502466
case_084,pre,0,1000024515,COPY_IN,PIPE_MTE2,328457,328509,52,502466
case_084,pre,0,7350,DIV,PIPE_V,328888,329188,300,502466
case_084,pre,0,7351,REDUCE,PIPE_V,329188,329272,84,502466
case_084,pre,0,7352,SUB,PIPE_V,329272,329356,84,502466
case_084,pre,0,7353,EXP,PIPE_V,329356,329656,300,502466
case_084,pre,0,7354,REDUCE,PIPE_V,329656,329740,84,502466
case_084,pre,0,7355,DIV,PIPE_V,329740,330040,300,502466
case_084,pre,0,7356,MATMUL,PIPE_M,330040,330628,588,502466
case_084,pre,0,7360,MATMUL,PIPE_M,330628,331216,588,502466
case_084,pre,0,1000024441,COPY_OUT,PIPE_MTE3,330628,330732,104,502466
case_084,pre,0,1000024519,COPY_IN,PIPE_MTE2,330628,330630,2,502466
case_084,pre,0,1000024517,COPY_IN,PIPE_MTE2,330630,330733,103,502466
case_084,pre,0,1000024523,COPY_IN,PIPE_MTE2,330733,330785,52,502466
case_084,pre,0,1000024525,COPY_IN,PIPE_MTE2,330785,330837,52,502466
case_084,pre,0,7362,DIV,PIPE_V,331216,331516,300,502466
case_084,pre,0,7363,REDUCE,PIPE_V,331516,331600,84,502466
case_084,pre,0,7364,SUB,PIPE_V,331600,331684,84,502466
case_084,pre,0,7365,EXP,PIPE_V,331684,331984,300,502466
case_084,pre,0,7366,REDUCE,PIPE_V,331984,332068,84,502466
case_084,pre,0,7367,DIV,PIPE_V,332068,332368,300,502466
case_084,pre,0,7368,MATMUL,PIPE_M,332368,332956,588,502466
case_084,pre,0,7372,MATMUL,PIPE_M,332956,333544,588,502466
case_084,pre,0,1000024451,COPY_OUT,PIPE_MTE3,332956,333060,104,502466
case_084,pre,0,1000024529,COPY_IN,PIPE_MTE2,332956,332958,2,502466
case_084,pre,0,1000024527,COPY_IN,PIPE_MTE2,332958,333061,103,502466
case_084,pre,0,1000024533,COPY_IN,PIPE_MTE2,333061,333113,52,502466
case_084,pre,0,1000024535,COPY_IN,PIPE_MTE2,333113,333165,52,502466
case_084,pre,0,7374,DIV,PIPE_V,333544,333844,300,502466
case_084,pre,0,7375,REDUCE,PIPE_V,333844,333928,84,502466
case_084,pre,0,7376,SUB,PIPE_V,333928,334012,84,502466
case_084,pre,0,7377,EXP,PIPE_V,334012,334312,300,502466
case_084,pre,0,7378,REDUCE,PIPE_V,334312,334396,84,502466
case_084,pre,0,7379,DIV,PIPE_V,334396,334696,300,502466
case_084,pre,0,7380,MATMUL,PIPE_M,334696,335284,588,502466
case_084,pre,0,7384,MATMUL,PIPE_M,335284,335872,588,502466
case_084,pre,0,1000024461,COPY_OUT,PIPE_MTE3,335284,335492,208,502466
case_084,pre,0,1000024539,COPY_IN,PIPE_MTE2,335284,335288,4,502466
case_084,pre,0,1000024537,COPY_IN,PIPE_MTE2,335288,335494,206,502466
case_084,pre,0,1000024543,COPY_IN,PIPE_MTE2,335494,335598,104,502466
case_084,pre,0,1000024545,COPY_IN,PIPE_MTE2,335598,335702,104,502466
case_084,pre,0,7386,DIV,PIPE_V,335872,336172,300,502466
case_084,pre,0,7387,REDUCE,PIPE_V,336172,336256,84,502466
case_084,pre,0,7388,SUB,PIPE_V,336256,336340,84,502466
case_084,pre,0,7389,EXP,PIPE_V,336340,336640,300,502466
case_084,pre,0,7390,REDUCE,PIPE_V,336640,336724,84,502466
case_084,pre,0,7391,DIV,PIPE_V,336724,337024,300,502466
case_084,pre,0,7392,MATMUL,PIPE_M,337024,337612,588,502466
case_084,pre,0,7396,MATMUL,PIPE_M,337612,338200,588,502466
case_084,pre,0,1000024471,COPY_OUT,PIPE_MTE3,337612,337820,208,502466
case_084,pre,0,1000024549,COPY_IN,PIPE_MTE2,337612,337616,4,502466
case_084,pre,0,1000024547,COPY_IN,PIPE_MTE2,337616,337822,206,502466
case_084,pre,0,1000024553,COPY_IN,PIPE_MTE2,337822,337926,104,502466
case_084,pre,0,1000024555,COPY_IN,PIPE_MTE2,337926,338030,104,502466
case_084,pre,0,7398,DIV,PIPE_V,338200,338500,300,502466
case_084,pre,0,7399,REDUCE,PIPE_V,338500,338584,84,502466
case_084,pre,0,7400,SUB,PIPE_V,338584,338668,84,502466
case_084,pre,0,7401,EXP,PIPE_V,338668,338968,300,502466
case_084,pre,0,7402,REDUCE,PIPE_V,338968,339052,84,502466
case_084,pre,0,7403,DIV,PIPE_V,339052,339352,300,502466
case_084,pre,0,7404,MATMUL,PIPE_M,339352,339940,588,502466
case_084,pre,0,7408,MATMUL,PIPE_M,339940,340528,588,502466
case_084,pre,0,1000024481,COPY_OUT,PIPE_MTE3,339940,340148,208,502466
case_084,pre,0,1000024559,COPY_IN,PIPE_MTE2,339940,339944,4,502466
case_084,pre,0,1000024557,COPY_IN,PIPE_MTE2,339944,340150,206,502466
case_084,pre,0,1000024563,COPY_IN,PIPE_MTE2,340150,340254,104,502466
case_084,pre,0,1000024565,COPY_IN,PIPE_MTE2,340254,340358,104,502466
case_084,pre,0,7410,DIV,PIPE_V,340528,340828,300,502466
case_084,pre,0,7411,REDUCE,PIPE_V,340828,340912,84,502466
case_084,pre,0,7412,SUB,PIPE_V,340912,340996,84,502466
case_084,pre,0,7413,EXP,PIPE_V,340996,341296,300,502466
case_084,pre,0,7414,REDUCE,PIPE_V,341296,341380,84,502466
case_084,pre,0,7415,DIV,PIPE_V,341380,341680,300,502466
case_084,pre,0,7416,MATMUL,PIPE_M,341680,342268,588,502466
case_084,pre,0,7420,MATMUL,PIPE_M,342268,342856,588,502466
case_084,pre,0,1000024491,COPY_OUT,PIPE_MTE3,342268,342476,208,502466
case_084,pre,0,1000024569,COPY_IN,PIPE_MTE2,342268,342272,4,502466
case_084,pre,0,1000024567,COPY_IN,PIPE_MTE2,342272,342478,206,502466
case_084,pre,0,1000024573,COPY_IN,PIPE_MTE2,342478,342582,104,502466
case_084,pre,0,1000024575,COPY_IN,PIPE_MTE2,342582,342686,104,502466
case_084,pre,0,7422,DIV,PIPE_V,342856,343156,300,502466
case_084,pre,0,7423,REDUCE,PIPE_V,343156,343240,84,502466
case_084,pre,0,7424,SUB,PIPE_V,343240,343324,84,502466
case_084,pre,0,7425,EXP,PIPE_V,343324,343624,300,502466
case_084,pre,0,7426,REDUCE,PIPE_V,343624,343708,84,502466
case_084,pre,0,7427,DIV,PIPE_V,343708,344008,300,502466
case_084,pre,0,7428,MATMUL,PIPE_M,344008,344596,588,502466
case_084,pre,0,7432,MATMUL,PIPE_M,344596,345184,588,502466
case_084,pre,0,1000024501,COPY_OUT,PIPE_MTE3,344596,344804,208,502466
case_084,pre,0,1000024579,COPY_IN,PIPE_MTE2,344596,344600,4,502466
case_084,pre,0,1000024577,COPY_IN,PIPE_MTE2,344600,344806,206,502466
case_084,pre,0,1000024583,COPY_IN,PIPE_MTE2,344806,344910,104,502466
case_084,pre,0,1000024585,COPY_IN,PIPE_MTE2,344910,345014,104,502466
case_084,pre,0,7434,DIV,PIPE_V,345184,345484,300,502466
case_084,pre,0,7435,REDUCE,PIPE_V,345484,345568,84,502466
case_084,pre,0,7436,SUB,PIPE_V,345568,345652,84,502466
case_084,pre,0,7437,EXP,PIPE_V,345652,345952,300,502466
case_084,pre,0,7438,REDUCE,PIPE_V,345952,346036,84,502466
case_084,pre,0,7439,DIV,PIPE_V,346036,346336,300,502466
case_084,pre,0,7440,MATMUL,PIPE_M,346336,346924,588,502466
case_084,pre,0,7444,MATMUL,PIPE_M,346924,347512,588,502466
case_084,pre,0,1000024511,COPY_OUT,PIPE_MTE3,346924,347132,208,502466
case_084,pre,0,1000024589,COPY_IN,PIPE_MTE2,346924,346928,4,502466
case_084,pre,0,1000024587,COPY_IN,PIPE_MTE2,346928,347134,206,502466
case_084,pre,0,1000024593,COPY_IN,PIPE_MTE2,347134,347238,104,502466
case_084,pre,0,1000024595,COPY_IN,PIPE_MTE2,347238,347342,104,502466
case_084,pre,0,7446,DIV,PIPE_V,347512,347812,300,502466
case_084,pre,0,7447,REDUCE,PIPE_V,347812,347896,84,502466
case_084,pre,0,7448,SUB,PIPE_V,347896,347980,84,502466
case_084,pre,0,7449,EXP,PIPE_V,347980,348280,300,502466
case_084,pre,0,7450,REDUCE,PIPE_V,348280,348364,84,502466
case_084,pre,0,7451,DIV,PIPE_V,348364,348664,300,502466
case_084,pre,0,7452,MATMUL,PIPE_M,348664,349252,588,502466
case_084,pre,0,7456,MATMUL,PIPE_M,349252,349840,588,502466
case_084,pre,0,1000024521,COPY_OUT,PIPE_MTE3,349252,349460,208,502466
case_084,pre,0,1000024599,COPY_IN,PIPE_MTE2,349252,349256,4,502466
case_084,pre,0,1000024597,COPY_IN,PIPE_MTE2,349256,349462,206,502466
case_084,pre,0,1000024603,COPY_IN,PIPE_MTE2,349462,349566,104,502466
case_084,pre,0,1000024605,COPY_IN,PIPE_MTE2,349566,349670,104,502466
case_084,pre,0,7458,DIV,PIPE_V,349840,350140,300,502466
case_084,pre,0,7459,REDUCE,PIPE_V,350140,350224,84,502466
case_084,pre,0,7460,SUB,PIPE_V,350224,350308,84,502466
case_084,pre,0,7461,EXP,PIPE_V,350308,350608,300,502466
case_084,pre,0,7462,REDUCE,PIPE_V,350608,350692,84,502466
case_084,pre,0,7463,DIV,PIPE_V,350692,350992,300,502466
case_084,pre,0,7464,MATMUL,PIPE_M,350992,351580,588,502466
case_084,pre,0,7468,MATMUL,PIPE_M,351580,352168,588,502466
case_084,pre,0,1000024531,COPY_OUT,PIPE_MTE3,351580,351788,208,502466
case_084,pre,0,1000024609,COPY_IN,PIPE_MTE2,351580,351584,4,502466
case_084,pre,0,1000024607,COPY_IN,PIPE_MTE2,351584,351790,206,502466
case_084,pre,0,1000024613,COPY_IN,PIPE_MTE2,351790,351894,104,502466
case_084,pre,0,1000024615,COPY_IN,PIPE_MTE2,351894,351998,104,502466
case_084,pre,0,7470,DIV,PIPE_V,352168,352468,300,502466
case_084,pre,0,7471,REDUCE,PIPE_V,352468,352552,84,502466
case_084,pre,0,7472,SUB,PIPE_V,352552,352636,84,502466
case_084,pre,0,7473,EXP,PIPE_V,352636,352936,300,502466
case_084,pre,0,7474,REDUCE,PIPE_V,352936,353020,84,502466
case_084,pre,0,7475,DIV,PIPE_V,353020,353320,300,502466
case_084,pre,0,7476,MATMUL,PIPE_M,353320,353908,588,502466
case_084,pre,0,7480,MATMUL,PIPE_M,353908,354496,588,502466
case_084,pre,0,1000024541,COPY_OUT,PIPE_MTE3,353908,354116,208,502466
case_084,pre,0,1000024619,COPY_IN,PIPE_MTE2,353908,353912,4,502466
case_084,pre,0,1000024617,COPY_IN,PIPE_MTE2,353912,354118,206,502466
case_084,pre,0,1000024623,COPY_IN,PIPE_MTE2,354118,354222,104,502466
case_084,pre,0,1000024625,COPY_IN,PIPE_MTE2,354222,354326,104,502466
case_084,pre,0,7482,DIV,PIPE_V,354496,354796,300,502466
case_084,pre,0,7483,REDUCE,PIPE_V,354796,354880,84,502466
case_084,pre,0,7484,SUB,PIPE_V,354880,354964,84,502466
case_084,pre,0,7485,EXP,PIPE_V,354964,355264,300,502466
case_084,pre,0,7486,REDUCE,PIPE_V,355264,355348,84,502466
case_084,pre,0,7487,DIV,PIPE_V,355348,355648,300,502466
case_084,pre,0,7488,MATMUL,PIPE_M,355648,356236,588,502466
case_084,pre,0,7492,MATMUL,PIPE_M,356236,356824,588,502466
case_084,pre,0,1000024551,COPY_OUT,PIPE_MTE3,356236,356444,208,502466
case_084,pre,0,1000024629,COPY_IN,PIPE_MTE2,356236,356240,4,502466
case_084,pre,0,1000024627,COPY_IN,PIPE_MTE2,356240,356446,206,502466
case_084,pre,0,1000024633,COPY_IN,PIPE_MTE2,356446,356550,104,502466
case_084,pre,0,1000024635,COPY_IN,PIPE_MTE2,356550,356654,104,502466
case_084,pre,0,7494,DIV,PIPE_V,356824,357124,300,502466
case_084,pre,0,7495,REDUCE,PIPE_V,357124,357208,84,502466
case_084,pre,0,7496,SUB,PIPE_V,357208,357292,84,502466
case_084,pre,0,7497,EXP,PIPE_V,357292,357592,300,502466
case_084,pre,0,7498,REDUCE,PIPE_V,357592,357676,84,502466
case_084,pre,0,7499,DIV,PIPE_V,357676,357976,300,502466
case_084,pre,0,7500,MATMUL,PIPE_M,357976,358564,588,502466
case_084,pre,0,7504,MATMUL,PIPE_M,358564,359152,588,502466
case_084,pre,0,1000024561,COPY_OUT,PIPE_MTE3,358564,358772,208,502466
case_084,pre,0,1000024639,COPY_IN,PIPE_MTE2,358564,358568,4,502466
case_084,pre,0,1000024637,COPY_IN,PIPE_MTE2,358568,358774,206,502466
case_084,pre,0,1000024643,COPY_IN,PIPE_MTE2,358774,358878,104,502466
case_084,pre,0,1000024645,COPY_IN,PIPE_MTE2,358878,358982,104,502466
case_084,pre,0,7506,DIV,PIPE_V,359152,359452,300,502466
case_084,pre,0,7507,REDUCE,PIPE_V,359452,359536,84,502466
case_084,pre,0,7508,SUB,PIPE_V,359536,359620,84,502466
case_084,pre,0,7509,EXP,PIPE_V,359620,359920,300,502466
case_084,pre,0,7510,REDUCE,PIPE_V,359920,360004,84,502466
case_084,pre,0,7511,DIV,PIPE_V,360004,360304,300,502466
case_084,pre,0,7512,MATMUL,PIPE_M,360304,360892,588,502466
case_084,pre,0,7516,MATMUL,PIPE_M,360892,361480,588,502466
case_084,pre,0,1000024571,COPY_OUT,PIPE_MTE3,360892,361100,208,502466
case_084,pre,0,1000024649,COPY_IN,PIPE_MTE2,360892,360896,4,502466
case_084,pre,0,1000024647,COPY_IN,PIPE_MTE2,360896,361102,206,502466
case_084,pre,0,1000024653,COPY_IN,PIPE_MTE2,361102,361206,104,502466
case_084,pre,0,1000024655,COPY_IN,PIPE_MTE2,361206,361310,104,502466
case_084,pre,0,7518,DIV,PIPE_V,361480,361780,300,502466
case_084,pre,0,7519,REDUCE,PIPE_V,361780,361864,84,502466
case_084,pre,0,7520,SUB,PIPE_V,361864,361948,84,502466
case_084,pre,0,7521,EXP,PIPE_V,361948,362248,300,502466
case_084,pre,0,7522,REDUCE,PIPE_V,362248,362332,84,502466
case_084,pre,0,7523,DIV,PIPE_V,362332,362632,300,502466
case_084,pre,0,7524,MATMUL,PIPE_M,362632,363220,588,502466
case_084,pre,0,7528,MATMUL,PIPE_M,363220,363808,588,502466
case_084,pre,0,1000024581,COPY_OUT,PIPE_MTE3,363220,363428,208,502466
case_084,pre,0,1000024659,COPY_IN,PIPE_MTE2,363220,363224,4,502466
case_084,pre,0,1000024657,COPY_IN,PIPE_MTE2,363224,363430,206,502466
case_084,pre,0,1000024663,COPY_IN,PIPE_MTE2,363430,363534,104,502466
case_084,pre,0,1000024665,COPY_IN,PIPE_MTE2,363534,363638,104,502466
case_084,pre,0,7530,DIV,PIPE_V,363808,364108,300,502466
case_084,pre,0,7531,REDUCE,PIPE_V,364108,364192,84,502466
case_084,pre,0,7532,SUB,PIPE_V,364192,364276,84,502466
case_084,pre,0,7533,EXP,PIPE_V,364276,364576,300,502466
case_084,pre,0,7534,REDUCE,PIPE_V,364576,364660,84,502466
case_084,pre,0,7535,DIV,PIPE_V,364660,364960,300,502466
case_084,pre,0,7536,MATMUL,PIPE_M,364960,365548,588,502466
case_084,pre,0,7540,MATMUL,PIPE_M,365548,366136,588,502466
case_084,pre,0,1000024591,COPY_OUT,PIPE_MTE3,365548,365756,208,502466
case_084,pre,0,1000024669,COPY_IN,PIPE_MTE2,365548,365552,4,502466
case_084,pre,0,1000024667,COPY_IN,PIPE_MTE2,365552,365758,206,502466
case_084,pre,0,1000024673,COPY_IN,PIPE_MTE2,365758,365862,104,502466
case_084,pre,0,1000024675,COPY_IN,PIPE_MTE2,365862,365966,104,502466
case_084,pre,0,7542,DIV,PIPE_V,366136,366436,300,502466
case_084,pre,0,7543,REDUCE,PIPE_V,366436,366520,84,502466
case_084,pre,0,7544,SUB,PIPE_V,366520,366604,84,502466
case_084,pre,0,7545,EXP,PIPE_V,366604,366904,300,502466
case_084,pre,0,7546,REDUCE,PIPE_V,366904,366988,84,502466
case_084,pre,0,7547,DIV,PIPE_V,366988,367288,300,502466
case_084,pre,0,7548,MATMUL,PIPE_M,367288,367876,588,502466
case_084,pre,0,7552,MATMUL,PIPE_M,367876,368464,588,502466
case_084,pre,0,1000024601,COPY_OUT,PIPE_MTE3,367876,368084,208,502466
case_084,pre,0,1000024679,COPY_IN,PIPE_MTE2,367876,367880,4,502466
case_084,pre,0,1000024677,COPY_IN,PIPE_MTE2,367880,368086,206,502466
case_084,pre,0,1000024683,COPY_IN,PIPE_MTE2,368086,368190,104,502466
case_084,pre,0,1000024685,COPY_IN,PIPE_MTE2,368190,368294,104,502466
case_084,pre,0,7554,DIV,PIPE_V,368464,368764,300,502466
case_084,pre,0,7555,REDUCE,PIPE_V,368764,368848,84,502466
case_084,pre,0,7556,SUB,PIPE_V,368848,368932,84,502466
case_084,pre,0,7557,EXP,PIPE_V,368932,369232,300,502466
case_084,pre,0,7558,REDUCE,PIPE_V,369232,369316,84,502466
case_084,pre,0,7559,DIV,PIPE_V,369316,369616,300,502466
case_084,pre,0,7560,MATMUL,PIPE_M,369616,370204,588,502466
case_084,pre,0,7564,MATMUL,PIPE_M,370204,370792,588,502466
case_084,pre,0,1000024611,COPY_OUT,PIPE_MTE3,370204,370412,208,502466
case_084,pre,0,1000024689,COPY_IN,PIPE_MTE2,370204,370208,4,502466
case_084,pre,0,1000024687,COPY_IN,PIPE_MTE2,370208,370414,206,502466
case_084,pre,0,1000024693,COPY_IN,PIPE_MTE2,370414,370518,104,502466
case_084,pre,0,1000024695,COPY_IN,PIPE_MTE2,370518,370622,104,502466
case_084,pre,0,7566,DIV,PIPE_V,370792,371092,300,502466
case_084,pre,0,7567,REDUCE,PIPE_V,371092,371176,84,502466
case_084,pre,0,7568,SUB,PIPE_V,371176,371260,84,502466
case_084,pre,0,7569,EXP,PIPE_V,371260,371560,300,502466
case_084,pre,0,7570,REDUCE,PIPE_V,371560,371644,84,502466
case_084,pre,0,7571,DIV,PIPE_V,371644,371944,300,502466
case_084,pre,0,7572,MATMUL,PIPE_M,371944,372532,588,502466
case_084,pre,0,7576,MATMUL,PIPE_M,372532,373120,588,502466
case_084,pre,0,1000024621,COPY_OUT,PIPE_MTE3,372532,372740,208,502466
case_084,pre,0,1000024699,COPY_IN,PIPE_MTE2,372532,372536,4,502466
case_084,pre,0,1000024697,COPY_IN,PIPE_MTE2,372536,372742,206,502466
case_084,pre,0,1000024703,COPY_IN,PIPE_MTE2,372742,372846,104,502466
case_084,pre,0,1000024705,COPY_IN,PIPE_MTE2,372846,372950,104,502466
case_084,pre,0,7578,DIV,PIPE_V,373120,373420,300,502466
case_084,pre,0,7579,REDUCE,PIPE_V,373420,373504,84,502466
case_084,pre,0,7580,SUB,PIPE_V,373504,373588,84,502466
case_084,pre,0,7581,EXP,PIPE_V,373588,373888,300,502466
case_084,pre,0,7582,REDUCE,PIPE_V,373888,373972,84,502466
case_084,pre,0,7583,DIV,PIPE_V,373972,374272,300,502466
case_084,pre,0,7584,MATMUL,PIPE_M,374272,374860,588,502466
case_084,pre,0,7588,MATMUL,PIPE_M,374860,375448,588,502466
case_084,pre,0,1000024631,COPY_OUT,PIPE_MTE3,374860,375068,208,502466
case_084,pre,0,1000024709,COPY_IN,PIPE_MTE2,374860,374864,4,502466
case_084,pre,0,1000024707,COPY_IN,PIPE_MTE2,374864,375070,206,502466
case_084,pre,0,1000024713,COPY_IN,PIPE_MTE2,375070,375174,104,502466
case_084,pre,0,1000024715,COPY_IN,PIPE_MTE2,375174,375278,104,502466
case_084,pre,0,7590,DIV,PIPE_V,375448,375748,300,502466
case_084,pre,0,7591,REDUCE,PIPE_V,375748,375832,84,502466
case_084,pre,0,7592,SUB,PIPE_V,375832,375916,84,502466
case_084,pre,0,7593,EXP,PIPE_V,375916,376216,300,502466
case_084,pre,0,7594,REDUCE,PIPE_V,376216,376300,84,502466
case_084,pre,0,7595,DIV,PIPE_V,376300,376600,300,502466
case_084,pre,0,7596,MATMUL,PIPE_M,376600,377188,588,502466
case_084,pre,0,7600,MATMUL,PIPE_M,377188,377776,588,502466
case_084,pre,0,1000024641,COPY_OUT,PIPE_MTE3,377188,377396,208,502466
case_084,pre,0,1000024719,COPY_IN,PIPE_MTE2,377188,377192,4,502466
case_084,pre,0,1000024717,COPY_IN,PIPE_MTE2,377192,377398,206,502466
case_084,pre,0,1000024723,COPY_IN,PIPE_MTE2,377398,377502,104,502466
case_084,pre,0,1000024725,COPY_IN,PIPE_MTE2,377502,377606,104,502466
case_084,pre,0,7602,DIV,PIPE_V,377776,378076,300,502466
case_084,pre,0,7603,REDUCE,PIPE_V,378076,378160,84,502466
case_084,pre,0,7604,SUB,PIPE_V,378160,378244,84,502466
case_084,pre,0,7605,EXP,PIPE_V,378244,378544,300,502466
case_084,pre,0,7606,REDUCE,PIPE_V,378544,378628,84,502466
case_084,pre,0,7607,DIV,PIPE_V,378628,378928,300,502466
case_084,pre,0,7608,MATMUL,PIPE_M,378928,379516,588,502466
case_084,pre,0,7612,MATMUL,PIPE_M,379516,380104,588,502466
case_084,pre,0,1000024651,COPY_OUT,PIPE_MTE3,379516,379724,208,502466
case_084,pre,0,1000024729,COPY_IN,PIPE_MTE2,379516,379520,4,502466
case_084,pre,0,1000024727,COPY_IN,PIPE_MTE2,379520,379726,206,502466
case_084,pre,0,1000024733,COPY_IN,PIPE_MTE2,379726,379830,104,502466
case_084,pre,0,1000024735,COPY_IN,PIPE_MTE2,379830,379934,104,502466
case_084,pre,0,7614,DIV,PIPE_V,380104,380404,300,502466
case_084,pre,0,7615,REDUCE,PIPE_V,380404,380488,84,502466
case_084,pre,0,7616,SUB,PIPE_V,380488,380572,84,502466
case_084,pre,0,7617,EXP,PIPE_V,380572,380872,300,502466
case_084,pre,0,7618,REDUCE,PIPE_V,380872,380956,84,502466
case_084,pre,0,7619,DIV,PIPE_V,380956,381256,300,502466
case_084,pre,0,7620,MATMUL,PIPE_M,381256,381844,588,502466
case_084,pre,0,7624,MATMUL,PIPE_M,381844,382432,588,502466
case_084,pre,0,1000024661,COPY_OUT,PIPE_MTE3,381844,382052,208,502466
case_084,pre,0,1000024739,COPY_IN,PIPE_MTE2,381844,381848,4,502466
case_084,pre,0,1000024737,COPY_IN,PIPE_MTE2,381848,382054,206,502466
case_084,pre,0,1000024743,COPY_IN,PIPE_MTE2,382054,382158,104,502466
case_084,pre,0,1000024745,COPY_IN,PIPE_MTE2,382158,382262,104,502466
case_084,pre,0,7626,DIV,PIPE_V,382432,382732,300,502466
case_084,pre,0,7627,REDUCE,PIPE_V,382732,382816,84,502466
case_084,pre,0,7628,SUB,PIPE_V,382816,382900,84,502466
case_084,pre,0,7629,EXP,PIPE_V,382900,383200,300,502466
case_084,pre,0,7630,REDUCE,PIPE_V,383200,383284,84,502466
case_084,pre,0,7631,DIV,PIPE_V,383284,383584,300,502466
case_084,pre,0,7632,MATMUL,PIPE_M,383584,384172,588,502466
case_084,pre,0,7636,MATMUL,PIPE_M,384172,384760,588,502466
case_084,pre,0,1000024671,COPY_OUT,PIPE_MTE3,384172,384380,208,502466
case_084,pre,0,1000024749,COPY_IN,PIPE_MTE2,384172,384176,4,502466
case_084,pre,0,1000024747,COPY_IN,PIPE_MTE2,384176,384382,206,502466
case_084,pre,0,1000024753,COPY_IN,PIPE_MTE2,384382,384486,104,502466
case_084,pre,0,1000024755,COPY_IN,PIPE_MTE2,384486,384590,104,502466
case_084,pre,0,7638,DIV,PIPE_V,384760,385060,300,502466
case_084,pre,0,7639,REDUCE,PIPE_V,385060,385144,84,502466
case_084,pre,0,7640,SUB,PIPE_V,385144,385228,84,502466
case_084,pre,0,7641,EXP,PIPE_V,385228,385528,300,502466
case_084,pre,0,7642,REDUCE,PIPE_V,385528,385612,84,502466
case_084,pre,0,7643,DIV,PIPE_V,385612,385912,300,502466
case_084,pre,0,7644,MATMUL,PIPE_M,385912,386500,588,502466
case_084,pre,0,7648,MATMUL,PIPE_M,386500,387088,588,502466
case_084,pre,0,1000024681,COPY_OUT,PIPE_MTE3,386500,386708,208,502466
case_084,pre,0,1000024759,COPY_IN,PIPE_MTE2,386500,386504,4,502466
case_084,pre,0,1000024757,COPY_IN,PIPE_MTE2,386504,386710,206,502466
case_084,pre,0,1000023343,COPY_IN,PIPE_MTE2,386710,386814,104,502466
case_084,pre,0,1000023345,COPY_IN,PIPE_MTE2,386814,386918,104,502466
case_084,pre,0,7650,DIV,PIPE_V,387088,387388,300,502466
case_084,pre,0,7651,REDUCE,PIPE_V,387388,387472,84,502466
case_084,pre,0,7652,SUB,PIPE_V,387472,387556,84,502466
case_084,pre,0,7653,EXP,PIPE_V,387556,387856,300,502466
case_084,pre,0,7654,REDUCE,PIPE_V,387856,387940,84,502466
case_084,pre,0,7655,DIV,PIPE_V,387940,388240,300,502466
case_084,pre,0,7656,MATMUL,PIPE_M,388240,388828,588,502466
case_084,pre,0,7660,MATMUL,PIPE_M,388828,389416,588,502466
case_084,pre,0,1000023349,COPY_IN,PIPE_MTE2,388828,388832,4,502466
case_084,pre,0,1000024691,COPY_OUT,PIPE_MTE3,388828,389036,208,502466
case_084,pre,0,1000023347,COPY_IN,PIPE_MTE2,388832,389038,206,502466
case_084,pre,0,1000023353,COPY_IN,PIPE_MTE2,389038,389142,104,502466
case_084,pre,0,1000023355,COPY_IN,PIPE_MTE2,389142,389246,104,502466
case_084,pre,0,7662,DIV,PIPE_V,389416,389716,300,502466
case_084,pre,0,7663,REDUCE,PIPE_V,389716,389800,84,502466
case_084,pre,0,7664,SUB,PIPE_V,389800,389884,84,502466
case_084,pre,0,7665,EXP,PIPE_V,389884,390184,300,502466
case_084,pre,0,7666,REDUCE,PIPE_V,390184,390268,84,502466
case_084,pre,0,7667,DIV,PIPE_V,390268,390568,300,502466
case_084,pre,0,7668,MATMUL,PIPE_M,390568,391156,588,502466
case_084,pre,0,7672,MATMUL,PIPE_M,391156,391744,588,502466
case_084,pre,0,1000023359,COPY_IN,PIPE_MTE2,391156,391160,4,502466
case_084,pre,0,1000024701,COPY_OUT,PIPE_MTE3,391156,391364,208,502466
case_084,pre,0,1000023357,COPY_IN,PIPE_MTE2,391160,391366,206,502466
case_084,pre,0,1000023363,COPY_IN,PIPE_MTE2,391366,391470,104,502466
case_084,pre,0,1000023365,COPY_IN,PIPE_MTE2,391470,391574,104,502466
case_084,pre,0,7674,DIV,PIPE_V,391744,392044,300,502466
case_084,pre,0,7675,REDUCE,PIPE_V,392044,392128,84,502466
case_084,pre,0,7676,SUB,PIPE_V,392128,392212,84,502466
case_084,pre,0,7677,EXP,PIPE_V,392212,392512,300,502466
case_084,pre,0,7678,REDUCE,PIPE_V,392512,392596,84,502466
case_084,pre,0,7679,DIV,PIPE_V,392596,392896,300,502466
case_084,pre,0,7680,MATMUL,PIPE_M,392896,393484,588,502466
case_084,pre,0,7684,MATMUL,PIPE_M,393484,394072,588,502466
case_084,pre,0,1000023369,COPY_IN,PIPE_MTE2,393484,393488,4,502466
case_084,pre,0,1000024711,COPY_OUT,PIPE_MTE3,393484,393692,208,502466
case_084,pre,0,1000023367,COPY_IN,PIPE_MTE2,393488,393694,206,502466
case_084,pre,0,1000023373,COPY_IN,PIPE_MTE2,393694,393798,104,502466
case_084,pre,0,1000023375,COPY_IN,PIPE_MTE2,393798,393902,104,502466
case_084,pre,0,7686,DIV,PIPE_V,394072,394372,300,502466
case_084,pre,0,7687,REDUCE,PIPE_V,394372,394456,84,502466
case_084,pre,0,7688,SUB,PIPE_V,394456,394540,84,502466
case_084,pre,0,7689,EXP,PIPE_V,394540,394840,300,502466
case_084,pre,0,7690,REDUCE,PIPE_V,394840,394924,84,502466
case_084,pre,0,7691,DIV,PIPE_V,394924,395224,300,502466
case_084,pre,0,7692,MATMUL,PIPE_M,395224,395812,588,502466
case_084,pre,0,7696,MATMUL,PIPE_M,395812,396400,588,502466
case_084,pre,0,1000023379,COPY_IN,PIPE_MTE2,395812,395816,4,502466
case_084,pre,0,1000024721,COPY_OUT,PIPE_MTE3,395812,396020,208,502466
case_084,pre,0,1000023377,COPY_IN,PIPE_MTE2,395816,396022,206,502466
case_084,pre,0,1000023383,COPY_IN,PIPE_MTE2,396022,396126,104,502466
case_084,pre,0,1000023385,COPY_IN,PIPE_MTE2,396126,396230,104,502466
case_084,pre,0,7698,DIV,PIPE_V,396400,396700,300,502466
case_084,pre,0,7699,REDUCE,PIPE_V,396700,396784,84,502466
case_084,pre,0,7700,SUB,PIPE_V,396784,396868,84,502466
case_084,pre,0,7701,EXP,PIPE_V,396868,397168,300,502466
case_084,pre,0,7702,REDUCE,PIPE_V,397168,397252,84,502466
case_084,pre,0,7703,DIV,PIPE_V,397252,397552,300,502466
case_084,pre,0,7704,MATMUL,PIPE_M,397552,398140,588,502466
case_084,pre,0,7708,MATMUL,PIPE_M,398140,398728,588,502466
case_084,pre,0,1000023389,COPY_IN,PIPE_MTE2,398140,398144,4,502466
case_084,pre,0,1000024731,COPY_OUT,PIPE_MTE3,398140,398348,208,502466
case_084,pre,0,1000023387,COPY_IN,PIPE_MTE2,398144,398350,206,502466
case_084,pre,0,1000023393,COPY_IN,PIPE_MTE2,398350,398454,104,502466
case_084,pre,0,1000023395,COPY_IN,PIPE_MTE2,398454,398558,104,502466
case_084,pre,0,7710,DIV,PIPE_V,398728,399028,300,502466
case_084,pre,0,7711,REDUCE,PIPE_V,399028,399112,84,502466
case_084,pre,0,7712,SUB,PIPE_V,399112,399196,84,502466
case_084,pre,0,7713,EXP,PIPE_V,399196,399496,300,502466
case_084,pre,0,7714,REDUCE,PIPE_V,399496,399580,84,502466
case_084,pre,0,7715,DIV,PIPE_V,399580,399880,300,502466
case_084,pre,0,7716,MATMUL,PIPE_M,399880,400468,588,502466
case_084,pre,0,7720,MATMUL,PIPE_M,400468,401056,588,502466
case_084,pre,0,1000023399,COPY_IN,PIPE_MTE2,400468,400472,4,502466
case_084,pre,0,1000024741,COPY_OUT,PIPE_MTE3,400468,400676,208,502466
case_084,pre,0,1000023397,COPY_IN,PIPE_MTE2,400472,400678,206,502466
case_084,pre,0,1000023403,COPY_IN,PIPE_MTE2,400678,400782,104,502466
case_084,pre,0,1000023405,COPY_IN,PIPE_MTE2,400782,400886,104,502466
case_084,pre,0,7722,DIV,PIPE_V,401056,401356,300,502466
case_084,pre,0,7723,REDUCE,PIPE_V,401356,401440,84,502466
case_084,pre,0,7724,SUB,PIPE_V,401440,401524,84,502466
case_084,pre,0,7725,EXP,PIPE_V,401524,401824,300,502466
case_084,pre,0,7726,REDUCE,PIPE_V,401824,401908,84,502466
case_084,pre,0,7727,DIV,PIPE_V,401908,402208,300,502466
case_084,pre,0,7728,MATMUL,PIPE_M,402208,402796,588,502466
case_084,pre,0,7732,MATMUL,PIPE_M,402796,403384,588,502466
case_084,pre,0,1000023409,COPY_IN,PIPE_MTE2,402796,402800,4,502466
case_084,pre,0,1000024751,COPY_OUT,PIPE_MTE3,402796,403004,208,502466
case_084,pre,0,1000023407,COPY_IN,PIPE_MTE2,402800,403006,206,502466
case_084,pre,0,1000023413,COPY_IN,PIPE_MTE2,403006,403110,104,502466
case_084,pre,0,1000023415,COPY_IN,PIPE_MTE2,403110,403214,104,502466
case_084,pre,0,7734,DIV,PIPE_V,403384,403684,300,502466
case_084,pre,0,7735,REDUCE,PIPE_V,403684,403768,84,502466
case_084,pre,0,7736,SUB,PIPE_V,403768,403852,84,502466
case_084,pre,0,7737,EXP,PIPE_V,403852,404152,300,502466
case_084,pre,0,7738,REDUCE,PIPE_V,404152,404236,84,502466
case_084,pre,0,7739,DIV,PIPE_V,404236,404536,300,502466
case_084,pre,0,7740,MATMUL,PIPE_M,404536,405124,588,502466
case_084,pre,0,6040,MATMUL,PIPE_M,405124,405712,588,502466
case_084,pre,0,1000023419,COPY_IN,PIPE_MTE2,405124,405128,4,502466
case_084,pre,0,1000024761,COPY_OUT,PIPE_MTE3,405124,405332,208,502466
case_084,pre,0,1000023417,COPY_IN,PIPE_MTE2,405128,405334,206,502466
case_084,pre,0,1000023423,COPY_IN,PIPE_MTE2,405334,405438,104,502466
case_084,pre,0,1000023425,COPY_IN,PIPE_MTE2,405438,405542,104,502466
case_084,pre,0,6042,DIV,PIPE_V,405712,406012,300,502466
case_084,pre,0,6043,REDUCE,PIPE_V,406012,406096,84,502466
case_084,pre,0,6044,SUB,PIPE_V,406096,406180,84,502466
case_084,pre,0,6045,EXP,PIPE_V,406180,406480,300,502466
case_084,pre,0,6046,REDUCE,PIPE_V,406480,406564,84,502466
case_084,pre,0,6047,DIV,PIPE_V,406564,406864,300,502466
case_084,pre,0,6048,MATMUL,PIPE_M,406864,407452,588,502466
case_084,pre,0,6052,MATMUL,PIPE_M,407452,408040,588,502466
case_084,pre,0,1000023351,COPY_OUT,PIPE_MTE3,407452,407660,208,502466
case_084,pre,0,1000023429,COPY_IN,PIPE_MTE2,407452,407456,4,502466
case_084,pre,0,1000023427,COPY_IN,PIPE_MTE2,407456,407662,206,502466
case_084,pre,0,1000023433,COPY_IN,PIPE_MTE2,407662,407766,104,502466
case_084,pre,0,1000023435,COPY_IN,PIPE_MTE2,407766,407870,104,502466
case_084,pre,0,6054,DIV,PIPE_V,408040,408340,300,502466
case_084,pre,0,6055,REDUCE,PIPE_V,408340,408424,84,502466
case_084,pre,0,6056,SUB,PIPE_V,408424,408508,84,502466
case_084,pre,0,6057,EXP,PIPE_V,408508,408808,300,502466
case_084,pre,0,6058,REDUCE,PIPE_V,408808,408892,84,502466
case_084,pre,0,6059,DIV,PIPE_V,408892,409192,300,502466
case_084,pre,0,6060,MATMUL,PIPE_M,409192,409780,588,502466
case_084,pre,0,6064,MATMUL,PIPE_M,409780,410368,588,502466
case_084,pre,0,1000023361,COPY_OUT,PIPE_MTE3,409780,409988,208,502466
case_084,pre,0,1000023439,COPY_IN,PIPE_MTE2,409780,409784,4,502466
case_084,pre,0,1000023437,COPY_IN,PIPE_MTE2,409784,409990,206,502466
case_084,pre,0,1000023443,COPY_IN,PIPE_MTE2,409990,410094,104,502466
case_084,pre,0,1000023445,COPY_IN,PIPE_MTE2,410094,410198,104,502466
case_084,pre,0,6066,DIV,PIPE_V,410368,410668,300,502466
case_084,pre,0,6067,REDUCE,PIPE_V,410668,410752,84,502466
case_084,pre,0,6068,SUB,PIPE_V,410752,410836,84,502466
case_084,pre,0,6069,EXP,PIPE_V,410836,411136,300,502466
case_084,pre,0,6070,REDUCE,PIPE_V,411136,411220,84,502466
case_084,pre,0,6071,DIV,PIPE_V,411220,411520,300,502466
case_084,pre,0,6072,MATMUL,PIPE_M,411520,412108,588,502466
case_084,pre,0,6076,MATMUL,PIPE_M,412108,412696,588,502466
case_084,pre,0,1000023371,COPY_OUT,PIPE_MTE3,412108,412316,208,502466
case_084,pre,0,1000023449,COPY_IN,PIPE_MTE2,412108,412112,4,502466
case_084,pre,0,1000023447,COPY_IN,PIPE_MTE2,412112,412318,206,502466
case_084,pre,0,1000023453,COPY_IN,PIPE_MTE2,412318,412422,104,502466
case_084,pre,0,1000023455,COPY_IN,PIPE_MTE2,412422,412526,104,502466
case_084,pre,0,6078,DIV,PIPE_V,412696,412996,300,502466
case_084,pre,0,6079,REDUCE,PIPE_V,412996,413080,84,502466
case_084,pre,0,6080,SUB,PIPE_V,413080,413164,84,502466
case_084,pre,0,6081,EXP,PIPE_V,413164,413464,300,502466
case_084,pre,0,6082,REDUCE,PIPE_V,413464,413548,84,502466
case_084,pre,0,6083,DIV,PIPE_V,413548,413848,300,502466
case_084,pre,0,6084,MATMUL,PIPE_M,413848,414436,588,502466
case_084,pre,0,6088,MATMUL,PIPE_M,414436,415024,588,502466
case_084,pre,0,1000023381,COPY_OUT,PIPE_MTE3,414436,414644,208,502466
case_084,pre,0,1000023459,COPY_IN,PIPE_MTE2,414436,414440,4,502466
case_084,pre,0,1000023457,COPY_IN,PIPE_MTE2,414440,414646,206,502466
case_084,pre,0,1000023463,COPY_IN,PIPE_MTE2,414646,414750,104,502466
case_084,pre,0,1000023465,COPY_IN,PIPE_MTE2,414750,414854,104,502466
case_084,pre,0,6090,DIV,PIPE_V,415024,415324,300,502466
case_084,pre,0,6091,REDUCE,PIPE_V,415324,415408,84,502466
case_084,pre,0,6092,SUB,PIPE_V,415408,415492,84,502466
case_084,pre,0,6093,EXP,PIPE_V,415492,415792,300,502466
case_084,pre,0,6094,REDUCE,PIPE_V,415792,415876,84,502466
case_084,pre,0,6095,DIV,PIPE_V,415876,416176,300,502466
case_084,pre,0,6096,MATMUL,PIPE_M,416176,416764,588,502466
case_084,pre,0,6100,MATMUL,PIPE_M,416764,417352,588,502466
case_084,pre,0,1000023391,COPY_OUT,PIPE_MTE3,416764,416972,208,502466
case_084,pre,0,1000023469,COPY_IN,PIPE_MTE2,416764,416768,4,502466
case_084,pre,0,1000023467,COPY_IN,PIPE_MTE2,416768,416974,206,502466
case_084,pre,0,1000023473,COPY_IN,PIPE_MTE2,416974,417078,104,502466
case_084,pre,0,1000023475,COPY_IN,PIPE_MTE2,417078,417182,104,502466
case_084,pre,0,6102,DIV,PIPE_V,417352,417652,300,502466
case_084,pre,0,6103,REDUCE,PIPE_V,417652,417736,84,502466
case_084,pre,0,6104,SUB,PIPE_V,417736,417820,84,502466
case_084,pre,0,6105,EXP,PIPE_V,417820,418120,300,502466
case_084,pre,0,6106,REDUCE,PIPE_V,418120,418204,84,502466
case_084,pre,0,6107,DIV,PIPE_V,418204,418504,300,502466
case_084,pre,0,6108,MATMUL,PIPE_M,418504,419092,588,502466
case_084,pre,0,6112,MATMUL,PIPE_M,419092,419680,588,502466
case_084,pre,0,1000023401,COPY_OUT,PIPE_MTE3,419092,419300,208,502466
case_084,pre,0,1000023479,COPY_IN,PIPE_MTE2,419092,419096,4,502466
case_084,pre,0,1000023477,COPY_IN,PIPE_MTE2,419096,419302,206,502466
case_084,pre,0,1000023483,COPY_IN,PIPE_MTE2,419302,419406,104,502466
case_084,pre,0,1000023485,COPY_IN,PIPE_MTE2,419406,419510,104,502466
case_084,pre,0,6114,DIV,PIPE_V,419680,419980,300,502466
case_084,pre,0,6115,REDUCE,PIPE_V,419980,420064,84,502466
case_084,pre,0,6116,SUB,PIPE_V,420064,420148,84,502466
case_084,pre,0,6117,EXP,PIPE_V,420148,420448,300,502466
case_084,pre,0,6118,REDUCE,PIPE_V,420448,420532,84,502466
case_084,pre,0,6119,DIV,PIPE_V,420532,420832,300,502466
case_084,pre,0,6120,MATMUL,PIPE_M,420832,421420,588,502466
case_084,pre,0,6124,MATMUL,PIPE_M,421420,422008,588,502466
case_084,pre,0,1000023411,COPY_OUT,PIPE_MTE3,421420,421628,208,502466
case_084,pre,0,1000023489,COPY_IN,PIPE_MTE2,421420,421424,4,502466
case_084,pre,0,1000023487,COPY_IN,PIPE_MTE2,421424,421630,206,502466
case_084,pre,0,1000023493,COPY_IN,PIPE_MTE2,421630,421734,104,502466
case_084,pre,0,1000023495,COPY_IN,PIPE_MTE2,421734,421838,104,502466
case_084,pre,0,6126,DIV,PIPE_V,422008,422308,300,502466
case_084,pre,0,6127,REDUCE,PIPE_V,422308,422392,84,502466
case_084,pre,0,6128,SUB,PIPE_V,422392,422476,84,502466
case_084,pre,0,6129,EXP,PIPE_V,422476,422776,300,502466
case_084,pre,0,6130,REDUCE,PIPE_V,422776,422860,84,502466
case_084,pre,0,6131,DIV,PIPE_V,422860,423160,300,502466
case_084,pre,0,6132,MATMUL,PIPE_M,423160,423748,588,502466
case_084,pre,0,6136,MATMUL,PIPE_M,423748,424336,588,502466
case_084,pre,0,1000023421,COPY_OUT,PIPE_MTE3,423748,423956,208,502466
case_084,pre,0,1000023499,COPY_IN,PIPE_MTE2,423748,423752,4,502466
case_084,pre,0,1000023497,COPY_IN,PIPE_MTE2,423752,423958,206,502466
case_084,pre,0,1000023503,COPY_IN,PIPE_MTE2,423958,424062,104,502466
case_084,pre,0,1000023505,COPY_IN,PIPE_MTE2,424062,424166,104,502466
case_084,pre,0,6138,DIV,PIPE_V,424336,424636,300,502466
case_084,pre,0,6139,REDUCE,PIPE_V,424636,424720,84,502466
case_084,pre,0,6140,SUB,PIPE_V,424720,424804,84,502466
case_084,pre,0,6141,EXP,PIPE_V,424804,425104,300,502466
case_084,pre,0,6142,REDUCE,PIPE_V,425104,425188,84,502466
case_084,pre,0,6143,DIV,PIPE_V,425188,425488,300,502466
case_084,pre,0,6144,MATMUL,PIPE_M,425488,426076,588,502466
case_084,pre,0,6148,MATMUL,PIPE_M,426076,426664,588,502466
case_084,pre,0,1000023431,COPY_OUT,PIPE_MTE3,426076,426284,208,502466
case_084,pre,0,1000023509,COPY_IN,PIPE_MTE2,426076,426080,4,502466
case_084,pre,0,1000023507,COPY_IN,PIPE_MTE2,426080,426286,206,502466
case_084,pre,0,1000023513,COPY_IN,PIPE_MTE2,426286,426390,104,502466
case_084,pre,0,1000023515,COPY_IN,PIPE_MTE2,426390,426494,104,502466
case_084,pre,0,6150,DIV,PIPE_V,426664,426964,300,502466
case_084,pre,0,6151,REDUCE,PIPE_V,426964,427048,84,502466
case_084,pre,0,6152,SUB,PIPE_V,427048,427132,84,502466
case_084,pre,0,6153,EXP,PIPE_V,427132,427432,300,502466
case_084,pre,0,6154,REDUCE,PIPE_V,427432,427516,84,502466
case_084,pre,0,6155,DIV,PIPE_V,427516,427816,300,502466
case_084,pre,0,6156,MATMUL,PIPE_M,427816,428404,588,502466
case_084,pre,0,6160,MATMUL,PIPE_M,428404,428992,588,502466
case_084,pre,0,1000023441,COPY_OUT,PIPE_MTE3,428404,428612,208,502466
case_084,pre,0,1000023519,COPY_IN,PIPE_MTE2,428404,428408,4,502466
case_084,pre,0,1000023517,COPY_IN,PIPE_MTE2,428408,428614,206,502466
case_084,pre,0,1000023523,COPY_IN,PIPE_MTE2,428614,428718,104,502466
case_084,pre,0,1000023525,COPY_IN,PIPE_MTE2,428718,428822,104,502466
case_084,pre,0,6162,DIV,PIPE_V,428992,429292,300,502466
case_084,pre,0,6163,REDUCE,PIPE_V,429292,429376,84,502466
case_084,pre,0,6164,SUB,PIPE_V,429376,429460,84,502466
case_084,pre,0,6165,EXP,PIPE_V,429460,429760,300,502466
case_084,pre,0,6166,REDUCE,PIPE_V,429760,429844,84,502466
case_084,pre,0,6167,DIV,PIPE_V,429844,430144,300,502466
case_084,pre,0,6168,MATMUL,PIPE_M,430144,430732,588,502466
case_084,pre,0,6172,MATMUL,PIPE_M,430732,431320,588,502466
case_084,pre,0,1000023451,COPY_OUT,PIPE_MTE3,430732,430940,208,502466
case_084,pre,0,1000023529,COPY_IN,PIPE_MTE2,430732,430736,4,502466
case_084,pre,0,1000023527,COPY_IN,PIPE_MTE2,430736,430942,206,502466
case_084,pre,0,1000023533,COPY_IN,PIPE_MTE2,430942,431046,104,502466
case_084,pre,0,1000023535,COPY_IN,PIPE_MTE2,431046,431150,104,502466
case_084,pre,0,6174,DIV,PIPE_V,431320,431620,300,502466
case_084,pre,0,6175,REDUCE,PIPE_V,431620,431704,84,502466
case_084,pre,0,6176,SUB,PIPE_V,431704,431788,84,502466
case_084,pre,0,6177,EXP,PIPE_V,431788,432088,300,502466
case_084,pre,0,6178,REDUCE,PIPE_V,432088,432172,84,502466
case_084,pre,0,6179,DIV,PIPE_V,432172,432472,300,502466
case_084,pre,0,6180,MATMUL,PIPE_M,432472,433060,588,502466
case_084,pre,0,6184,MATMUL,PIPE_M,433060,433648,588,502466
case_084,pre,0,1000023461,COPY_OUT,PIPE_MTE3,433060,433268,208,502466
case_084,pre,0,1000023539,COPY_IN,PIPE_MTE2,433060,433064,4,502466
case_084,pre,0,1000023537,COPY_IN,PIPE_MTE2,433064,433270,206,502466
case_084,pre,0,1000023543,COPY_IN,PIPE_MTE2,433270,433374,104,502466
case_084,pre,0,1000023545,COPY_IN,PIPE_MTE2,433374,433478,104,502466
case_084,pre,0,6186,DIV,PIPE_V,433648,433948,300,502466
case_084,pre,0,6187,REDUCE,PIPE_V,433948,434032,84,502466
case_084,pre,0,6188,SUB,PIPE_V,434032,434116,84,502466
case_084,pre,0,6189,EXP,PIPE_V,434116,434416,300,502466
case_084,pre,0,6190,REDUCE,PIPE_V,434416,434500,84,502466
case_084,pre,0,6191,DIV,PIPE_V,434500,434800,300,502466
case_084,pre,0,6192,MATMUL,PIPE_M,434800,435388,588,502466
case_084,pre,0,6196,MATMUL,PIPE_M,435388,435976,588,502466
case_084,pre,0,1000023471,COPY_OUT,PIPE_MTE3,435388,435596,208,502466
case_084,pre,0,1000023549,COPY_IN,PIPE_MTE2,435388,435392,4,502466
case_084,pre,0,1000023547,COPY_IN,PIPE_MTE2,435392,435598,206,502466
case_084,pre,0,1000023553,COPY_IN,PIPE_MTE2,435598,435702,104,502466
case_084,pre,0,1000023555,COPY_IN,PIPE_MTE2,435702,435806,104,502466
case_084,pre,0,6198,DIV,PIPE_V,435976,436276,300,502466
case_084,pre,0,6199,REDUCE,PIPE_V,436276,436360,84,502466
case_084,pre,0,6200,SUB,PIPE_V,436360,436444,84,502466
case_084,pre,0,6201,EXP,PIPE_V,436444,436744,300,502466
case_084,pre,0,6202,REDUCE,PIPE_V,436744,436828,84,502466
case_084,pre,0,6203,DIV,PIPE_V,436828,437128,300,502466
case_084,pre,0,6204,MATMUL,PIPE_M,437128,437716,588,502466
case_084,pre,0,6208,MATMUL,PIPE_M,437716,438304,588,502466
case_084,pre,0,1000023481,COPY_OUT,PIPE_MTE3,437716,437924,208,502466
case_084,pre,0,1000023559,COPY_IN,PIPE_MTE2,437716,437720,4,502466
case_084,pre,0,1000023557,COPY_IN,PIPE_MTE2,437720,437926,206,502466
case_084,pre,0,1000023563,COPY_IN,PIPE_MTE2,437926,438030,104,502466
case_084,pre,0,1000023565,COPY_IN,PIPE_MTE2,438030,438134,104,502466
case_084,pre,0,6210,DIV,PIPE_V,438304,438604,300,502466
case_084,pre,0,6211,REDUCE,PIPE_V,438604,438688,84,502466
case_084,pre,0,6212,SUB,PIPE_V,438688,438772,84,502466
case_084,pre,0,6213,EXP,PIPE_V,438772,439072,300,502466
case_084,pre,0,6214,REDUCE,PIPE_V,439072,439156,84,502466
case_084,pre,0,6215,DIV,PIPE_V,439156,439456,300,502466
case_084,pre,0,6216,MATMUL,PIPE_M,439456,440044,588,502466
case_084,pre,0,6220,MATMUL,PIPE_M,440044,440632,588,502466
case_084,pre,0,1000023491,COPY_OUT,PIPE_MTE3,440044,440252,208,502466
case_084,pre,0,1000023569,COPY_IN,PIPE_MTE2,440044,440048,4,502466
case_084,pre,0,1000023567,COPY_IN,PIPE_MTE2,440048,440254,206,502466
case_084,pre,0,1000023573,COPY_IN,PIPE_MTE2,440254,440358,104,502466
case_084,pre,0,1000023575,COPY_IN,PIPE_MTE2,440358,440462,104,502466
case_084,pre,0,6222,DIV,PIPE_V,440632,440932,300,502466
case_084,pre,0,6223,REDUCE,PIPE_V,440932,441016,84,502466
case_084,pre,0,6224,SUB,PIPE_V,441016,441100,84,502466
case_084,pre,0,6225,EXP,PIPE_V,441100,441400,300,502466
case_084,pre,0,6226,REDUCE,PIPE_V,441400,441484,84,502466
case_084,pre,0,6227,DIV,PIPE_V,441484,441784,300,502466
case_084,pre,0,6228,MATMUL,PIPE_M,441784,442372,588,502466
case_084,pre,0,6232,MATMUL,PIPE_M,442372,442960,588,502466
case_084,pre,0,1000023501,COPY_OUT,PIPE_MTE3,442372,442580,208,502466
case_084,pre,0,1000023579,COPY_IN,PIPE_MTE2,442372,442376,4,502466
case_084,pre,0,1000023577,COPY_IN,PIPE_MTE2,442376,442582,206,502466
case_084,pre,0,1000023583,COPY_IN,PIPE_MTE2,442582,442686,104,502466
case_084,pre,0,1000023585,COPY_IN,PIPE_MTE2,442686,442790,104,502466
case_084,pre,0,6234,DIV,PIPE_V,442960,443260,300,502466
case_084,pre,0,6235,REDUCE,PIPE_V,443260,443344,84,502466
case_084,pre,0,6236,SUB,PIPE_V,443344,443428,84,502466
case_084,pre,0,6237,EXP,PIPE_V,443428,443728,300,502466
case_084,pre,0,6238,REDUCE,PIPE_V,443728,443812,84,502466
case_084,pre,0,6239,DIV,PIPE_V,443812,444112,300,502466
case_084,pre,0,6240,MATMUL,PIPE_M,444112,444700,588,502466
case_084,pre,0,6244,MATMUL,PIPE_M,444700,445288,588,502466
case_084,pre,0,1000023511,COPY_OUT,PIPE_MTE3,444700,444908,208,502466
case_084,pre,0,1000023589,COPY_IN,PIPE_MTE2,444700,444704,4,502466
case_084,pre,0,1000023587,COPY_IN,PIPE_MTE2,444704,444910,206,502466
case_084,pre,0,1000023593,COPY_IN,PIPE_MTE2,444910,445014,104,502466
case_084,pre,0,1000023595,COPY_IN,PIPE_MTE2,445014,445118,104,502466
case_084,pre,0,6246,DIV,PIPE_V,445288,445588,300,502466
case_084,pre,0,6247,REDUCE,PIPE_V,445588,445672,84,502466
case_084,pre,0,6248,SUB,PIPE_V,445672,445756,84,502466
case_084,pre,0,6249,EXP,PIPE_V,445756,446056,300,502466
case_084,pre,0,6250,REDUCE,PIPE_V,446056,446140,84,502466
case_084,pre,0,6251,DIV,PIPE_V,446140,446440,300,502466
case_084,pre,0,6252,MATMUL,PIPE_M,446440,447028,588,502466
case_084,pre,0,6256,MATMUL,PIPE_M,447028,447616,588,502466
case_084,pre,0,1000023521,COPY_OUT,PIPE_MTE3,447028,447236,208,502466
case_084,pre,0,1000023599,COPY_IN,PIPE_MTE2,447028,447032,4,502466
case_084,pre,0,1000023597,COPY_IN,PIPE_MTE2,447032,447238,206,502466
case_084,pre,0,1000023603,COPY_IN,PIPE_MTE2,447238,447342,104,502466
case_084,pre,0,1000023605,COPY_IN,PIPE_MTE2,447342,447446,104,502466
case_084,pre,0,6258,DIV,PIPE_V,447616,447916,300,502466
case_084,pre,0,6259,REDUCE,PIPE_V,447916,448000,84,502466
case_084,pre,0,6260,SUB,PIPE_V,448000,448084,84,502466
case_084,pre,0,6261,EXP,PIPE_V,448084,448384,300,502466
case_084,pre,0,6262,REDUCE,PIPE_V,448384,448468,84,502466
case_084,pre,0,6263,DIV,PIPE_V,448468,448768,300,502466
case_084,pre,0,6264,MATMUL,PIPE_M,448768,449356,588,502466
case_084,pre,0,6268,MATMUL,PIPE_M,449356,449944,588,502466
case_084,pre,0,1000023531,COPY_OUT,PIPE_MTE3,449356,449564,208,502466
case_084,pre,0,1000023609,COPY_IN,PIPE_MTE2,449356,449360,4,502466
case_084,pre,0,1000023607,COPY_IN,PIPE_MTE2,449360,449566,206,502466
case_084,pre,0,1000023613,COPY_IN,PIPE_MTE2,449566,449670,104,502466
case_084,pre,0,1000023615,COPY_IN,PIPE_MTE2,449670,449774,104,502466
case_084,pre,0,6270,DIV,PIPE_V,449944,450244,300,502466
case_084,pre,0,6271,REDUCE,PIPE_V,450244,450328,84,502466
case_084,pre,0,6272,SUB,PIPE_V,450328,450412,84,502466
case_084,pre,0,6273,EXP,PIPE_V,450412,450712,300,502466
case_084,pre,0,6274,REDUCE,PIPE_V,450712,450796,84,502466
case_084,pre,0,6275,DIV,PIPE_V,450796,451096,300,502466
case_084,pre,0,6276,MATMUL,PIPE_M,451096,451684,588,502466
case_084,pre,0,6280,MATMUL,PIPE_M,451684,452272,588,502466
case_084,pre,0,1000023541,COPY_OUT,PIPE_MTE3,451684,451892,208,502466
case_084,pre,0,1000023619,COPY_IN,PIPE_MTE2,451684,451688,4,502466
case_084,pre,0,1000023617,COPY_IN,PIPE_MTE2,451688,451894,206,502466
case_084,pre,0,1000023623,COPY_IN,PIPE_MTE2,451894,451998,104,502466
case_084,pre,0,1000023625,COPY_IN,PIPE_MTE2,451998,452102,104,502466
case_084,pre,0,6282,DIV,PIPE_V,452272,452572,300,502466
case_084,pre,0,6283,REDUCE,PIPE_V,452572,452656,84,502466
case_084,pre,0,6284,SUB,PIPE_V,452656,452740,84,502466
case_084,pre,0,6285,EXP,PIPE_V,452740,453040,300,502466
case_084,pre,0,6286,REDUCE,PIPE_V,453040,453124,84,502466
case_084,pre,0,6287,DIV,PIPE_V,453124,453424,300,502466
case_084,pre,0,6288,MATMUL,PIPE_M,453424,454012,588,502466
case_084,pre,0,6292,MATMUL,PIPE_M,454012,454600,588,502466
case_084,pre,0,1000023551,COPY_OUT,PIPE_MTE3,454012,454220,208,502466
case_084,pre,0,1000023629,COPY_IN,PIPE_MTE2,454012,454016,4,502466
case_084,pre,0,1000023627,COPY_IN,PIPE_MTE2,454016,454222,206,502466
case_084,pre,0,1000023633,COPY_IN,PIPE_MTE2,454222,454326,104,502466
case_084,pre,0,1000023635,COPY_IN,PIPE_MTE2,454326,454430,104,502466
case_084,pre,0,6294,DIV,PIPE_V,454600,454900,300,502466
case_084,pre,0,6295,REDUCE,PIPE_V,454900,454984,84,502466
case_084,pre,0,6296,SUB,PIPE_V,454984,455068,84,502466
case_084,pre,0,6297,EXP,PIPE_V,455068,455368,300,502466
case_084,pre,0,6298,REDUCE,PIPE_V,455368,455452,84,502466
case_084,pre,0,6299,DIV,PIPE_V,455452,455752,300,502466
case_084,pre,0,6300,MATMUL,PIPE_M,455752,456340,588,502466
case_084,pre,0,6304,MATMUL,PIPE_M,456340,456928,588,502466
case_084,pre,0,1000023561,COPY_OUT,PIPE_MTE3,456340,456548,208,502466
case_084,pre,0,1000023639,COPY_IN,PIPE_MTE2,456340,456344,4,502466
case_084,pre,0,1000023637,COPY_IN,PIPE_MTE2,456344,456550,206,502466
case_084,pre,0,1000023643,COPY_IN,PIPE_MTE2,456550,456654,104,502466
case_084,pre,0,1000023645,COPY_IN,PIPE_MTE2,456654,456758,104,502466
case_084,pre,0,6306,DIV,PIPE_V,456928,457228,300,502466
case_084,pre,0,6307,REDUCE,PIPE_V,457228,457312,84,502466
case_084,pre,0,6308,SUB,PIPE_V,457312,457396,84,502466
case_084,pre,0,6309,EXP,PIPE_V,457396,457696,300,502466
case_084,pre,0,6310,REDUCE,PIPE_V,457696,457780,84,502466
case_084,pre,0,6311,DIV,PIPE_V,457780,458080,300,502466
case_084,pre,0,6312,MATMUL,PIPE_M,458080,458668,588,502466
case_084,pre,0,6316,MATMUL,PIPE_M,458668,459256,588,502466
case_084,pre,0,1000023571,COPY_OUT,PIPE_MTE3,458668,458876,208,502466
case_084,pre,0,1000023649,COPY_IN,PIPE_MTE2,458668,458672,4,502466
case_084,pre,0,1000023647,COPY_IN,PIPE_MTE2,458672,458878,206,502466
case_084,pre,0,1000023653,COPY_IN,PIPE_MTE2,458878,458982,104,502466
case_084,pre,0,1000023655,COPY_IN,PIPE_MTE2,458982,459086,104,502466
case_084,pre,0,6318,DIV,PIPE_V,459256,459556,300,502466
case_084,pre,0,6319,REDUCE,PIPE_V,459556,459640,84,502466
case_084,pre,0,6320,SUB,PIPE_V,459640,459724,84,502466
case_084,pre,0,6321,EXP,PIPE_V,459724,460024,300,502466
case_084,pre,0,6322,REDUCE,PIPE_V,460024,460108,84,502466
case_084,pre,0,6323,DIV,PIPE_V,460108,460408,300,502466
case_084,pre,0,6324,MATMUL,PIPE_M,460408,460996,588,502466
case_084,pre,0,6328,MATMUL,PIPE_M,460996,461584,588,502466
case_084,pre,0,1000023581,COPY_OUT,PIPE_MTE3,460996,461204,208,502466
case_084,pre,0,1000023659,COPY_IN,PIPE_MTE2,460996,461000,4,502466
case_084,pre,0,1000023657,COPY_IN,PIPE_MTE2,461000,461206,206,502466
case_084,pre,0,1000023663,COPY_IN,PIPE_MTE2,461206,461310,104,502466
case_084,pre,0,1000023665,COPY_IN,PIPE_MTE2,461310,461414,104,502466
case_084,pre,0,6330,DIV,PIPE_V,461584,461884,300,502466
case_084,pre,0,6331,REDUCE,PIPE_V,461884,461968,84,502466
case_084,pre,0,6332,SUB,PIPE_V,461968,462052,84,502466
case_084,pre,0,6333,EXP,PIPE_V,462052,462352,300,502466
case_084,pre,0,6334,REDUCE,PIPE_V,462352,462436,84,502466
case_084,pre,0,6335,DIV,PIPE_V,462436,462736,300,502466
case_084,pre,0,6336,MATMUL,PIPE_M,462736,463324,588,502466
case_084,pre,0,6340,MATMUL,PIPE_M,463324,463912,588,502466
case_084,pre,0,1000023591,COPY_OUT,PIPE_MTE3,463324,463532,208,502466
case_084,pre,0,1000023669,COPY_IN,PIPE_MTE2,463324,463328,4,502466
case_084,pre,0,1000023667,COPY_IN,PIPE_MTE2,463328,463534,206,502466
case_084,pre,0,1000023673,COPY_IN,PIPE_MTE2,463534,463638,104,502466
case_084,pre,0,1000023675,COPY_IN,PIPE_MTE2,463638,463742,104,502466
case_084,pre,0,6342,DIV,PIPE_V,463912,464212,300,502466
case_084,pre,0,6343,REDUCE,PIPE_V,464212,464296,84,502466
case_084,pre,0,6344,SUB,PIPE_V,464296,464380,84,502466
case_084,pre,0,6345,EXP,PIPE_V,464380,464680,300,502466
case_084,pre,0,6346,REDUCE,PIPE_V,464680,464764,84,502466
case_084,pre,0,6347,DIV,PIPE_V,464764,465064,300,502466
case_084,pre,0,6348,MATMUL,PIPE_M,465064,465652,588,502466
case_084,pre,0,6352,MATMUL,PIPE_M,465652,466240,588,502466
case_084,pre,0,1000023601,COPY_OUT,PIPE_MTE3,465652,465860,208,502466
case_084,pre,0,1000023679,COPY_IN,PIPE_MTE2,465652,465656,4,502466
case_084,pre,0,1000023677,COPY_IN,PIPE_MTE2,465656,465862,206,502466
case_084,pre,0,1000023683,COPY_IN,PIPE_MTE2,465862,465966,104,502466
case_084,pre,0,1000023685,COPY_IN,PIPE_MTE2,465966,466070,104,502466
case_084,pre,0,6354,DIV,PIPE_V,466240,466540,300,502466
case_084,pre,0,6355,REDUCE,PIPE_V,466540,466624,84,502466
case_084,pre,0,6356,SUB,PIPE_V,466624,466708,84,502466
case_084,pre,0,6357,EXP,PIPE_V,466708,467008,300,502466
case_084,pre,0,6358,REDUCE,PIPE_V,467008,467092,84,502466
case_084,pre,0,6359,DIV,PIPE_V,467092,467392,300,502466
case_084,pre,0,6360,MATMUL,PIPE_M,467392,467980,588,502466
case_084,pre,0,6364,MATMUL,PIPE_M,467980,468568,588,502466
case_084,pre,0,1000023611,COPY_OUT,PIPE_MTE3,467980,468188,208,502466
case_084,pre,0,1000023689,COPY_IN,PIPE_MTE2,467980,467984,4,502466
case_084,pre,0,1000023687,COPY_IN,PIPE_MTE2,467984,468190,206,502466
case_084,pre,0,1000023693,COPY_IN,PIPE_MTE2,468190,468294,104,502466
case_084,pre,0,1000023695,COPY_IN,PIPE_MTE2,468294,468398,104,502466
case_084,pre,0,6366,DIV,PIPE_V,468568,468868,300,502466
case_084,pre,0,6367,REDUCE,PIPE_V,468868,468952,84,502466
case_084,pre,0,6368,SUB,PIPE_V,468952,469036,84,502466
case_084,pre,0,6369,EXP,PIPE_V,469036,469336,300,502466
case_084,pre,0,6370,REDUCE,PIPE_V,469336,469420,84,502466
case_084,pre,0,6371,DIV,PIPE_V,469420,469720,300,502466
case_084,pre,0,6372,MATMUL,PIPE_M,469720,470308,588,502466
case_084,pre,0,6376,MATMUL,PIPE_M,470308,470896,588,502466
case_084,pre,0,1000023621,COPY_OUT,PIPE_MTE3,470308,470516,208,502466
case_084,pre,0,1000023699,COPY_IN,PIPE_MTE2,470308,470312,4,502466
case_084,pre,0,1000023697,COPY_IN,PIPE_MTE2,470312,470518,206,502466
case_084,pre,0,1000023703,COPY_IN,PIPE_MTE2,470518,470622,104,502466
case_084,pre,0,1000023705,COPY_IN,PIPE_MTE2,470622,470726,104,502466
case_084,pre,0,6378,DIV,PIPE_V,470896,471196,300,502466
case_084,pre,0,6379,REDUCE,PIPE_V,471196,471280,84,502466
case_084,pre,0,6380,SUB,PIPE_V,471280,471364,84,502466
case_084,pre,0,6381,EXP,PIPE_V,471364,471664,300,502466
case_084,pre,0,6382,REDUCE,PIPE_V,471664,471748,84,502466
case_084,pre,0,6383,DIV,PIPE_V,471748,472048,300,502466
case_084,pre,0,6384,MATMUL,PIPE_M,472048,472636,588,502466
case_084,pre,0,6388,MATMUL,PIPE_M,472636,473224,588,502466
case_084,pre,0,1000023631,COPY_OUT,PIPE_MTE3,472636,472844,208,502466
case_084,pre,0,1000023709,COPY_IN,PIPE_MTE2,472636,472640,4,502466
case_084,pre,0,1000023707,COPY_IN,PIPE_MTE2,472640,472846,206,502466
case_084,pre,0,1000023713,COPY_IN,PIPE_MTE2,472846,472950,104,502466
case_084,pre,0,1000023715,COPY_IN,PIPE_MTE2,472950,473054,104,502466
case_084,pre,0,6390,DIV,PIPE_V,473224,473524,300,502466
case_084,pre,0,6391,REDUCE,PIPE_V,473524,473608,84,502466
case_084,pre,0,6392,SUB,PIPE_V,473608,473692,84,502466
case_084,pre,0,6393,EXP,PIPE_V,473692,473992,300,502466
case_084,pre,0,6394,REDUCE,PIPE_V,473992,474076,84,502466
case_084,pre,0,6395,DIV,PIPE_V,474076,474376,300,502466
case_084,pre,0,6396,MATMUL,PIPE_M,474376,474964,588,502466
case_084,pre,0,6400,MATMUL,PIPE_M,474964,475552,588,502466
case_084,pre,0,1000023641,COPY_OUT,PIPE_MTE3,474964,475172,208,502466
case_084,pre,0,1000023719,COPY_IN,PIPE_MTE2,474964,474968,4,502466
case_084,pre,0,1000023717,COPY_IN,PIPE_MTE2,474968,475174,206,502466
case_084,pre,0,1000023723,COPY_IN,PIPE_MTE2,475174,475278,104,502466
case_084,pre,0,1000023725,COPY_IN,PIPE_MTE2,475278,475382,104,502466
case_084,pre,0,6402,DIV,PIPE_V,475552,475852,300,502466
case_084,pre,0,6403,REDUCE,PIPE_V,475852,475936,84,502466
case_084,pre,0,6404,SUB,PIPE_V,475936,476020,84,502466
case_084,pre,0,6405,EXP,PIPE_V,476020,476320,300,502466
case_084,pre,0,6406,REDUCE,PIPE_V,476320,476404,84,502466
case_084,pre,0,6407,DIV,PIPE_V,476404,476704,300,502466
case_084,pre,0,6408,MATMUL,PIPE_M,476704,477292,588,502466
case_084,pre,0,6412,MATMUL,PIPE_M,477292,477880,588,502466
case_084,pre,0,1000023651,COPY_OUT,PIPE_MTE3,477292,477500,208,502466
case_084,pre,0,1000023729,COPY_IN,PIPE_MTE2,477292,477296,4,502466
case_084,pre,0,1000023727,COPY_IN,PIPE_MTE2,477296,477502,206,502466
case_084,pre,0,1000023733,COPY_IN,PIPE_MTE2,477502,477606,104,502466
case_084,pre,0,1000023735,COPY_IN,PIPE_MTE2,477606,477710,104,502466
case_084,pre,0,6414,DIV,PIPE_V,477880,478180,300,502466
case_084,pre,0,6415,REDUCE,PIPE_V,478180,478264,84,502466
case_084,pre,0,6416,SUB,PIPE_V,478264,478348,84,502466
case_084,pre,0,6417,EXP,PIPE_V,478348,478648,300,502466
case_084,pre,0,6418,REDUCE,PIPE_V,478648,478732,84,502466
case_084,pre,0,6419,DIV,PIPE_V,478732,479032,300,502466
case_084,pre,0,6420,MATMUL,PIPE_M,479032,479620,588,502466
case_084,pre,0,6424,MATMUL,PIPE_M,479620,480208,588,502466
case_084,pre,0,1000023661,COPY_OUT,PIPE_MTE3,479620,479828,208,502466
case_084,pre,0,1000023739,COPY_IN,PIPE_MTE2,479620,479624,4,502466
case_084,pre,0,1000023737,COPY_IN,PIPE_MTE2,479624,479830,206,502466
case_084,pre,0,6426,DIV,PIPE_V,480208,480508,300,502466
case_084,pre,0,6427,REDUCE,PIPE_V,480508,480592,84,502466
case_084,pre,0,6428,SUB,PIPE_V,480592,480676,84,502466
case_084,pre,0,6429,EXP,PIPE_V,480676,480976,300,502466
case_084,pre,0,6430,REDUCE,PIPE_V,480976,481060,84,502466
case_084,pre,0,6431,DIV,PIPE_V,481060,481360,300,502466
case_084,pre,0,6432,MATMUL,PIPE_M,481360,481948,588,502466
case_084,pre,0,6436,MATMUL,PIPE_M,481948,482536,588,502466
case_084,pre,0,1000023671,COPY_OUT,PIPE_MTE3,481948,482156,208,502466
case_084,pre,0,1000023749,COPY_IN,PIPE_MTE2,481948,481952,4,502466
case_084,pre,0,1000023747,COPY_IN,PIPE_MTE2,481952,482158,206,502466
case_084,pre,0,6438,DIV,PIPE_V,482536,482836,300,502466
case_084,pre,0,6439,REDUCE,PIPE_V,482836,482920,84,502466
case_084,pre,0,6440,SUB,PIPE_V,482920,483004,84,502466
case_084,pre,0,6441,EXP,PIPE_V,483004,483304,300,502466
case_084,pre,0,6442,REDUCE,PIPE_V,483304,483388,84,502466
case_084,pre,0,6443,DIV,PIPE_V,483388,483688,300,502466
case_084,pre,0,6444,MATMUL,PIPE_M,483688,484276,588,502466
case_084,pre,0,6448,MATMUL,PIPE_M,484276,484864,588,502466
case_084,pre,0,1000023681,COPY_OUT,PIPE_MTE3,484276,484380,104,502466
case_084,pre,0,6450,DIV,PIPE_V,484864,485164,300,502466
case_084,pre,0,6451,REDUCE,PIPE_V,485164,485248,84,502466
case_084,pre,0,6452,SUB,PIPE_V,485248,485332,84,502466
case_084,pre,0,6453,EXP,PIPE_V,485332,485632,300,502466
case_084,pre,0,6454,REDUCE,PIPE_V,485632,485716,84,502466
case_084,pre,0,6455,DIV,PIPE_V,485716,486016,300,502466
case_084,pre,0,6456,MATMUL,PIPE_M,486016,486604,588,502466
case_084,pre,0,6460,MATMUL,PIPE_M,486604,487192,588,502466
case_084,pre,0,1000023691,COPY_OUT,PIPE_MTE3,486604,486708,104,502466
case_084,pre,0,6462,DIV,PIPE_V,487192,487492,300,502466
case_084,pre,0,6463,REDUCE,PIPE_V,487492,487576,84,502466
case_084,pre,0,6464,SUB,PIPE_V,487576,487660,84,502466
case_084,pre,0,6465,EXP,PIPE_V,487660,487960,300,502466
case_084,pre,0,6466,REDUCE,PIPE_V,487960,488044,84,502466
case_084,pre,0,6467,DIV,PIPE_V,488044,488344,300,502466
case_084,pre,0,6468,MATMUL,PIPE_M,488344,488932,588,502466
case_084,pre,0,6472,MATMUL,PIPE_M,488932,489520,588,502466
case_084,pre,0,1000023701,COPY_OUT,PIPE_MTE3,488932,489036,104,502466
case_084,pre,0,6474,DIV,PIPE_V,489520,489820,300,502466
case_084,pre,0,6475,REDUCE,PIPE_V,489820,489904,84,502466
case_084,pre,0,6476,SUB,PIPE_V,489904,489988,84,502466
case_084,pre,0,6477,EXP,PIPE_V,489988,490288,300,502466
case_084,pre,0,6478,REDUCE,PIPE_V,490288,490372,84,502466
case_084,pre,0,6479,DIV,PIPE_V,490372,490672,300,502466
case_084,pre,0,6480,MATMUL,PIPE_M,490672,491260,588,502466
case_084,pre,0,6484,MATMUL,PIPE_M,491260,491848,588,502466
case_084,pre,0,1000023711,COPY_OUT,PIPE_MTE3,491260,491364,104,502466
case_084,pre,0,6486,DIV,PIPE_V,491848,492148,300,502466
case_084,pre,0,6487,REDUCE,PIPE_V,492148,492232,84,502466
case_084,pre,0,6488,SUB,PIPE_V,492232,492316,84,502466
case_084,pre,0,6489,EXP,PIPE_V,492316,492616,300,502466
case_084,pre,0,6490,REDUCE,PIPE_V,492616,492700,84,502466
case_084,pre,0,6491,DIV,PIPE_V,492700,493000,300,502466
case_084,pre,0,6492,MATMUL,PIPE_M,493000,493588,588,502466
case_084,pre,0,6496,MATMUL,PIPE_M,493588,494176,588,502466
case_084,pre,0,1000023721,COPY_OUT,PIPE_MTE3,493588,493692,104,502466
case_084,pre,0,6498,DIV,PIPE_V,494176,494476,300,502466
case_084,pre,0,6499,REDUCE,PIPE_V,494476,494560,84,502466
case_084,pre,0,6500,SUB,PIPE_V,494560,494644,84,502466
case_084,pre,0,6501,EXP,PIPE_V,494644,494944,300,502466
case_084,pre,0,6502,REDUCE,PIPE_V,494944,495028,84,502466
case_084,pre,0,6503,DIV,PIPE_V,495028,495328,300,502466
case_084,pre,0,6504,MATMUL,PIPE_M,495328,495916,588,502466
case_084,pre,0,6508,MATMUL,PIPE_M,495916,496504,588,502466
case_084,pre,0,1000023731,COPY_OUT,PIPE_MTE3,495916,496020,104,502466
case_084,pre,0,6510,DIV,PIPE_V,496504,496804,300,502466
case_084,pre,0,6511,REDUCE,PIPE_V,496804,496888,84,502466
case_084,pre,0,6512,SUB,PIPE_V,496888,496972,84,502466
case_084,pre,0,6513,EXP,PIPE_V,496972,497272,300,502466
case_084,pre,0,6514,REDUCE,PIPE_V,497272,497356,84,502466
case_084,pre,0,6515,DIV,PIPE_V,497356,497656,300,502466
case_084,pre,0,6516,MATMUL,PIPE_M,497656,498244,588,502466
case_084,pre,0,6522,DIV,PIPE_V,497656,497956,300,502466
case_084,pre,0,6523,REDUCE,PIPE_V,497956,498040,84,502466
case_084,pre,0,6524,SUB,PIPE_V,498040,498124,84,502466
case_084,pre,0,6525,EXP,PIPE_V,498124,498424,300,502466
case_084,pre,0,1000023741,COPY_OUT,PIPE_MTE3,498244,498348,104,502466
case_084,pre,0,6526,REDUCE,PIPE_V,498424,498508,84,502466
case_084,pre,0,6527,DIV,PIPE_V,498508,498808,300,502466
case_084,pre,0,6528,MATMUL,PIPE_M,498808,499396,588,502466
case_084,pre,0,1000023751,COPY_OUT,PIPE_MTE3,499396,499448,52,502466
case_084,pre,1,1000028376,COPY_IN,PIPE_MTE2,0,260,260,502466
case_084,pre,1,1000028378,COPY_IN,PIPE_MTE2,260,520,260,502466
case_084,pre,1,12076,MATMUL,PIPE_M,520,1108,588,502466
case_084,pre,1,1000028382,COPY_IN,PIPE_MTE2,520,525,5,502466
case_084,pre,1,1000028380,COPY_IN,PIPE_MTE2,525,785,260,502466
case_084,pre,1,1000028386,COPY_IN,PIPE_MTE2,785,1045,260,502466
case_084,pre,1,1000028388,COPY_IN,PIPE_MTE2,1045,1305,260,502466
case_084,pre,1,12078,DIV,PIPE_V,1108,1408,300,502466
case_084,pre,1,1000028392,COPY_IN,PIPE_MTE2,1305,1310,5,502466
case_084,pre,1,1000028390,COPY_IN,PIPE_MTE2,1310,1570,260,502466
case_084,pre,1,12079,REDUCE,PIPE_V,1408,1492,84,502466
case_084,pre,1,12080,SUB,PIPE_V,1492,1576,84,502466
case_084,pre,1,1000028396,COPY_IN,PIPE_MTE2,1570,1830,260,502466
case_084,pre,1,12081,EXP,PIPE_V,1576,1876,300,502466
case_084,pre,1,1000028398,COPY_IN,PIPE_MTE2,1830,2090,260,502466
case_084,pre,1,12082,REDUCE,PIPE_V,1876,1960,84,502466
case_084,pre,1,12083,DIV,PIPE_V,1960,2260,300,502466
case_084,pre,1,1000028402,COPY_IN,PIPE_MTE2,2090,2095,5,502466
case_084,pre,1,1000028400,COPY_IN,PIPE_MTE2,2095,2355,260,502466
case_084,pre,1,12084,MATMUL,PIPE_M,2260,2848,588,502466
case_084,pre,1,1000028406,COPY_IN,PIPE_MTE2,2355,2615,260,502466
case_084,pre,1,1000028408,COPY_IN,PIPE_MTE2,2615,2881,266,502466
case_084,pre,1,12088,MATMUL,PIPE_M,2848,3436,588,502466
case_084,pre,1,1000028384,COPY_OUT,PIPE_MTE3,2848,3157,309,502466
case_084,pre,1,1000028412,COPY_IN,PIPE_MTE2,2881,2887,6,502466
case_084,pre,1,1000028410,COPY_IN,PIPE_MTE2,2887,3192,305,502466
case_084,pre,1,1000028416,COPY_IN,PIPE_MTE2,3192,3462,270,502466
case_084,pre,1,12090,DIV,PIPE_V,3436,3736,300,502466
case_084,pre,1,1000028418,COPY_IN,PIPE_MTE2,3462,3901,439,502466
case_084,pre,1,12091,REDUCE,PIPE_V,3736,3820,84,502466
case_084,pre,1,12092,SUB,PIPE_V,3820,3904,84,502466
case_084,pre,1,1000028422,COPY_IN,PIPE_MTE2,3901,3907,6,502466
case_084,pre,1,12093,EXP,PIPE_V,3904,4204,300,502466
case_084,pre,1,1000028420,COPY_IN,PIPE_MTE2,3907,4185,278,502466
case_084,pre,1,1000028426,COPY_IN,PIPE_MTE2,4185,4445,260,502466
case_084,pre,1,12094,REDUCE,PIPE_V,4204,4288,84,502466
case_084,pre,1,12095,DIV,PIPE_V,4288,4588,300,502466
case_084,pre,1,1000028428,COPY_IN,PIPE_MTE2,4445,4705,260,502466
case_084,pre,1,12096,MATMUL,PIPE_M,4588,5176,588,502466
case_084,pre,1,1000028432,COPY_IN,PIPE_MTE2,4705,4710,5,502466
case_084,pre,1,1000028430,COPY_IN,PIPE_MTE2,4710,4970,260,502466
case_084,pre,1,1000028436,COPY_IN,PIPE_MTE2,4970,5241,271,502466
case_084,pre,1,12100,MATMUL,PIPE_M,5176,5764,588,502466
case_084,pre,1,1000028394,COPY_OUT,PIPE_MTE3,5176,5487,311,502466
case_084,pre,1,1000028438,COPY_IN,PIPE_MTE2,5241,5542,301,502466
case_084,pre,1,1000028442,COPY_IN,PIPE_MTE2,5542,5547,5,502466
case_084,pre,1,1000028440,COPY_IN,PIPE_MTE2,5547,5833,286,502466
case_084,pre,1,12102,DIV,PIPE_V,5764,6064,300,502466
case_084,pre,1,1000028446,COPY_IN,PIPE_MTE2,5833,6262,429,502466
case_084,pre,1,12103,REDUCE,PIPE_V,6064,6148,84,502466
case_084,pre,1,12104,SUB,PIPE_V,6148,6232,84,502466
case_084,pre,1,12105,EXP,PIPE_V,6232,6532,300,502466
case_084,pre,1,1000028448,COPY_IN,PIPE_MTE2,6262,6535,273,502466
case_084,pre,1,12106,REDUCE,PIPE_V,6532,6616,84,502466
case_084,pre,1,1000028452,COPY_IN,PIPE_MTE2,6535,6540,5,502466
case_084,pre,1,1000028450,COPY_IN,PIPE_MTE2,6540,6800,260,502466
case_084,pre,1,12107,DIV,PIPE_V,6616,6916,300,502466
case_084,pre,1,1000028456,COPY_IN,PIPE_MTE2,6800,7060,260,502466
case_084,pre,1,12108,MATMUL,PIPE_M,6916,7504,588,502466
case_084,pre,1,1000028458,COPY_IN,PIPE_MTE2,7060,7320,260,502466
case_084,pre,1,1000028462,COPY_IN,PIPE_MTE2,7320,7325,5,502466
case_084,pre,1,1000028460,COPY_IN,PIPE_MTE2,7325,7602,277,502466
case_084,pre,1,12112,MATMUL,PIPE_M,7504,8092,588,502466
case_084,pre,1,1000028404,COPY_OUT,PIPE_MTE3,7504,7812,308,502466
case_084,pre,1,1000028466,COPY_IN,PIPE_MTE2,7602,7897,295,502466
case_084,pre,1,1000028468,COPY_IN,PIPE_MTE2,7897,8196,299,502466
case_084,pre,1,12114,DIV,PIPE_V,8092,8392,300,502466
case_084,pre,1,1000028472,COPY_IN,PIPE_MTE2,8196,8204,8,502466
case_084,pre,1,1000028470,COPY_IN,PIPE_MTE2,8204,8622,418,502466
case_084,pre,1,12115,REDUCE,PIPE_V,8392,8476,84,502466
case_084,pre,1,12116,SUB,PIPE_V,8476,8560,84,502466
case_084,pre,1,12117,EXP,PIPE_V,8560,8860,300,502466
case_084,pre,1,1000028476,COPY_IN,PIPE_MTE2,8622,8890,268,502466
case_084,pre,1,12118,REDUCE,PIPE_V,8860,8944,84,502466
case_084,pre,1,1000028478,COPY_IN,PIPE_MTE2,8890,9150,260,502466
case_084,pre,1,12119,DIV,PIPE_V,8944,9244,300,502466
case_084,pre,1,1000028482,COPY_IN,PIPE_MTE2,9150,9155,5,502466
case_084,pre,1,1000028480,COPY_IN,PIPE_MTE2,9155,9415,260,502466
case_084,pre,1,12120,MATMUL,PIPE_M,9244,9832,588,502466
case_084,pre,1,1000028486,COPY_IN,PIPE_MTE2,9415,9675,260,502466
case_084,pre,1,1000028488,COPY_IN,PIPE_MTE2,9675,9956,281,502466
case_084,pre,1,12124,MATMUL,PIPE_M,9832,10420,588,502466
case_084,pre,1,1000028414,COPY_OUT,PIPE_MTE3,9832,10142,310,502466
case_084,pre,1,1000028492,COPY_IN,PIPE_MTE2,9956,9962,6,502466
case_084,pre,1,1000028490,COPY_IN,PIPE_MTE2,9962,10252,290,502466
case_084,pre,1,1000028496,COPY_IN,PIPE_MTE2,10252,10568,316,502466
case_084,pre,1,12126,DIV,PIPE_V,10420,10720,300,502466
case_084,pre,1,1000028498,COPY_IN,PIPE_MTE2,10568,10764,196,502466
case_084,pre,1,12127,REDUCE,PIPE_V,10720,10804,84,502466
case_084,pre,1,12128,SUB,PIPE_V,10804,10888,84,502466
case_084,pre,1,12129,EXP,PIPE_V,10888,11188,300,502466
case_084,pre,1,12130,REDUCE,PIPE_V,11188,11272,84,502466
case_084,pre,1,12131,DIV,PIPE_V,11272,11572,300,502466
case_084,pre,1,12132,MATMUL,PIPE_M,11572,12160,588,502466
case_084,pre,1,12136,MATMUL,PIPE_M,12160,12748,588,502466
case_084,pre,1,1000028424,COPY_OUT,PIPE_MTE3,12160,12264,104,502466
case_084,pre,1,1000028502,COPY_IN,PIPE_MTE2,12160,12162,2,502466
case_084,pre,1,1000028500,COPY_IN,PIPE_MTE2,12162,12265,103,502466
case_084,pre,1,1000028506,COPY_IN,PIPE_MTE2,12265,12317,52,502466
case_084,pre,1,1000028508,COPY_IN,PIPE_MTE2,12317,12369,52,502466
case_084,pre,1,12138,DIV,PIPE_V,12748,13048,300,502466
case_084,pre,1,12139,REDUCE,PIPE_V,13048,13132,84,502466
case_084,pre,1,12140,SUB,PIPE_V,13132,13216,84,502466
case_084,pre,1,12141,EXP,PIPE_V,13216,13516,300,502466
case_084,pre,1,12142,REDUCE,PIPE_V,13516,13600,84,502466
case_084,pre,1,12143,DIV,PIPE_V,13600,13900,300,502466
case_084,pre,1,12144,MATMUL,PIPE_M,13900,14488,588,502466
case_084,pre,1,12148,MATMUL,PIPE_M,14488,15076,588,502466
case_084,pre,1,1000028434,COPY_OUT,PIPE_MTE3,14488,14592,104,502466
case_084,pre,1,1000028512,COPY_IN,PIPE_MTE2,14488,14490,2,502466
case_084,pre,1,1000028510,COPY_IN,PIPE_MTE2,14490,14593,103,502466
case_084,pre,1,1000028516,COPY_IN,PIPE_MTE2,14593,14645,52,502466
case_084,pre,1,1000028518,COPY_IN,PIPE_MTE2,14645,14697,52,502466
case_084,pre,1,12150,DIV,PIPE_V,15076,15376,300,502466
case_084,pre,1,12151,REDUCE,PIPE_V,15376,15460,84,502466
case_084,pre,1,12152,SUB,PIPE_V,15460,15544,84,502466
case_084,pre,1,12153,EXP,PIPE_V,15544,15844,300,502466
case_084,pre,1,12154,REDUCE,PIPE_V,15844,15928,84,502466
case_084,pre,1,12155,DIV,PIPE_V,15928,16228,300,502466
case_084,pre,1,12156,MATMUL,PIPE_M,16228,16816,588,502466
case_084,pre,1,12160,MATMUL,PIPE_M,16816,17404,588,502466
case_084,pre,1,1000028444,COPY_OUT,PIPE_MTE3,16816,16920,104,502466
case_084,pre,1,1000028522,COPY_IN,PIPE_MTE2,16816,16818,2,502466
case_084,pre,1,1000028520,COPY_IN,PIPE_MTE2,16818,16921,103,502466
case_084,pre,1,1000028526,COPY_IN,PIPE_MTE2,16921,16973,52,502466
case_084,pre,1,1000028528,COPY_IN,PIPE_MTE2,16973,17025,52,502466
case_084,pre,1,12162,DIV,PIPE_V,17404,17704,300,502466
case_084,pre,1,12163,REDUCE,PIPE_V,17704,17788,84,502466
case_084,pre,1,12164,SUB,PIPE_V,17788,17872,84,502466
case_084,pre,1,12165,EXP,PIPE_V,17872,18172,300,502466
case_084,pre,1,12166,REDUCE,PIPE_V,18172,18256,84,502466
case_084,pre,1,12167,DIV,PIPE_V,18256,18556,300,502466
case_084,pre,1,12168,MATMUL,PIPE_M,18556,19144,588,502466
case_084,pre,1,12172,MATMUL,PIPE_M,19144,19732,588,502466
case_084,pre,1,1000028454,COPY_OUT,PIPE_MTE3,19144,19248,104,502466
case_084,pre,1,1000028532,COPY_IN,PIPE_MTE2,19144,19146,2,502466
case_084,pre,1,1000028530,COPY_IN,PIPE_MTE2,19146,19249,103,502466
case_084,pre,1,1000028536,COPY_IN,PIPE_MTE2,19249,19301,52,502466
case_084,pre,1,1000028538,COPY_IN,PIPE_MTE2,19301,19353,52,502466
case_084,pre,1,12174,DIV,PIPE_V,19732,20032,300,502466
case_084,pre,1,12175,REDUCE,PIPE_V,20032,20116,84,502466
case_084,pre,1,12176,SUB,PIPE_V,20116,20200,84,502466
case_084,pre,1,12177,EXP,PIPE_V,20200,20500,300,502466
case_084,pre,1,12178,REDUCE,PIPE_V,20500,20584,84,502466
case_084,pre,1,12179,DIV,PIPE_V,20584,20884,300,502466
case_084,pre,1,12180,MATMUL,PIPE_M,20884,21472,588,502466
case_084,pre,1,12184,MATMUL,PIPE_M,21472,22060,588,502466
case_084,pre,1,1000028464,COPY_OUT,PIPE_MTE3,21472,21576,104,502466
case_084,pre,1,1000028542,COPY_IN,PIPE_MTE2,21472,21474,2,502466
case_084,pre,1,1000028540,COPY_IN,PIPE_MTE2,21474,21577,103,502466
case_084,pre,1,1000028546,COPY_IN,PIPE_MTE2,21577,21629,52,502466
case_084,pre,1,1000028548,COPY_IN,PIPE_MTE2,21629,21681,52,502466
case_084,pre,1,12186,DIV,PIPE_V,22060,22360,300,502466
case_084,pre,1,12187,REDUCE,PIPE_V,22360,22444,84,502466
case_084,pre,1,12188,SUB,PIPE_V,22444,22528,84,502466
case_084,pre,1,12189,EXP,PIPE_V,22528,22828,300,502466
case_084,pre,1,12190,REDUCE,PIPE_V,22828,22912,84,502466
case_084,pre,1,12191,DIV,PIPE_V,22912,23212,300,502466
case_084,pre,1,12192,MATMUL,PIPE_M,23212,23800,588,502466
case_084,pre,1,12196,MATMUL,PIPE_M,23800,24388,588,502466
case_084,pre,1,1000028474,COPY_OUT,PIPE_MTE3,23800,23904,104,502466
case_084,pre,1,1000028552,COPY_IN,PIPE_MTE2,23800,23802,2,502466
case_084,pre,1,1000028550,COPY_IN,PIPE_MTE2,23802,23905,103,502466
case_084,pre,1,1000028556,COPY_IN,PIPE_MTE2,23905,23957,52,502466
case_084,pre,1,1000028558,COPY_IN,PIPE_MTE2,23957,24009,52,502466
case_084,pre,1,12198,DIV,PIPE_V,24388,24688,300,502466
case_084,pre,1,12199,REDUCE,PIPE_V,24688,24772,84,502466
case_084,pre,1,12200,SUB,PIPE_V,24772,24856,84,502466
case_084,pre,1,12201,EXP,PIPE_V,24856,25156,300,502466
case_084,pre,1,12202,REDUCE,PIPE_V,25156,25240,84,502466
case_084,pre,1,12203,DIV,PIPE_V,25240,25540,300,502466
case_084,pre,1,12204,MATMUL,PIPE_M,25540,26128,588,502466
case_084,pre,1,12208,MATMUL,PIPE_M,26128,26716,588,502466
case_084,pre,1,1000028484,COPY_OUT,PIPE_MTE3,26128,26232,104,502466
case_084,pre,1,1000028562,COPY_IN,PIPE_MTE2,26128,26130,2,502466
case_084,pre,1,1000028560,COPY_IN,PIPE_MTE2,26130,26233,103,502466
case_084,pre,1,1000028566,COPY_IN,PIPE_MTE2,26233,26285,52,502466
case_084,pre,1,1000028568,COPY_IN,PIPE_MTE2,26285,26337,52,502466
case_084,pre,1,12210,DIV,PIPE_V,26716,27016,300,502466
case_084,pre,1,12211,REDUCE,PIPE_V,27016,27100,84,502466
case_084,pre,1,12212,SUB,PIPE_V,27100,27184,84,502466
case_084,pre,1,12213,EXP,PIPE_V,27184,27484,300,502466
case_084,pre,1,12214,REDUCE,PIPE_V,27484,27568,84,502466
case_084,pre,1,12215,DIV,PIPE_V,27568,27868,300,502466
case_084,pre,1,12216,MATMUL,PIPE_M,27868,28456,588,502466
case_084,pre,1,12220,MATMUL,PIPE_M,28456,29044,588,502466
case_084,pre,1,1000028494,COPY_OUT,PIPE_MTE3,28456,28560,104,502466
case_084,pre,1,1000028572,COPY_IN,PIPE_MTE2,28456,28458,2,502466
case_084,pre,1,1000028570,COPY_IN,PIPE_MTE2,28458,28561,103,502466
case_084,pre,1,1000028576,COPY_IN,PIPE_MTE2,28561,28613,52,502466
case_084,pre,1,1000028578,COPY_IN,PIPE_MTE2,28613,28665,52,502466
case_084,pre,1,12222,DIV,PIPE_V,29044,29344,300,502466
case_084,pre,1,12223,REDUCE,PIPE_V,29344,29428,84,502466
case_084,pre,1,12224,SUB,PIPE_V,29428,29512,84,502466
case_084,pre,1,12225,EXP,PIPE_V,29512,29812,300,502466
case_084,pre,1,12226,REDUCE,PIPE_V,29812,29896,84,502466
case_084,pre,1,12227,DIV,PIPE_V,29896,30196,300,502466
case_084,pre,1,12228,MATMUL,PIPE_M,30196,30784,588,502466
case_084,pre,1,12232,MATMUL,PIPE_M,30784,31372,588,502466
case_084,pre,1,1000028504,COPY_OUT,PIPE_MTE3,30784,30888,104,502466
case_084,pre,1,1000028582,COPY_IN,PIPE_MTE2,30784,30786,2,502466
case_084,pre,1,1000028580,COPY_IN,PIPE_MTE2,30786,30889,103,502466
case_084,pre,1,1000028586,COPY_IN,PIPE_MTE2,30889,30941,52,502466
case_084,pre,1,1000028588,COPY_IN,PIPE_MTE2,30941,30993,52,502466
case_084,pre,1,12234,DIV,PIPE_V,31372,31672,300,502466
case_084,pre,1,12235,REDUCE,PIPE_V,31672,31756,84,502466
case_084,pre,1,12236,SUB,PIPE_V,31756,31840,84,502466
case_084,pre,1,12237,EXP,PIPE_V,31840,32140,300,502466
case_084,pre,1,12238,REDUCE,PIPE_V,32140,32224,84,502466
case_084,pre,1,12239,DIV,PIPE_V,32224,32524,300,502466
case_084,pre,1,12240,MATMUL,PIPE_M,32524,33112,588,502466
case_084,pre,1,12244,MATMUL,PIPE_M,33112,33700,588,502466
case_084,pre,1,1000028514,COPY_OUT,PIPE_MTE3,33112,33216,104,502466
case_084,pre,1,1000028592,COPY_IN,PIPE_MTE2,33112,33114,2,502466
case_084,pre,1,1000028590,COPY_IN,PIPE_MTE2,33114,33217,103,502466
case_084,pre,1,1000028596,COPY_IN,PIPE_MTE2,33217,33269,52,502466
case_084,pre,1,1000028598,COPY_IN,PIPE_MTE2,33269,33321,52,502466
case_084,pre,1,12246,DIV,PIPE_V,33700,34000,300,502466
case_084,pre,1,12247,REDUCE,PIPE_V,34000,34084,84,502466
case_084,pre,1,12248,SUB,PIPE_V,34084,34168,84,502466
case_084,pre,1,12249,EXP,PIPE_V,34168,34468,300,502466
case_084,pre,1,12250,REDUCE,PIPE_V,34468,34552,84,502466
case_084,pre,1,12251,DIV,PIPE_V,34552,34852,300,502466
case_084,pre,1,12252,MATMUL,PIPE_M,34852,35440,588,502466
case_084,pre,1,12256,MATMUL,PIPE_M,35440,36028,588,502466
case_084,pre,1,1000028524,COPY_OUT,PIPE_MTE3,35440,35544,104,502466
case_084,pre,1,1000028602,COPY_IN,PIPE_MTE2,35440,35442,2,502466
case_084,pre,1,1000028600,COPY_IN,PIPE_MTE2,35442,35545,103,502466
case_084,pre,1,1000028606,COPY_IN,PIPE_MTE2,35545,35597,52,502466
case_084,pre,1,1000028608,COPY_IN,PIPE_MTE2,35597,35649,52,502466
case_084,pre,1,12258,DIV,PIPE_V,36028,36328,300,502466
case_084,pre,1,12259,REDUCE,PIPE_V,36328,36412,84,502466
case_084,pre,1,12260,SUB,PIPE_V,36412,36496,84,502466
case_084,pre,1,12261,EXP,PIPE_V,36496,36796,300,502466
case_084,pre,1,12262,REDUCE,PIPE_V,36796,36880,84,502466
case_084,pre,1,12263,DIV,PIPE_V,36880,37180,300,502466
case_084,pre,1,12264,MATMUL,PIPE_M,37180,37768,588,502466
case_084,pre,1,12268,MATMUL,PIPE_M,37768,38356,588,502466
case_084,pre,1,1000028534,COPY_OUT,PIPE_MTE3,37768,37872,104,502466
case_084,pre,1,1000028612,COPY_IN,PIPE_MTE2,37768,37770,2,502466
case_084,pre,1,1000028610,COPY_IN,PIPE_MTE2,37770,37873,103,502466
case_084,pre,1,1000028616,COPY_IN,PIPE_MTE2,37873,37925,52,502466
case_084,pre,1,1000028618,COPY_IN,PIPE_MTE2,37925,37977,52,502466
case_084,pre,1,12270,DIV,PIPE_V,38356,38656,300,502466
case_084,pre,1,12271,REDUCE,PIPE_V,38656,38740,84,502466
case_084,pre,1,12272,SUB,PIPE_V,38740,38824,84,502466
case_084,pre,1,12273,EXP,PIPE_V,38824,39124,300,502466
case_084,pre,1,12274,REDUCE,PIPE_V,39124,39208,84,502466
case_084,pre,1,12275,DIV,PIPE_V,39208,39508,300,502466
case_084,pre,1,12276,MATMUL,PIPE_M,39508,40096,588,502466
case_084,pre,1,12280,MATMUL,PIPE_M,40096,40684,588,502466
case_084,pre,1,1000028544,COPY_OUT,PIPE_MTE3,40096,40200,104,502466
case_084,pre,1,1000028622,COPY_IN,PIPE_MTE2,40096,40098,2,502466
case_084,pre,1,1000028620,COPY_IN,PIPE_MTE2,40098,40201,103,502466
case_084,pre,1,1000028626,COPY_IN,PIPE_MTE2,40201,40253,52,502466
case_084,pre,1,1000028628,COPY_IN,PIPE_MTE2,40253,40305,52,502466
case_084,pre,1,12282,DIV,PIPE_V,40684,40984,300,502466
case_084,pre,1,12283,REDUCE,PIPE_V,40984,41068,84,502466
case_084,pre,1,12284,SUB,PIPE_V,41068,41152,84,502466
case_084,pre,1,12285,EXP,PIPE_V,41152,41452,300,502466
case_084,pre,1,12286,REDUCE,PIPE_V,41452,41536,84,502466
case_084,pre,1,12287,DIV,PIPE_V,41536,41836,300,502466
case_084,pre,1,12288,MATMUL,PIPE_M,41836,42424,588,502466
case_084,pre,1,12292,MATMUL,PIPE_M,42424,43012,588,502466
case_084,pre,1,1000028554,COPY_OUT,PIPE_MTE3,42424,42528,104,502466
case_084,pre,1,1000028632,COPY_IN,PIPE_MTE2,42424,42426,2,502466
case_084,pre,1,1000028630,COPY_IN,PIPE_MTE2,42426,42529,103,502466
case_084,pre,1,1000028636,COPY_IN,PIPE_MTE2,42529,42581,52,502466
case_084,pre,1,1000028638,COPY_IN,PIPE_MTE2,42581,42633,52,502466
case_084,pre,1,12294,DIV,PIPE_V,43012,43312,300,502466
case_084,pre,1,12295,REDUCE,PIPE_V,43312,43396,84,502466
case_084,pre,1,12296,SUB,PIPE_V,43396,43480,84,502466
case_084,pre,1,12297,EXP,PIPE_V,43480,43780,300,502466
case_084,pre,1,12298,REDUCE,PIPE_V,43780,43864,84,502466
case_084,pre,1,12299,DIV,PIPE_V,43864,44164,300,502466
case_084,pre,1,12300,MATMUL,PIPE_M,44164,44752,588,502466
case_084,pre,1,12304,MATMUL,PIPE_M,44752,45340,588,502466
case_084,pre,1,1000028564,COPY_OUT,PIPE_MTE3,44752,44856,104,502466
case_084,pre,1,1000028642,COPY_IN,PIPE_MTE2,44752,44754,2,502466
case_084,pre,1,1000028640,COPY_IN,PIPE_MTE2,44754,44857,103,502466
case_084,pre,1,1000028646,COPY_IN,PIPE_MTE2,44857,44909,52,502466
case_084,pre,1,1000028648,COPY_IN,PIPE_MTE2,44909,44961,52,502466
case_084,pre,1,12306,DIV,PIPE_V,45340,45640,300,502466
case_084,pre,1,12307,REDUCE,PIPE_V,45640,45724,84,502466
case_084,pre,1,12308,SUB,PIPE_V,45724,45808,84,502466
case_084,pre,1,12309,EXP,PIPE_V,45808,46108,300,502466
case_084,pre,1,12310,REDUCE,PIPE_V,46108,46192,84,502466
case_084,pre,1,12311,DIV,PIPE_V,46192,46492,300,502466
case_084,pre,1,12312,MATMUL,PIPE_M,46492,47080,588,502466
case_084,pre,1,12316,MATMUL,PIPE_M,47080,47668,588,502466
case_084,pre,1,1000028574,COPY_OUT,PIPE_MTE3,47080,47184,104,502466
case_084,pre,1,1000028652,COPY_IN,PIPE_MTE2,47080,47082,2,502466
case_084,pre,1,1000028650,COPY_IN,PIPE_MTE2,47082,47185,103,502466
case_084,pre,1,1000028656,COPY_IN,PIPE_MTE2,47185,47237,52,502466
case_084,pre,1,1000028658,COPY_IN,PIPE_MTE2,47237,47289,52,502466
case_084,pre,1,12318,DIV,PIPE_V,47668,47968,300,502466
case_084,pre,1,12319,REDUCE,PIPE_V,47968,48052,84,502466
case_084,pre,1,12320,SUB,PIPE_V,48052,48136,84,502466
case_084,pre,1,12321,EXP,PIPE_V,48136,48436,300,502466
case_084,pre,1,12322,REDUCE,PIPE_V,48436,48520,84,502466
case_084,pre,1,12323,DIV,PIPE_V,48520,48820,300,502466
case_084,pre,1,12324,MATMUL,PIPE_M,48820,49408,588,502466
case_084,pre,1,12328,MATMUL,PIPE_M,49408,49996,588,502466
case_084,pre,1,1000028584,COPY_OUT,PIPE_MTE3,49408,49512,104,502466
case_084,pre,1,1000028662,COPY_IN,PIPE_MTE2,49408,49410,2,502466
case_084,pre,1,1000028660,COPY_IN,PIPE_MTE2,49410,49513,103,502466
case_084,pre,1,1000028666,COPY_IN,PIPE_MTE2,49513,49565,52,502466
case_084,pre,1,1000028668,COPY_IN,PIPE_MTE2,49565,49617,52,502466
case_084,pre,1,12330,DIV,PIPE_V,49996,50296,300,502466
case_084,pre,1,12331,REDUCE,PIPE_V,50296,50380,84,502466
case_084,pre,1,12332,SUB,PIPE_V,50380,50464,84,502466
case_084,pre,1,12333,EXP,PIPE_V,50464,50764,300,502466
case_084,pre,1,12334,REDUCE,PIPE_V,50764,50848,84,502466
case_084,pre,1,12335,DIV,PIPE_V,50848,51148,300,502466
case_084,pre,1,12336,MATMUL,PIPE_M,51148,51736,588,502466
case_084,pre,1,12340,MATMUL,PIPE_M,51736,52324,588,502466
case_084,pre,1,1000028594,COPY_OUT,PIPE_MTE3,51736,51840,104,502466
case_084,pre,1,1000028672,COPY_IN,PIPE_MTE2,51736,51738,2,502466
case_084,pre,1,1000028670,COPY_IN,PIPE_MTE2,51738,51841,103,502466
case_084,pre,1,1000028676,COPY_IN,PIPE_MTE2,51841,51893,52,502466
case_084,pre,1,1000028678,COPY_IN,PIPE_MTE2,51893,51945,52,502466
case_084,pre,1,12342,DIV,PIPE_V,52324,52624,300,502466
case_084,pre,1,12343,REDUCE,PIPE_V,52624,52708,84,502466
case_084,pre,1,12344,SUB,PIPE_V,52708,52792,84,502466
case_084,pre,1,12345,EXP,PIPE_V,52792,53092,300,502466
case_084,pre,1,12346,REDUCE,PIPE_V,53092,53176,84,502466
case_084,pre,1,12347,DIV,PIPE_V,53176,53476,300,502466
case_084,pre,1,12348,MATMUL,PIPE_M,53476,54064,588,502466
case_084,pre,1,12352,MATMUL,PIPE_M,54064,54652,588,502466
case_084,pre,1,1000028604,COPY_OUT,PIPE_MTE3,54064,54168,104,502466
case_084,pre,1,1000028682,COPY_IN,PIPE_MTE2,54064,54066,2,502466
case_084,pre,1,1000028680,COPY_IN,PIPE_MTE2,54066,54169,103,502466
case_084,pre,1,1000028686,COPY_IN,PIPE_MTE2,54169,54221,52,502466
case_084,pre,1,1000028688,COPY_IN,PIPE_MTE2,54221,54273,52,502466
case_084,pre,1,12354,DIV,PIPE_V,54652,54952,300,502466
case_084,pre,1,12355,REDUCE,PIPE_V,54952,55036,84,502466
case_084,pre,1,12356,SUB,PIPE_V,55036,55120,84,502466
case_084,pre,1,12357,EXP,PIPE_V,55120,55420,300,502466
case_084,pre,1,12358,REDUCE,PIPE_V,55420,55504,84,502466
case_084,pre,1,12359,DIV,PIPE_V,55504,55804,300,502466
case_084,pre,1,12360,MATMUL,PIPE_M,55804,56392,588,502466
case_084,pre,1,12364,MATMUL,PIPE_M,56392,56980,588,502466
case_084,pre,1,1000028614,COPY_OUT,PIPE_MTE3,56392,56496,104,502466
case_084,pre,1,1000028692,COPY_IN,PIPE_MTE2,56392,56394,2,502466
case_084,pre,1,1000028690,COPY_IN,PIPE_MTE2,56394,56497,103,502466
case_084,pre,1,1000028696,COPY_IN,PIPE_MTE2,56497,56549,52,502466
case_084,pre,1,1000028698,COPY_IN,PIPE_MTE2,56549,56601,52,502466
case_084,pre,1,12366,DIV,PIPE_V,56980,57280,300,502466
case_084,pre,1,12367,REDUCE,PIPE_V,57280,57364,84,502466
case_084,pre,1,12368,SUB,PIPE_V,57364,57448,84,502466
case_084,pre,1,12369,EXP,PIPE_V,57448,57748,300,502466
case_084,pre,1,12370,REDUCE,PIPE_V,57748,57832,84,502466
case_084,pre,1,12371,DIV,PIPE_V,57832,58132,300,502466
case_084,pre,1,12372,MATMUL,PIPE_M,58132,58720,588,502466
case_084,pre,1,12376,MATMUL,PIPE_M,58720,59308,588,502466
case_084,pre,1,1000028624,COPY_OUT,PIPE_MTE3,58720,58824,104,502466
case_084,pre,1,1000028702,COPY_IN,PIPE_MTE2,58720,58722,2,502466
case_084,pre,1,1000028700,COPY_IN,PIPE_MTE2,58722,58825,103,502466
case_084,pre,1,1000028706,COPY_IN,PIPE_MTE2,58825,58877,52,502466
case_084,pre,1,1000028708,COPY_IN,PIPE_MTE2,58877,58929,52,502466
case_084,pre,1,12378,DIV,PIPE_V,59308,59608,300,502466
case_084,pre,1,12379,REDUCE,PIPE_V,59608,59692,84,502466
case_084,pre,1,12380,SUB,PIPE_V,59692,59776,84,502466
case_084,pre,1,12381,EXP,PIPE_V,59776,60076,300,502466
case_084,pre,1,12382,REDUCE,PIPE_V,60076,60160,84,502466
case_084,pre,1,12383,DIV,PIPE_V,60160,60460,300,502466
case_084,pre,1,12384,MATMUL,PIPE_M,60460,61048,588,502466
case_084,pre,1,12388,MATMUL,PIPE_M,61048,61636,588,502466
case_084,pre,1,1000028634,COPY_OUT,PIPE_MTE3,61048,61152,104,502466
case_084,pre,1,1000028712,COPY_IN,PIPE_MTE2,61048,61050,2,502466
case_084,pre,1,1000028710,COPY_IN,PIPE_MTE2,61050,61153,103,502466
case_084,pre,1,1000028716,COPY_IN,PIPE_MTE2,61153,61205,52,502466
case_084,pre,1,1000028718,COPY_IN,PIPE_MTE2,61205,61257,52,502466
case_084,pre,1,12390,DIV,PIPE_V,61636,61936,300,502466
case_084,pre,1,12391,REDUCE,PIPE_V,61936,62020,84,502466
case_084,pre,1,12392,SUB,PIPE_V,62020,62104,84,502466
case_084,pre,1,12393,EXP,PIPE_V,62104,62404,300,502466
case_084,pre,1,12394,REDUCE,PIPE_V,62404,62488,84,502466
case_084,pre,1,12395,DIV,PIPE_V,62488,62788,300,502466
case_084,pre,1,12396,MATMUL,PIPE_M,62788,63376,588,502466
case_084,pre,1,12400,MATMUL,PIPE_M,63376,63964,588,502466
case_084,pre,1,1000028644,COPY_OUT,PIPE_MTE3,63376,63480,104,502466
case_084,pre,1,1000028722,COPY_IN,PIPE_MTE2,63376,63378,2,502466
case_084,pre,1,1000028720,COPY_IN,PIPE_MTE2,63378,63481,103,502466
case_084,pre,1,1000028726,COPY_IN,PIPE_MTE2,63481,63533,52,502466
case_084,pre,1,1000028728,COPY_IN,PIPE_MTE2,63533,63585,52,502466
case_084,pre,1,12402,DIV,PIPE_V,63964,64264,300,502466
case_084,pre,1,12403,REDUCE,PIPE_V,64264,64348,84,502466
case_084,pre,1,12404,SUB,PIPE_V,64348,64432,84,502466
case_084,pre,1,12405,EXP,PIPE_V,64432,64732,300,502466
case_084,pre,1,12406,REDUCE,PIPE_V,64732,64816,84,502466
case_084,pre,1,12407,DIV,PIPE_V,64816,65116,300,502466
case_084,pre,1,12408,MATMUL,PIPE_M,65116,65704,588,502466
case_084,pre,1,12412,MATMUL,PIPE_M,65704,66292,588,502466
case_084,pre,1,1000028654,COPY_OUT,PIPE_MTE3,65704,65808,104,502466
case_084,pre,1,1000028732,COPY_IN,PIPE_MTE2,65704,65706,2,502466
case_084,pre,1,1000028730,COPY_IN,PIPE_MTE2,65706,65809,103,502466
case_084,pre,1,1000028736,COPY_IN,PIPE_MTE2,65809,65861,52,502466
case_084,pre,1,1000028738,COPY_IN,PIPE_MTE2,65861,65913,52,502466
case_084,pre,1,12414,DIV,PIPE_V,66292,66592,300,502466
case_084,pre,1,12415,REDUCE,PIPE_V,66592,66676,84,502466
case_084,pre,1,12416,SUB,PIPE_V,66676,66760,84,502466
case_084,pre,1,12417,EXP,PIPE_V,66760,67060,300,502466
case_084,pre,1,12418,REDUCE,PIPE_V,67060,67144,84,502466
case_084,pre,1,12419,DIV,PIPE_V,67144,67444,300,502466
case_084,pre,1,12420,MATMUL,PIPE_M,67444,68032,588,502466
case_084,pre,1,12424,MATMUL,PIPE_M,68032,68620,588,502466
case_084,pre,1,1000028664,COPY_OUT,PIPE_MTE3,68032,68136,104,502466
case_084,pre,1,1000028742,COPY_IN,PIPE_MTE2,68032,68034,2,502466
case_084,pre,1,1000028740,COPY_IN,PIPE_MTE2,68034,68137,103,502466
case_084,pre,1,1000028746,COPY_IN,PIPE_MTE2,68137,68189,52,502466
case_084,pre,1,1000028748,COPY_IN,PIPE_MTE2,68189,68241,52,502466
case_084,pre,1,12426,DIV,PIPE_V,68620,68920,300,502466
case_084,pre,1,12427,REDUCE,PIPE_V,68920,69004,84,502466
case_084,pre,1,12428,SUB,PIPE_V,69004,69088,84,502466
case_084,pre,1,12429,EXP,PIPE_V,69088,69388,300,502466
case_084,pre,1,12430,REDUCE,PIPE_V,69388,69472,84,502466
case_084,pre,1,12431,DIV,PIPE_V,69472,69772,300,502466
case_084,pre,1,12432,MATMUL,PIPE_M,69772,70360,588,502466
case_084,pre,1,12436,MATMUL,PIPE_M,70360,70948,588,502466
case_084,pre,1,1000028674,COPY_OUT,PIPE_MTE3,70360,70464,104,502466
case_084,pre,1,1000028752,COPY_IN,PIPE_MTE2,70360,70362,2,502466
case_084,pre,1,1000028750,COPY_IN,PIPE_MTE2,70362,70465,103,502466
case_084,pre,1,1000028756,COPY_IN,PIPE_MTE2,70465,70517,52,502466
case_084,pre,1,1000028758,COPY_IN,PIPE_MTE2,70517,70569,52,502466
case_084,pre,1,12438,DIV,PIPE_V,70948,71248,300,502466
case_084,pre,1,12439,REDUCE,PIPE_V,71248,71332,84,502466
case_084,pre,1,12440,SUB,PIPE_V,71332,71416,84,502466
case_084,pre,1,12441,EXP,PIPE_V,71416,71716,300,502466
case_084,pre,1,12442,REDUCE,PIPE_V,71716,71800,84,502466
case_084,pre,1,12443,DIV,PIPE_V,71800,72100,300,502466
case_084,pre,1,12444,MATMUL,PIPE_M,72100,72688,588,502466
case_084,pre,1,12448,MATMUL,PIPE_M,72688,73276,588,502466
case_084,pre,1,1000028684,COPY_OUT,PIPE_MTE3,72688,72792,104,502466
case_084,pre,1,1000028762,COPY_IN,PIPE_MTE2,72688,72690,2,502466
case_084,pre,1,1000028760,COPY_IN,PIPE_MTE2,72690,72793,103,502466
case_084,pre,1,1000028766,COPY_IN,PIPE_MTE2,72793,72845,52,502466
case_084,pre,1,1000028768,COPY_IN,PIPE_MTE2,72845,72897,52,502466
case_084,pre,1,12450,DIV,PIPE_V,73276,73576,300,502466
case_084,pre,1,12451,REDUCE,PIPE_V,73576,73660,84,502466
case_084,pre,1,12452,SUB,PIPE_V,73660,73744,84,502466
case_084,pre,1,12453,EXP,PIPE_V,73744,74044,300,502466
case_084,pre,1,12454,REDUCE,PIPE_V,74044,74128,84,502466
case_084,pre,1,12455,DIV,PIPE_V,74128,74428,300,502466
case_084,pre,1,12456,MATMUL,PIPE_M,74428,75016,588,502466
case_084,pre,1,12460,MATMUL,PIPE_M,75016,75604,588,502466
case_084,pre,1,1000028694,COPY_OUT,PIPE_MTE3,75016,75120,104,502466
case_084,pre,1,1000028772,COPY_IN,PIPE_MTE2,75016,75018,2,502466
case_084,pre,1,1000028770,COPY_IN,PIPE_MTE2,75018,75121,103,502466
case_084,pre,1,1000028776,COPY_IN,PIPE_MTE2,75121,75173,52,502466
case_084,pre,1,1000028778,COPY_IN,PIPE_MTE2,75173,75225,52,502466
case_084,pre,1,12462,DIV,PIPE_V,75604,75904,300,502466
case_084,pre,1,12463,REDUCE,PIPE_V,75904,75988,84,502466
case_084,pre,1,12464,SUB,PIPE_V,75988,76072,84,502466
case_084,pre,1,12465,EXP,PIPE_V,76072,76372,300,502466
case_084,pre,1,12466,REDUCE,PIPE_V,76372,76456,84,502466
case_084,pre,1,12467,DIV,PIPE_V,76456,76756,300,502466
case_084,pre,1,12468,MATMUL,PIPE_M,76756,77344,588,502466
case_084,pre,1,12472,MATMUL,PIPE_M,77344,77932,588,502466
case_084,pre,1,1000028704,COPY_OUT,PIPE_MTE3,77344,77448,104,502466
case_084,pre,1,1000028782,COPY_IN,PIPE_MTE2,77344,77346,2,502466
case_084,pre,1,1000028780,COPY_IN,PIPE_MTE2,77346,77449,103,502466
case_084,pre,1,1000028786,COPY_IN,PIPE_MTE2,77449,77501,52,502466
case_084,pre,1,1000028788,COPY_IN,PIPE_MTE2,77501,77553,52,502466
case_084,pre,1,12474,DIV,PIPE_V,77932,78232,300,502466
case_084,pre,1,12475,REDUCE,PIPE_V,78232,78316,84,502466
case_084,pre,1,12476,SUB,PIPE_V,78316,78400,84,502466
case_084,pre,1,12477,EXP,PIPE_V,78400,78700,300,502466
case_084,pre,1,12478,REDUCE,PIPE_V,78700,78784,84,502466
case_084,pre,1,12479,DIV,PIPE_V,78784,79084,300,502466
case_084,pre,1,12480,MATMUL,PIPE_M,79084,79672,588,502466
case_084,pre,1,12484,MATMUL,PIPE_M,79672,80260,588,502466
case_084,pre,1,1000028714,COPY_OUT,PIPE_MTE3,79672,79776,104,502466
case_084,pre,1,1000028792,COPY_IN,PIPE_MTE2,79672,79674,2,502466
case_084,pre,1,1000028790,COPY_IN,PIPE_MTE2,79674,79777,103,502466
case_084,pre,1,1000028796,COPY_IN,PIPE_MTE2,79777,79829,52,502466
case_084,pre,1,1000028798,COPY_IN,PIPE_MTE2,79829,79881,52,502466
case_084,pre,1,12486,DIV,PIPE_V,80260,80560,300,502466
case_084,pre,1,12487,REDUCE,PIPE_V,80560,80644,84,502466
case_084,pre,1,12488,SUB,PIPE_V,80644,80728,84,502466
case_084,pre,1,12489,EXP,PIPE_V,80728,81028,300,502466
case_084,pre,1,12490,REDUCE,PIPE_V,81028,81112,84,502466
case_084,pre,1,12491,DIV,PIPE_V,81112,81412,300,502466
case_084,pre,1,12492,MATMUL,PIPE_M,81412,82000,588,502466
case_084,pre,1,12496,MATMUL,PIPE_M,82000,82588,588,502466
case_084,pre,1,1000028724,COPY_OUT,PIPE_MTE3,82000,82104,104,502466
case_084,pre,1,1000028802,COPY_IN,PIPE_MTE2,82000,82002,2,502466
case_084,pre,1,1000028800,COPY_IN,PIPE_MTE2,82002,82105,103,502466
case_084,pre,1,1000028806,COPY_IN,PIPE_MTE2,82105,82157,52,502466
case_084,pre,1,1000028808,COPY_IN,PIPE_MTE2,82157,82209,52,502466
case_084,pre,1,12498,DIV,PIPE_V,82588,82888,300,502466
case_084,pre,1,12499,REDUCE,PIPE_V,82888,82972,84,502466
case_084,pre,1,12500,SUB,PIPE_V,82972,83056,84,502466
case_084,pre,1,12501,EXP,PIPE_V,83056,83356,300,502466
case_084,pre,1,12502,REDUCE,PIPE_V,83356,83440,84,502466
case_084,pre,1,12503,DIV,PIPE_V,83440,83740,300,502466
case_084,pre,1,12504,MATMUL,PIPE_M,83740,84328,588,502466
case_084,pre,1,12508,MATMUL,PIPE_M,84328,84916,588,502466
case_084,pre,1,1000028734,COPY_OUT,PIPE_MTE3,84328,84432,104,502466
case_084,pre,1,1000028812,COPY_IN,PIPE_MTE2,84328,84330,2,502466
case_084,pre,1,1000028810,COPY_IN,PIPE_MTE2,84330,84433,103,502466
case_084,pre,1,1000028816,COPY_IN,PIPE_MTE2,84433,84485,52,502466
case_084,pre,1,1000028818,COPY_IN,PIPE_MTE2,84485,84537,52,502466
case_084,pre,1,12510,DIV,PIPE_V,84916,85216,300,502466
case_084,pre,1,12511,REDUCE,PIPE_V,85216,85300,84,502466
case_084,pre,1,12512,SUB,PIPE_V,85300,85384,84,502466
case_084,pre,1,12513,EXP,PIPE_V,85384,85684,300,502466
case_084,pre,1,12514,REDUCE,PIPE_V,85684,85768,84,502466
case_084,pre,1,12515,DIV,PIPE_V,85768,86068,300,502466
case_084,pre,1,12516,MATMUL,PIPE_M,86068,86656,588,502466
case_084,pre,1,12520,MATMUL,PIPE_M,86656,87244,588,502466
case_084,pre,1,1000028744,COPY_OUT,PIPE_MTE3,86656,86760,104,502466
case_084,pre,1,1000028822,COPY_IN,PIPE_MTE2,86656,86658,2,502466
case_084,pre,1,1000028820,COPY_IN,PIPE_MTE2,86658,86761,103,502466
case_084,pre,1,1000028826,COPY_IN,PIPE_MTE2,86761,86813,52,502466
case_084,pre,1,1000028828,COPY_IN,PIPE_MTE2,86813,86865,52,502466
case_084,pre,1,12522,DIV,PIPE_V,87244,87544,300,502466
case_084,pre,1,12523,REDUCE,PIPE_V,87544,87628,84,502466
case_084,pre,1,12524,SUB,PIPE_V,87628,87712,84,502466
case_084,pre,1,12525,EXP,PIPE_V,87712,88012,300,502466
case_084,pre,1,12526,REDUCE,PIPE_V,88012,88096,84,502466
case_084,pre,1,12527,DIV,PIPE_V,88096,88396,300,502466
case_084,pre,1,12528,MATMUL,PIPE_M,88396,88984,588,502466
case_084,pre,1,12532,MATMUL,PIPE_M,88984,89572,588,502466
case_084,pre,1,1000028754,COPY_OUT,PIPE_MTE3,88984,89088,104,502466
case_084,pre,1,1000028832,COPY_IN,PIPE_MTE2,88984,88986,2,502466
case_084,pre,1,1000028830,COPY_IN,PIPE_MTE2,88986,89089,103,502466
case_084,pre,1,1000028836,COPY_IN,PIPE_MTE2,89089,89141,52,502466
case_084,pre,1,1000028838,COPY_IN,PIPE_MTE2,89141,89193,52,502466
case_084,pre,1,12534,DIV,PIPE_V,89572,89872,300,502466
case_084,pre,1,12535,REDUCE,PIPE_V,89872,89956,84,502466
case_084,pre,1,12536,SUB,PIPE_V,89956,90040,84,502466
case_084,pre,1,12537,EXP,PIPE_V,90040,90340,300,502466
case_084,pre,1,12538,REDUCE,PIPE_V,90340,90424,84,502466
case_084,pre,1,12539,DIV,PIPE_V,90424,90724,300,502466
case_084,pre,1,12540,MATMUL,PIPE_M,90724,91312,588,502466
case_084,pre,1,12544,MATMUL,PIPE_M,91312,91900,588,502466
case_084,pre,1,1000028764,COPY_OUT,PIPE_MTE3,91312,91416,104,502466
case_084,pre,1,1000028842,COPY_IN,PIPE_MTE2,91312,91314,2,502466
case_084,pre,1,1000028840,COPY_IN,PIPE_MTE2,91314,91417,103,502466
case_084,pre,1,1000028846,COPY_IN,PIPE_MTE2,91417,91469,52,502466
case_084,pre,1,1000028848,COPY_IN,PIPE_MTE2,91469,91521,52,502466
case_084,pre,1,12546,DIV,PIPE_V,91900,92200,300,502466
case_084,pre,1,12547,REDUCE,PIPE_V,92200,92284,84,502466
case_084,pre,1,12548,SUB,PIPE_V,92284,92368,84,502466
case_084,pre,1,12549,EXP,PIPE_V,92368,92668,300,502466
case_084,pre,1,12550,REDUCE,PIPE_V,92668,92752,84,502466
case_084,pre,1,12551,DIV,PIPE_V,92752,93052,300,502466
case_084,pre,1,12552,MATMUL,PIPE_M,93052,93640,588,502466
case_084,pre,1,12556,MATMUL,PIPE_M,93640,94228,588,502466
case_084,pre,1,1000028774,COPY_OUT,PIPE_MTE3,93640,93744,104,502466
case_084,pre,1,1000028852,COPY_IN,PIPE_MTE2,93640,93642,2,502466
case_084,pre,1,1000028850,COPY_IN,PIPE_MTE2,93642,93745,103,502466
case_084,pre,1,1000028856,COPY_IN,PIPE_MTE2,93745,93797,52,502466
case_084,pre,1,1000028858,COPY_IN,PIPE_MTE2,93797,93849,52,502466
case_084,pre,1,12558,DIV,PIPE_V,94228,94528,300,502466
case_084,pre,1,12559,REDUCE,PIPE_V,94528,94612,84,502466
case_084,pre,1,12560,SUB,PIPE_V,94612,94696,84,502466
case_084,pre,1,12561,EXP,PIPE_V,94696,94996,300,502466
case_084,pre,1,12562,REDUCE,PIPE_V,94996,95080,84,502466
case_084,pre,1,12563,DIV,PIPE_V,95080,95380,300,502466
case_084,pre,1,12564,MATMUL,PIPE_M,95380,95968,588,502466
case_084,pre,1,12568,MATMUL,PIPE_M,95968,96556,588,502466
case_084,pre,1,1000028784,COPY_OUT,PIPE_MTE3,95968,96072,104,502466
case_084,pre,1,1000028862,COPY_IN,PIPE_MTE2,95968,95970,2,502466
case_084,pre,1,1000028860,COPY_IN,PIPE_MTE2,95970,96073,103,502466
case_084,pre,1,1000028866,COPY_IN,PIPE_MTE2,96073,96125,52,502466
case_084,pre,1,1000028868,COPY_IN,PIPE_MTE2,96125,96177,52,502466
case_084,pre,1,12570,DIV,PIPE_V,96556,96856,300,502466
case_084,pre,1,12571,REDUCE,PIPE_V,96856,96940,84,502466
case_084,pre,1,12572,SUB,PIPE_V,96940,97024,84,502466
case_084,pre,1,12573,EXP,PIPE_V,97024,97324,300,502466
case_084,pre,1,12574,REDUCE,PIPE_V,97324,97408,84,502466
case_084,pre,1,12575,DIV,PIPE_V,97408,97708,300,502466
case_084,pre,1,12576,MATMUL,PIPE_M,97708,98296,588,502466
case_084,pre,1,12580,MATMUL,PIPE_M,98296,98884,588,502466
case_084,pre,1,1000028794,COPY_OUT,PIPE_MTE3,98296,98400,104,502466
case_084,pre,1,1000028872,COPY_IN,PIPE_MTE2,98296,98298,2,502466
case_084,pre,1,1000028870,COPY_IN,PIPE_MTE2,98298,98401,103,502466
case_084,pre,1,1000028876,COPY_IN,PIPE_MTE2,98401,98453,52,502466
case_084,pre,1,1000028878,COPY_IN,PIPE_MTE2,98453,98505,52,502466
case_084,pre,1,12582,DIV,PIPE_V,98884,99184,300,502466
case_084,pre,1,12583,REDUCE,PIPE_V,99184,99268,84,502466
case_084,pre,1,12584,SUB,PIPE_V,99268,99352,84,502466
case_084,pre,1,12585,EXP,PIPE_V,99352,99652,300,502466
case_084,pre,1,12586,REDUCE,PIPE_V,99652,99736,84,502466
case_084,pre,1,12587,DIV,PIPE_V,99736,100036,300,502466
case_084,pre,1,12588,MATMUL,PIPE_M,100036,100624,588,502466
case_084,pre,1,12592,MATMUL,PIPE_M,100624,101212,588,502466
case_084,pre,1,1000028804,COPY_OUT,PIPE_MTE3,100624,100728,104,502466
case_084,pre,1,1000028882,COPY_IN,PIPE_MTE2,100624,100626,2,502466
case_084,pre,1,1000028880,COPY_IN,PIPE_MTE2,100626,100729,103,502466
case_084,pre,1,1000028886,COPY_IN,PIPE_MTE2,100729,100781,52,502466
case_084,pre,1,1000028888,COPY_IN,PIPE_MTE2,100781,100833,52,502466
case_084,pre,1,12594,DIV,PIPE_V,101212,101512,300,502466
case_084,pre,1,12595,REDUCE,PIPE_V,101512,101596,84,502466
case_084,pre,1,12596,SUB,PIPE_V,101596,101680,84,502466
case_084,pre,1,12597,EXP,PIPE_V,101680,101980,300,502466
case_084,pre,1,12598,REDUCE,PIPE_V,101980,102064,84,502466
case_084,pre,1,12599,DIV,PIPE_V,102064,102364,300,502466
case_084,pre,1,12600,MATMUL,PIPE_M,102364,102952,588,502466
case_084,pre,1,12604,MATMUL,PIPE_M,102952,103540,588,502466
case_084,pre,1,1000028814,COPY_OUT,PIPE_MTE3,102952,103056,104,502466
case_084,pre,1,1000028892,COPY_IN,PIPE_MTE2,102952,102954,2,502466
case_084,pre,1,1000028890,COPY_IN,PIPE_MTE2,102954,103057,103,502466
case_084,pre,1,1000028896,COPY_IN,PIPE_MTE2,103057,103109,52,502466
case_084,pre,1,1000028898,COPY_IN,PIPE_MTE2,103109,103161,52,502466
case_084,pre,1,12606,DIV,PIPE_V,103540,103840,300,502466
case_084,pre,1,12607,REDUCE,PIPE_V,103840,103924,84,502466
case_084,pre,1,12608,SUB,PIPE_V,103924,104008,84,502466
case_084,pre,1,12609,EXP,PIPE_V,104008,104308,300,502466
case_084,pre,1,12610,REDUCE,PIPE_V,104308,104392,84,502466
case_084,pre,1,12611,DIV,PIPE_V,104392,104692,300,502466
case_084,pre,1,12612,MATMUL,PIPE_M,104692,105280,588,502466
case_084,pre,1,12616,MATMUL,PIPE_M,105280,105868,588,502466
case_084,pre,1,1000028824,COPY_OUT,PIPE_MTE3,105280,105384,104,502466
case_084,pre,1,1000028902,COPY_IN,PIPE_MTE2,105280,105282,2,502466
case_084,pre,1,1000028900,COPY_IN,PIPE_MTE2,105282,105385,103,502466
case_084,pre,1,1000028906,COPY_IN,PIPE_MTE2,105385,105437,52,502466
case_084,pre,1,1000028908,COPY_IN,PIPE_MTE2,105437,105489,52,502466
case_084,pre,1,12618,DIV,PIPE_V,105868,106168,300,502466
case_084,pre,1,12619,REDUCE,PIPE_V,106168,106252,84,502466
case_084,pre,1,12620,SUB,PIPE_V,106252,106336,84,502466
case_084,pre,1,12621,EXP,PIPE_V,106336,106636,300,502466
case_084,pre,1,12622,REDUCE,PIPE_V,106636,106720,84,502466
case_084,pre,1,12623,DIV,PIPE_V,106720,107020,300,502466
case_084,pre,1,12624,MATMUL,PIPE_M,107020,107608,588,502466
case_084,pre,1,12628,MATMUL,PIPE_M,107608,108196,588,502466
case_084,pre,1,1000028834,COPY_OUT,PIPE_MTE3,107608,107712,104,502466
case_084,pre,1,1000028912,COPY_IN,PIPE_MTE2,107608,107610,2,502466
case_084,pre,1,1000028910,COPY_IN,PIPE_MTE2,107610,107713,103,502466
case_084,pre,1,1000028916,COPY_IN,PIPE_MTE2,107713,107765,52,502466
case_084,pre,1,1000028918,COPY_IN,PIPE_MTE2,107765,107817,52,502466
case_084,pre,1,12630,DIV,PIPE_V,108196,108496,300,502466
case_084,pre,1,12631,REDUCE,PIPE_V,108496,108580,84,502466
case_084,pre,1,12632,SUB,PIPE_V,108580,108664,84,502466
case_084,pre,1,12633,EXP,PIPE_V,108664,108964,300,502466
case_084,pre,1,12634,REDUCE,PIPE_V,108964,109048,84,502466
case_084,pre,1,12635,DIV,PIPE_V,109048,109348,300,502466
case_084,pre,1,12636,MATMUL,PIPE_M,109348,109936,588,502466
case_084,pre,1,12640,MATMUL,PIPE_M,109936,110524,588,502466
case_084,pre,1,1000028844,COPY_OUT,PIPE_MTE3,109936,110040,104,502466
case_084,pre,1,1000028922,COPY_IN,PIPE_MTE2,109936,109938,2,502466
case_084,pre,1,1000028920,COPY_IN,PIPE_MTE2,109938,110041,103,502466
case_084,pre,1,1000028926,COPY_IN,PIPE_MTE2,110041,110093,52,502466
case_084,pre,1,1000028928,COPY_IN,PIPE_MTE2,110093,110145,52,502466
case_084,pre,1,12642,DIV,PIPE_V,110524,110824,300,502466
case_084,pre,1,12643,REDUCE,PIPE_V,110824,110908,84,502466
case_084,pre,1,12644,SUB,PIPE_V,110908,110992,84,502466
case_084,pre,1,12645,EXP,PIPE_V,110992,111292,300,502466
case_084,pre,1,12646,REDUCE,PIPE_V,111292,111376,84,502466
case_084,pre,1,12647,DIV,PIPE_V,111376,111676,300,502466
case_084,pre,1,12648,MATMUL,PIPE_M,111676,112264,588,502466
case_084,pre,1,12652,MATMUL,PIPE_M,112264,112852,588,502466
case_084,pre,1,1000028854,COPY_OUT,PIPE_MTE3,112264,112368,104,502466
case_084,pre,1,1000028932,COPY_IN,PIPE_MTE2,112264,112266,2,502466
case_084,pre,1,1000028930,COPY_IN,PIPE_MTE2,112266,112369,103,502466
case_084,pre,1,1000028936,COPY_IN,PIPE_MTE2,112369,112421,52,502466
case_084,pre,1,1000028938,COPY_IN,PIPE_MTE2,112421,112473,52,502466
case_084,pre,1,12654,DIV,PIPE_V,112852,113152,300,502466
case_084,pre,1,12655,REDUCE,PIPE_V,113152,113236,84,502466
case_084,pre,1,12656,SUB,PIPE_V,113236,113320,84,502466
case_084,pre,1,12657,EXP,PIPE_V,113320,113620,300,502466
case_084,pre,1,12658,REDUCE,PIPE_V,113620,113704,84,502466
case_084,pre,1,12659,DIV,PIPE_V,113704,114004,300,502466
case_084,pre,1,12660,MATMUL,PIPE_M,114004,114592,588,502466
case_084,pre,1,12664,MATMUL,PIPE_M,114592,115180,588,502466
case_084,pre,1,1000028864,COPY_OUT,PIPE_MTE3,114592,114696,104,502466
case_084,pre,1,1000028942,COPY_IN,PIPE_MTE2,114592,114594,2,502466
case_084,pre,1,1000028940,COPY_IN,PIPE_MTE2,114594,114697,103,502466
case_084,pre,1,1000028946,COPY_IN,PIPE_MTE2,114697,114749,52,502466
case_084,pre,1,1000028948,COPY_IN,PIPE_MTE2,114749,114801,52,502466
case_084,pre,1,12666,DIV,PIPE_V,115180,115480,300,502466
case_084,pre,1,12667,REDUCE,PIPE_V,115480,115564,84,502466
case_084,pre,1,12668,SUB,PIPE_V,115564,115648,84,502466
case_084,pre,1,12669,EXP,PIPE_V,115648,115948,300,502466
case_084,pre,1,12670,REDUCE,PIPE_V,115948,116032,84,502466
case_084,pre,1,12671,DIV,PIPE_V,116032,116332,300,502466
case_084,pre,1,12672,MATMUL,PIPE_M,116332,116920,588,502466
case_084,pre,1,12676,MATMUL,PIPE_M,116920,117508,588,502466
case_084,pre,1,1000028874,COPY_OUT,PIPE_MTE3,116920,117024,104,502466
case_084,pre,1,1000028952,COPY_IN,PIPE_MTE2,116920,116922,2,502466
case_084,pre,1,1000028950,COPY_IN,PIPE_MTE2,116922,117025,103,502466
case_084,pre,1,1000028956,COPY_IN,PIPE_MTE2,117025,117077,52,502466
case_084,pre,1,1000028958,COPY_IN,PIPE_MTE2,117077,117129,52,502466
case_084,pre,1,12678,DIV,PIPE_V,117508,117808,300,502466
case_084,pre,1,12679,REDUCE,PIPE_V,117808,117892,84,502466
case_084,pre,1,12680,SUB,PIPE_V,117892,117976,84,502466
case_084,pre,1,12681,EXP,PIPE_V,117976,118276,300,502466
case_084,pre,1,12682,REDUCE,PIPE_V,118276,118360,84,502466
case_084,pre,1,12683,DIV,PIPE_V,118360,118660,300,502466
case_084,pre,1,12684,MATMUL,PIPE_M,118660,119248,588,502466
case_084,pre,1,12688,MATMUL,PIPE_M,119248,119836,588,502466
case_084,pre,1,1000028884,COPY_OUT,PIPE_MTE3,119248,119352,104,502466
case_084,pre,1,1000028962,COPY_IN,PIPE_MTE2,119248,119250,2,502466
case_084,pre,1,1000028960,COPY_IN,PIPE_MTE2,119250,119353,103,502466
case_084,pre,1,1000028966,COPY_IN,PIPE_MTE2,119353,119405,52,502466
case_084,pre,1,1000028968,COPY_IN,PIPE_MTE2,119405,119457,52,502466
case_084,pre,1,12690,DIV,PIPE_V,119836,120136,300,502466
case_084,pre,1,12691,REDUCE,PIPE_V,120136,120220,84,502466
case_084,pre,1,12692,SUB,PIPE_V,120220,120304,84,502466
case_084,pre,1,12693,EXP,PIPE_V,120304,120604,300,502466
case_084,pre,1,12694,REDUCE,PIPE_V,120604,120688,84,502466
case_084,pre,1,12695,DIV,PIPE_V,120688,120988,300,502466
case_084,pre,1,12696,MATMUL,PIPE_M,120988,121576,588,502466
case_084,pre,1,12700,MATMUL,PIPE_M,121576,122164,588,502466
case_084,pre,1,1000028894,COPY_OUT,PIPE_MTE3,121576,121680,104,502466
case_084,pre,1,1000028972,COPY_IN,PIPE_MTE2,121576,121578,2,502466
case_084,pre,1,1000028970,COPY_IN,PIPE_MTE2,121578,121681,103,502466
case_084,pre,1,1000028976,COPY_IN,PIPE_MTE2,121681,121733,52,502466
case_084,pre,1,1000028978,COPY_IN,PIPE_MTE2,121733,121785,52,502466
case_084,pre,1,12702,DIV,PIPE_V,122164,122464,300,502466
case_084,pre,1,12703,REDUCE,PIPE_V,122464,122548,84,502466
case_084,pre,1,12704,SUB,PIPE_V,122548,122632,84,502466
case_084,pre,1,12705,EXP,PIPE_V,122632,122932,300,502466
case_084,pre,1,12706,REDUCE,PIPE_V,122932,123016,84,502466
case_084,pre,1,12707,DIV,PIPE_V,123016,123316,300,502466
case_084,pre,1,12708,MATMUL,PIPE_M,123316,123904,588,502466
case_084,pre,1,12712,MATMUL,PIPE_M,123904,124492,588,502466
case_084,pre,1,1000028904,COPY_OUT,PIPE_MTE3,123904,124008,104,502466
case_084,pre,1,1000028982,COPY_IN,PIPE_MTE2,123904,123906,2,502466
case_084,pre,1,1000028980,COPY_IN,PIPE_MTE2,123906,124009,103,502466
case_084,pre,1,1000028986,COPY_IN,PIPE_MTE2,124009,124061,52,502466
case_084,pre,1,1000028988,COPY_IN,PIPE_MTE2,124061,124113,52,502466
case_084,pre,1,12714,DIV,PIPE_V,124492,124792,300,502466
case_084,pre,1,12715,REDUCE,PIPE_V,124792,124876,84,502466
case_084,pre,1,12716,SUB,PIPE_V,124876,124960,84,502466
case_084,pre,1,12717,EXP,PIPE_V,124960,125260,300,502466
case_084,pre,1,12718,REDUCE,PIPE_V,125260,125344,84,502466
case_084,pre,1,12719,DIV,PIPE_V,125344,125644,300,502466
case_084,pre,1,12720,MATMUL,PIPE_M,125644,126232,588,502466
case_084,pre,1,12724,MATMUL,PIPE_M,126232,126820,588,502466
case_084,pre,1,1000028914,COPY_OUT,PIPE_MTE3,126232,126336,104,502466
case_084,pre,1,1000028992,COPY_IN,PIPE_MTE2,126232,126234,2,502466
case_084,pre,1,1000028990,COPY_IN,PIPE_MTE2,126234,126337,103,502466
case_084,pre,1,1000028996,COPY_IN,PIPE_MTE2,126337,126389,52,502466
case_084,pre,1,1000028998,COPY_IN,PIPE_MTE2,126389,126441,52,502466
case_084,pre,1,12726,DIV,PIPE_V,126820,127120,300,502466
case_084,pre,1,12727,REDUCE,PIPE_V,127120,127204,84,502466
case_084,pre,1,12728,SUB,PIPE_V,127204,127288,84,502466
case_084,pre,1,12729,EXP,PIPE_V,127288,127588,300,502466
case_084,pre,1,12730,REDUCE,PIPE_V,127588,127672,84,502466
case_084,pre,1,12731,DIV,PIPE_V,127672,127972,300,502466
case_084,pre,1,12732,MATMUL,PIPE_M,127972,128560,588,502466
case_084,pre,1,12736,MATMUL,PIPE_M,128560,129148,588,502466
case_084,pre,1,1000028924,COPY_OUT,PIPE_MTE3,128560,128664,104,502466
case_084,pre,1,1000029002,COPY_IN,PIPE_MTE2,128560,128562,2,502466
case_084,pre,1,1000029000,COPY_IN,PIPE_MTE2,128562,128665,103,502466
case_084,pre,1,1000029006,COPY_IN,PIPE_MTE2,128665,128717,52,502466
case_084,pre,1,1000029008,COPY_IN,PIPE_MTE2,128717,128769,52,502466
case_084,pre,1,12738,DIV,PIPE_V,129148,129448,300,502466
case_084,pre,1,12739,REDUCE,PIPE_V,129448,129532,84,502466
case_084,pre,1,12740,SUB,PIPE_V,129532,129616,84,502466
case_084,pre,1,12741,EXP,PIPE_V,129616,129916,300,502466
case_084,pre,1,12742,REDUCE,PIPE_V,129916,130000,84,502466
case_084,pre,1,12743,DIV,PIPE_V,130000,130300,300,502466
case_084,pre,1,12744,MATMUL,PIPE_M,130300,130888,588,502466
case_084,pre,1,12748,MATMUL,PIPE_M,130888,131476,588,502466
case_084,pre,1,1000028934,COPY_OUT,PIPE_MTE3,130888,130992,104,502466
case_084,pre,1,1000029012,COPY_IN,PIPE_MTE2,130888,130890,2,502466
case_084,pre,1,1000029010,COPY_IN,PIPE_MTE2,130890,130993,103,502466
case_084,pre,1,1000029016,COPY_IN,PIPE_MTE2,130993,131045,52,502466
case_084,pre,1,1000029018,COPY_IN,PIPE_MTE2,131045,131097,52,502466
case_084,pre,1,12750,DIV,PIPE_V,131476,131776,300,502466
case_084,pre,1,12751,REDUCE,PIPE_V,131776,131860,84,502466
case_084,pre,1,12752,SUB,PIPE_V,131860,131944,84,502466
case_084,pre,1,12753,EXP,PIPE_V,131944,132244,300,502466
case_084,pre,1,12754,REDUCE,PIPE_V,132244,132328,84,502466
case_084,pre,1,12755,DIV,PIPE_V,132328,132628,300,502466
case_084,pre,1,12756,MATMUL,PIPE_M,132628,133216,588,502466
case_084,pre,1,12760,MATMUL,PIPE_M,133216,133804,588,502466
case_084,pre,1,1000028944,COPY_OUT,PIPE_MTE3,133216,133320,104,502466
case_084,pre,1,1000029022,COPY_IN,PIPE_MTE2,133216,133218,2,502466
case_084,pre,1,1000029020,COPY_IN,PIPE_MTE2,133218,133321,103,502466
case_084,pre,1,1000029026,COPY_IN,PIPE_MTE2,133321,133373,52,502466
case_084,pre,1,1000029028,COPY_IN,PIPE_MTE2,133373,133425,52,502466
case_084,pre,1,12762,DIV,PIPE_V,133804,134104,300,502466
case_084,pre,1,12763,REDUCE,PIPE_V,134104,134188,84,502466
case_084,pre,1,12764,SUB,PIPE_V,134188,134272,84,502466
case_084,pre,1,12765,EXP,PIPE_V,134272,134572,300,502466
case_084,pre,1,12766,REDUCE,PIPE_V,134572,134656,84,502466
case_084,pre,1,12767,DIV,PIPE_V,134656,134956,300,502466
case_084,pre,1,12768,MATMUL,PIPE_M,134956,135544,588,502466
case_084,pre,1,12772,MATMUL,PIPE_M,135544,136132,588,502466
case_084,pre,1,1000028954,COPY_OUT,PIPE_MTE3,135544,135648,104,502466
case_084,pre,1,1000029032,COPY_IN,PIPE_MTE2,135544,135546,2,502466
case_084,pre,1,1000029030,COPY_IN,PIPE_MTE2,135546,135649,103,502466
case_084,pre,1,1000029036,COPY_IN,PIPE_MTE2,135649,135701,52,502466
case_084,pre,1,1000029038,COPY_IN,PIPE_MTE2,135701,135753,52,502466
case_084,pre,1,12774,DIV,PIPE_V,136132,136432,300,502466
case_084,pre,1,12775,REDUCE,PIPE_V,136432,136516,84,502466
case_084,pre,1,12776,SUB,PIPE_V,136516,136600,84,502466
case_084,pre,1,12777,EXP,PIPE_V,136600,136900,300,502466
case_084,pre,1,12778,REDUCE,PIPE_V,136900,136984,84,502466
case_084,pre,1,12779,DIV,PIPE_V,136984,137284,300,502466
case_084,pre,1,12780,MATMUL,PIPE_M,137284,137872,588,502466
case_084,pre,1,12784,MATMUL,PIPE_M,137872,138460,588,502466
case_084,pre,1,1000028964,COPY_OUT,PIPE_MTE3,137872,137976,104,502466
case_084,pre,1,1000029042,COPY_IN,PIPE_MTE2,137872,137874,2,502466
case_084,pre,1,1000029040,COPY_IN,PIPE_MTE2,137874,137977,103,502466
case_084,pre,1,1000029046,COPY_IN,PIPE_MTE2,137977,138029,52,502466
case_084,pre,1,1000029048,COPY_IN,PIPE_MTE2,138029,138081,52,502466
case_084,pre,1,12786,DIV,PIPE_V,138460,138760,300,502466
case_084,pre,1,12787,REDUCE,PIPE_V,138760,138844,84,502466
case_084,pre,1,12788,SUB,PIPE_V,138844,138928,84,502466
case_084,pre,1,12789,EXP,PIPE_V,138928,139228,300,502466
case_084,pre,1,12790,REDUCE,PIPE_V,139228,139312,84,502466
case_084,pre,1,12791,DIV,PIPE_V,139312,139612,300,502466
case_084,pre,1,12792,MATMUL,PIPE_M,139612,140200,588,502466
case_084,pre,1,12796,MATMUL,PIPE_M,140200,140788,588,502466
case_084,pre,1,1000028974,COPY_OUT,PIPE_MTE3,140200,140304,104,502466
case_084,pre,1,1000029052,COPY_IN,PIPE_MTE2,140200,140202,2,502466
case_084,pre,1,1000029050,COPY_IN,PIPE_MTE2,140202,140305,103,502466
case_084,pre,1,1000029056,COPY_IN,PIPE_MTE2,140305,140357,52,502466
case_084,pre,1,1000029058,COPY_IN,PIPE_MTE2,140357,140409,52,502466
case_084,pre,1,12798,DIV,PIPE_V,140788,141088,300,502466
case_084,pre,1,12799,REDUCE,PIPE_V,141088,141172,84,502466
case_084,pre,1,12800,SUB,PIPE_V,141172,141256,84,502466
case_084,pre,1,12801,EXP,PIPE_V,141256,141556,300,502466
case_084,pre,1,12802,REDUCE,PIPE_V,141556,141640,84,502466
case_084,pre,1,12803,DIV,PIPE_V,141640,141940,300,502466
case_084,pre,1,12804,MATMUL,PIPE_M,141940,142528,588,502466
case_084,pre,1,12808,MATMUL,PIPE_M,142528,143116,588,502466
case_084,pre,1,1000028984,COPY_OUT,PIPE_MTE3,142528,142632,104,502466
case_084,pre,1,1000029062,COPY_IN,PIPE_MTE2,142528,142530,2,502466
case_084,pre,1,1000029060,COPY_IN,PIPE_MTE2,142530,142633,103,502466
case_084,pre,1,1000029066,COPY_IN,PIPE_MTE2,142633,142685,52,502466
case_084,pre,1,1000029068,COPY_IN,PIPE_MTE2,142685,142737,52,502466
case_084,pre,1,12810,DIV,PIPE_V,143116,143416,300,502466
case_084,pre,1,12811,REDUCE,PIPE_V,143416,143500,84,502466
case_084,pre,1,12812,SUB,PIPE_V,143500,143584,84,502466
case_084,pre,1,12813,EXP,PIPE_V,143584,143884,300,502466
case_084,pre,1,12814,REDUCE,PIPE_V,143884,143968,84,502466
case_084,pre,1,12815,DIV,PIPE_V,143968,144268,300,502466
case_084,pre,1,12816,MATMUL,PIPE_M,144268,144856,588,502466
case_084,pre,1,12820,MATMUL,PIPE_M,144856,145444,588,502466
case_084,pre,1,1000028994,COPY_OUT,PIPE_MTE3,144856,144960,104,502466
case_084,pre,1,1000029072,COPY_IN,PIPE_MTE2,144856,144858,2,502466
case_084,pre,1,1000029070,COPY_IN,PIPE_MTE2,144858,144961,103,502466
case_084,pre,1,1000029076,COPY_IN,PIPE_MTE2,144961,145013,52,502466
case_084,pre,1,1000029078,COPY_IN,PIPE_MTE2,145013,145065,52,502466
case_084,pre,1,12822,DIV,PIPE_V,145444,145744,300,502466
case_084,pre,1,12823,REDUCE,PIPE_V,145744,145828,84,502466
case_084,pre,1,12824,SUB,PIPE_V,145828,145912,84,502466
case_084,pre,1,12825,EXP,PIPE_V,145912,146212,300,502466
case_084,pre,1,12826,REDUCE,PIPE_V,146212,146296,84,502466
case_084,pre,1,12827,DIV,PIPE_V,146296,146596,300,502466
case_084,pre,1,12828,MATMUL,PIPE_M,146596,147184,588,502466
case_084,pre,1,12832,MATMUL,PIPE_M,147184,147772,588,502466
case_084,pre,1,1000029004,COPY_OUT,PIPE_MTE3,147184,147288,104,502466
case_084,pre,1,1000029082,COPY_IN,PIPE_MTE2,147184,147186,2,502466
case_084,pre,1,1000029080,COPY_IN,PIPE_MTE2,147186,147289,103,502466
case_084,pre,1,1000028363,COPY_IN,PIPE_MTE2,147289,147341,52,502466
case_084,pre,1,1000028365,COPY_IN,PIPE_MTE2,147341,147393,52,502466
case_084,pre,1,12834,DIV,PIPE_V,147772,148072,300,502466
case_084,pre,1,12835,REDUCE,PIPE_V,148072,148156,84,502466
case_084,pre,1,12836,SUB,PIPE_V,148156,148240,84,502466
case_084,pre,1,12837,EXP,PIPE_V,148240,148540,300,502466
case_084,pre,1,12838,REDUCE,PIPE_V,148540,148624,84,502466
case_084,pre,1,12839,DIV,PIPE_V,148624,148924,300,502466
case_084,pre,1,12840,MATMUL,PIPE_M,148924,149512,588,502466
case_084,pre,1,12844,MATMUL,PIPE_M,149512,150100,588,502466
case_084,pre,1,1000028369,COPY_IN,PIPE_MTE2,149512,149514,2,502466
case_084,pre,1,1000029014,COPY_OUT,PIPE_MTE3,149512,149616,104,502466
case_084,pre,1,1000022333,COPY_IN,PIPE_MTE2,149514,149617,103,502466
case_084,pre,1,1000022335,COPY_IN,PIPE_MTE2,149617,149669,52,502466
case_084,pre,1,12846,DIV,PIPE_V,150100,150400,300,502466
case_084,pre,1,12847,REDUCE,PIPE_V,150400,150484,84,502466
case_084,pre,1,12848,SUB,PIPE_V,150484,150568,84,502466
case_084,pre,1,12849,EXP,PIPE_V,150568,150868,300,502466
case_084,pre,1,12850,REDUCE,PIPE_V,150868,150952,84,502466
case_084,pre,1,1000022339,COPY_IN,PIPE_MTE2,150868,150869,1,502466
case_084,pre,1,1000022343,COPY_IN,PIPE_MTE2,150869,150921,52,502466
case_084,pre,1,1000022345,COPY_IN,PIPE_MTE2,150921,150973,52,502466
case_084,pre,1,12851,DIV,PIPE_V,150952,151252,300,502466
case_084,pre,1,12852,MATMUL,PIPE_M,151252,151840,588,502466
case_084,pre,1,12856,MATMUL,PIPE_M,151840,152428,588,502466
case_084,pre,1,1000029024,COPY_OUT,PIPE_MTE3,151840,151892,52,502466
case_084,pre,1,12858,DIV,PIPE_V,152428,152728,300,502466
case_084,pre,1,12859,REDUCE,PIPE_V,152728,152812,84,502466
case_084,pre,1,12860,SUB,PIPE_V,152812,152896,84,502466
case_084,pre,1,12861,EXP,PIPE_V,152896,153196,300,502466
case_084,pre,1,12862,REDUCE,PIPE_V,153196,153280,84,502466
case_084,pre,1,1000022349,COPY_IN,PIPE_MTE2,153196,153197,1,502466
case_084,pre,1,1000022347,COPY_IN,PIPE_MTE2,153197,153249,52,502466
case_084,pre,1,1000022353,COPY_IN,PIPE_MTE2,153249,153301,52,502466
case_084,pre,1,12863,DIV,PIPE_V,153280,153580,300,502466
case_084,pre,1,1000022355,COPY_IN,PIPE_MTE2,153301,153353,52,502466
case_084,pre,1,12864,MATMUL,PIPE_M,153580,154168,588,502466
case_084,pre,1,12868,MATMUL,PIPE_M,154168,154756,588,502466
case_084,pre,1,1000029034,COPY_OUT,PIPE_MTE3,154168,154272,104,502466
case_084,pre,1,12870,DIV,PIPE_V,154756,155056,300,502466
case_084,pre,1,12871,REDUCE,PIPE_V,155056,155140,84,502466
case_084,pre,1,12872,SUB,PIPE_V,155140,155224,84,502466
case_084,pre,1,12873,EXP,PIPE_V,155224,155524,300,502466
case_084,pre,1,12874,REDUCE,PIPE_V,155524,155608,84,502466
case_084,pre,1,1000022359,COPY_IN,PIPE_MTE2,155524,155525,1,502466
case_084,pre,1,1000022357,COPY_IN,PIPE_MTE2,155525,155577,52,502466
case_084,pre,1,1000022363,COPY_IN,PIPE_MTE2,155577,155629,52,502466
case_084,pre,1,12875,DIV,PIPE_V,155608,155908,300,502466
case_084,pre,1,1000022365,COPY_IN,PIPE_MTE2,155629,155681,52,502466
case_084,pre,1,12876,MATMUL,PIPE_M,155908,156496,588,502466
case_084,pre,1,12880,MATMUL,PIPE_M,156496,157084,588,502466
case_084,pre,1,1000029044,COPY_OUT,PIPE_MTE3,156496,156600,104,502466
case_084,pre,1,12882,DIV,PIPE_V,157084,157384,300,502466
case_084,pre,1,12883,REDUCE,PIPE_V,157384,157468,84,502466
case_084,pre,1,12884,SUB,PIPE_V,157468,157552,84,502466
case_084,pre,1,12885,EXP,PIPE_V,157552,157852,300,502466
case_084,pre,1,12886,REDUCE,PIPE_V,157852,157936,84,502466
case_084,pre,1,1000022369,COPY_IN,PIPE_MTE2,157852,157853,1,502466
case_084,pre,1,1000022367,COPY_IN,PIPE_MTE2,157853,157905,52,502466
case_084,pre,1,1000022373,COPY_IN,PIPE_MTE2,157905,157957,52,502466
case_084,pre,1,12887,DIV,PIPE_V,157936,158236,300,502466
case_084,pre,1,1000022375,COPY_IN,PIPE_MTE2,157957,158009,52,502466
case_084,pre,1,12888,MATMUL,PIPE_M,158236,158824,588,502466
case_084,pre,1,12892,MATMUL,PIPE_M,158824,159412,588,502466
case_084,pre,1,1000029054,COPY_OUT,PIPE_MTE3,158824,158928,104,502466
case_084,pre,1,12894,DIV,PIPE_V,159412,159712,300,502466
case_084,pre,1,12895,REDUCE,PIPE_V,159712,159796,84,502466
case_084,pre,1,12896,SUB,PIPE_V,159796,159880,84,502466
case_084,pre,1,12897,EXP,PIPE_V,159880,160180,300,502466
case_084,pre,1,12898,REDUCE,PIPE_V,160180,160264,84,502466
case_084,pre,1,1000022379,COPY_IN,PIPE_MTE2,160180,160181,1,502466
case_084,pre,1,1000022377,COPY_IN,PIPE_MTE2,160181,160233,52,502466
case_084,pre,1,1000022383,COPY_IN,PIPE_MTE2,160233,160285,52,502466
case_084,pre,1,12899,DIV,PIPE_V,160264,160564,300,502466
case_084,pre,1,1000022385,COPY_IN,PIPE_MTE2,160285,160337,52,502466
case_084,pre,1,12900,MATMUL,PIPE_M,160564,161152,588,502466
case_084,pre,1,12904,MATMUL,PIPE_M,161152,161740,588,502466
case_084,pre,1,1000029064,COPY_OUT,PIPE_MTE3,161152,161256,104,502466
case_084,pre,1,12906,DIV,PIPE_V,161740,162040,300,502466
case_084,pre,1,12907,REDUCE,PIPE_V,162040,162124,84,502466
case_084,pre,1,12908,SUB,PIPE_V,162124,162208,84,502466
case_084,pre,1,12909,EXP,PIPE_V,162208,162508,300,502466
case_084,pre,1,12910,REDUCE,PIPE_V,162508,162592,84,502466
case_084,pre,1,1000022389,COPY_IN,PIPE_MTE2,162508,162509,1,502466
case_084,pre,1,1000022387,COPY_IN,PIPE_MTE2,162509,162561,52,502466
case_084,pre,1,1000022393,COPY_IN,PIPE_MTE2,162561,162613,52,502466
case_084,pre,1,12911,DIV,PIPE_V,162592,162892,300,502466
case_084,pre,1,1000022395,COPY_IN,PIPE_MTE2,162613,162665,52,502466
case_084,pre,1,12912,MATMUL,PIPE_M,162892,163480,588,502466
case_084,pre,1,12916,MATMUL,PIPE_M,163480,164068,588,502466
case_084,pre,1,1000029074,COPY_OUT,PIPE_MTE3,163480,163584,104,502466
case_084,pre,1,12918,DIV,PIPE_V,164068,164368,300,502466
case_084,pre,1,12919,REDUCE,PIPE_V,164368,164452,84,502466
case_084,pre,1,12920,SUB,PIPE_V,164452,164536,84,502466
case_084,pre,1,12921,EXP,PIPE_V,164536,164836,300,502466
case_084,pre,1,12922,REDUCE,PIPE_V,164836,164920,84,502466
case_084,pre,1,1000022399,COPY_IN,PIPE_MTE2,164836,164837,1,502466
case_084,pre,1,1000022397,COPY_IN,PIPE_MTE2,164837,164889,52,502466
case_084,pre,1,1000022403,COPY_IN,PIPE_MTE2,164889,164941,52,502466
case_084,pre,1,12923,DIV,PIPE_V,164920,165220,300,502466
case_084,pre,1,1000022405,COPY_IN,PIPE_MTE2,164941,164993,52,502466
case_084,pre,1,12924,MATMUL,PIPE_M,165220,165808,588,502466
case_084,pre,1,12064,MATMUL,PIPE_M,165808,166396,588,502466
case_084,pre,1,1000029084,COPY_OUT,PIPE_MTE3,165808,165912,104,502466
case_084,pre,1,4828,MATMUL,PIPE_M,166396,166984,588,502466
case_084,pre,1,12066,DIV,PIPE_V,166396,166696,300,502466
case_084,pre,1,12067,REDUCE,PIPE_V,166696,166780,84,502466
case_084,pre,1,12068,SUB,PIPE_V,166780,166864,84,502466
case_084,pre,1,1000028371,COPY_OUT,PIPE_MTE3,166864,166941,77,502466
case_084,pre,1,1000022409,COPY_IN,PIPE_MTE2,166941,166942,1,502466
case_084,pre,1,1000022407,COPY_IN,PIPE_MTE2,166942,166994,52,502466
case_084,pre,1,4830,DIV,PIPE_V,166984,167284,300,502466
case_084,pre,1,4840,MATMUL,PIPE_M,166984,167572,588,502466
case_084,pre,1,1000022413,COPY_IN,PIPE_MTE2,166994,167046,52,502466
case_084,pre,1,1000022415,COPY_IN,PIPE_MTE2,167046,167098,52,502466
case_084,pre,1,4831,REDUCE,PIPE_V,167284,167368,84,502466
case_084,pre,1,4832,SUB,PIPE_V,167368,167452,84,502466
case_084,pre,1,4833,EXP,PIPE_V,167452,167752,300,502466
case_084,pre,1,4834,REDUCE,PIPE_V,167752,167836,84,502466
case_084,pre,1,4835,DIV,PIPE_V,167836,168136,300,502466
case_084,pre,1,4842,DIV,PIPE_V,168136,168436,300,502466
case_084,pre,1,4843,REDUCE,PIPE_V,168436,168520,84,502466
case_084,pre,1,4844,SUB,PIPE_V,168520,168604,84,502466
case_084,pre,1,4845,EXP,PIPE_V,168604,168904,300,502466
case_084,pre,1,1000022419,COPY_IN,PIPE_MTE2,168604,168606,2,502466
case_084,pre,1,1000022417,COPY_IN,PIPE_MTE2,168606,168710,104,502466
case_084,pre,1,1000022423,COPY_IN,PIPE_MTE2,168710,168955,245,502466
case_084,pre,1,4846,REDUCE,PIPE_V,168904,168988,84,502466
case_084,pre,1,1000022425,COPY_IN,PIPE_MTE2,168955,169126,171,502466
case_084,pre,1,4847,DIV,PIPE_V,168988,169288,300,502466
case_084,pre,1,4848,MATMUL,PIPE_M,169288,169876,588,502466
case_084,pre,1,4852,MATMUL,PIPE_M,169876,170464,588,502466
case_084,pre,1,1000022351,COPY_OUT,PIPE_MTE3,169876,170058,182,502466
case_084,pre,1,4854,DIV,PIPE_V,170464,170764,300,502466
case_084,pre,1,4855,REDUCE,PIPE_V,170764,170848,84,502466
case_084,pre,1,4856,SUB,PIPE_V,170848,170932,84,502466
case_084,pre,1,4857,EXP,PIPE_V,170932,171232,300,502466
case_084,pre,1,1000022429,COPY_IN,PIPE_MTE2,170932,170933,1,502466
case_084,pre,1,1000022427,COPY_IN,PIPE_MTE2,170933,170985,52,502466
case_084,pre,1,1000022433,COPY_IN,PIPE_MTE2,170985,171037,52,502466
case_084,pre,1,1000022435,COPY_IN,PIPE_MTE2,171037,171163,126,502466
case_084,pre,1,4858,REDUCE,PIPE_V,171232,171316,84,502466
case_084,pre,1,4859,DIV,PIPE_V,171316,171616,300,502466
case_084,pre,1,4860,MATMUL,PIPE_M,171616,172204,588,502466
case_084,pre,1,4864,MATMUL,PIPE_M,172204,172792,588,502466
case_084,pre,1,1000022361,COPY_OUT,PIPE_MTE3,172204,172405,201,502466
case_084,pre,1,4866,DIV,PIPE_V,172792,173092,300,502466
case_084,pre,1,4867,REDUCE,PIPE_V,173092,173176,84,502466
case_084,pre,1,4868,SUB,PIPE_V,173176,173260,84,502466
case_084,pre,1,4869,EXP,PIPE_V,173260,173560,300,502466
case_084,pre,1,1000022439,COPY_IN,PIPE_MTE2,173260,173261,1,502466
case_084,pre,1,1000022437,COPY_IN,PIPE_MTE2,173261,173313,52,502466
case_084,pre,1,1000022443,COPY_IN,PIPE_MTE2,173313,173365,52,502466
case_084,pre,1,1000022445,COPY_IN,PIPE_MTE2,173365,173491,126,502466
case_084,pre,1,4870,REDUCE,PIPE_V,173560,173644,84,502466
case_084,pre,1,4871,DIV,PIPE_V,173644,173944,300,502466
case_084,pre,1,4872,MATMUL,PIPE_M,173944,174532,588,502466
case_084,pre,1,4876,MATMUL,PIPE_M,174532,175120,588,502466
case_084,pre,1,1000022371,COPY_OUT,PIPE_MTE3,174532,174733,201,502466
case_084,pre,1,4878,DIV,PIPE_V,175120,175420,300,502466
case_084,pre,1,4879,REDUCE,PIPE_V,175420,175504,84,502466
case_084,pre,1,4880,SUB,PIPE_V,175504,175588,84,502466
case_084,pre,1,4881,EXP,PIPE_V,175588,175888,300,502466
case_084,pre,1,1000022449,COPY_IN,PIPE_MTE2,175588,175589,1,502466
case_084,pre,1,1000022447,COPY_IN,PIPE_MTE2,175589,175641,52,502466
case_084,pre,1,1000022453,COPY_IN,PIPE_MTE2,175641,175693,52,502466
case_084,pre,1,1000022455,COPY_IN,PIPE_MTE2,175693,175819,126,502466
case_084,pre,1,4882,REDUCE,PIPE_V,175888,175972,84,502466
case_084,pre,1,4883,DIV,PIPE_V,175972,176272,300,502466
case_084,pre,1,4884,MATMUL,PIPE_M,176272,176860,588,502466
case_084,pre,1,4888,MATMUL,PIPE_M,176860,177448,588,502466
case_084,pre,1,1000022381,COPY_OUT,PIPE_MTE3,176860,177061,201,502466
case_084,pre,1,4890,DIV,PIPE_V,177448,177748,300,502466
case_084,pre,1,4891,REDUCE,PIPE_V,177748,177832,84,502466
case_084,pre,1,4892,SUB,PIPE_V,177832,177916,84,502466
case_084,pre,1,4893,EXP,PIPE_V,177916,178216,300,502466
case_084,pre,1,1000022459,COPY_IN,PIPE_MTE2,177916,177917,1,502466
case_084,pre,1,1000022457,COPY_IN,PIPE_MTE2,177917,177969,52,502466
case_084,pre,1,1000022463,COPY_IN,PIPE_MTE2,177969,178021,52,502466
case_084,pre,1,1000022465,COPY_IN,PIPE_MTE2,178021,178147,126,502466
case_084,pre,1,4894,REDUCE,PIPE_V,178216,178300,84,502466
case_084,pre,1,4895,DIV,PIPE_V,178300,178600,300,502466
case_084,pre,1,4896,MATMUL,PIPE_M,178600,179188,588,502466
case_084,pre,1,4900,MATMUL,PIPE_M,179188,179776,588,502466
case_084,pre,1,1000022391,COPY_OUT,PIPE_MTE3,179188,179389,201,502466
case_084,pre,1,4902,DIV,PIPE_V,179776,180076,300,502466
case_084,pre,1,4903,REDUCE,PIPE_V,180076,180160,84,502466
case_084,pre,1,4904,SUB,PIPE_V,180160,180244,84,502466
case_084,pre,1,4905,EXP,PIPE_V,180244,180544,300,502466
case_084,pre,1,1000022469,COPY_IN,PIPE_MTE2,180244,180245,1,502466
case_084,pre,1,1000022467,COPY_IN,PIPE_MTE2,180245,180297,52,502466
case_084,pre,1,1000022473,COPY_IN,PIPE_MTE2,180297,180349,52,502466
case_084,pre,1,1000022475,COPY_IN,PIPE_MTE2,180349,180475,126,502466
case_084,pre,1,4906,REDUCE,PIPE_V,180544,180628,84,502466
case_084,pre,1,4907,DIV,PIPE_V,180628,180928,300,502466
case_084,pre,1,4908,MATMUL,PIPE_M,180928,181516,588,502466
case_084,pre,1,4912,MATMUL,PIPE_M,181516,182104,588,502466
case_084,pre,1,1000022401,COPY_OUT,PIPE_MTE3,181516,181717,201,502466
case_084,pre,1,4914,DIV,PIPE_V,182104,182404,300,502466
case_084,pre,1,4915,REDUCE,PIPE_V,182404,182488,84,502466
case_084,pre,1,4916,SUB,PIPE_V,182488,182572,84,502466
case_084,pre,1,4917,EXP,PIPE_V,182572,182872,300,502466
case_084,pre,1,1000022479,COPY_IN,PIPE_MTE2,182572,182573,1,502466
case_084,pre,1,1000022477,COPY_IN,PIPE_MTE2,182573,182625,52,502466
case_084,pre,1,1000022483,COPY_IN,PIPE_MTE2,182625,182677,52,502466
case_084,pre,1,1000022485,COPY_IN,PIPE_MTE2,182677,182803,126,502466
case_084,pre,1,4918,REDUCE,PIPE_V,182872,182956,84,502466
case_084,pre,1,4919,DIV,PIPE_V,182956,183256,300,502466
case_084,pre,1,4920,MATMUL,PIPE_M,183256,183844,588,502466
case_084,pre,1,4924,MATMUL,PIPE_M,183844,184432,588,502466
case_084,pre,1,1000022411,COPY_OUT,PIPE_MTE3,183844,184045,201,502466
case_084,pre,1,4926,DIV,PIPE_V,184432,184732,300,502466
case_084,pre,1,4927,REDUCE,PIPE_V,184732,184816,84,502466
case_084,pre,1,4928,SUB,PIPE_V,184816,184900,84,502466
case_084,pre,1,4929,EXP,PIPE_V,184900,185200,300,502466
case_084,pre,1,1000022489,COPY_IN,PIPE_MTE2,184900,184901,1,502466
case_084,pre,1,1000022487,COPY_IN,PIPE_MTE2,184901,184953,52,502466
case_084,pre,1,1000022493,COPY_IN,PIPE_MTE2,184953,185005,52,502466
case_084,pre,1,1000022495,COPY_IN,PIPE_MTE2,185005,185131,126,502466
case_084,pre,1,4930,REDUCE,PIPE_V,185200,185284,84,502466
case_084,pre,1,4931,DIV,PIPE_V,185284,185584,300,502466
case_084,pre,1,4932,MATMUL,PIPE_M,185584,186172,588,502466
case_084,pre,1,4936,MATMUL,PIPE_M,186172,186760,588,502466
case_084,pre,1,1000022421,COPY_OUT,PIPE_MTE3,186172,186373,201,502466
case_084,pre,1,4938,DIV,PIPE_V,186760,187060,300,502466
case_084,pre,1,4939,REDUCE,PIPE_V,187060,187144,84,502466
case_084,pre,1,4940,SUB,PIPE_V,187144,187228,84,502466
case_084,pre,1,4941,EXP,PIPE_V,187228,187528,300,502466
case_084,pre,1,1000022499,COPY_IN,PIPE_MTE2,187228,187229,1,502466
case_084,pre,1,1000022497,COPY_IN,PIPE_MTE2,187229,187281,52,502466
case_084,pre,1,1000022503,COPY_IN,PIPE_MTE2,187281,187333,52,502466
case_084,pre,1,1000022505,COPY_IN,PIPE_MTE2,187333,187459,126,502466
case_084,pre,1,4942,REDUCE,PIPE_V,187528,187612,84,502466
case_084,pre,1,4943,DIV,PIPE_V,187612,187912,300,502466
case_084,pre,1,4944,MATMUL,PIPE_M,187912,188500,588,502466
case_084,pre,1,4948,MATMUL,PIPE_M,188500,189088,588,502466
case_084,pre,1,1000022431,COPY_OUT,PIPE_MTE3,188500,188701,201,502466
case_084,pre,1,4950,DIV,PIPE_V,189088,189388,300,502466
case_084,pre,1,4951,REDUCE,PIPE_V,189388,189472,84,502466
case_084,pre,1,4952,SUB,PIPE_V,189472,189556,84,502466
case_084,pre,1,4953,EXP,PIPE_V,189556,189856,300,502466
case_084,pre,1,1000022509,COPY_IN,PIPE_MTE2,189556,189557,1,502466
case_084,pre,1,1000022507,COPY_IN,PIPE_MTE2,189557,189609,52,502466
case_084,pre,1,1000022513,COPY_IN,PIPE_MTE2,189609,189661,52,502466
case_084,pre,1,1000022515,COPY_IN,PIPE_MTE2,189661,189787,126,502466
case_084,pre,1,4954,REDUCE,PIPE_V,189856,189940,84,502466
case_084,pre,1,4955,DIV,PIPE_V,189940,190240,300,502466
case_084,pre,1,4956,MATMUL,PIPE_M,190240,190828,588,502466
case_084,pre,1,4960,MATMUL,PIPE_M,190828,191416,588,502466
case_084,pre,1,1000022441,COPY_OUT,PIPE_MTE3,190828,191029,201,502466
case_084,pre,1,4962,DIV,PIPE_V,191416,191716,300,502466
case_084,pre,1,4963,REDUCE,PIPE_V,191716,191800,84,502466
case_084,pre,1,4964,SUB,PIPE_V,191800,191884,84,502466
case_084,pre,1,4965,EXP,PIPE_V,191884,192184,300,502466
case_084,pre,1,1000022519,COPY_IN,PIPE_MTE2,191884,191885,1,502466
case_084,pre,1,1000022517,COPY_IN,PIPE_MTE2,191885,191937,52,502466
case_084,pre,1,1000022523,COPY_IN,PIPE_MTE2,191937,191989,52,502466
case_084,pre,1,1000022525,COPY_IN,PIPE_MTE2,191989,192115,126,502466
case_084,pre,1,4966,REDUCE,PIPE_V,192184,192268,84,502466
case_084,pre,1,4967,DIV,PIPE_V,192268,192568,300,502466
case_084,pre,1,4968,MATMUL,PIPE_M,192568,193156,588,502466
case_084,pre,1,4972,MATMUL,PIPE_M,193156,193744,588,502466
case_084,pre,1,1000022451,COPY_OUT,PIPE_MTE3,193156,193357,201,502466
case_084,pre,1,4974,DIV,PIPE_V,193744,194044,300,502466
case_084,pre,1,4975,REDUCE,PIPE_V,194044,194128,84,502466
case_084,pre,1,4976,SUB,PIPE_V,194128,194212,84,502466
case_084,pre,1,4977,EXP,PIPE_V,194212,194512,300,502466
case_084,pre,1,1000022529,COPY_IN,PIPE_MTE2,194212,194213,1,502466
case_084,pre,1,1000022527,COPY_IN,PIPE_MTE2,194213,194265,52,502466
case_084,pre,1,1000022533,COPY_IN,PIPE_MTE2,194265,194317,52,502466
case_084,pre,1,1000022535,COPY_IN,PIPE_MTE2,194317,194443,126,502466
case_084,pre,1,4978,REDUCE,PIPE_V,194512,194596,84,502466
case_084,pre,1,4979,DIV,PIPE_V,194596,194896,300,502466
case_084,pre,1,4980,MATMUL,PIPE_M,194896,195484,588,502466
case_084,pre,1,4984,MATMUL,PIPE_M,195484,196072,588,502466
case_084,pre,1,1000022461,COPY_OUT,PIPE_MTE3,195484,195685,201,502466
case_084,pre,1,4986,DIV,PIPE_V,196072,196372,300,502466
case_084,pre,1,4987,REDUCE,PIPE_V,196372,196456,84,502466
case_084,pre,1,4988,SUB,PIPE_V,196456,196540,84,502466
case_084,pre,1,4989,EXP,PIPE_V,196540,196840,300,502466
case_084,pre,1,1000022539,COPY_IN,PIPE_MTE2,196540,196541,1,502466
case_084,pre,1,1000022537,COPY_IN,PIPE_MTE2,196541,196593,52,502466
case_084,pre,1,1000022543,COPY_IN,PIPE_MTE2,196593,196645,52,502466
case_084,pre,1,1000022545,COPY_IN,PIPE_MTE2,196645,196771,126,502466
case_084,pre,1,4990,REDUCE,PIPE_V,196840,196924,84,502466
case_084,pre,1,4991,DIV,PIPE_V,196924,197224,300,502466
case_084,pre,1,4992,MATMUL,PIPE_M,197224,197812,588,502466
case_084,pre,1,4996,MATMUL,PIPE_M,197812,198400,588,502466
case_084,pre,1,1000022471,COPY_OUT,PIPE_MTE3,197812,198013,201,502466
case_084,pre,1,4998,DIV,PIPE_V,198400,198700,300,502466
case_084,pre,1,4999,REDUCE,PIPE_V,198700,198784,84,502466
case_084,pre,1,5000,SUB,PIPE_V,198784,198868,84,502466
case_084,pre,1,5001,EXP,PIPE_V,198868,199168,300,502466
case_084,pre,1,1000022549,COPY_IN,PIPE_MTE2,198868,198869,1,502466
case_084,pre,1,1000022547,COPY_IN,PIPE_MTE2,198869,198921,52,502466
case_084,pre,1,1000022553,COPY_IN,PIPE_MTE2,198921,198973,52,502466
case_084,pre,1,1000022555,COPY_IN,PIPE_MTE2,198973,199099,126,502466
case_084,pre,1,5002,REDUCE,PIPE_V,199168,199252,84,502466
case_084,pre,1,5003,DIV,PIPE_V,199252,199552,300,502466
case_084,pre,1,5004,MATMUL,PIPE_M,199552,200140,588,502466
case_084,pre,1,5008,MATMUL,PIPE_M,200140,200728,588,502466
case_084,pre,1,1000022481,COPY_OUT,PIPE_MTE3,200140,200341,201,502466
case_084,pre,1,5010,DIV,PIPE_V,200728,201028,300,502466
case_084,pre,1,5011,REDUCE,PIPE_V,201028,201112,84,502466
case_084,pre,1,5012,SUB,PIPE_V,201112,201196,84,502466
case_084,pre,1,5013,EXP,PIPE_V,201196,201496,300,502466
case_084,pre,1,1000022559,COPY_IN,PIPE_MTE2,201196,201197,1,502466
case_084,pre,1,1000022557,COPY_IN,PIPE_MTE2,201197,201249,52,502466
case_084,pre,1,1000022563,COPY_IN,PIPE_MTE2,201249,201301,52,502466
case_084,pre,1,1000022565,COPY_IN,PIPE_MTE2,201301,201427,126,502466
case_084,pre,1,5014,REDUCE,PIPE_V,201496,201580,84,502466
case_084,pre,1,5015,DIV,PIPE_V,201580,201880,300,502466
case_084,pre,1,5016,MATMUL,PIPE_M,201880,202468,588,502466
case_084,pre,1,5020,MATMUL,PIPE_M,202468,203056,588,502466
case_084,pre,1,1000022491,COPY_OUT,PIPE_MTE3,202468,202669,201,502466
case_084,pre,1,5022,DIV,PIPE_V,203056,203356,300,502466
case_084,pre,1,5023,REDUCE,PIPE_V,203356,203440,84,502466
case_084,pre,1,5024,SUB,PIPE_V,203440,203524,84,502466
case_084,pre,1,5025,EXP,PIPE_V,203524,203824,300,502466
case_084,pre,1,1000022569,COPY_IN,PIPE_MTE2,203524,203525,1,502466
case_084,pre,1,1000022567,COPY_IN,PIPE_MTE2,203525,203577,52,502466
case_084,pre,1,1000022573,COPY_IN,PIPE_MTE2,203577,203629,52,502466
case_084,pre,1,1000022575,COPY_IN,PIPE_MTE2,203629,203755,126,502466
case_084,pre,1,5026,REDUCE,PIPE_V,203824,203908,84,502466
case_084,pre,1,5027,DIV,PIPE_V,203908,204208,300,502466
case_084,pre,1,5028,MATMUL,PIPE_M,204208,204796,588,502466
case_084,pre,1,5032,MATMUL,PIPE_M,204796,205384,588,502466
case_084,pre,1,1000022501,COPY_OUT,PIPE_MTE3,204796,204997,201,502466
case_084,pre,1,5034,DIV,PIPE_V,205384,205684,300,502466
case_084,pre,1,5035,REDUCE,PIPE_V,205684,205768,84,502466
case_084,pre,1,5036,SUB,PIPE_V,205768,205852,84,502466
case_084,pre,1,5037,EXP,PIPE_V,205852,206152,300,502466
case_084,pre,1,1000022579,COPY_IN,PIPE_MTE2,205852,205853,1,502466
case_084,pre,1,1000022577,COPY_IN,PIPE_MTE2,205853,205905,52,502466
case_084,pre,1,1000022583,COPY_IN,PIPE_MTE2,205905,205957,52,502466
case_084,pre,1,1000022585,COPY_IN,PIPE_MTE2,205957,206083,126,502466
case_084,pre,1,5038,REDUCE,PIPE_V,206152,206236,84,502466
case_084,pre,1,5039,DIV,PIPE_V,206236,206536,300,502466
case_084,pre,1,5040,MATMUL,PIPE_M,206536,207124,588,502466
case_084,pre,1,5044,MATMUL,PIPE_M,207124,207712,588,502466
case_084,pre,1,1000022511,COPY_OUT,PIPE_MTE3,207124,207325,201,502466
case_084,pre,1,5046,DIV,PIPE_V,207712,208012,300,502466
case_084,pre,1,5047,REDUCE,PIPE_V,208012,208096,84,502466
case_084,pre,1,5048,SUB,PIPE_V,208096,208180,84,502466
case_084,pre,1,5049,EXP,PIPE_V,208180,208480,300,502466
case_084,pre,1,1000022589,COPY_IN,PIPE_MTE2,208180,208181,1,502466
case_084,pre,1,1000022587,COPY_IN,PIPE_MTE2,208181,208233,52,502466
case_084,pre,1,1000022593,COPY_IN,PIPE_MTE2,208233,208285,52,502466
case_084,pre,1,1000022595,COPY_IN,PIPE_MTE2,208285,208411,126,502466
case_084,pre,1,5050,REDUCE,PIPE_V,208480,208564,84,502466
case_084,pre,1,5051,DIV,PIPE_V,208564,208864,300,502466
case_084,pre,1,5052,MATMUL,PIPE_M,208864,209452,588,502466
case_084,pre,1,5056,MATMUL,PIPE_M,209452,210040,588,502466
case_084,pre,1,1000022521,COPY_OUT,PIPE_MTE3,209452,209653,201,502466
case_084,pre,1,5058,DIV,PIPE_V,210040,210340,300,502466
case_084,pre,1,5059,REDUCE,PIPE_V,210340,210424,84,502466
case_084,pre,1,5060,SUB,PIPE_V,210424,210508,84,502466
case_084,pre,1,5061,EXP,PIPE_V,210508,210808,300,502466
case_084,pre,1,1000022599,COPY_IN,PIPE_MTE2,210508,210509,1,502466
case_084,pre,1,1000022597,COPY_IN,PIPE_MTE2,210509,210561,52,502466
case_084,pre,1,1000022603,COPY_IN,PIPE_MTE2,210561,210613,52,502466
case_084,pre,1,1000022605,COPY_IN,PIPE_MTE2,210613,210739,126,502466
case_084,pre,1,5062,REDUCE,PIPE_V,210808,210892,84,502466
case_084,pre,1,5063,DIV,PIPE_V,210892,211192,300,502466
case_084,pre,1,5064,MATMUL,PIPE_M,211192,211780,588,502466
case_084,pre,1,5068,MATMUL,PIPE_M,211780,212368,588,502466
case_084,pre,1,1000022531,COPY_OUT,PIPE_MTE3,211780,211981,201,502466
case_084,pre,1,5070,DIV,PIPE_V,212368,212668,300,502466
case_084,pre,1,5071,REDUCE,PIPE_V,212668,212752,84,502466
case_084,pre,1,5072,SUB,PIPE_V,212752,212836,84,502466
case_084,pre,1,5073,EXP,PIPE_V,212836,213136,300,502466
case_084,pre,1,1000022609,COPY_IN,PIPE_MTE2,212836,212837,1,502466
case_084,pre,1,1000022607,COPY_IN,PIPE_MTE2,212837,212889,52,502466
case_084,pre,1,1000022613,COPY_IN,PIPE_MTE2,212889,212941,52,502466
case_084,pre,1,1000022615,COPY_IN,PIPE_MTE2,212941,213067,126,502466
case_084,pre,1,5074,REDUCE,PIPE_V,213136,213220,84,502466
case_084,pre,1,5075,DIV,PIPE_V,213220,213520,300,502466
case_084,pre,1,5076,MATMUL,PIPE_M,213520,214108,588,502466
case_084,pre,1,5080,MATMUL,PIPE_M,214108,214696,588,502466
case_084,pre,1,1000022541,COPY_OUT,PIPE_MTE3,214108,214309,201,502466
case_084,pre,1,5082,DIV,PIPE_V,214696,214996,300,502466
case_084,pre,1,5083,REDUCE,PIPE_V,214996,215080,84,502466
case_084,pre,1,5084,SUB,PIPE_V,215080,215164,84,502466
case_084,pre,1,5085,EXP,PIPE_V,215164,215464,300,502466
case_084,pre,1,1000022619,COPY_IN,PIPE_MTE2,215164,215165,1,502466
case_084,pre,1,1000022617,COPY_IN,PIPE_MTE2,215165,215217,52,502466
case_084,pre,1,1000022623,COPY_IN,PIPE_MTE2,215217,215269,52,502466
case_084,pre,1,1000022625,COPY_IN,PIPE_MTE2,215269,215395,126,502466
case_084,pre,1,5086,REDUCE,PIPE_V,215464,215548,84,502466
case_084,pre,1,5087,DIV,PIPE_V,215548,215848,300,502466
case_084,pre,1,5088,MATMUL,PIPE_M,215848,216436,588,502466
case_084,pre,1,5092,MATMUL,PIPE_M,216436,217024,588,502466
case_084,pre,1,1000022551,COPY_OUT,PIPE_MTE3,216436,216637,201,502466
case_084,pre,1,5094,DIV,PIPE_V,217024,217324,300,502466
case_084,pre,1,5095,REDUCE,PIPE_V,217324,217408,84,502466
case_084,pre,1,5096,SUB,PIPE_V,217408,217492,84,502466
case_084,pre,1,5097,EXP,PIPE_V,217492,217792,300,502466
case_084,pre,1,1000022629,COPY_IN,PIPE_MTE2,217492,217493,1,502466
case_084,pre,1,1000022627,COPY_IN,PIPE_MTE2,217493,217545,52,502466
case_084,pre,1,1000022633,COPY_IN,PIPE_MTE2,217545,217597,52,502466
case_084,pre,1,1000022635,COPY_IN,PIPE_MTE2,217597,217723,126,502466
case_084,pre,1,5098,REDUCE,PIPE_V,217792,217876,84,502466
case_084,pre,1,5099,DIV,PIPE_V,217876,218176,300,502466
case_084,pre,1,5100,MATMUL,PIPE_M,218176,218764,588,502466
case_084,pre,1,5104,MATMUL,PIPE_M,218764,219352,588,502466
case_084,pre,1,1000022561,COPY_OUT,PIPE_MTE3,218764,218965,201,502466
case_084,pre,1,5106,DIV,PIPE_V,219352,219652,300,502466
case_084,pre,1,5107,REDUCE,PIPE_V,219652,219736,84,502466
case_084,pre,1,5108,SUB,PIPE_V,219736,219820,84,502466
case_084,pre,1,5109,EXP,PIPE_V,219820,220120,300,502466
case_084,pre,1,1000022639,COPY_IN,PIPE_MTE2,219820,219821,1,502466
case_084,pre,1,1000022637,COPY_IN,PIPE_MTE2,219821,219873,52,502466
case_084,pre,1,1000022643,COPY_IN,PIPE_MTE2,219873,219925,52,502466
case_084,pre,1,1000022645,COPY_IN,PIPE_MTE2,219925,220051,126,502466
case_084,pre,1,5110,REDUCE,PIPE_V,220120,220204,84,502466
case_084,pre,1,5111,DIV,PIPE_V,220204,220504,300,502466
case_084,pre,1,5112,MATMUL,PIPE_M,220504,221092,588,502466
case_084,pre,1,5116,MATMUL,PIPE_M,221092,221680,588,502466
case_084,pre,1,1000022571,COPY_OUT,PIPE_MTE3,221092,221293,201,502466
case_084,pre,1,5118,DIV,PIPE_V,221680,221980,300,502466
case_084,pre,1,5119,REDUCE,PIPE_V,221980,222064,84,502466
case_084,pre,1,5120,SUB,PIPE_V,222064,222148,84,502466
case_084,pre,1,5121,EXP,PIPE_V,222148,222448,300,502466
case_084,pre,1,1000022649,COPY_IN,PIPE_MTE2,222148,222149,1,502466
case_084,pre,1,1000022647,COPY_IN,PIPE_MTE2,222149,222201,52,502466
case_084,pre,1,1000022653,COPY_IN,PIPE_MTE2,222201,222253,52,502466
case_084,pre,1,1000022655,COPY_IN,PIPE_MTE2,222253,222379,126,502466
case_084,pre,1,5122,REDUCE,PIPE_V,222448,222532,84,502466
case_084,pre,1,5123,DIV,PIPE_V,222532,222832,300,502466
case_084,pre,1,5124,MATMUL,PIPE_M,222832,223420,588,502466
case_084,pre,1,5128,MATMUL,PIPE_M,223420,224008,588,502466
case_084,pre,1,1000022581,COPY_OUT,PIPE_MTE3,223420,223621,201,502466
case_084,pre,1,5130,DIV,PIPE_V,224008,224308,300,502466
case_084,pre,1,5131,REDUCE,PIPE_V,224308,224392,84,502466
case_084,pre,1,5132,SUB,PIPE_V,224392,224476,84,502466
case_084,pre,1,5133,EXP,PIPE_V,224476,224776,300,502466
case_084,pre,1,1000022659,COPY_IN,PIPE_MTE2,224476,224477,1,502466
case_084,pre,1,1000022657,COPY_IN,PIPE_MTE2,224477,224529,52,502466
case_084,pre,1,1000022663,COPY_IN,PIPE_MTE2,224529,224581,52,502466
case_084,pre,1,1000022665,COPY_IN,PIPE_MTE2,224581,224707,126,502466
case_084,pre,1,5134,REDUCE,PIPE_V,224776,224860,84,502466
case_084,pre,1,5135,DIV,PIPE_V,224860,225160,300,502466
case_084,pre,1,5136,MATMUL,PIPE_M,225160,225748,588,502466
case_084,pre,1,5140,MATMUL,PIPE_M,225748,226336,588,502466
case_084,pre,1,1000022591,COPY_OUT,PIPE_MTE3,225748,225949,201,502466
case_084,pre,1,5142,DIV,PIPE_V,226336,226636,300,502466
case_084,pre,1,5143,REDUCE,PIPE_V,226636,226720,84,502466
case_084,pre,1,5144,SUB,PIPE_V,226720,226804,84,502466
case_084,pre,1,5145,EXP,PIPE_V,226804,227104,300,502466
case_084,pre,1,1000022669,COPY_IN,PIPE_MTE2,226804,226805,1,502466
case_084,pre,1,1000022667,COPY_IN,PIPE_MTE2,226805,226857,52,502466
case_084,pre,1,1000022673,COPY_IN,PIPE_MTE2,226857,226909,52,502466
case_084,pre,1,1000022675,COPY_IN,PIPE_MTE2,226909,227035,126,502466
case_084,pre,1,5146,REDUCE,PIPE_V,227104,227188,84,502466
case_084,pre,1,5147,DIV,PIPE_V,227188,227488,300,502466
case_084,pre,1,5148,MATMUL,PIPE_M,227488,228076,588,502466
case_084,pre,1,5152,MATMUL,PIPE_M,228076,228664,588,502466
case_084,pre,1,1000022601,COPY_OUT,PIPE_MTE3,228076,228277,201,502466
case_084,pre,1,5154,DIV,PIPE_V,228664,228964,300,502466
case_084,pre,1,5155,REDUCE,PIPE_V,228964,229048,84,502466
case_084,pre,1,5156,SUB,PIPE_V,229048,229132,84,502466
case_084,pre,1,5157,EXP,PIPE_V,229132,229432,300,502466
case_084,pre,1,1000022679,COPY_IN,PIPE_MTE2,229132,229133,1,502466
case_084,pre,1,1000022677,COPY_IN,PIPE_MTE2,229133,229185,52,502466
case_084,pre,1,1000022683,COPY_IN,PIPE_MTE2,229185,229237,52,502466
case_084,pre,1,1000022685,COPY_IN,PIPE_MTE2,229237,229363,126,502466
case_084,pre,1,5158,REDUCE,PIPE_V,229432,229516,84,502466
case_084,pre,1,5159,DIV,PIPE_V,229516,229816,300,502466
case_084,pre,1,5160,MATMUL,PIPE_M,229816,230404,588,502466
case_084,pre,1,5164,MATMUL,PIPE_M,230404,230992,588,502466
case_084,pre,1,1000022611,COPY_OUT,PIPE_MTE3,230404,230605,201,502466
case_084,pre,1,5166,DIV,PIPE_V,230992,231292,300,502466
case_084,pre,1,5167,REDUCE,PIPE_V,231292,231376,84,502466
case_084,pre,1,5168,SUB,PIPE_V,231376,231460,84,502466
case_084,pre,1,5169,EXP,PIPE_V,231460,231760,300,502466
case_084,pre,1,1000022689,COPY_IN,PIPE_MTE2,231460,231461,1,502466
case_084,pre,1,1000022687,COPY_IN,PIPE_MTE2,231461,231513,52,502466
case_084,pre,1,1000022693,COPY_IN,PIPE_MTE2,231513,231565,52,502466
case_084,pre,1,1000022695,COPY_IN,PIPE_MTE2,231565,231691,126,502466
case_084,pre,1,5170,REDUCE,PIPE_V,231760,231844,84,502466
case_084,pre,1,5171,DIV,PIPE_V,231844,232144,300,502466
case_084,pre,1,5172,MATMUL,PIPE_M,232144,232732,588,502466
case_084,pre,1,5176,MATMUL,PIPE_M,232732,233320,588,502466
case_084,pre,1,1000022621,COPY_OUT,PIPE_MTE3,232732,232933,201,502466
case_084,pre,1,5178,DIV,PIPE_V,233320,233620,300,502466
case_084,pre,1,5179,REDUCE,PIPE_V,233620,233704,84,502466
case_084,pre,1,5180,SUB,PIPE_V,233704,233788,84,502466
case_084,pre,1,5181,EXP,PIPE_V,233788,234088,300,502466
case_084,pre,1,1000022699,COPY_IN,PIPE_MTE2,233788,233789,1,502466
case_084,pre,1,1000022697,COPY_IN,PIPE_MTE2,233789,233841,52,502466
case_084,pre,1,1000022703,COPY_IN,PIPE_MTE2,233841,233893,52,502466
case_084,pre,1,1000022705,COPY_IN,PIPE_MTE2,233893,234019,126,502466
case_084,pre,1,5182,REDUCE,PIPE_V,234088,234172,84,502466
case_084,pre,1,5183,DIV,PIPE_V,234172,234472,300,502466
case_084,pre,1,5184,MATMUL,PIPE_M,234472,235060,588,502466
case_084,pre,1,5188,MATMUL,PIPE_M,235060,235648,588,502466
case_084,pre,1,1000022631,COPY_OUT,PIPE_MTE3,235060,235261,201,502466
case_084,pre,1,5190,DIV,PIPE_V,235648,235948,300,502466
case_084,pre,1,5191,REDUCE,PIPE_V,235948,236032,84,502466
case_084,pre,1,5192,SUB,PIPE_V,236032,236116,84,502466
case_084,pre,1,5193,EXP,PIPE_V,236116,236416,300,502466
case_084,pre,1,1000022709,COPY_IN,PIPE_MTE2,236116,236117,1,502466
case_084,pre,1,1000022707,COPY_IN,PIPE_MTE2,236117,236169,52,502466
case_084,pre,1,1000022713,COPY_IN,PIPE_MTE2,236169,236221,52,502466
case_084,pre,1,1000022715,COPY_IN,PIPE_MTE2,236221,236347,126,502466
case_084,pre,1,5194,REDUCE,PIPE_V,236416,236500,84,502466
case_084,pre,1,5195,DIV,PIPE_V,236500,236800,300,502466
case_084,pre,1,5196,MATMUL,PIPE_M,236800,237388,588,502466
case_084,pre,1,5200,MATMUL,PIPE_M,237388,237976,588,502466
case_084,pre,1,1000022641,COPY_OUT,PIPE_MTE3,237388,237589,201,502466
case_084,pre,1,5202,DIV,PIPE_V,237976,238276,300,502466
case_084,pre,1,5203,REDUCE,PIPE_V,238276,238360,84,502466
case_084,pre,1,5204,SUB,PIPE_V,238360,238444,84,502466
case_084,pre,1,5205,EXP,PIPE_V,238444,238744,300,502466
case_084,pre,1,1000022719,COPY_IN,PIPE_MTE2,238444,238445,1,502466
case_084,pre,1,1000022717,COPY_IN,PIPE_MTE2,238445,238497,52,502466
case_084,pre,1,1000022723,COPY_IN,PIPE_MTE2,238497,238549,52,502466
case_084,pre,1,1000022725,COPY_IN,PIPE_MTE2,238549,238675,126,502466
case_084,pre,1,5206,REDUCE,PIPE_V,238744,238828,84,502466
case_084,pre,1,5207,DIV,PIPE_V,238828,239128,300,502466
case_084,pre,1,5208,MATMUL,PIPE_M,239128,239716,588,502466
case_084,pre,1,5212,MATMUL,PIPE_M,239716,240304,588,502466
case_084,pre,1,1000022651,COPY_OUT,PIPE_MTE3,239716,239917,201,502466
case_084,pre,1,5214,DIV,PIPE_V,240304,240604,300,502466
case_084,pre,1,5215,REDUCE,PIPE_V,240604,240688,84,502466
case_084,pre,1,5216,SUB,PIPE_V,240688,240772,84,502466
case_084,pre,1,5217,EXP,PIPE_V,240772,241072,300,502466
case_084,pre,1,1000022729,COPY_IN,PIPE_MTE2,240772,240773,1,502466
case_084,pre,1,1000022727,COPY_IN,PIPE_MTE2,240773,240825,52,502466
case_084,pre,1,1000022733,COPY_IN,PIPE_MTE2,240825,240877,52,502466
case_084,pre,1,1000022735,COPY_IN,PIPE_MTE2,240877,241003,126,502466
case_084,pre,1,5218,REDUCE,PIPE_V,241072,241156,84,502466
case_084,pre,1,5219,DIV,PIPE_V,241156,241456,300,502466
case_084,pre,1,5220,MATMUL,PIPE_M,241456,242044,588,502466
case_084,pre,1,5224,MATMUL,PIPE_M,242044,242632,588,502466
case_084,pre,1,1000022661,COPY_OUT,PIPE_MTE3,242044,242245,201,502466
case_084,pre,1,5226,DIV,PIPE_V,242632,242932,300,502466
case_084,pre,1,5227,REDUCE,PIPE_V,242932,243016,84,502466
case_084,pre,1,5228,SUB,PIPE_V,243016,243100,84,502466
case_084,pre,1,5229,EXP,PIPE_V,243100,243400,300,502466
case_084,pre,1,1000022739,COPY_IN,PIPE_MTE2,243100,243101,1,502466
case_084,pre,1,1000022737,COPY_IN,PIPE_MTE2,243101,243153,52,502466
case_084,pre,1,1000022743,COPY_IN,PIPE_MTE2,243153,243205,52,502466
case_084,pre,1,1000022745,COPY_IN,PIPE_MTE2,243205,243331,126,502466
case_084,pre,1,5230,REDUCE,PIPE_V,243400,243484,84,502466
case_084,pre,1,5231,DIV,PIPE_V,243484,243784,300,502466
case_084,pre,1,5232,MATMUL,PIPE_M,243784,244372,588,502466
case_084,pre,1,5236,MATMUL,PIPE_M,244372,244960,588,502466
case_084,pre,1,1000022671,COPY_OUT,PIPE_MTE3,244372,244573,201,502466
case_084,pre,1,5238,DIV,PIPE_V,244960,245260,300,502466
case_084,pre,1,5239,REDUCE,PIPE_V,245260,245344,84,502466
case_084,pre,1,5240,SUB,PIPE_V,245344,245428,84,502466
case_084,pre,1,5241,EXP,PIPE_V,245428,245728,300,502466
case_084,pre,1,1000022749,COPY_IN,PIPE_MTE2,245428,245429,1,502466
case_084,pre,1,1000022747,COPY_IN,PIPE_MTE2,245429,245481,52,502466
case_084,pre,1,1000022753,COPY_IN,PIPE_MTE2,245481,245533,52,502466
case_084,pre,1,1000022755,COPY_IN,PIPE_MTE2,245533,245659,126,502466
case_084,pre,1,5242,REDUCE,PIPE_V,245728,245812,84,502466
case_084,pre,1,5243,DIV,PIPE_V,245812,246112,300,502466
case_084,pre,1,5244,MATMUL,PIPE_M,246112,246700,588,502466
case_084,pre,1,5248,MATMUL,PIPE_M,246700,247288,588,502466
case_084,pre,1,1000022681,COPY_OUT,PIPE_MTE3,246700,246901,201,502466
case_084,pre,1,5250,DIV,PIPE_V,247288,247588,300,502466
case_084,pre,1,5251,REDUCE,PIPE_V,247588,247672,84,502466
case_084,pre,1,5252,SUB,PIPE_V,247672,247756,84,502466
case_084,pre,1,5253,EXP,PIPE_V,247756,248056,300,502466
case_084,pre,1,1000022759,COPY_IN,PIPE_MTE2,247756,247757,1,502466
case_084,pre,1,1000022757,COPY_IN,PIPE_MTE2,247757,247809,52,502466
case_084,pre,1,1000022763,COPY_IN,PIPE_MTE2,247809,247861,52,502466
case_084,pre,1,1000022765,COPY_IN,PIPE_MTE2,247861,247987,126,502466
case_084,pre,1,5254,REDUCE,PIPE_V,248056,248140,84,502466
case_084,pre,1,5255,DIV,PIPE_V,248140,248440,300,502466
case_084,pre,1,5256,MATMUL,PIPE_M,248440,249028,588,502466
case_084,pre,1,5260,MATMUL,PIPE_M,249028,249616,588,502466
case_084,pre,1,1000022691,COPY_OUT,PIPE_MTE3,249028,249229,201,502466
case_084,pre,1,5262,DIV,PIPE_V,249616,249916,300,502466
case_084,pre,1,5263,REDUCE,PIPE_V,249916,250000,84,502466
case_084,pre,1,5264,SUB,PIPE_V,250000,250084,84,502466
case_084,pre,1,5265,EXP,PIPE_V,250084,250384,300,502466
case_084,pre,1,1000022769,COPY_IN,PIPE_MTE2,250084,250085,1,502466
case_084,pre,1,1000022767,COPY_IN,PIPE_MTE2,250085,250137,52,502466
case_084,pre,1,1000022773,COPY_IN,PIPE_MTE2,250137,250189,52,502466
case_084,pre,1,1000022775,COPY_IN,PIPE_MTE2,250189,250315,126,502466
case_084,pre,1,5266,REDUCE,PIPE_V,250384,250468,84,502466
case_084,pre,1,5267,DIV,PIPE_V,250468,250768,300,502466
case_084,pre,1,5268,MATMUL,PIPE_M,250768,251356,588,502466
case_084,pre,1,5272,MATMUL,PIPE_M,251356,251944,588,502466
case_084,pre,1,1000022701,COPY_OUT,PIPE_MTE3,251356,251557,201,502466
case_084,pre,1,5274,DIV,PIPE_V,251944,252244,300,502466
case_084,pre,1,5275,REDUCE,PIPE_V,252244,252328,84,502466
case_084,pre,1,5276,SUB,PIPE_V,252328,252412,84,502466
case_084,pre,1,5277,EXP,PIPE_V,252412,252712,300,502466
case_084,pre,1,1000022779,COPY_IN,PIPE_MTE2,252412,252413,1,502466
case_084,pre,1,1000022777,COPY_IN,PIPE_MTE2,252413,252465,52,502466
case_084,pre,1,1000022783,COPY_IN,PIPE_MTE2,252465,252517,52,502466
case_084,pre,1,1000022785,COPY_IN,PIPE_MTE2,252517,252643,126,502466
case_084,pre,1,5278,REDUCE,PIPE_V,252712,252796,84,502466
case_084,pre,1,5279,DIV,PIPE_V,252796,253096,300,502466
case_084,pre,1,5280,MATMUL,PIPE_M,253096,253684,588,502466
case_084,pre,1,5284,MATMUL,PIPE_M,253684,254272,588,502466
case_084,pre,1,1000022711,COPY_OUT,PIPE_MTE3,253684,253885,201,502466
case_084,pre,1,5286,DIV,PIPE_V,254272,254572,300,502466
case_084,pre,1,5287,REDUCE,PIPE_V,254572,254656,84,502466
case_084,pre,1,5288,SUB,PIPE_V,254656,254740,84,502466
case_084,pre,1,5289,EXP,PIPE_V,254740,255040,300,502466
case_084,pre,1,1000022789,COPY_IN,PIPE_MTE2,254740,254741,1,502466
case_084,pre,1,1000022787,COPY_IN,PIPE_MTE2,254741,254793,52,502466
case_084,pre,1,1000022793,COPY_IN,PIPE_MTE2,254793,254845,52,502466
case_084,pre,1,1000022795,COPY_IN,PIPE_MTE2,254845,254971,126,502466
case_084,pre,1,5290,REDUCE,PIPE_V,255040,255124,84,502466
case_084,pre,1,5291,DIV,PIPE_V,255124,255424,300,502466
case_084,pre,1,5292,MATMUL,PIPE_M,255424,256012,588,502466
case_084,pre,1,5296,MATMUL,PIPE_M,256012,256600,588,502466
case_084,pre,1,1000022721,COPY_OUT,PIPE_MTE3,256012,256213,201,502466
case_084,pre,1,5298,DIV,PIPE_V,256600,256900,300,502466
case_084,pre,1,5299,REDUCE,PIPE_V,256900,256984,84,502466
case_084,pre,1,5300,SUB,PIPE_V,256984,257068,84,502466
case_084,pre,1,5301,EXP,PIPE_V,257068,257368,300,502466
case_084,pre,1,1000022799,COPY_IN,PIPE_MTE2,257068,257069,1,502466
case_084,pre,1,1000022797,COPY_IN,PIPE_MTE2,257069,257121,52,502466
case_084,pre,1,1000022803,COPY_IN,PIPE_MTE2,257121,257173,52,502466
case_084,pre,1,1000022805,COPY_IN,PIPE_MTE2,257173,257299,126,502466
case_084,pre,1,5302,REDUCE,PIPE_V,257368,257452,84,502466
case_084,pre,1,5303,DIV,PIPE_V,257452,257752,300,502466
case_084,pre,1,5304,MATMUL,PIPE_M,257752,258340,588,502466
case_084,pre,1,5308,MATMUL,PIPE_M,258340,258928,588,502466
case_084,pre,1,1000022731,COPY_OUT,PIPE_MTE3,258340,258541,201,502466
case_084,pre,1,5310,DIV,PIPE_V,258928,259228,300,502466
case_084,pre,1,5311,REDUCE,PIPE_V,259228,259312,84,502466
case_084,pre,1,5312,SUB,PIPE_V,259312,259396,84,502466
case_084,pre,1,5313,EXP,PIPE_V,259396,259696,300,502466
case_084,pre,1,1000022809,COPY_IN,PIPE_MTE2,259396,259397,1,502466
case_084,pre,1,1000022807,COPY_IN,PIPE_MTE2,259397,259449,52,502466
case_084,pre,1,1000022813,COPY_IN,PIPE_MTE2,259449,259501,52,502466
case_084,pre,1,1000022815,COPY_IN,PIPE_MTE2,259501,259627,126,502466
case_084,pre,1,5314,REDUCE,PIPE_V,259696,259780,84,502466
case_084,pre,1,5315,DIV,PIPE_V,259780,260080,300,502466
case_084,pre,1,5316,MATMUL,PIPE_M,260080,260668,588,502466
case_084,pre,1,5320,MATMUL,PIPE_M,260668,261256,588,502466
case_084,pre,1,1000022741,COPY_OUT,PIPE_MTE3,260668,260869,201,502466
case_084,pre,1,5322,DIV,PIPE_V,261256,261556,300,502466
case_084,pre,1,5323,REDUCE,PIPE_V,261556,261640,84,502466
case_084,pre,1,5324,SUB,PIPE_V,261640,261724,84,502466
case_084,pre,1,5325,EXP,PIPE_V,261724,262024,300,502466
case_084,pre,1,1000022819,COPY_IN,PIPE_MTE2,261724,261725,1,502466
case_084,pre,1,1000022817,COPY_IN,PIPE_MTE2,261725,261777,52,502466
case_084,pre,1,1000022823,COPY_IN,PIPE_MTE2,261777,261829,52,502466
case_084,pre,1,1000022825,COPY_IN,PIPE_MTE2,261829,261955,126,502466
case_084,pre,1,5326,REDUCE,PIPE_V,262024,262108,84,502466
case_084,pre,1,5327,DIV,PIPE_V,262108,262408,300,502466
case_084,pre,1,5328,MATMUL,PIPE_M,262408,262996,588,502466
case_084,pre,1,5332,MATMUL,PIPE_M,262996,263584,588,502466
case_084,pre,1,1000022751,COPY_OUT,PIPE_MTE3,262996,263197,201,502466
case_084,pre,1,5334,DIV,PIPE_V,263584,263884,300,502466
case_084,pre,1,5335,REDUCE,PIPE_V,263884,263968,84,502466
case_084,pre,1,5336,SUB,PIPE_V,263968,264052,84,502466
case_084,pre,1,5337,EXP,PIPE_V,264052,264352,300,502466
case_084,pre,1,1000022829,COPY_IN,PIPE_MTE2,264052,264053,1,502466
case_084,pre,1,1000022827,COPY_IN,PIPE_MTE2,264053,264105,52,502466
case_084,pre,1,1000022833,COPY_IN,PIPE_MTE2,264105,264157,52,502466
case_084,pre,1,1000022835,COPY_IN,PIPE_MTE2,264157,264283,126,502466
case_084,pre,1,5338,REDUCE,PIPE_V,264352,264436,84,502466
case_084,pre,1,5339,DIV,PIPE_V,264436,264736,300,502466
case_084,pre,1,5340,MATMUL,PIPE_M,264736,265324,588,502466
case_084,pre,1,5344,MATMUL,PIPE_M,265324,265912,588,502466
case_084,pre,1,1000022761,COPY_OUT,PIPE_MTE3,265324,265525,201,502466
case_084,pre,1,5346,DIV,PIPE_V,265912,266212,300,502466
case_084,pre,1,5347,REDUCE,PIPE_V,266212,266296,84,502466
case_084,pre,1,5348,SUB,PIPE_V,266296,266380,84,502466
case_084,pre,1,5349,EXP,PIPE_V,266380,266680,300,502466
case_084,pre,1,1000022839,COPY_IN,PIPE_MTE2,266380,266381,1,502466
case_084,pre,1,1000022837,COPY_IN,PIPE_MTE2,266381,266433,52,502466
case_084,pre,1,1000022843,COPY_IN,PIPE_MTE2,266433,266485,52,502466
case_084,pre,1,1000022845,COPY_IN,PIPE_MTE2,266485,266611,126,502466
case_084,pre,1,5350,REDUCE,PIPE_V,266680,266764,84,502466
case_084,pre,1,5351,DIV,PIPE_V,266764,267064,300,502466
case_084,pre,1,5352,MATMUL,PIPE_M,267064,267652,588,502466
case_084,pre,1,5356,MATMUL,PIPE_M,267652,268240,588,502466
case_084,pre,1,1000022771,COPY_OUT,PIPE_MTE3,267652,267853,201,502466
case_084,pre,1,5358,DIV,PIPE_V,268240,268540,300,502466
case_084,pre,1,5359,REDUCE,PIPE_V,268540,268624,84,502466
case_084,pre,1,5360,SUB,PIPE_V,268624,268708,84,502466
case_084,pre,1,5361,EXP,PIPE_V,268708,269008,300,502466
case_084,pre,1,1000022849,COPY_IN,PIPE_MTE2,268708,268709,1,502466
case_084,pre,1,1000022847,COPY_IN,PIPE_MTE2,268709,268761,52,502466
case_084,pre,1,1000022853,COPY_IN,PIPE_MTE2,268761,268813,52,502466
case_084,pre,1,1000022855,COPY_IN,PIPE_MTE2,268813,268939,126,502466
case_084,pre,1,5362,REDUCE,PIPE_V,269008,269092,84,502466
case_084,pre,1,5363,DIV,PIPE_V,269092,269392,300,502466
case_084,pre,1,5364,MATMUL,PIPE_M,269392,269980,588,502466
case_084,pre,1,5368,MATMUL,PIPE_M,269980,270568,588,502466
case_084,pre,1,1000022781,COPY_OUT,PIPE_MTE3,269980,270181,201,502466
case_084,pre,1,5370,DIV,PIPE_V,270568,270868,300,502466
case_084,pre,1,5371,REDUCE,PIPE_V,270868,270952,84,502466
case_084,pre,1,5372,SUB,PIPE_V,270952,271036,84,502466
case_084,pre,1,5373,EXP,PIPE_V,271036,271336,300,502466
case_084,pre,1,1000022859,COPY_IN,PIPE_MTE2,271036,271037,1,502466
case_084,pre,1,1000022857,COPY_IN,PIPE_MTE2,271037,271089,52,502466
case_084,pre,1,1000022863,COPY_IN,PIPE_MTE2,271089,271141,52,502466
case_084,pre,1,1000022865,COPY_IN,PIPE_MTE2,271141,271267,126,502466
case_084,pre,1,5374,REDUCE,PIPE_V,271336,271420,84,502466
case_084,pre,1,5375,DIV,PIPE_V,271420,271720,300,502466
case_084,pre,1,5376,MATMUL,PIPE_M,271720,272308,588,502466
case_084,pre,1,5380,MATMUL,PIPE_M,272308,272896,588,502466
case_084,pre,1,1000022791,COPY_OUT,PIPE_MTE3,272308,272509,201,502466
case_084,pre,1,5382,DIV,PIPE_V,272896,273196,300,502466
case_084,pre,1,5383,REDUCE,PIPE_V,273196,273280,84,502466
case_084,pre,1,5384,SUB,PIPE_V,273280,273364,84,502466
case_084,pre,1,5385,EXP,PIPE_V,273364,273664,300,502466
case_084,pre,1,1000022869,COPY_IN,PIPE_MTE2,273364,273365,1,502466
case_084,pre,1,1000022867,COPY_IN,PIPE_MTE2,273365,273417,52,502466
case_084,pre,1,1000022873,COPY_IN,PIPE_MTE2,273417,273469,52,502466
case_084,pre,1,1000022875,COPY_IN,PIPE_MTE2,273469,273595,126,502466
case_084,pre,1,5386,REDUCE,PIPE_V,273664,273748,84,502466
case_084,pre,1,5387,DIV,PIPE_V,273748,274048,300,502466
case_084,pre,1,5388,MATMUL,PIPE_M,274048,274636,588,502466
case_084,pre,1,5392,MATMUL,PIPE_M,274636,275224,588,502466
case_084,pre,1,1000022801,COPY_OUT,PIPE_MTE3,274636,274837,201,502466
case_084,pre,1,5394,DIV,PIPE_V,275224,275524,300,502466
case_084,pre,1,5395,REDUCE,PIPE_V,275524,275608,84,502466
case_084,pre,1,5396,SUB,PIPE_V,275608,275692,84,502466
case_084,pre,1,5397,EXP,PIPE_V,275692,275992,300,502466
case_084,pre,1,1000022879,COPY_IN,PIPE_MTE2,275692,275693,1,502466
case_084,pre,1,1000022877,COPY_IN,PIPE_MTE2,275693,275745,52,502466
case_084,pre,1,1000022883,COPY_IN,PIPE_MTE2,275745,275797,52,502466
case_084,pre,1,1000022885,COPY_IN,PIPE_MTE2,275797,275923,126,502466
case_084,pre,1,5398,REDUCE,PIPE_V,275992,276076,84,502466
case_084,pre,1,5399,DIV,PIPE_V,276076,276376,300,502466
case_084,pre,1,5400,MATMUL,PIPE_M,276376,276964,588,502466
case_084,pre,1,5404,MATMUL,PIPE_M,276964,277552,588,502466
case_084,pre,1,1000022811,COPY_OUT,PIPE_MTE3,276964,277165,201,502466
case_084,pre,1,5406,DIV,PIPE_V,277552,277852,300,502466
case_084,pre,1,5407,REDUCE,PIPE_V,277852,277936,84,502466
case_084,pre,1,5408,SUB,PIPE_V,277936,278020,84,502466
case_084,pre,1,5409,EXP,PIPE_V,278020,278320,300,502466
case_084,pre,1,1000022889,COPY_IN,PIPE_MTE2,278020,278021,1,502466
case_084,pre,1,1000022887,COPY_IN,PIPE_MTE2,278021,278073,52,502466
case_084,pre,1,1000022893,COPY_IN,PIPE_MTE2,278073,278125,52,502466
case_084,pre,1,1000022895,COPY_IN,PIPE_MTE2,278125,278251,126,502466
case_084,pre,1,5410,REDUCE,PIPE_V,278320,278404,84,502466
case_084,pre,1,5411,DIV,PIPE_V,278404,278704,300,502466
case_084,pre,1,5412,MATMUL,PIPE_M,278704,279292,588,502466
case_084,pre,1,5416,MATMUL,PIPE_M,279292,279880,588,502466
case_084,pre,1,1000022821,COPY_OUT,PIPE_MTE3,279292,279493,201,502466
case_084,pre,1,5418,DIV,PIPE_V,279880,280180,300,502466
case_084,pre,1,5419,REDUCE,PIPE_V,280180,280264,84,502466
case_084,pre,1,5420,SUB,PIPE_V,280264,280348,84,502466
case_084,pre,1,5421,EXP,PIPE_V,280348,280648,300,502466
case_084,pre,1,1000022899,COPY_IN,PIPE_MTE2,280348,280349,1,502466
case_084,pre,1,1000022897,COPY_IN,PIPE_MTE2,280349,280401,52,502466
case_084,pre,1,1000022903,COPY_IN,PIPE_MTE2,280401,280453,52,502466
case_084,pre,1,1000022905,COPY_IN,PIPE_MTE2,280453,280579,126,502466
case_084,pre,1,5422,REDUCE,PIPE_V,280648,280732,84,502466
case_084,pre,1,5423,DIV,PIPE_V,280732,281032,300,502466
case_084,pre,1,5424,MATMUL,PIPE_M,281032,281620,588,502466
case_084,pre,1,5428,MATMUL,PIPE_M,281620,282208,588,502466
case_084,pre,1,1000022831,COPY_OUT,PIPE_MTE3,281620,281821,201,502466
case_084,pre,1,5430,DIV,PIPE_V,282208,282508,300,502466
case_084,pre,1,5431,REDUCE,PIPE_V,282508,282592,84,502466
case_084,pre,1,5432,SUB,PIPE_V,282592,282676,84,502466
case_084,pre,1,5433,EXP,PIPE_V,282676,282976,300,502466
case_084,pre,1,1000022909,COPY_IN,PIPE_MTE2,282676,282677,1,502466
case_084,pre,1,1000022907,COPY_IN,PIPE_MTE2,282677,282729,52,502466
case_084,pre,1,1000022913,COPY_IN,PIPE_MTE2,282729,282781,52,502466
case_084,pre,1,1000022915,COPY_IN,PIPE_MTE2,282781,282907,126,502466
case_084,pre,1,5434,REDUCE,PIPE_V,282976,283060,84,502466
case_084,pre,1,5435,DIV,PIPE_V,283060,283360,300,502466
case_084,pre,1,5436,MATMUL,PIPE_M,283360,283948,588,502466
case_084,pre,1,5440,MATMUL,PIPE_M,283948,284536,588,502466
case_084,pre,1,1000022841,COPY_OUT,PIPE_MTE3,283948,284149,201,502466
case_084,pre,1,5442,DIV,PIPE_V,284536,284836,300,502466
case_084,pre,1,5443,REDUCE,PIPE_V,284836,284920,84,502466
case_084,pre,1,5444,SUB,PIPE_V,284920,285004,84,502466
case_084,pre,1,5445,EXP,PIPE_V,285004,285304,300,502466
case_084,pre,1,1000022919,COPY_IN,PIPE_MTE2,285004,285005,1,502466
case_084,pre,1,1000022917,COPY_IN,PIPE_MTE2,285005,285057,52,502466
case_084,pre,1,1000022923,COPY_IN,PIPE_MTE2,285057,285109,52,502466
case_084,pre,1,1000022925,COPY_IN,PIPE_MTE2,285109,285235,126,502466
case_084,pre,1,5446,REDUCE,PIPE_V,285304,285388,84,502466
case_084,pre,1,5447,DIV,PIPE_V,285388,285688,300,502466
case_084,pre,1,5448,MATMUL,PIPE_M,285688,286276,588,502466
case_084,pre,1,5452,MATMUL,PIPE_M,286276,286864,588,502466
case_084,pre,1,1000022851,COPY_OUT,PIPE_MTE3,286276,286477,201,502466
case_084,pre,1,5454,DIV,PIPE_V,286864,287164,300,502466
case_084,pre,1,5455,REDUCE,PIPE_V,287164,287248,84,502466
case_084,pre,1,5456,SUB,PIPE_V,287248,287332,84,502466
case_084,pre,1,5457,EXP,PIPE_V,287332,287632,300,502466
case_084,pre,1,1000022929,COPY_IN,PIPE_MTE2,287332,287333,1,502466
case_084,pre,1,1000022927,COPY_IN,PIPE_MTE2,287333,287385,52,502466
case_084,pre,1,1000022933,COPY_IN,PIPE_MTE2,287385,287437,52,502466
case_084,pre,1,1000022935,COPY_IN,PIPE_MTE2,287437,287563,126,502466
case_084,pre,1,5458,REDUCE,PIPE_V,287632,287716,84,502466
case_084,pre,1,5459,DIV,PIPE_V,287716,288016,300,502466
case_084,pre,1,5460,MATMUL,PIPE_M,288016,288604,588,502466
case_084,pre,1,5464,MATMUL,PIPE_M,288604,289192,588,502466
case_084,pre,1,1000022861,COPY_OUT,PIPE_MTE3,288604,288805,201,502466
case_084,pre,1,5466,DIV,PIPE_V,289192,289492,300,502466
case_084,pre,1,5467,REDUCE,PIPE_V,289492,289576,84,502466
case_084,pre,1,5468,SUB,PIPE_V,289576,289660,84,502466
case_084,pre,1,5469,EXP,PIPE_V,289660,289960,300,502466
case_084,pre,1,1000022939,COPY_IN,PIPE_MTE2,289660,289661,1,502466
case_084,pre,1,1000022937,COPY_IN,PIPE_MTE2,289661,289713,52,502466
case_084,pre,1,1000022943,COPY_IN,PIPE_MTE2,289713,289765,52,502466
case_084,pre,1,1000022945,COPY_IN,PIPE_MTE2,289765,289891,126,502466
case_084,pre,1,5470,REDUCE,PIPE_V,289960,290044,84,502466
case_084,pre,1,5471,DIV,PIPE_V,290044,290344,300,502466
case_084,pre,1,5472,MATMUL,PIPE_M,290344,290932,588,502466
case_084,pre,1,5476,MATMUL,PIPE_M,290932,291520,588,502466
case_084,pre,1,1000022871,COPY_OUT,PIPE_MTE3,290932,291133,201,502466
case_084,pre,1,5478,DIV,PIPE_V,291520,291820,300,502466
case_084,pre,1,5479,REDUCE,PIPE_V,291820,291904,84,502466
case_084,pre,1,5480,SUB,PIPE_V,291904,291988,84,502466
case_084,pre,1,5481,EXP,PIPE_V,291988,292288,300,502466
case_084,pre,1,1000022949,COPY_IN,PIPE_MTE2,291988,291989,1,502466
case_084,pre,1,1000022947,COPY_IN,PIPE_MTE2,291989,292041,52,502466
case_084,pre,1,1000022953,COPY_IN,PIPE_MTE2,292041,292093,52,502466
case_084,pre,1,1000022955,COPY_IN,PIPE_MTE2,292093,292219,126,502466
case_084,pre,1,5482,REDUCE,PIPE_V,292288,292372,84,502466
case_084,pre,1,5483,DIV,PIPE_V,292372,292672,300,502466
case_084,pre,1,5484,MATMUL,PIPE_M,292672,293260,588,502466
case_084,pre,1,5488,MATMUL,PIPE_M,293260,293848,588,502466
case_084,pre,1,1000022881,COPY_OUT,PIPE_MTE3,293260,293461,201,502466
case_084,pre,1,5490,DIV,PIPE_V,293848,294148,300,502466
case_084,pre,1,5491,REDUCE,PIPE_V,294148,294232,84,502466
case_084,pre,1,5492,SUB,PIPE_V,294232,294316,84,502466
case_084,pre,1,5493,EXP,PIPE_V,294316,294616,300,502466
case_084,pre,1,1000022959,COPY_IN,PIPE_MTE2,294316,294317,1,502466
case_084,pre,1,1000022957,COPY_IN,PIPE_MTE2,294317,294369,52,502466
case_084,pre,1,1000022963,COPY_IN,PIPE_MTE2,294369,294421,52,502466
case_084,pre,1,1000022965,COPY_IN,PIPE_MTE2,294421,294547,126,502466
case_084,pre,1,5494,REDUCE,PIPE_V,294616,294700,84,502466
case_084,pre,1,5495,DIV,PIPE_V,294700,295000,300,502466
case_084,pre,1,5496,MATMUL,PIPE_M,295000,295588,588,502466
case_084,pre,1,5500,MATMUL,PIPE_M,295588,296176,588,502466
case_084,pre,1,1000022891,COPY_OUT,PIPE_MTE3,295588,295789,201,502466
case_084,pre,1,5502,DIV,PIPE_V,296176,296476,300,502466
case_084,pre,1,5503,REDUCE,PIPE_V,296476,296560,84,502466
case_084,pre,1,5504,SUB,PIPE_V,296560,296644,84,502466
case_084,pre,1,5505,EXP,PIPE_V,296644,296944,300,502466
case_084,pre,1,1000022969,COPY_IN,PIPE_MTE2,296644,296645,1,502466
case_084,pre,1,1000022967,COPY_IN,PIPE_MTE2,296645,296697,52,502466
case_084,pre,1,1000022973,COPY_IN,PIPE_MTE2,296697,296749,52,502466
case_084,pre,1,1000022975,COPY_IN,PIPE_MTE2,296749,296875,126,502466
case_084,pre,1,5506,REDUCE,PIPE_V,296944,297028,84,502466
case_084,pre,1,5507,DIV,PIPE_V,297028,297328,300,502466
case_084,pre,1,5508,MATMUL,PIPE_M,297328,297916,588,502466
case_084,pre,1,5512,MATMUL,PIPE_M,297916,298504,588,502466
case_084,pre,1,1000022901,COPY_OUT,PIPE_MTE3,297916,298117,201,502466
case_084,pre,1,5514,DIV,PIPE_V,298504,298804,300,502466
case_084,pre,1,5515,REDUCE,PIPE_V,298804,298888,84,502466
case_084,pre,1,5516,SUB,PIPE_V,298888,298972,84,502466
case_084,pre,1,5517,EXP,PIPE_V,298972,299272,300,502466
case_084,pre,1,1000022979,COPY_IN,PIPE_MTE2,298972,298973,1,502466
case_084,pre,1,1000022977,COPY_IN,PIPE_MTE2,298973,299025,52,502466
case_084,pre,1,1000022983,COPY_IN,PIPE_MTE2,299025,299077,52,502466
case_084,pre,1,1000022985,COPY_IN,PIPE_MTE2,299077,299203,126,502466
case_084,pre,1,5518,REDUCE,PIPE_V,299272,299356,84,502466
case_084,pre,1,5519,DIV,PIPE_V,299356,299656,300,502466
case_084,pre,1,5520,MATMUL,PIPE_M,299656,300244,588,502466
case_084,pre,1,5524,MATMUL,PIPE_M,300244,300832,588,502466
case_084,pre,1,1000022911,COPY_OUT,PIPE_MTE3,300244,300445,201,502466
case_084,pre,1,5526,DIV,PIPE_V,300832,301132,300,502466
case_084,pre,1,5527,REDUCE,PIPE_V,301132,301216,84,502466
case_084,pre,1,5528,SUB,PIPE_V,301216,301300,84,502466
case_084,pre,1,5529,EXP,PIPE_V,301300,301600,300,502466
case_084,pre,1,1000022989,COPY_IN,PIPE_MTE2,301300,301301,1,502466
case_084,pre,1,1000022987,COPY_IN,PIPE_MTE2,301301,301353,52,502466
case_084,pre,1,1000022993,COPY_IN,PIPE_MTE2,301353,301405,52,502466
case_084,pre,1,1000022995,COPY_IN,PIPE_MTE2,301405,301531,126,502466
case_084,pre,1,5530,REDUCE,PIPE_V,301600,301684,84,502466
case_084,pre,1,5531,DIV,PIPE_V,301684,301984,300,502466
case_084,pre,1,5532,MATMUL,PIPE_M,301984,302572,588,502466
case_084,pre,1,5536,MATMUL,PIPE_M,302572,303160,588,502466
case_084,pre,1,1000022921,COPY_OUT,PIPE_MTE3,302572,302773,201,502466
case_084,pre,1,5538,DIV,PIPE_V,303160,303460,300,502466
case_084,pre,1,5539,REDUCE,PIPE_V,303460,303544,84,502466
case_084,pre,1,5540,SUB,PIPE_V,303544,303628,84,502466
case_084,pre,1,5541,EXP,PIPE_V,303628,303928,300,502466
case_084,pre,1,1000022999,COPY_IN,PIPE_MTE2,303628,303629,1,502466
case_084,pre,1,1000022997,COPY_IN,PIPE_MTE2,303629,303681,52,502466
case_084,pre,1,1000023003,COPY_IN,PIPE_MTE2,303681,303733,52,502466
case_084,pre,1,1000023005,COPY_IN,PIPE_MTE2,303733,303859,126,502466
case_084,pre,1,5542,REDUCE,PIPE_V,303928,304012,84,502466
case_084,pre,1,5543,DIV,PIPE_V,304012,304312,300,502466
case_084,pre,1,5544,MATMUL,PIPE_M,304312,304900,588,502466
case_084,pre,1,5548,MATMUL,PIPE_M,304900,305488,588,502466
case_084,pre,1,1000022931,COPY_OUT,PIPE_MTE3,304900,305101,201,502466
case_084,pre,1,5550,DIV,PIPE_V,305488,305788,300,502466
case_084,pre,1,5551,REDUCE,PIPE_V,305788,305872,84,502466
case_084,pre,1,5552,SUB,PIPE_V,305872,305956,84,502466
case_084,pre,1,5553,EXP,PIPE_V,305956,306256,300,502466
case_084,pre,1,1000023009,COPY_IN,PIPE_MTE2,305956,305957,1,502466
case_084,pre,1,1000023007,COPY_IN,PIPE_MTE2,305957,306009,52,502466
case_084,pre,1,1000023013,COPY_IN,PIPE_MTE2,306009,306061,52,502466
case_084,pre,1,1000023015,COPY_IN,PIPE_MTE2,306061,306187,126,502466
case_084,pre,1,5554,REDUCE,PIPE_V,306256,306340,84,502466
case_084,pre,1,5555,DIV,PIPE_V,306340,306640,300,502466
case_084,pre,1,5556,MATMUL,PIPE_M,306640,307228,588,502466
case_084,pre,1,5560,MATMUL,PIPE_M,307228,307816,588,502466
case_084,pre,1,1000022941,COPY_OUT,PIPE_MTE3,307228,307429,201,502466
case_084,pre,1,5562,DIV,PIPE_V,307816,308116,300,502466
case_084,pre,1,5563,REDUCE,PIPE_V,308116,308200,84,502466
case_084,pre,1,5564,SUB,PIPE_V,308200,308284,84,502466
case_084,pre,1,5565,EXP,PIPE_V,308284,308584,300,502466
case_084,pre,1,1000023019,COPY_IN,PIPE_MTE2,308284,308285,1,502466
case_084,pre,1,1000023017,COPY_IN,PIPE_MTE2,308285,308337,52,502466
case_084,pre,1,1000023023,COPY_IN,PIPE_MTE2,308337,308389,52,502466
case_084,pre,1,1000023025,COPY_IN,PIPE_MTE2,308389,308515,126,502466
case_084,pre,1,5566,REDUCE,PIPE_V,308584,308668,84,502466
case_084,pre,1,5567,DIV,PIPE_V,308668,308968,300,502466
case_084,pre,1,5568,MATMUL,PIPE_M,308968,309556,588,502466
case_084,pre,1,5572,MATMUL,PIPE_M,309556,310144,588,502466
case_084,pre,1,1000022951,COPY_OUT,PIPE_MTE3,309556,309757,201,502466
case_084,pre,1,5574,DIV,PIPE_V,310144,310444,300,502466
case_084,pre,1,5575,REDUCE,PIPE_V,310444,310528,84,502466
case_084,pre,1,5576,SUB,PIPE_V,310528,310612,84,502466
case_084,pre,1,5577,EXP,PIPE_V,310612,310912,300,502466
case_084,pre,1,1000023029,COPY_IN,PIPE_MTE2,310612,310613,1,502466
case_084,pre,1,1000023027,COPY_IN,PIPE_MTE2,310613,310665,52,502466
case_084,pre,1,1000023033,COPY_IN,PIPE_MTE2,310665,310717,52,502466
case_084,pre,1,1000023035,COPY_IN,PIPE_MTE2,310717,310843,126,502466
case_084,pre,1,5578,REDUCE,PIPE_V,310912,310996,84,502466
case_084,pre,1,5579,DIV,PIPE_V,310996,311296,300,502466
case_084,pre,1,5580,MATMUL,PIPE_M,311296,311884,588,502466
case_084,pre,1,5584,MATMUL,PIPE_M,311884,312472,588,502466
case_084,pre,1,1000022961,COPY_OUT,PIPE_MTE3,311884,312085,201,502466
case_084,pre,1,5586,DIV,PIPE_V,312472,312772,300,502466
case_084,pre,1,5587,REDUCE,PIPE_V,312772,312856,84,502466
case_084,pre,1,5588,SUB,PIPE_V,312856,312940,84,502466
case_084,pre,1,5589,EXP,PIPE_V,312940,313240,300,502466
case_084,pre,1,1000023039,COPY_IN,PIPE_MTE2,312940,312941,1,502466
case_084,pre,1,1000023037,COPY_IN,PIPE_MTE2,312941,312993,52,502466
case_084,pre,1,1000023043,COPY_IN,PIPE_MTE2,312993,313045,52,502466
case_084,pre,1,1000023045,COPY_IN,PIPE_MTE2,313045,313171,126,502466
case_084,pre,1,5590,REDUCE,PIPE_V,313240,313324,84,502466
case_084,pre,1,5591,DIV,PIPE_V,313324,313624,300,502466
case_084,pre,1,5592,MATMUL,PIPE_M,313624,314212,588,502466
case_084,pre,1,5596,MATMUL,PIPE_M,314212,314800,588,502466
case_084,pre,1,1000022971,COPY_OUT,PIPE_MTE3,314212,314413,201,502466
case_084,pre,1,5598,DIV,PIPE_V,314800,315100,300,502466
case_084,pre,1,5599,REDUCE,PIPE_V,315100,315184,84,502466
case_084,pre,1,5600,SUB,PIPE_V,315184,315268,84,502466
case_084,pre,1,5601,EXP,PIPE_V,315268,315568,300,502466
case_084,pre,1,1000023049,COPY_IN,PIPE_MTE2,315268,315269,1,502466
case_084,pre,1,1000023047,COPY_IN,PIPE_MTE2,315269,315321,52,502466
case_084,pre,1,1000023053,COPY_IN,PIPE_MTE2,315321,315373,52,502466
case_084,pre,1,1000023055,COPY_IN,PIPE_MTE2,315373,315499,126,502466
case_084,pre,1,5602,REDUCE,PIPE_V,315568,315652,84,502466
case_084,pre,1,5603,DIV,PIPE_V,315652,315952,300,502466
case_084,pre,1,5604,MATMUL,PIPE_M,315952,316540,588,502466
case_084,pre,1,5608,MATMUL,PIPE_M,316540,317128,588,502466
case_084,pre,1,1000022981,COPY_OUT,PIPE_MTE3,316540,316645,105,502466
case_084,pre,1,5610,DIV,PIPE_V,317128,317428,300,502466
case_084,pre,1,5611,REDUCE,PIPE_V,317428,317512,84,502466
case_084,pre,1,5612,SUB,PIPE_V,317512,317596,84,502466
case_084,pre,1,5613,EXP,PIPE_V,317596,317896,300,502466
case_084,pre,1,1000023059,COPY_IN,PIPE_MTE2,317596,317597,1,502466
case_084,pre,1,1000023057,COPY_IN,PIPE_MTE2,317597,317649,52,502466
case_084,pre,1,1000023063,COPY_IN,PIPE_MTE2,317649,317701,52,502466
case_084,pre,1,1000023065,COPY_IN,PIPE_MTE2,317701,317827,126,502466
case_084,pre,1,5614,REDUCE,PIPE_V,317896,317980,84,502466
case_084,pre,1,5615,DIV,PIPE_V,317980,318280,300,502466
case_084,pre,1,5616,MATMUL,PIPE_M,318280,318868,588,502466
case_084,pre,1,5620,MATMUL,PIPE_M,318868,319456,588,502466
case_084,pre,1,1000022991,COPY_OUT,PIPE_MTE3,318868,318972,104,502466
case_084,pre,1,5622,DIV,PIPE_V,319456,319756,300,502466
case_084,pre,1,5623,REDUCE,PIPE_V,319756,319840,84,502466
case_084,pre,1,5624,SUB,PIPE_V,319840,319924,84,502466
case_084,pre,1,5625,EXP,PIPE_V,319924,320224,300,502466
case_084,pre,1,1000023069,COPY_IN,PIPE_MTE2,319924,319925,1,502466
case_084,pre,1,1000023067,COPY_IN,PIPE_MTE2,319925,319977,52,502466
case_084,pre,1,1000023073,COPY_IN,PIPE_MTE2,319977,320029,52,502466
case_084,pre,1,1000023075,COPY_IN,PIPE_MTE2,320029,320192,163,502466
case_084,pre,1,5626,REDUCE,PIPE_V,320224,320308,84,502466
case_084,pre,1,5627,DIV,PIPE_V,320308,320608,300,502466
case_084,pre,1,5628,MATMUL,PIPE_M,320608,321196,588,502466
case_084,pre,1,5632,MATMUL,PIPE_M,321196,321784,588,502466
case_084,pre,1,1000023001,COPY_OUT,PIPE_MTE3,321196,321300,104,502466
case_084,pre,1,5634,DIV,PIPE_V,321784,322084,300,502466
case_084,pre,1,5635,REDUCE,PIPE_V,322084,322168,84,502466
case_084,pre,1,5636,SUB,PIPE_V,322168,322252,84,502466
case_084,pre,1,5637,EXP,PIPE_V,322252,322552,300,502466
case_084,pre,1,1000023079,COPY_IN,PIPE_MTE2,322252,322253,1,502466
case_084,pre,1,1000023077,COPY_IN,PIPE_MTE2,322253,322305,52,502466
case_084,pre,1,1000023083,COPY_IN,PIPE_MTE2,322305,322357,52,502466
case_084,pre,1,1000023085,COPY_IN,PIPE_MTE2,322357,322520,163,502466
case_084,pre,1,5638,REDUCE,PIPE_V,322552,322636,84,502466
case_084,pre,1,5639,DIV,PIPE_V,322636,322936,300,502466
case_084,pre,1,5640,MATMUL,PIPE_M,322936,323524,588,502466
case_084,pre,1,5644,MATMUL,PIPE_M,323524,324112,588,502466
case_084,pre,1,1000023011,COPY_OUT,PIPE_MTE3,323524,323628,104,502466
case_084,pre,1,5646,DIV,PIPE_V,324112,324412,300,502466
case_084,pre,1,5647,REDUCE,PIPE_V,324412,324496,84,502466
case_084,pre,1,5648,SUB,PIPE_V,324496,324580,84,502466
case_084,pre,1,5649,EXP,PIPE_V,324580,324880,300,502466
case_084,pre,1,1000023089,COPY_IN,PIPE_MTE2,324580,324581,1,502466
case_084,pre,1,1000023087,COPY_IN,PIPE_MTE2,324581,324633,52,502466
case_084,pre,1,1000023093,COPY_IN,PIPE_MTE2,324633,324685,52,502466
case_084,pre,1,1000023095,COPY_IN,PIPE_MTE2,324685,324848,163,502466
case_084,pre,1,5650,REDUCE,PIPE_V,324880,324964,84,502466
case_084,pre,1,5651,DIV,PIPE_V,324964,325264,300,502466
case_084,pre,1,5652,MATMUL,PIPE_M,325264,325852,588,502466
case_084,pre,1,5656,MATMUL,PIPE_M,325852,326440,588,502466
case_084,pre,1,1000023021,COPY_OUT,PIPE_MTE3,325852,325956,104,502466
case_084,pre,1,5658,DIV,PIPE_V,326440,326740,300,502466
case_084,pre,1,5659,REDUCE,PIPE_V,326740,326824,84,502466
case_084,pre,1,5660,SUB,PIPE_V,326824,326908,84,502466
case_084,pre,1,5661,EXP,PIPE_V,326908,327208,300,502466
case_084,pre,1,1000023099,COPY_IN,PIPE_MTE2,326908,326909,1,502466
case_084,pre,1,1000023097,COPY_IN,PIPE_MTE2,326909,326961,52,502466
case_084,pre,1,1000023103,COPY_IN,PIPE_MTE2,326961,327013,52,502466
case_084,pre,1,1000023105,COPY_IN,PIPE_MTE2,327013,327176,163,502466
case_084,pre,1,5662,REDUCE,PIPE_V,327208,327292,84,502466
case_084,pre,1,5663,DIV,PIPE_V,327292,327592,300,502466
case_084,pre,1,5664,MATMUL,PIPE_M,327592,328180,588,502466
case_084,pre,1,5668,MATMUL,PIPE_M,328180,328768,588,502466
case_084,pre,1,1000023031,COPY_OUT,PIPE_MTE3,328180,328284,104,502466
case_084,pre,1,5670,DIV,PIPE_V,328768,329068,300,502466
case_084,pre,1,5671,REDUCE,PIPE_V,329068,329152,84,502466
case_084,pre,1,5672,SUB,PIPE_V,329152,329236,84,502466
case_084,pre,1,5673,EXP,PIPE_V,329236,329536,300,502466
case_084,pre,1,1000023109,COPY_IN,PIPE_MTE2,329236,329237,1,502466
case_084,pre,1,1000023107,COPY_IN,PIPE_MTE2,329237,329289,52,502466
case_084,pre,1,1000023113,COPY_IN,PIPE_MTE2,329289,329341,52,502466
case_084,pre,1,1000023115,COPY_IN,PIPE_MTE2,329341,329504,163,502466
case_084,pre,1,5674,REDUCE,PIPE_V,329536,329620,84,502466
case_084,pre,1,5675,DIV,PIPE_V,329620,329920,300,502466
case_084,pre,1,5676,MATMUL,PIPE_M,329920,330508,588,502466
case_084,pre,1,5680,MATMUL,PIPE_M,330508,331096,588,502466
case_084,pre,1,1000023041,COPY_OUT,PIPE_MTE3,330508,330612,104,502466
case_084,pre,1,5682,DIV,PIPE_V,331096,331396,300,502466
case_084,pre,1,5683,REDUCE,PIPE_V,331396,331480,84,502466
case_084,pre,1,5684,SUB,PIPE_V,331480,331564,84,502466
case_084,pre,1,5685,EXP,PIPE_V,331564,331864,300,502466
case_084,pre,1,1000023119,COPY_IN,PIPE_MTE2,331564,331565,1,502466
case_084,pre,1,1000023117,COPY_IN,PIPE_MTE2,331565,331617,52,502466
case_084,pre,1,1000023123,COPY_IN,PIPE_MTE2,331617,331669,52,502466
case_084,pre,1,1000023125,COPY_IN,PIPE_MTE2,331669,331869,200,502466
case_084,pre,1,5686,REDUCE,PIPE_V,331864,331948,84,502466
case_084,pre,1,5687,DIV,PIPE_V,331948,332248,300,502466
case_084,pre,1,5688,MATMUL,PIPE_M,332248,332836,588,502466
case_084,pre,1,5692,MATMUL,PIPE_M,332836,333424,588,502466
case_084,pre,1,1000023051,COPY_OUT,PIPE_MTE3,332836,332888,52,502466
case_084,pre,1,5694,DIV,PIPE_V,333424,333724,300,502466
case_084,pre,1,5695,REDUCE,PIPE_V,333724,333808,84,502466
case_084,pre,1,5696,SUB,PIPE_V,333808,333892,84,502466
case_084,pre,1,5697,EXP,PIPE_V,333892,334192,300,502466
case_084,pre,1,1000023129,COPY_IN,PIPE_MTE2,333892,333893,1,502466
case_084,pre,1,1000023127,COPY_IN,PIPE_MTE2,333893,333945,52,502466
case_084,pre,1,1000023133,COPY_IN,PIPE_MTE2,333945,333997,52,502466
case_084,pre,1,1000023135,COPY_IN,PIPE_MTE2,333997,334086,89,502466
case_084,pre,1,5698,REDUCE,PIPE_V,334192,334276,84,502466
case_084,pre,1,5699,DIV,PIPE_V,334276,334576,300,502466
case_084,pre,1,5700,MATMUL,PIPE_M,334576,335164,588,502466
case_084,pre,1,5704,MATMUL,PIPE_M,335164,335752,588,502466
case_084,pre,1,1000023061,COPY_OUT,PIPE_MTE3,335164,335268,104,502466
case_084,pre,1,5706,DIV,PIPE_V,335752,336052,300,502466
case_084,pre,1,5707,REDUCE,PIPE_V,336052,336136,84,502466
case_084,pre,1,5708,SUB,PIPE_V,336136,336220,84,502466
case_084,pre,1,5709,EXP,PIPE_V,336220,336520,300,502466
case_084,pre,1,1000023139,COPY_IN,PIPE_MTE2,336220,336221,1,502466
case_084,pre,1,1000023137,COPY_IN,PIPE_MTE2,336221,336273,52,502466
case_084,pre,1,1000023143,COPY_IN,PIPE_MTE2,336273,336325,52,502466
case_084,pre,1,1000023145,COPY_IN,PIPE_MTE2,336325,336377,52,502466
case_084,pre,1,5710,REDUCE,PIPE_V,336520,336604,84,502466
case_084,pre,1,5711,DIV,PIPE_V,336604,336904,300,502466
case_084,pre,1,5712,MATMUL,PIPE_M,336904,337492,588,502466
case_084,pre,1,5716,MATMUL,PIPE_M,337492,338080,588,502466
case_084,pre,1,1000023071,COPY_OUT,PIPE_MTE3,337492,337596,104,502466
case_084,pre,1,5718,DIV,PIPE_V,338080,338380,300,502466
case_084,pre,1,5719,REDUCE,PIPE_V,338380,338464,84,502466
case_084,pre,1,5720,SUB,PIPE_V,338464,338548,84,502466
case_084,pre,1,5721,EXP,PIPE_V,338548,338848,300,502466
case_084,pre,1,1000023149,COPY_IN,PIPE_MTE2,338548,338549,1,502466
case_084,pre,1,1000023147,COPY_IN,PIPE_MTE2,338549,338601,52,502466
case_084,pre,1,1000023153,COPY_IN,PIPE_MTE2,338601,338653,52,502466
case_084,pre,1,1000023155,COPY_IN,PIPE_MTE2,338653,338705,52,502466
case_084,pre,1,5722,REDUCE,PIPE_V,338848,338932,84,502466
case_084,pre,1,5723,DIV,PIPE_V,338932,339232,300,502466
case_084,pre,1,5724,MATMUL,PIPE_M,339232,339820,588,502466
case_084,pre,1,5728,MATMUL,PIPE_M,339820,340408,588,502466
case_084,pre,1,1000023081,COPY_OUT,PIPE_MTE3,339820,339924,104,502466
case_084,pre,1,5730,DIV,PIPE_V,340408,340708,300,502466
case_084,pre,1,5731,REDUCE,PIPE_V,340708,340792,84,502466
case_084,pre,1,5732,SUB,PIPE_V,340792,340876,84,502466
case_084,pre,1,5733,EXP,PIPE_V,340876,341176,300,502466
case_084,pre,1,1000023159,COPY_IN,PIPE_MTE2,340876,340877,1,502466
case_084,pre,1,1000023157,COPY_IN,PIPE_MTE2,340877,340929,52,502466
case_084,pre,1,1000023163,COPY_IN,PIPE_MTE2,340929,340981,52,502466
case_084,pre,1,1000023165,COPY_IN,PIPE_MTE2,340981,341033,52,502466
case_084,pre,1,5734,REDUCE,PIPE_V,341176,341260,84,502466
case_084,pre,1,5735,DIV,PIPE_V,341260,341560,300,502466
case_084,pre,1,5736,MATMUL,PIPE_M,341560,342148,588,502466
case_084,pre,1,5740,MATMUL,PIPE_M,342148,342736,588,502466
case_084,pre,1,1000023091,COPY_OUT,PIPE_MTE3,342148,342252,104,502466
case_084,pre,1,5742,DIV,PIPE_V,342736,343036,300,502466
case_084,pre,1,5743,REDUCE,PIPE_V,343036,343120,84,502466
case_084,pre,1,5744,SUB,PIPE_V,343120,343204,84,502466
case_084,pre,1,5745,EXP,PIPE_V,343204,343504,300,502466
case_084,pre,1,1000023169,COPY_IN,PIPE_MTE2,343204,343205,1,502466
case_084,pre,1,1000023167,COPY_IN,PIPE_MTE2,343205,343257,52,502466
case_084,pre,1,1000023173,COPY_IN,PIPE_MTE2,343257,343309,52,502466
case_084,pre,1,1000023175,COPY_IN,PIPE_MTE2,343309,343361,52,502466
case_084,pre,1,5746,REDUCE,PIPE_V,343504,343588,84,502466
case_084,pre,1,5747,DIV,PIPE_V,343588,343888,300,502466
case_084,pre,1,5748,MATMUL,PIPE_M,343888,344476,588,502466
case_084,pre,1,5752,MATMUL,PIPE_M,344476,345064,588,502466
case_084,pre,1,1000023101,COPY_OUT,PIPE_MTE3,344476,344580,104,502466
case_084,pre,1,5754,DIV,PIPE_V,345064,345364,300,502466
case_084,pre,1,5755,REDUCE,PIPE_V,345364,345448,84,502466
case_084,pre,1,5756,SUB,PIPE_V,345448,345532,84,502466
case_084,pre,1,5757,EXP,PIPE_V,345532,345832,300,502466
case_084,pre,1,1000023179,COPY_IN,PIPE_MTE2,345532,345533,1,502466
case_084,pre,1,1000023177,COPY_IN,PIPE_MTE2,345533,345585,52,502466
case_084,pre,1,1000023183,COPY_IN,PIPE_MTE2,345585,345637,52,502466
case_084,pre,1,1000023185,COPY_IN,PIPE_MTE2,345637,345689,52,502466
case_084,pre,1,5758,REDUCE,PIPE_V,345832,345916,84,502466
case_084,pre,1,5759,DIV,PIPE_V,345916,346216,300,502466
case_084,pre,1,5760,MATMUL,PIPE_M,346216,346804,588,502466
case_084,pre,1,5764,MATMUL,PIPE_M,346804,347392,588,502466
case_084,pre,1,1000023111,COPY_OUT,PIPE_MTE3,346804,346908,104,502466
case_084,pre,1,5766,DIV,PIPE_V,347392,347692,300,502466
case_084,pre,1,5767,REDUCE,PIPE_V,347692,347776,84,502466
case_084,pre,1,5768,SUB,PIPE_V,347776,347860,84,502466
case_084,pre,1,5769,EXP,PIPE_V,347860,348160,300,502466
case_084,pre,1,1000023189,COPY_IN,PIPE_MTE2,347860,347861,1,502466
case_084,pre,1,1000023187,COPY_IN,PIPE_MTE2,347861,347913,52,502466
case_084,pre,1,1000023193,COPY_IN,PIPE_MTE2,347913,347965,52,502466
case_084,pre,1,1000023195,COPY_IN,PIPE_MTE2,347965,348017,52,502466
case_084,pre,1,5770,REDUCE,PIPE_V,348160,348244,84,502466
case_084,pre,1,5771,DIV,PIPE_V,348244,348544,300,502466
case_084,pre,1,5772,MATMUL,PIPE_M,348544,349132,588,502466
case_084,pre,1,5776,MATMUL,PIPE_M,349132,349720,588,502466
case_084,pre,1,1000023121,COPY_OUT,PIPE_MTE3,349132,349236,104,502466
case_084,pre,1,5778,DIV,PIPE_V,349720,350020,300,502466
case_084,pre,1,5779,REDUCE,PIPE_V,350020,350104,84,502466
case_084,pre,1,5780,SUB,PIPE_V,350104,350188,84,502466
case_084,pre,1,5781,EXP,PIPE_V,350188,350488,300,502466
case_084,pre,1,1000023199,COPY_IN,PIPE_MTE2,350188,350189,1,502466
case_084,pre,1,1000023197,COPY_IN,PIPE_MTE2,350189,350241,52,502466
case_084,pre,1,1000023203,COPY_IN,PIPE_MTE2,350241,350293,52,502466
case_084,pre,1,1000023205,COPY_IN,PIPE_MTE2,350293,350345,52,502466
case_084,pre,1,5782,REDUCE,PIPE_V,350488,350572,84,502466
case_084,pre,1,5783,DIV,PIPE_V,350572,350872,300,502466
case_084,pre,1,5784,MATMUL,PIPE_M,350872,351460,588,502466
case_084,pre,1,5788,MATMUL,PIPE_M,351460,352048,588,502466
case_084,pre,1,1000023131,COPY_OUT,PIPE_MTE3,351460,351564,104,502466
case_084,pre,1,5790,DIV,PIPE_V,352048,352348,300,502466
case_084,pre,1,5791,REDUCE,PIPE_V,352348,352432,84,502466
case_084,pre,1,5792,SUB,PIPE_V,352432,352516,84,502466
case_084,pre,1,5793,EXP,PIPE_V,352516,352816,300,502466
case_084,pre,1,1000023209,COPY_IN,PIPE_MTE2,352516,352517,1,502466
case_084,pre,1,1000023207,COPY_IN,PIPE_MTE2,352517,352569,52,502466
case_084,pre,1,1000023213,COPY_IN,PIPE_MTE2,352569,352621,52,502466
case_084,pre,1,1000023215,COPY_IN,PIPE_MTE2,352621,352673,52,502466
case_084,pre,1,5794,REDUCE,PIPE_V,352816,352900,84,502466
case_084,pre,1,5795,DIV,PIPE_V,352900,353200,300,502466
case_084,pre,1,5796,MATMUL,PIPE_M,353200,353788,588,502466
case_084,pre,1,5800,MATMUL,PIPE_M,353788,354376,588,502466
case_084,pre,1,1000023141,COPY_OUT,PIPE_MTE3,353788,353892,104,502466
case_084,pre,1,5802,DIV,PIPE_V,354376,354676,300,502466
case_084,pre,1,5803,REDUCE,PIPE_V,354676,354760,84,502466
case_084,pre,1,5804,SUB,PIPE_V,354760,354844,84,502466
case_084,pre,1,5805,EXP,PIPE_V,354844,355144,300,502466
case_084,pre,1,1000023219,COPY_IN,PIPE_MTE2,354844,354845,1,502466
case_084,pre,1,1000023217,COPY_IN,PIPE_MTE2,354845,354897,52,502466
case_084,pre,1,1000023223,COPY_IN,PIPE_MTE2,354897,354949,52,502466
case_084,pre,1,1000023225,COPY_IN,PIPE_MTE2,354949,355001,52,502466
case_084,pre,1,5806,REDUCE,PIPE_V,355144,355228,84,502466
case_084,pre,1,5807,DIV,PIPE_V,355228,355528,300,502466
case_084,pre,1,5808,MATMUL,PIPE_M,355528,356116,588,502466
case_084,pre,1,5812,MATMUL,PIPE_M,356116,356704,588,502466
case_084,pre,1,1000023151,COPY_OUT,PIPE_MTE3,356116,356220,104,502466
case_084,pre,1,5814,DIV,PIPE_V,356704,357004,300,502466
case_084,pre,1,5815,REDUCE,PIPE_V,357004,357088,84,502466
case_084,pre,1,5816,SUB,PIPE_V,357088,357172,84,502466
case_084,pre,1,5817,EXP,PIPE_V,357172,357472,300,502466
case_084,pre,1,1000023229,COPY_IN,PIPE_MTE2,357172,357173,1,502466
case_084,pre,1,1000023227,COPY_IN,PIPE_MTE2,357173,357225,52,502466
case_084,pre,1,1000023233,COPY_IN,PIPE_MTE2,357225,357277,52,502466
case_084,pre,1,1000023235,COPY_IN,PIPE_MTE2,357277,357329,52,502466
case_084,pre,1,5818,REDUCE,PIPE_V,357472,357556,84,502466
case_084,pre,1,5819,DIV,PIPE_V,357556,357856,300,502466
case_084,pre,1,5820,MATMUL,PIPE_M,357856,358444,588,502466
case_084,pre,1,5824,MATMUL,PIPE_M,358444,359032,588,502466
case_084,pre,1,1000023161,COPY_OUT,PIPE_MTE3,358444,358548,104,502466
case_084,pre,1,5826,DIV,PIPE_V,359032,359332,300,502466
case_084,pre,1,5827,REDUCE,PIPE_V,359332,359416,84,502466
case_084,pre,1,5828,SUB,PIPE_V,359416,359500,84,502466
case_084,pre,1,5829,EXP,PIPE_V,359500,359800,300,502466
case_084,pre,1,1000023239,COPY_IN,PIPE_MTE2,359500,359501,1,502466
case_084,pre,1,1000023237,COPY_IN,PIPE_MTE2,359501,359553,52,502466
case_084,pre,1,1000023243,COPY_IN,PIPE_MTE2,359553,359605,52,502466
case_084,pre,1,1000023245,COPY_IN,PIPE_MTE2,359605,359657,52,502466
case_084,pre,1,5830,REDUCE,PIPE_V,359800,359884,84,502466
case_084,pre,1,5831,DIV,PIPE_V,359884,360184,300,502466
case_084,pre,1,5832,MATMUL,PIPE_M,360184,360772,588,502466
case_084,pre,1,5836,MATMUL,PIPE_M,360772,361360,588,502466
case_084,pre,1,1000023171,COPY_OUT,PIPE_MTE3,360772,360876,104,502466
case_084,pre,1,5838,DIV,PIPE_V,361360,361660,300,502466
case_084,pre,1,5839,REDUCE,PIPE_V,361660,361744,84,502466
case_084,pre,1,5840,SUB,PIPE_V,361744,361828,84,502466
case_084,pre,1,5841,EXP,PIPE_V,361828,362128,300,502466
case_084,pre,1,1000023249,COPY_IN,PIPE_MTE2,361828,361829,1,502466
case_084,pre,1,1000023247,COPY_IN,PIPE_MTE2,361829,361881,52,502466
case_084,pre,1,1000023253,COPY_IN,PIPE_MTE2,361881,361933,52,502466
case_084,pre,1,1000023255,COPY_IN,PIPE_MTE2,361933,361985,52,502466
case_084,pre,1,5842,REDUCE,PIPE_V,362128,362212,84,502466
case_084,pre,1,5843,DIV,PIPE_V,362212,362512,300,502466
case_084,pre,1,5844,MATMUL,PIPE_M,362512,363100,588,502466
case_084,pre,1,5848,MATMUL,PIPE_M,363100,363688,588,502466
case_084,pre,1,1000023181,COPY_OUT,PIPE_MTE3,363100,363204,104,502466
case_084,pre,1,5850,DIV,PIPE_V,363688,363988,300,502466
case_084,pre,1,5851,REDUCE,PIPE_V,363988,364072,84,502466
case_084,pre,1,5852,SUB,PIPE_V,364072,364156,84,502466
case_084,pre,1,5853,EXP,PIPE_V,364156,364456,300,502466
case_084,pre,1,1000023259,COPY_IN,PIPE_MTE2,364156,364157,1,502466
case_084,pre,1,1000023257,COPY_IN,PIPE_MTE2,364157,364209,52,502466
case_084,pre,1,1000023263,COPY_IN,PIPE_MTE2,364209,364261,52,502466
case_084,pre,1,1000023265,COPY_IN,PIPE_MTE2,364261,364313,52,502466
case_084,pre,1,5854,REDUCE,PIPE_V,364456,364540,84,502466
case_084,pre,1,5855,DIV,PIPE_V,364540,364840,300,502466
case_084,pre,1,5856,MATMUL,PIPE_M,364840,365428,588,502466
case_084,pre,1,5860,MATMUL,PIPE_M,365428,366016,588,502466
case_084,pre,1,1000023191,COPY_OUT,PIPE_MTE3,365428,365532,104,502466
case_084,pre,1,5862,DIV,PIPE_V,366016,366316,300,502466
case_084,pre,1,5863,REDUCE,PIPE_V,366316,366400,84,502466
case_084,pre,1,5864,SUB,PIPE_V,366400,366484,84,502466
case_084,pre,1,5865,EXP,PIPE_V,366484,366784,300,502466
case_084,pre,1,1000023269,COPY_IN,PIPE_MTE2,366484,366485,1,502466
case_084,pre,1,1000023267,COPY_IN,PIPE_MTE2,366485,366537,52,502466
case_084,pre,1,1000023273,COPY_IN,PIPE_MTE2,366537,366589,52,502466
case_084,pre,1,1000023275,COPY_IN,PIPE_MTE2,366589,366641,52,502466
case_084,pre,1,5866,REDUCE,PIPE_V,366784,366868,84,502466
case_084,pre,1,5867,DIV,PIPE_V,366868,367168,300,502466
case_084,pre,1,5868,MATMUL,PIPE_M,367168,367756,588,502466
case_084,pre,1,5872,MATMUL,PIPE_M,367756,368344,588,502466
case_084,pre,1,1000023201,COPY_OUT,PIPE_MTE3,367756,367860,104,502466
case_084,pre,1,5874,DIV,PIPE_V,368344,368644,300,502466
case_084,pre,1,5875,REDUCE,PIPE_V,368644,368728,84,502466
case_084,pre,1,5876,SUB,PIPE_V,368728,368812,84,502466
case_084,pre,1,5877,EXP,PIPE_V,368812,369112,300,502466
case_084,pre,1,1000023279,COPY_IN,PIPE_MTE2,368812,368813,1,502466
case_084,pre,1,1000023277,COPY_IN,PIPE_MTE2,368813,368865,52,502466
case_084,pre,1,1000023283,COPY_IN,PIPE_MTE2,368865,368917,52,502466
case_084,pre,1,1000023285,COPY_IN,PIPE_MTE2,368917,368969,52,502466
case_084,pre,1,5878,REDUCE,PIPE_V,369112,369196,84,502466
case_084,pre,1,5879,DIV,PIPE_V,369196,369496,300,502466
case_084,pre,1,5880,MATMUL,PIPE_M,369496,370084,588,502466
case_084,pre,1,5884,MATMUL,PIPE_M,370084,370672,588,502466
case_084,pre,1,1000023211,COPY_OUT,PIPE_MTE3,370084,370188,104,502466
case_084,pre,1,5886,DIV,PIPE_V,370672,370972,300,502466
case_084,pre,1,5887,REDUCE,PIPE_V,370972,371056,84,502466
case_084,pre,1,5888,SUB,PIPE_V,371056,371140,84,502466
case_084,pre,1,5889,EXP,PIPE_V,371140,371440,300,502466
case_084,pre,1,1000023289,COPY_IN,PIPE_MTE2,371140,371141,1,502466
case_084,pre,1,1000023287,COPY_IN,PIPE_MTE2,371141,371193,52,502466
case_084,pre,1,1000023293,COPY_IN,PIPE_MTE2,371193,371245,52,502466
case_084,pre,1,1000023295,COPY_IN,PIPE_MTE2,371245,371297,52,502466
case_084,pre,1,5890,REDUCE,PIPE_V,371440,371524,84,502466
case_084,pre,1,5891,DIV,PIPE_V,371524,371824,300,502466
case_084,pre,1,5892,MATMUL,PIPE_M,371824,372412,588,502466
case_084,pre,1,5896,MATMUL,PIPE_M,372412,373000,588,502466
case_084,pre,1,1000023221,COPY_OUT,PIPE_MTE3,372412,372516,104,502466
case_084,pre,1,5898,DIV,PIPE_V,373000,373300,300,502466
case_084,pre,1,5899,REDUCE,PIPE_V,373300,373384,84,502466
case_084,pre,1,5900,SUB,PIPE_V,373384,373468,84,502466
case_084,pre,1,5901,EXP,PIPE_V,373468,373768,300,502466
case_084,pre,1,1000023299,COPY_IN,PIPE_MTE2,373468,373469,1,502466
case_084,pre,1,1000023297,COPY_IN,PIPE_MTE2,373469,373521,52,502466
case_084,pre,1,1000023303,COPY_IN,PIPE_MTE2,373521,373573,52,502466
case_084,pre,1,1000023305,COPY_IN,PIPE_MTE2,373573,373625,52,502466
case_084,pre,1,5902,REDUCE,PIPE_V,373768,373852,84,502466
case_084,pre,1,5903,DIV,PIPE_V,373852,374152,300,502466
case_084,pre,1,5904,MATMUL,PIPE_M,374152,374740,588,502466
case_084,pre,1,5908,MATMUL,PIPE_M,374740,375328,588,502466
case_084,pre,1,1000023231,COPY_OUT,PIPE_MTE3,374740,374844,104,502466
case_084,pre,1,5910,DIV,PIPE_V,375328,375628,300,502466
case_084,pre,1,5911,REDUCE,PIPE_V,375628,375712,84,502466
case_084,pre,1,5912,SUB,PIPE_V,375712,375796,84,502466
case_084,pre,1,5913,EXP,PIPE_V,375796,376096,300,502466
case_084,pre,1,1000023309,COPY_IN,PIPE_MTE2,375796,375797,1,502466
case_084,pre,1,1000023307,COPY_IN,PIPE_MTE2,375797,375849,52,502466
case_084,pre,1,1000023313,COPY_IN,PIPE_MTE2,375849,375901,52,502466
case_084,pre,1,1000023315,COPY_IN,PIPE_MTE2,375901,375953,52,502466
case_084,pre,1,5914,REDUCE,PIPE_V,376096,376180,84,502466
case_084,pre,1,5915,DIV,PIPE_V,376180,376480,300,502466
case_084,pre,1,5916,MATMUL,PIPE_M,376480,377068,588,502466
case_084,pre,1,5920,MATMUL,PIPE_M,377068,377656,588,502466
case_084,pre,1,1000023241,COPY_OUT,PIPE_MTE3,377068,377172,104,502466
case_084,pre,1,5922,DIV,PIPE_V,377656,377956,300,502466
case_084,pre,1,5923,REDUCE,PIPE_V,377956,378040,84,502466
case_084,pre,1,5924,SUB,PIPE_V,378040,378124,84,502466
case_084,pre,1,5925,EXP,PIPE_V,378124,378424,300,502466
case_084,pre,1,1000023319,COPY_IN,PIPE_MTE2,378124,378125,1,502466
case_084,pre,1,1000023317,COPY_IN,PIPE_MTE2,378125,378177,52,502466
case_084,pre,1,1000023323,COPY_IN,PIPE_MTE2,378177,378229,52,502466
case_084,pre,1,1000023325,COPY_IN,PIPE_MTE2,378229,378281,52,502466
case_084,pre,1,5926,REDUCE,PIPE_V,378424,378508,84,502466
case_084,pre,1,5927,DIV,PIPE_V,378508,378808,300,502466
case_084,pre,1,5928,MATMUL,PIPE_M,378808,379396,588,502466
case_084,pre,1,5932,MATMUL,PIPE_M,379396,379984,588,502466
case_084,pre,1,1000023251,COPY_OUT,PIPE_MTE3,379396,379500,104,502466
case_084,pre,1,5934,DIV,PIPE_V,379984,380284,300,502466
case_084,pre,1,5935,REDUCE,PIPE_V,380284,380368,84,502466
case_084,pre,1,5936,SUB,PIPE_V,380368,380452,84,502466
case_084,pre,1,5937,EXP,PIPE_V,380452,380752,300,502466
case_084,pre,1,1000023329,COPY_IN,PIPE_MTE2,380452,380453,1,502466
case_084,pre,1,1000023327,COPY_IN,PIPE_MTE2,380453,380505,52,502466
case_084,pre,1,1000023333,COPY_IN,PIPE_MTE2,380505,380557,52,502466
case_084,pre,1,1000023335,COPY_IN,PIPE_MTE2,380557,380609,52,502466
case_084,pre,1,5938,REDUCE,PIPE_V,380752,380836,84,502466
case_084,pre,1,5939,DIV,PIPE_V,380836,381136,300,502466
case_084,pre,1,5940,MATMUL,PIPE_M,381136,381724,588,502466
case_084,pre,1,5944,MATMUL,PIPE_M,381724,382312,588,502466
case_084,pre,1,1000023261,COPY_OUT,PIPE_MTE3,381724,381828,104,502466
case_084,pre,1,5946,DIV,PIPE_V,382312,382612,300,502466
case_084,pre,1,5947,REDUCE,PIPE_V,382612,382696,84,502466
case_084,pre,1,5948,SUB,PIPE_V,382696,382780,84,502466
case_084,pre,1,5949,EXP,PIPE_V,382780,383080,300,502466
case_084,pre,1,1000023339,COPY_IN,PIPE_MTE2,382780,382781,1,502466
case_084,pre,1,1000023337,COPY_IN,PIPE_MTE2,382781,382833,52,502466
case_084,pre,1,1000021903,COPY_IN,PIPE_MTE2,382833,382885,52,502466
case_084,pre,1,1000021905,COPY_IN,PIPE_MTE2,382885,382937,52,502466
case_084,pre,1,5950,REDUCE,PIPE_V,383080,383164,84,502466
case_084,pre,1,5951,DIV,PIPE_V,383164,383464,300,502466
case_084,pre,1,5952,MATMUL,PIPE_M,383464,384052,588,502466
case_084,pre,1,5956,MATMUL,PIPE_M,384052,384640,588,502466
case_084,pre,1,1000023271,COPY_OUT,PIPE_MTE3,384052,384156,104,502466
case_084,pre,1,5958,DIV,PIPE_V,384640,384940,300,502466
case_084,pre,1,5959,REDUCE,PIPE_V,384940,385024,84,502466
case_084,pre,1,5960,SUB,PIPE_V,385024,385108,84,502466
case_084,pre,1,5961,EXP,PIPE_V,385108,385408,300,502466
case_084,pre,1,1000021909,COPY_IN,PIPE_MTE2,385108,385109,1,502466
case_084,pre,1,1000021907,COPY_IN,PIPE_MTE2,385109,385161,52,502466
case_084,pre,1,1000021913,COPY_IN,PIPE_MTE2,385161,385213,52,502466
case_084,pre,1,1000021915,COPY_IN,PIPE_MTE2,385213,385265,52,502466
case_084,pre,1,5962,REDUCE,PIPE_V,385408,385492,84,502466
case_084,pre,1,5963,DIV,PIPE_V,385492,385792,300,502466
case_084,pre,1,5964,MATMUL,PIPE_M,385792,386380,588,502466
case_084,pre,1,5968,MATMUL,PIPE_M,386380,386968,588,502466
case_084,pre,1,1000023281,COPY_OUT,PIPE_MTE3,386380,386484,104,502466
case_084,pre,1,5970,DIV,PIPE_V,386968,387268,300,502466
case_084,pre,1,5971,REDUCE,PIPE_V,387268,387352,84,502466
case_084,pre,1,5972,SUB,PIPE_V,387352,387436,84,502466
case_084,pre,1,5973,EXP,PIPE_V,387436,387736,300,502466
case_084,pre,1,1000021919,COPY_IN,PIPE_MTE2,387436,387437,1,502466
case_084,pre,1,1000021917,COPY_IN,PIPE_MTE2,387437,387489,52,502466
case_084,pre,1,1000021923,COPY_IN,PIPE_MTE2,387489,387541,52,502466
case_084,pre,1,1000021925,COPY_IN,PIPE_MTE2,387541,387593,52,502466
case_084,pre,1,5974,REDUCE,PIPE_V,387736,387820,84,502466
case_084,pre,1,5975,DIV,PIPE_V,387820,388120,300,502466
case_084,pre,1,5976,MATMUL,PIPE_M,388120,388708,588,502466
case_084,pre,1,5980,MATMUL,PIPE_M,388708,389296,588,502466
case_084,pre,1,1000023291,COPY_OUT,PIPE_MTE3,388708,388812,104,502466
case_084,pre,1,5982,DIV,PIPE_V,389296,389596,300,502466
case_084,pre,1,5983,REDUCE,PIPE_V,389596,389680,84,502466
case_084,pre,1,5984,SUB,PIPE_V,389680,389764,84,502466
case_084,pre,1,5985,EXP,PIPE_V,389764,390064,300,502466
case_084,pre,1,1000021929,COPY_IN,PIPE_MTE2,389764,389765,1,502466
case_084,pre,1,1000021927,COPY_IN,PIPE_MTE2,389765,389817,52,502466
case_084,pre,1,1000021933,COPY_IN,PIPE_MTE2,389817,389869,52,502466
case_084,pre,1,1000021935,COPY_IN,PIPE_MTE2,389869,389921,52,502466
case_084,pre,1,5986,REDUCE,PIPE_V,390064,390148,84,502466
case_084,pre,1,5987,DIV,PIPE_V,390148,390448,300,502466
case_084,pre,1,5988,MATMUL,PIPE_M,390448,391036,588,502466
case_084,pre,1,5992,MATMUL,PIPE_M,391036,391624,588,502466
case_084,pre,1,1000023301,COPY_OUT,PIPE_MTE3,391036,391140,104,502466
case_084,pre,1,5994,DIV,PIPE_V,391624,391924,300,502466
case_084,pre,1,5995,REDUCE,PIPE_V,391924,392008,84,502466
case_084,pre,1,5996,SUB,PIPE_V,392008,392092,84,502466
case_084,pre,1,5997,EXP,PIPE_V,392092,392392,300,502466
case_084,pre,1,1000021939,COPY_IN,PIPE_MTE2,392092,392093,1,502466
case_084,pre,1,1000021937,COPY_IN,PIPE_MTE2,392093,392145,52,502466
case_084,pre,1,1000021943,COPY_IN,PIPE_MTE2,392145,392197,52,502466
case_084,pre,1,1000021945,COPY_IN,PIPE_MTE2,392197,392249,52,502466
case_084,pre,1,5998,REDUCE,PIPE_V,392392,392476,84,502466
case_084,pre,1,5999,DIV,PIPE_V,392476,392776,300,502466
case_084,pre,1,6000,MATMUL,PIPE_M,392776,393364,588,502466
case_084,pre,1,6004,MATMUL,PIPE_M,393364,393952,588,502466
case_084,pre,1,1000023311,COPY_OUT,PIPE_MTE3,393364,393468,104,502466
case_084,pre,1,6006,DIV,PIPE_V,393952,394252,300,502466
case_084,pre,1,6007,REDUCE,PIPE_V,394252,394336,84,502466
case_084,pre,1,6008,SUB,PIPE_V,394336,394420,84,502466
case_084,pre,1,6009,EXP,PIPE_V,394420,394720,300,502466
case_084,pre,1,1000021949,COPY_IN,PIPE_MTE2,394420,394421,1,502466
case_084,pre,1,1000021947,COPY_IN,PIPE_MTE2,394421,394473,52,502466
case_084,pre,1,1000021953,COPY_IN,PIPE_MTE2,394473,394525,52,502466
case_084,pre,1,1000021955,COPY_IN,PIPE_MTE2,394525,394577,52,502466
case_084,pre,1,6010,REDUCE,PIPE_V,394720,394804,84,502466
case_084,pre,1,6011,DIV,PIPE_V,394804,395104,300,502466
case_084,pre,1,6012,MATMUL,PIPE_M,395104,395692,588,502466
case_084,pre,1,6016,MATMUL,PIPE_M,395692,396280,588,502466
case_084,pre,1,1000023321,COPY_OUT,PIPE_MTE3,395692,395796,104,502466
case_084,pre,1,6018,DIV,PIPE_V,396280,396580,300,502466
case_084,pre,1,6019,REDUCE,PIPE_V,396580,396664,84,502466
case_084,pre,1,6020,SUB,PIPE_V,396664,396748,84,502466
case_084,pre,1,6021,EXP,PIPE_V,396748,397048,300,502466
case_084,pre,1,1000021959,COPY_IN,PIPE_MTE2,396748,396749,1,502466
case_084,pre,1,1000021957,COPY_IN,PIPE_MTE2,396749,396801,52,502466
case_084,pre,1,1000021963,COPY_IN,PIPE_MTE2,396801,396853,52,502466
case_084,pre,1,1000021965,COPY_IN,PIPE_MTE2,396853,396905,52,502466
case_084,pre,1,6022,REDUCE,PIPE_V,397048,397132,84,502466
case_084,pre,1,6023,DIV,PIPE_V,397132,397432,300,502466
case_084,pre,1,6024,MATMUL,PIPE_M,397432,398020,588,502466
case_084,pre,1,6028,MATMUL,PIPE_M,398020,398608,588,502466
case_084,pre,1,1000023331,COPY_OUT,PIPE_MTE3,398020,398124,104,502466
case_084,pre,1,6030,DIV,PIPE_V,398608,398908,300,502466
case_084,pre,1,6031,REDUCE,PIPE_V,398908,398992,84,502466
case_084,pre,1,6032,SUB,PIPE_V,398992,399076,84,502466
case_084,pre,1,6033,EXP,PIPE_V,399076,399376,300,502466
case_084,pre,1,1000021969,COPY_IN,PIPE_MTE2,399076,399077,1,502466
case_084,pre,1,1000021967,COPY_IN,PIPE_MTE2,399077,399129,52,502466
case_084,pre,1,1000021973,COPY_IN,PIPE_MTE2,399129,399181,52,502466
case_084,pre,1,1000021975,COPY_IN,PIPE_MTE2,399181,399233,52,502466
case_084,pre,1,6034,REDUCE,PIPE_V,399376,399460,84,502466
case_084,pre,1,6035,DIV,PIPE_V,399460,399760,300,502466
case_084,pre,1,6036,MATMUL,PIPE_M,399760,400348,588,502466
case_084,pre,1,4312,MATMUL,PIPE_M,400348,400936,588,502466
case_084,pre,1,1000023341,COPY_OUT,PIPE_MTE3,400348,400452,104,502466
case_084,pre,1,4314,DIV,PIPE_V,400936,401236,300,502466
case_084,pre,1,4315,REDUCE,PIPE_V,401236,401320,84,502466
case_084,pre,1,4316,SUB,PIPE_V,401320,401404,84,502466
case_084,pre,1,4317,EXP,PIPE_V,401404,401704,300,502466
case_084,pre,1,1000021979,COPY_IN,PIPE_MTE2,401404,401405,1,502466
case_084,pre,1,1000021977,COPY_IN,PIPE_MTE2,401405,401457,52,502466
case_084,pre,1,1000021983,COPY_IN,PIPE_MTE2,401457,401509,52,502466
case_084,pre,1,1000021985,COPY_IN,PIPE_MTE2,401509,401561,52,502466
case_084,pre,1,4318,REDUCE,PIPE_V,401704,401788,84,502466
case_084,pre,1,4319,DIV,PIPE_V,401788,402088,300,502466
case_084,pre,1,4320,MATMUL,PIPE_M,402088,402676,588,502466
case_084,pre,1,4324,MATMUL,PIPE_M,402676,403264,588,502466
case_084,pre,1,1000021911,COPY_OUT,PIPE_MTE3,402676,402780,104,502466
case_084,pre,1,4326,DIV,PIPE_V,403264,403564,300,502466
case_084,pre,1,4327,REDUCE,PIPE_V,403564,403648,84,502466
case_084,pre,1,4328,SUB,PIPE_V,403648,403732,84,502466
case_084,pre,1,4329,EXP,PIPE_V,403732,404032,300,502466
case_084,pre,1,1000021989,COPY_IN,PIPE_MTE2,403732,403733,1,502466
case_084,pre,1,1000021987,COPY_IN,PIPE_MTE2,403733,403785,52,502466
case_084,pre,1,1000021993,COPY_IN,PIPE_MTE2,403785,403837,52,502466
case_084,pre,1,1000021995,COPY_IN,PIPE_MTE2,403837,403889,52,502466
case_084,pre,1,4330,REDUCE,PIPE_V,404032,404116,84,502466
case_084,pre,1,4331,DIV,PIPE_V,404116,404416,300,502466
case_084,pre,1,4332,MATMUL,PIPE_M,404416,405004,588,502466
case_084,pre,1,4336,MATMUL,PIPE_M,405004,405592,588,502466
case_084,pre,1,1000021921,COPY_OUT,PIPE_MTE3,405004,405108,104,502466
case_084,pre,1,4338,DIV,PIPE_V,405592,405892,300,502466
case_084,pre,1,4339,REDUCE,PIPE_V,405892,405976,84,502466
case_084,pre,1,4340,SUB,PIPE_V,405976,406060,84,502466
case_084,pre,1,4341,EXP,PIPE_V,406060,406360,300,502466
case_084,pre,1,1000021999,COPY_IN,PIPE_MTE2,406060,406061,1,502466
case_084,pre,1,1000021997,COPY_IN,PIPE_MTE2,406061,406113,52,502466
case_084,pre,1,1000022003,COPY_IN,PIPE_MTE2,406113,406165,52,502466
case_084,pre,1,1000022005,COPY_IN,PIPE_MTE2,406165,406217,52,502466
case_084,pre,1,4342,REDUCE,PIPE_V,406360,406444,84,502466
case_084,pre,1,4343,DIV,PIPE_V,406444,406744,300,502466
case_084,pre,1,4344,MATMUL,PIPE_M,406744,407332,588,502466
case_084,pre,1,4348,MATMUL,PIPE_M,407332,407920,588,502466
case_084,pre,1,1000021931,COPY_OUT,PIPE_MTE3,407332,407436,104,502466
case_084,pre,1,4350,DIV,PIPE_V,407920,408220,300,502466
case_084,pre,1,4351,REDUCE,PIPE_V,408220,408304,84,502466
case_084,pre,1,4352,SUB,PIPE_V,408304,408388,84,502466
case_084,pre,1,4353,EXP,PIPE_V,408388,408688,300,502466
case_084,pre,1,1000022009,COPY_IN,PIPE_MTE2,408388,408389,1,502466
case_084,pre,1,1000022007,COPY_IN,PIPE_MTE2,408389,408441,52,502466
case_084,pre,1,1000022013,COPY_IN,PIPE_MTE2,408441,408493,52,502466
case_084,pre,1,1000022015,COPY_IN,PIPE_MTE2,408493,408545,52,502466
case_084,pre,1,4354,REDUCE,PIPE_V,408688,408772,84,502466
case_084,pre,1,4355,DIV,PIPE_V,408772,409072,300,502466
case_084,pre,1,4356,MATMUL,PIPE_M,409072,409660,588,502466
case_084,pre,1,4360,MATMUL,PIPE_M,409660,410248,588,502466
case_084,pre,1,1000021941,COPY_OUT,PIPE_MTE3,409660,409764,104,502466
case_084,pre,1,4362,DIV,PIPE_V,410248,410548,300,502466
case_084,pre,1,4363,REDUCE,PIPE_V,410548,410632,84,502466
case_084,pre,1,4364,SUB,PIPE_V,410632,410716,84,502466
case_084,pre,1,4365,EXP,PIPE_V,410716,411016,300,502466
case_084,pre,1,1000022019,COPY_IN,PIPE_MTE2,410716,410717,1,502466
case_084,pre,1,1000022017,COPY_IN,PIPE_MTE2,410717,410769,52,502466
case_084,pre,1,1000022023,COPY_IN,PIPE_MTE2,410769,410821,52,502466
case_084,pre,1,1000022025,COPY_IN,PIPE_MTE2,410821,410873,52,502466
case_084,pre,1,4366,REDUCE,PIPE_V,411016,411100,84,502466
case_084,pre,1,4367,DIV,PIPE_V,411100,411400,300,502466
case_084,pre,1,4368,MATMUL,PIPE_M,411400,411988,588,502466
case_084,pre,1,4372,MATMUL,PIPE_M,411988,412576,588,502466
case_084,pre,1,1000021951,COPY_OUT,PIPE_MTE3,411988,412092,104,502466
case_084,pre,1,4374,DIV,PIPE_V,412576,412876,300,502466
case_084,pre,1,4375,REDUCE,PIPE_V,412876,412960,84,502466
case_084,pre,1,4376,SUB,PIPE_V,412960,413044,84,502466
case_084,pre,1,4377,EXP,PIPE_V,413044,413344,300,502466
case_084,pre,1,1000022029,COPY_IN,PIPE_MTE2,413044,413045,1,502466
case_084,pre,1,1000022027,COPY_IN,PIPE_MTE2,413045,413097,52,502466
case_084,pre,1,1000022033,COPY_IN,PIPE_MTE2,413097,413149,52,502466
case_084,pre,1,1000022035,COPY_IN,PIPE_MTE2,413149,413201,52,502466
case_084,pre,1,4378,REDUCE,PIPE_V,413344,413428,84,502466
case_084,pre,1,4379,DIV,PIPE_V,413428,413728,300,502466
case_084,pre,1,4380,MATMUL,PIPE_M,413728,414316,588,502466
case_084,pre,1,4384,MATMUL,PIPE_M,414316,414904,588,502466
case_084,pre,1,1000021961,COPY_OUT,PIPE_MTE3,414316,414420,104,502466
case_084,pre,1,4386,DIV,PIPE_V,414904,415204,300,502466
case_084,pre,1,4387,REDUCE,PIPE_V,415204,415288,84,502466
case_084,pre,1,4388,SUB,PIPE_V,415288,415372,84,502466
case_084,pre,1,4389,EXP,PIPE_V,415372,415672,300,502466
case_084,pre,1,1000022039,COPY_IN,PIPE_MTE2,415372,415373,1,502466
case_084,pre,1,1000022037,COPY_IN,PIPE_MTE2,415373,415425,52,502466
case_084,pre,1,1000022043,COPY_IN,PIPE_MTE2,415425,415477,52,502466
case_084,pre,1,1000022045,COPY_IN,PIPE_MTE2,415477,415529,52,502466
case_084,pre,1,4390,REDUCE,PIPE_V,415672,415756,84,502466
case_084,pre,1,4391,DIV,PIPE_V,415756,416056,300,502466
case_084,pre,1,4392,MATMUL,PIPE_M,416056,416644,588,502466
case_084,pre,1,4396,MATMUL,PIPE_M,416644,417232,588,502466
case_084,pre,1,1000021971,COPY_OUT,PIPE_MTE3,416644,416748,104,502466
case_084,pre,1,4398,DIV,PIPE_V,417232,417532,300,502466
case_084,pre,1,4399,REDUCE,PIPE_V,417532,417616,84,502466
case_084,pre,1,4400,SUB,PIPE_V,417616,417700,84,502466
case_084,pre,1,4401,EXP,PIPE_V,417700,418000,300,502466
case_084,pre,1,1000022049,COPY_IN,PIPE_MTE2,417700,417701,1,502466
case_084,pre,1,1000022047,COPY_IN,PIPE_MTE2,417701,417753,52,502466
case_084,pre,1,1000022053,COPY_IN,PIPE_MTE2,417753,417805,52,502466
case_084,pre,1,1000022055,COPY_IN,PIPE_MTE2,417805,417857,52,502466
case_084,pre,1,4402,REDUCE,PIPE_V,418000,418084,84,502466
case_084,pre,1,4403,DIV,PIPE_V,418084,418384,300,502466
case_084,pre,1,4404,MATMUL,PIPE_M,418384,418972,588,502466
case_084,pre,1,4408,MATMUL,PIPE_M,418972,419560,588,502466
case_084,pre,1,1000021981,COPY_OUT,PIPE_MTE3,418972,419076,104,502466
case_084,pre,1,4410,DIV,PIPE_V,419560,419860,300,502466
case_084,pre,1,4411,REDUCE,PIPE_V,419860,419944,84,502466
case_084,pre,1,4412,SUB,PIPE_V,419944,420028,84,502466
case_084,pre,1,4413,EXP,PIPE_V,420028,420328,300,502466
case_084,pre,1,1000022059,COPY_IN,PIPE_MTE2,420028,420029,1,502466
case_084,pre,1,1000022057,COPY_IN,PIPE_MTE2,420029,420081,52,502466
case_084,pre,1,1000022063,COPY_IN,PIPE_MTE2,420081,420133,52,502466
case_084,pre,1,1000022065,COPY_IN,PIPE_MTE2,420133,420185,52,502466
case_084,pre,1,4414,REDUCE,PIPE_V,420328,420412,84,502466
case_084,pre,1,4415,DIV,PIPE_V,420412,420712,300,502466
case_084,pre,1,4416,MATMUL,PIPE_M,420712,421300,588,502466
case_084,pre,1,4420,MATMUL,PIPE_M,421300,421888,588,502466
case_084,pre,1,1000021991,COPY_OUT,PIPE_MTE3,421300,421404,104,502466
case_084,pre,1,4422,DIV,PIPE_V,421888,422188,300,502466
case_084,pre,1,4423,REDUCE,PIPE_V,422188,422272,84,502466
case_084,pre,1,4424,SUB,PIPE_V,422272,422356,84,502466
case_084,pre,1,4425,EXP,PIPE_V,422356,422656,300,502466
case_084,pre,1,1000022069,COPY_IN,PIPE_MTE2,422356,422357,1,502466
case_084,pre,1,1000022067,COPY_IN,PIPE_MTE2,422357,422409,52,502466
case_084,pre,1,1000022073,COPY_IN,PIPE_MTE2,422409,422461,52,502466
case_084,pre,1,1000022075,COPY_IN,PIPE_MTE2,422461,422513,52,502466
case_084,pre,1,4426,REDUCE,PIPE_V,422656,422740,84,502466
case_084,pre,1,4427,DIV,PIPE_V,422740,423040,300,502466
case_084,pre,1,4428,MATMUL,PIPE_M,423040,423628,588,502466
case_084,pre,1,4432,MATMUL,PIPE_M,423628,424216,588,502466
case_084,pre,1,1000022001,COPY_OUT,PIPE_MTE3,423628,423732,104,502466
case_084,pre,1,4434,DIV,PIPE_V,424216,424516,300,502466
case_084,pre,1,4435,REDUCE,PIPE_V,424516,424600,84,502466
case_084,pre,1,4436,SUB,PIPE_V,424600,424684,84,502466
case_084,pre,1,4437,EXP,PIPE_V,424684,424984,300,502466
case_084,pre,1,1000022079,COPY_IN,PIPE_MTE2,424684,424685,1,502466
case_084,pre,1,1000022077,COPY_IN,PIPE_MTE2,424685,424737,52,502466
case_084,pre,1,1000022083,COPY_IN,PIPE_MTE2,424737,424789,52,502466
case_084,pre,1,1000022085,COPY_IN,PIPE_MTE2,424789,424841,52,502466
case_084,pre,1,4438,REDUCE,PIPE_V,424984,425068,84,502466
case_084,pre,1,4439,DIV,PIPE_V,425068,425368,300,502466
case_084,pre,1,4440,MATMUL,PIPE_M,425368,425956,588,502466
case_084,pre,1,4444,MATMUL,PIPE_M,425956,426544,588,502466
case_084,pre,1,1000022011,COPY_OUT,PIPE_MTE3,425956,426060,104,502466
case_084,pre,1,4446,DIV,PIPE_V,426544,426844,300,502466
case_084,pre,1,4447,REDUCE,PIPE_V,426844,426928,84,502466
case_084,pre,1,4448,SUB,PIPE_V,426928,427012,84,502466
case_084,pre,1,4449,EXP,PIPE_V,427012,427312,300,502466
case_084,pre,1,1000022089,COPY_IN,PIPE_MTE2,427012,427013,1,502466
case_084,pre,1,1000022087,COPY_IN,PIPE_MTE2,427013,427065,52,502466
case_084,pre,1,1000022093,COPY_IN,PIPE_MTE2,427065,427117,52,502466
case_084,pre,1,1000022095,COPY_IN,PIPE_MTE2,427117,427169,52,502466
case_084,pre,1,4450,REDUCE,PIPE_V,427312,427396,84,502466
case_084,pre,1,4451,DIV,PIPE_V,427396,427696,300,502466
case_084,pre,1,4452,MATMUL,PIPE_M,427696,428284,588,502466
case_084,pre,1,4456,MATMUL,PIPE_M,428284,428872,588,502466
case_084,pre,1,1000022021,COPY_OUT,PIPE_MTE3,428284,428388,104,502466
case_084,pre,1,4458,DIV,PIPE_V,428872,429172,300,502466
case_084,pre,1,4459,REDUCE,PIPE_V,429172,429256,84,502466
case_084,pre,1,4460,SUB,PIPE_V,429256,429340,84,502466
case_084,pre,1,4461,EXP,PIPE_V,429340,429640,300,502466
case_084,pre,1,1000022099,COPY_IN,PIPE_MTE2,429340,429341,1,502466
case_084,pre,1,1000022097,COPY_IN,PIPE_MTE2,429341,429393,52,502466
case_084,pre,1,1000022103,COPY_IN,PIPE_MTE2,429393,429445,52,502466
case_084,pre,1,1000022105,COPY_IN,PIPE_MTE2,429445,429497,52,502466
case_084,pre,1,4462,REDUCE,PIPE_V,429640,429724,84,502466
case_084,pre,1,4463,DIV,PIPE_V,429724,430024,300,502466
case_084,pre,1,4464,MATMUL,PIPE_M,430024,430612,588,502466
case_084,pre,1,4468,MATMUL,PIPE_M,430612,431200,588,502466
case_084,pre,1,1000022031,COPY_OUT,PIPE_MTE3,430612,430716,104,502466
case_084,pre,1,4470,DIV,PIPE_V,431200,431500,300,502466
case_084,pre,1,4471,REDUCE,PIPE_V,431500,431584,84,502466
case_084,pre,1,4472,SUB,PIPE_V,431584,431668,84,502466
case_084,pre,1,4473,EXP,PIPE_V,431668,431968,300,502466
case_084,pre,1,1000022109,COPY_IN,PIPE_MTE2,431668,431669,1,502466
case_084,pre,1,1000022107,COPY_IN,PIPE_MTE2,431669,431721,52,502466
case_084,pre,1,1000022113,COPY_IN,PIPE_MTE2,431721,431773,52,502466
case_084,pre,1,1000022115,COPY_IN,PIPE_MTE2,431773,431825,52,502466
case_084,pre,1,4474,REDUCE,PIPE_V,431968,432052,84,502466
case_084,pre,1,4475,DIV,PIPE_V,432052,432352,300,502466
case_084,pre,1,4476,MATMUL,PIPE_M,432352,432940,588,502466
case_084,pre,1,4480,MATMUL,PIPE_M,432940,433528,588,502466
case_084,pre,1,1000022041,COPY_OUT,PIPE_MTE3,432940,433044,104,502466
case_084,pre,1,4482,DIV,PIPE_V,433528,433828,300,502466
case_084,pre,1,4483,REDUCE,PIPE_V,433828,433912,84,502466
case_084,pre,1,4484,SUB,PIPE_V,433912,433996,84,502466
case_084,pre,1,4485,EXP,PIPE_V,433996,434296,300,502466
case_084,pre,1,1000022119,COPY_IN,PIPE_MTE2,433996,433997,1,502466
case_084,pre,1,1000022117,COPY_IN,PIPE_MTE2,433997,434049,52,502466
case_084,pre,1,1000022123,COPY_IN,PIPE_MTE2,434049,434101,52,502466
case_084,pre,1,1000022125,COPY_IN,PIPE_MTE2,434101,434153,52,502466
case_084,pre,1,4486,REDUCE,PIPE_V,434296,434380,84,502466
case_084,pre,1,4487,DIV,PIPE_V,434380,434680,300,502466
case_084,pre,1,4488,MATMUL,PIPE_M,434680,435268,588,502466
case_084,pre,1,4492,MATMUL,PIPE_M,435268,435856,588,502466
case_084,pre,1,1000022051,COPY_OUT,PIPE_MTE3,435268,435372,104,502466
case_084,pre,1,4494,DIV,PIPE_V,435856,436156,300,502466
case_084,pre,1,4495,REDUCE,PIPE_V,436156,436240,84,502466
case_084,pre,1,4496,SUB,PIPE_V,436240,436324,84,502466
case_084,pre,1,4497,EXP,PIPE_V,436324,436624,300,502466
case_084,pre,1,1000022129,COPY_IN,PIPE_MTE2,436324,436325,1,502466
case_084,pre,1,1000022127,COPY_IN,PIPE_MTE2,436325,436377,52,502466
case_084,pre,1,1000022133,COPY_IN,PIPE_MTE2,436377,436429,52,502466
case_084,pre,1,1000022135,COPY_IN,PIPE_MTE2,436429,436481,52,502466
case_084,pre,1,4498,REDUCE,PIPE_V,436624,436708,84,502466
case_084,pre,1,4499,DIV,PIPE_V,436708,437008,300,502466
case_084,pre,1,4500,MATMUL,PIPE_M,437008,437596,588,502466
case_084,pre,1,4504,MATMUL,PIPE_M,437596,438184,588,502466
case_084,pre,1,1000022061,COPY_OUT,PIPE_MTE3,437596,437700,104,502466
case_084,pre,1,4506,DIV,PIPE_V,438184,438484,300,502466
case_084,pre,1,4507,REDUCE,PIPE_V,438484,438568,84,502466
case_084,pre,1,4508,SUB,PIPE_V,438568,438652,84,502466
case_084,pre,1,4509,EXP,PIPE_V,438652,438952,300,502466
case_084,pre,1,1000022139,COPY_IN,PIPE_MTE2,438652,438653,1,502466
case_084,pre,1,1000022137,COPY_IN,PIPE_MTE2,438653,438705,52,502466
case_084,pre,1,1000022143,COPY_IN,PIPE_MTE2,438705,438757,52,502466
case_084,pre,1,1000022145,COPY_IN,PIPE_MTE2,438757,438809,52,502466
case_084,pre,1,4510,REDUCE,PIPE_V,438952,439036,84,502466
case_084,pre,1,4511,DIV,PIPE_V,439036,439336,300,502466
case_084,pre,1,4512,MATMUL,PIPE_M,439336,439924,588,502466
case_084,pre,1,4516,MATMUL,PIPE_M,439924,440512,588,502466
case_084,pre,1,1000022071,COPY_OUT,PIPE_MTE3,439924,440028,104,502466
case_084,pre,1,4518,DIV,PIPE_V,440512,440812,300,502466
case_084,pre,1,4519,REDUCE,PIPE_V,440812,440896,84,502466
case_084,pre,1,4520,SUB,PIPE_V,440896,440980,84,502466
case_084,pre,1,4521,EXP,PIPE_V,440980,441280,300,502466
case_084,pre,1,1000022149,COPY_IN,PIPE_MTE2,440980,440981,1,502466
case_084,pre,1,1000022147,COPY_IN,PIPE_MTE2,440981,441033,52,502466
case_084,pre,1,1000022153,COPY_IN,PIPE_MTE2,441033,441085,52,502466
case_084,pre,1,1000022155,COPY_IN,PIPE_MTE2,441085,441137,52,502466
case_084,pre,1,4522,REDUCE,PIPE_V,441280,441364,84,502466
case_084,pre,1,4523,DIV,PIPE_V,441364,441664,300,502466
case_084,pre,1,4524,MATMUL,PIPE_M,441664,442252,588,502466
case_084,pre,1,4528,MATMUL,PIPE_M,442252,442840,588,502466
case_084,pre,1,1000022081,COPY_OUT,PIPE_MTE3,442252,442356,104,502466
case_084,pre,1,4530,DIV,PIPE_V,442840,443140,300,502466
case_084,pre,1,4531,REDUCE,PIPE_V,443140,443224,84,502466
case_084,pre,1,4532,SUB,PIPE_V,443224,443308,84,502466
case_084,pre,1,4533,EXP,PIPE_V,443308,443608,300,502466
case_084,pre,1,1000022159,COPY_IN,PIPE_MTE2,443308,443309,1,502466
case_084,pre,1,1000022157,COPY_IN,PIPE_MTE2,443309,443361,52,502466
case_084,pre,1,1000022163,COPY_IN,PIPE_MTE2,443361,443413,52,502466
case_084,pre,1,1000022165,COPY_IN,PIPE_MTE2,443413,443465,52,502466
case_084,pre,1,4534,REDUCE,PIPE_V,443608,443692,84,502466
case_084,pre,1,4535,DIV,PIPE_V,443692,443992,300,502466
case_084,pre,1,4536,MATMUL,PIPE_M,443992,444580,588,502466
case_084,pre,1,4540,MATMUL,PIPE_M,444580,445168,588,502466
case_084,pre,1,1000022091,COPY_OUT,PIPE_MTE3,444580,444684,104,502466
case_084,pre,1,4542,DIV,PIPE_V,445168,445468,300,502466
case_084,pre,1,4543,REDUCE,PIPE_V,445468,445552,84,502466
case_084,pre,1,4544,SUB,PIPE_V,445552,445636,84,502466
case_084,pre,1,4545,EXP,PIPE_V,445636,445936,300,502466
case_084,pre,1,1000022169,COPY_IN,PIPE_MTE2,445636,445637,1,502466
case_084,pre,1,1000022167,COPY_IN,PIPE_MTE2,445637,445689,52,502466
case_084,pre,1,1000022173,COPY_IN,PIPE_MTE2,445689,445741,52,502466
case_084,pre,1,1000022175,COPY_IN,PIPE_MTE2,445741,445793,52,502466
case_084,pre,1,4546,REDUCE,PIPE_V,445936,446020,84,502466
case_084,pre,1,4547,DIV,PIPE_V,446020,446320,300,502466
case_084,pre,1,4548,MATMUL,PIPE_M,446320,446908,588,502466
case_084,pre,1,4552,MATMUL,PIPE_M,446908,447496,588,502466
case_084,pre,1,1000022101,COPY_OUT,PIPE_MTE3,446908,447012,104,502466
case_084,pre,1,4554,DIV,PIPE_V,447496,447796,300,502466
case_084,pre,1,4555,REDUCE,PIPE_V,447796,447880,84,502466
case_084,pre,1,4556,SUB,PIPE_V,447880,447964,84,502466
case_084,pre,1,4557,EXP,PIPE_V,447964,448264,300,502466
case_084,pre,1,1000022179,COPY_IN,PIPE_MTE2,447964,447965,1,502466
case_084,pre,1,1000022177,COPY_IN,PIPE_MTE2,447965,448017,52,502466
case_084,pre,1,1000022183,COPY_IN,PIPE_MTE2,448017,448069,52,502466
case_084,pre,1,1000022185,COPY_IN,PIPE_MTE2,448069,448121,52,502466
case_084,pre,1,4558,REDUCE,PIPE_V,448264,448348,84,502466
case_084,pre,1,4559,DIV,PIPE_V,448348,448648,300,502466
case_084,pre,1,4560,MATMUL,PIPE_M,448648,449236,588,502466
case_084,pre,1,4564,MATMUL,PIPE_M,449236,449824,588,502466
case_084,pre,1,1000022111,COPY_OUT,PIPE_MTE3,449236,449340,104,502466
case_084,pre,1,4566,DIV,PIPE_V,449824,450124,300,502466
case_084,pre,1,4567,REDUCE,PIPE_V,450124,450208,84,502466
case_084,pre,1,4568,SUB,PIPE_V,450208,450292,84,502466
case_084,pre,1,4569,EXP,PIPE_V,450292,450592,300,502466
case_084,pre,1,1000022189,COPY_IN,PIPE_MTE2,450292,450293,1,502466
case_084,pre,1,1000022187,COPY_IN,PIPE_MTE2,450293,450345,52,502466
case_084,pre,1,1000022193,COPY_IN,PIPE_MTE2,450345,450397,52,502466
case_084,pre,1,1000022195,COPY_IN,PIPE_MTE2,450397,450449,52,502466
case_084,pre,1,4570,REDUCE,PIPE_V,450592,450676,84,502466
case_084,pre,1,4571,DIV,PIPE_V,450676,450976,300,502466
case_084,pre,1,4572,MATMUL,PIPE_M,450976,451564,588,502466
case_084,pre,1,4576,MATMUL,PIPE_M,451564,452152,588,502466
case_084,pre,1,1000022121,COPY_OUT,PIPE_MTE3,451564,451668,104,502466
case_084,pre,1,4578,DIV,PIPE_V,452152,452452,300,502466
case_084,pre,1,4579,REDUCE,PIPE_V,452452,452536,84,502466
case_084,pre,1,4580,SUB,PIPE_V,452536,452620,84,502466
case_084,pre,1,4581,EXP,PIPE_V,452620,452920,300,502466
case_084,pre,1,1000022199,COPY_IN,PIPE_MTE2,452620,452621,1,502466
case_084,pre,1,1000022197,COPY_IN,PIPE_MTE2,452621,452673,52,502466
case_084,pre,1,1000022203,COPY_IN,PIPE_MTE2,452673,452725,52,502466
case_084,pre,1,1000022205,COPY_IN,PIPE_MTE2,452725,452777,52,502466
case_084,pre,1,4582,REDUCE,PIPE_V,452920,453004,84,502466
case_084,pre,1,4583,DIV,PIPE_V,453004,453304,300,502466
case_084,pre,1,4584,MATMUL,PIPE_M,453304,453892,588,502466
case_084,pre,1,4588,MATMUL,PIPE_M,453892,454480,588,502466
case_084,pre,1,1000022131,COPY_OUT,PIPE_MTE3,453892,453996,104,502466
case_084,pre,1,4590,DIV,PIPE_V,454480,454780,300,502466
case_084,pre,1,4591,REDUCE,PIPE_V,454780,454864,84,502466
case_084,pre,1,4592,SUB,PIPE_V,454864,454948,84,502466
case_084,pre,1,4593,EXP,PIPE_V,454948,455248,300,502466
case_084,pre,1,1000022209,COPY_IN,PIPE_MTE2,454948,454949,1,502466
case_084,pre,1,1000022207,COPY_IN,PIPE_MTE2,454949,455001,52,502466
case_084,pre,1,1000022213,COPY_IN,PIPE_MTE2,455001,455053,52,502466
case_084,pre,1,1000022215,COPY_IN,PIPE_MTE2,455053,455105,52,502466
case_084,pre,1,4594,REDUCE,PIPE_V,455248,455332,84,502466
case_084,pre,1,4595,DIV,PIPE_V,455332,455632,300,502466
case_084,pre,1,4596,MATMUL,PIPE_M,455632,456220,588,502466
case_084,pre,1,4600,MATMUL,PIPE_M,456220,456808,588,502466
case_084,pre,1,1000022141,COPY_OUT,PIPE_MTE3,456220,456324,104,502466
case_084,pre,1,4602,DIV,PIPE_V,456808,457108,300,502466
case_084,pre,1,4603,REDUCE,PIPE_V,457108,457192,84,502466
case_084,pre,1,4604,SUB,PIPE_V,457192,457276,84,502466
case_084,pre,1,4605,EXP,PIPE_V,457276,457576,300,502466
case_084,pre,1,1000022219,COPY_IN,PIPE_MTE2,457276,457277,1,502466
case_084,pre,1,1000022217,COPY_IN,PIPE_MTE2,457277,457329,52,502466
case_084,pre,1,1000022223,COPY_IN,PIPE_MTE2,457329,457381,52,502466
case_084,pre,1,1000022225,COPY_IN,PIPE_MTE2,457381,457433,52,502466
case_084,pre,1,4606,REDUCE,PIPE_V,457576,457660,84,502466
case_084,pre,1,4607,DIV,PIPE_V,457660,457960,300,502466
case_084,pre,1,4608,MATMUL,PIPE_M,457960,458548,588,502466
case_084,pre,1,4612,MATMUL,PIPE_M,458548,459136,588,502466
case_084,pre,1,1000022151,COPY_OUT,PIPE_MTE3,458548,458652,104,502466
case_084,pre,1,4614,DIV,PIPE_V,459136,459436,300,502466
case_084,pre,1,4615,REDUCE,PIPE_V,459436,459520,84,502466
case_084,pre,1,4616,SUB,PIPE_V,459520,459604,84,502466
case_084,pre,1,4617,EXP,PIPE_V,459604,459904,300,502466
case_084,pre,1,1000022229,COPY_IN,PIPE_MTE2,459604,459605,1,502466
case_084,pre,1,1000022227,COPY_IN,PIPE_MTE2,459605,459657,52,502466
case_084,pre,1,1000022233,COPY_IN,PIPE_MTE2,459657,459709,52,502466
case_084,pre,1,1000022235,COPY_IN,PIPE_MTE2,459709,459761,52,502466
case_084,pre,1,4618,REDUCE,PIPE_V,459904,459988,84,502466
case_084,pre,1,4619,DIV,PIPE_V,459988,460288,300,502466
case_084,pre,1,4620,MATMUL,PIPE_M,460288,460876,588,502466
case_084,pre,1,4624,MATMUL,PIPE_M,460876,461464,588,502466
case_084,pre,1,1000022161,COPY_OUT,PIPE_MTE3,460876,460980,104,502466
case_084,pre,1,4626,DIV,PIPE_V,461464,461764,300,502466
case_084,pre,1,4627,REDUCE,PIPE_V,461764,461848,84,502466
case_084,pre,1,4628,SUB,PIPE_V,461848,461932,84,502466
case_084,pre,1,4629,EXP,PIPE_V,461932,462232,300,502466
case_084,pre,1,1000022239,COPY_IN,PIPE_MTE2,461932,461933,1,502466
case_084,pre,1,1000022237,COPY_IN,PIPE_MTE2,461933,461985,52,502466
case_084,pre,1,1000022243,COPY_IN,PIPE_MTE2,461985,462037,52,502466
case_084,pre,1,1000022245,COPY_IN,PIPE_MTE2,462037,462089,52,502466
case_084,pre,1,4630,REDUCE,PIPE_V,462232,462316,84,502466
case_084,pre,1,4631,DIV,PIPE_V,462316,462616,300,502466
case_084,pre,1,4632,MATMUL,PIPE_M,462616,463204,588,502466
case_084,pre,1,4636,MATMUL,PIPE_M,463204,463792,588,502466
case_084,pre,1,1000022171,COPY_OUT,PIPE_MTE3,463204,463308,104,502466
case_084,pre,1,4638,DIV,PIPE_V,463792,464092,300,502466
case_084,pre,1,4639,REDUCE,PIPE_V,464092,464176,84,502466
case_084,pre,1,4640,SUB,PIPE_V,464176,464260,84,502466
case_084,pre,1,4641,EXP,PIPE_V,464260,464560,300,502466
case_084,pre,1,1000022249,COPY_IN,PIPE_MTE2,464260,464261,1,502466
case_084,pre,1,1000022247,COPY_IN,PIPE_MTE2,464261,464313,52,502466
case_084,pre,1,1000022253,COPY_IN,PIPE_MTE2,464313,464365,52,502466
case_084,pre,1,1000022255,COPY_IN,PIPE_MTE2,464365,464417,52,502466
case_084,pre,1,4642,REDUCE,PIPE_V,464560,464644,84,502466
case_084,pre,1,4643,DIV,PIPE_V,464644,464944,300,502466
case_084,pre,1,4644,MATMUL,PIPE_M,464944,465532,588,502466
case_084,pre,1,4648,MATMUL,PIPE_M,465532,466120,588,502466
case_084,pre,1,1000022181,COPY_OUT,PIPE_MTE3,465532,465636,104,502466
case_084,pre,1,4650,DIV,PIPE_V,466120,466420,300,502466
case_084,pre,1,4651,REDUCE,PIPE_V,466420,466504,84,502466
case_084,pre,1,4652,SUB,PIPE_V,466504,466588,84,502466
case_084,pre,1,4653,EXP,PIPE_V,466588,466888,300,502466
case_084,pre,1,1000022259,COPY_IN,PIPE_MTE2,466588,466589,1,502466
case_084,pre,1,1000022257,COPY_IN,PIPE_MTE2,466589,466641,52,502466
case_084,pre,1,1000022263,COPY_IN,PIPE_MTE2,466641,466693,52,502466
case_084,pre,1,1000022265,COPY_IN,PIPE_MTE2,466693,466745,52,502466
case_084,pre,1,4654,REDUCE,PIPE_V,466888,466972,84,502466
case_084,pre,1,4655,DIV,PIPE_V,466972,467272,300,502466
case_084,pre,1,4656,MATMUL,PIPE_M,467272,467860,588,502466
case_084,pre,1,4660,MATMUL,PIPE_M,467860,468448,588,502466
case_084,pre,1,1000022191,COPY_OUT,PIPE_MTE3,467860,467964,104,502466
case_084,pre,1,4662,DIV,PIPE_V,468448,468748,300,502466
case_084,pre,1,4663,REDUCE,PIPE_V,468748,468832,84,502466
case_084,pre,1,4664,SUB,PIPE_V,468832,468916,84,502466
case_084,pre,1,4665,EXP,PIPE_V,468916,469216,300,502466
case_084,pre,1,1000022269,COPY_IN,PIPE_MTE2,468916,468917,1,502466
case_084,pre,1,1000022267,COPY_IN,PIPE_MTE2,468917,468969,52,502466
case_084,pre,1,1000022273,COPY_IN,PIPE_MTE2,468969,469021,52,502466
case_084,pre,1,1000022275,COPY_IN,PIPE_MTE2,469021,469073,52,502466
case_084,pre,1,4666,REDUCE,PIPE_V,469216,469300,84,502466
case_084,pre,1,4667,DIV,PIPE_V,469300,469600,300,502466
case_084,pre,1,4668,MATMUL,PIPE_M,469600,470188,588,502466
case_084,pre,1,4672,MATMUL,PIPE_M,470188,470776,588,502466
case_084,pre,1,1000022201,COPY_OUT,PIPE_MTE3,470188,470292,104,502466
case_084,pre,1,4674,DIV,PIPE_V,470776,471076,300,502466
case_084,pre,1,4675,REDUCE,PIPE_V,471076,471160,84,502466
case_084,pre,1,4676,SUB,PIPE_V,471160,471244,84,502466
case_084,pre,1,4677,EXP,PIPE_V,471244,471544,300,502466
case_084,pre,1,1000022279,COPY_IN,PIPE_MTE2,471244,471245,1,502466
case_084,pre,1,1000022277,COPY_IN,PIPE_MTE2,471245,471297,52,502466
case_084,pre,1,1000022283,COPY_IN,PIPE_MTE2,471297,471349,52,502466
case_084,pre,1,1000022285,COPY_IN,PIPE_MTE2,471349,471401,52,502466
case_084,pre,1,4678,REDUCE,PIPE_V,471544,471628,84,502466
case_084,pre,1,4679,DIV,PIPE_V,471628,471928,300,502466
case_084,pre,1,4680,MATMUL,PIPE_M,471928,472516,588,502466
case_084,pre,1,4684,MATMUL,PIPE_M,472516,473104,588,502466
case_084,pre,1,1000022211,COPY_OUT,PIPE_MTE3,472516,472620,104,502466
case_084,pre,1,4686,DIV,PIPE_V,473104,473404,300,502466
case_084,pre,1,4687,REDUCE,PIPE_V,473404,473488,84,502466
case_084,pre,1,4688,SUB,PIPE_V,473488,473572,84,502466
case_084,pre,1,4689,EXP,PIPE_V,473572,473872,300,502466
case_084,pre,1,1000022289,COPY_IN,PIPE_MTE2,473572,473573,1,502466
case_084,pre,1,1000022287,COPY_IN,PIPE_MTE2,473573,473625,52,502466
case_084,pre,1,1000022293,COPY_IN,PIPE_MTE2,473625,473677,52,502466
case_084,pre,1,1000022295,COPY_IN,PIPE_MTE2,473677,473729,52,502466
case_084,pre,1,4690,REDUCE,PIPE_V,473872,473956,84,502466
case_084,pre,1,4691,DIV,PIPE_V,473956,474256,300,502466
case_084,pre,1,4692,MATMUL,PIPE_M,474256,474844,588,502466
case_084,pre,1,4696,MATMUL,PIPE_M,474844,475432,588,502466
case_084,pre,1,1000022221,COPY_OUT,PIPE_MTE3,474844,474948,104,502466
case_084,pre,1,4698,DIV,PIPE_V,475432,475732,300,502466
case_084,pre,1,4699,REDUCE,PIPE_V,475732,475816,84,502466
case_084,pre,1,4700,SUB,PIPE_V,475816,475900,84,502466
case_084,pre,1,4701,EXP,PIPE_V,475900,476200,300,502466
case_084,pre,1,1000022299,COPY_IN,PIPE_MTE2,475900,475901,1,502466
case_084,pre,1,1000022297,COPY_IN,PIPE_MTE2,475901,475953,52,502466
case_084,pre,1,1000022303,COPY_IN,PIPE_MTE2,475953,476005,52,502466
case_084,pre,1,1000022305,COPY_IN,PIPE_MTE2,476005,476057,52,502466
case_084,pre,1,4702,REDUCE,PIPE_V,476200,476284,84,502466
case_084,pre,1,4703,DIV,PIPE_V,476284,476584,300,502466
case_084,pre,1,4704,MATMUL,PIPE_M,476584,477172,588,502466
case_084,pre,1,4708,MATMUL,PIPE_M,477172,477760,588,502466
case_084,pre,1,1000022231,COPY_OUT,PIPE_MTE3,477172,477276,104,502466
case_084,pre,1,4710,DIV,PIPE_V,477760,478060,300,502466
case_084,pre,1,4711,REDUCE,PIPE_V,478060,478144,84,502466
case_084,pre,1,4712,SUB,PIPE_V,478144,478228,84,502466
case_084,pre,1,4713,EXP,PIPE_V,478228,478528,300,502466
case_084,pre,1,1000022309,COPY_IN,PIPE_MTE2,478228,478229,1,502466
case_084,pre,1,1000022307,COPY_IN,PIPE_MTE2,478229,478281,52,502466
case_084,pre,1,1000022313,COPY_IN,PIPE_MTE2,478281,478333,52,502466
case_084,pre,1,1000022315,COPY_IN,PIPE_MTE2,478333,478385,52,502466
case_084,pre,1,4714,REDUCE,PIPE_V,478528,478612,84,502466
case_084,pre,1,4715,DIV,PIPE_V,478612,478912,300,502466
case_084,pre,1,4716,MATMUL,PIPE_M,478912,479500,588,502466
case_084,pre,1,4720,MATMUL,PIPE_M,479500,480088,588,502466
case_084,pre,1,1000022241,COPY_OUT,PIPE_MTE3,479500,479604,104,502466
case_084,pre,1,4722,DIV,PIPE_V,480088,480388,300,502466
case_084,pre,1,4723,REDUCE,PIPE_V,480388,480472,84,502466
case_084,pre,1,4724,SUB,PIPE_V,480472,480556,84,502466
case_084,pre,1,4725,EXP,PIPE_V,480556,480856,300,502466
case_084,pre,1,1000022319,COPY_IN,PIPE_MTE2,480556,480557,1,502466
case_084,pre,1,1000022317,COPY_IN,PIPE_MTE2,480557,480609,52,502466
case_084,pre,1,1000022323,COPY_IN,PIPE_MTE2,480609,480661,52,502466
case_084,pre,1,1000022325,COPY_IN,PIPE_MTE2,480661,480713,52,502466
case_084,pre,1,4726,REDUCE,PIPE_V,480856,480940,84,502466
case_084,pre,1,4727,DIV,PIPE_V,480940,481240,300,502466
case_084,pre,1,4728,MATMUL,PIPE_M,481240,481828,588,502466
case_084,pre,1,4732,MATMUL,PIPE_M,481828,482416,588,502466
case_084,pre,1,1000022251,COPY_OUT,PIPE_MTE3,481828,481880,52,502466
case_084,pre,1,4734,DIV,PIPE_V,482416,482716,300,502466
case_084,pre,1,4735,REDUCE,PIPE_V,482716,482800,84,502466
case_084,pre,1,4736,SUB,PIPE_V,482800,482884,84,502466
case_084,pre,1,4737,EXP,PIPE_V,482884,483184,300,502466
case_084,pre,1,1000022329,COPY_IN,PIPE_MTE2,482884,482885,1,502466
case_084,pre,1,1000022327,COPY_IN,PIPE_MTE2,482885,482937,52,502466
case_084,pre,1,1000022337,COPY_IN,PIPE_MTE2,482937,482989,52,502466
case_084,pre,1,4738,REDUCE,PIPE_V,483184,483268,84,502466
case_084,pre,1,4739,DIV,PIPE_V,483268,483568,300,502466
case_084,pre,1,4740,MATMUL,PIPE_M,483568,484156,588,502466
case_084,pre,1,4744,MATMUL,PIPE_M,484156,484744,588,502466
case_084,pre,1,1000022261,COPY_OUT,PIPE_MTE3,484156,484208,52,502466
case_084,pre,1,4746,DIV,PIPE_V,484744,485044,300,502466
case_084,pre,1,4747,REDUCE,PIPE_V,485044,485128,84,502466
case_084,pre,1,4748,SUB,PIPE_V,485128,485212,84,502466
case_084,pre,1,4749,EXP,PIPE_V,485212,485512,300,502466
case_084,pre,1,4750,REDUCE,PIPE_V,485512,485596,84,502466
case_084,pre,1,4751,DIV,PIPE_V,485596,485896,300,502466
case_084,pre,1,4752,MATMUL,PIPE_M,485896,486484,588,502466
case_084,pre,1,4756,MATMUL,PIPE_M,486484,487072,588,502466
case_084,pre,1,1000022271,COPY_OUT,PIPE_MTE3,486484,486536,52,502466
case_084,pre,1,4758,DIV,PIPE_V,487072,487372,300,502466
case_084,pre,1,4759,REDUCE,PIPE_V,487372,487456,84,502466
case_084,pre,1,4760,SUB,PIPE_V,487456,487540,84,502466
case_084,pre,1,4761,EXP,PIPE_V,487540,487840,300,502466
case_084,pre,1,4762,REDUCE,PIPE_V,487840,487924,84,502466
case_084,pre,1,4763,DIV,PIPE_V,487924,488224,300,502466
case_084,pre,1,4764,MATMUL,PIPE_M,488224,488812,588,502466
case_084,pre,1,4768,MATMUL,PIPE_M,488812,489400,588,502466
case_084,pre,1,1000022281,COPY_OUT,PIPE_MTE3,488812,488864,52,502466
case_084,pre,1,4770,DIV,PIPE_V,489400,489700,300,502466
case_084,pre,1,4771,REDUCE,PIPE_V,489700,489784,84,502466
case_084,pre,1,4772,SUB,PIPE_V,489784,489868,84,502466
case_084,pre,1,4773,EXP,PIPE_V,489868,490168,300,502466
case_084,pre,1,4774,REDUCE,PIPE_V,490168,490252,84,502466
case_084,pre,1,4775,DIV,PIPE_V,490252,490552,300,502466
case_084,pre,1,4776,MATMUL,PIPE_M,490552,491140,588,502466
case_084,pre,1,4780,MATMUL,PIPE_M,491140,491728,588,502466
case_084,pre,1,1000022291,COPY_OUT,PIPE_MTE3,491140,491192,52,502466
case_084,pre,1,4782,DIV,PIPE_V,491728,492028,300,502466
case_084,pre,1,4783,REDUCE,PIPE_V,492028,492112,84,502466
case_084,pre,1,4784,SUB,PIPE_V,492112,492196,84,502466
case_084,pre,1,4785,EXP,PIPE_V,492196,492496,300,502466
case_084,pre,1,4786,REDUCE,PIPE_V,492496,492580,84,502466
case_084,pre,1,4787,DIV,PIPE_V,492580,492880,300,502466
case_084,pre,1,4788,MATMUL,PIPE_M,492880,493468,588,502466
case_084,pre,1,4792,MATMUL,PIPE_M,493468,494056,588,502466
case_084,pre,1,1000022301,COPY_OUT,PIPE_MTE3,493468,493520,52,502466
case_084,pre,1,4794,DIV,PIPE_V,494056,494356,300,502466
case_084,pre,1,4795,REDUCE,PIPE_V,494356,494440,84,502466
case_084,pre,1,4796,SUB,PIPE_V,494440,494524,84,502466
case_084,pre,1,4797,EXP,PIPE_V,494524,494824,300,502466
case_084,pre,1,4798,REDUCE,PIPE_V,494824,494908,84,502466
case_084,pre,1,4799,DIV,PIPE_V,494908,495208,300,502466
case_084,pre,1,4800,MATMUL,PIPE_M,495208,495796,588,502466
case_084,pre,1,4804,MATMUL,PIPE_M,495796,496384,588,502466
case_084,pre,1,1000022311,COPY_OUT,PIPE_MTE3,495796,495848,52,502466
case_084,pre,1,4806,DIV,PIPE_V,496384,496684,300,502466
case_084,pre,1,4807,REDUCE,PIPE_V,496684,496768,84,502466
case_084,pre,1,4808,SUB,PIPE_V,496768,496852,84,502466
case_084,pre,1,4809,EXP,PIPE_V,496852,497152,300,502466
case_084,pre,1,4810,REDUCE,PIPE_V,497152,497236,84,502466
case_084,pre,1,4811,DIV,PIPE_V,497236,497536,300,502466
case_084,pre,1,4812,MATMUL,PIPE_M,497536,498124,588,502466
case_084,pre,1,4816,MATMUL,PIPE_M,498124,498712,588,502466
case_084,pre,1,1000022321,COPY_OUT,PIPE_MTE3,498124,498176,52,502466
case_084,pre,1,4818,DIV,PIPE_V,498712,499012,300,502466
case_084,pre,1,4819,REDUCE,PIPE_V,499012,499096,84,502466
case_084,pre,1,4820,SUB,PIPE_V,499096,499180,84,502466
case_084,pre,1,4821,EXP,PIPE_V,499180,499480,300,502466
case_084,pre,1,4822,REDUCE,PIPE_V,499480,499564,84,502466
case_084,pre,1,4823,DIV,PIPE_V,499564,499864,300,502466
case_084,pre,1,4824,MATMUL,PIPE_M,499864,500452,588,502466
case_084,pre,1,4836,MATMUL,PIPE_M,500452,501040,588,502466
case_084,pre,1,1000022331,COPY_OUT,PIPE_MTE3,500452,500504,52,502466
case_084,pre,1,1000022341,COPY_OUT,PIPE_MTE3,501040,501092,52,502466
case_084,pre,2,1000026283,COPY_IN,PIPE_MTE2,0,260,260,502466
case_084,pre,2,1000026285,COPY_IN,PIPE_MTE2,260,520,260,502466
case_084,pre,2,9568,MATMUL,PIPE_M,520,1108,588,502466
case_084,pre,2,1000026289,COPY_IN,PIPE_MTE2,520,525,5,502466
case_084,pre,2,1000026293,COPY_IN,PIPE_MTE2,525,785,260,502466
case_084,pre,2,1000026295,COPY_IN,PIPE_MTE2,785,1045,260,502466
case_084,pre,2,1000026299,COPY_IN,PIPE_MTE2,1045,1050,5,502466
case_084,pre,2,1000026297,COPY_IN,PIPE_MTE2,1050,1310,260,502466
case_084,pre,2,9570,DIV,PIPE_V,1108,1408,300,502466
case_084,pre,2,9580,MATMUL,PIPE_M,1108,1696,588,502466
case_084,pre,2,1000026303,COPY_IN,PIPE_MTE2,1310,1570,260,502466
case_084,pre,2,1000026305,COPY_IN,PIPE_MTE2,1570,1830,260,502466
case_084,pre,2,9582,DIV,PIPE_V,1696,1996,300,502466
case_084,pre,2,1000026309,COPY_IN,PIPE_MTE2,1830,1835,5,502466
case_084,pre,2,1000026307,COPY_IN,PIPE_MTE2,1835,2095,260,502466
case_084,pre,2,9583,REDUCE,PIPE_V,1996,2080,84,502466
case_084,pre,2,9584,SUB,PIPE_V,2080,2164,84,502466
case_084,pre,2,1000026313,COPY_IN,PIPE_MTE2,2095,2355,260,502466
case_084,pre,2,9585,EXP,PIPE_V,2164,2464,300,502466
case_084,pre,2,1000026315,COPY_IN,PIPE_MTE2,2355,2615,260,502466
case_084,pre,2,9586,REDUCE,PIPE_V,2464,2548,84,502466
case_084,pre,2,9587,DIV,PIPE_V,2548,2848,300,502466
case_084,pre,2,1000026319,COPY_IN,PIPE_MTE2,2615,2620,5,502466
case_084,pre,2,1000026317,COPY_IN,PIPE_MTE2,2620,2887,267,502466
case_084,pre,2,9588,MATMUL,PIPE_M,2848,3436,588,502466
case_084,pre,2,1000026323,COPY_IN,PIPE_MTE2,2887,3192,305,502466
case_084,pre,2,1000026325,COPY_IN,PIPE_MTE2,3192,3462,270,502466
case_084,pre,2,9592,MATMUL,PIPE_M,3436,4024,588,502466
case_084,pre,2,1000026301,COPY_OUT,PIPE_MTE3,3436,3881,445,502466
case_084,pre,2,1000026329,COPY_IN,PIPE_MTE2,3462,3470,8,502466
case_084,pre,2,1000026327,COPY_IN,PIPE_MTE2,3470,3907,437,502466
case_084,pre,2,1000026333,COPY_IN,PIPE_MTE2,3907,4185,278,502466
case_084,pre,2,9594,DIV,PIPE_V,4024,4324,300,502466
case_084,pre,2,1000026335,COPY_IN,PIPE_MTE2,4185,4445,260,502466
case_084,pre,2,9595,REDUCE,PIPE_V,4324,4408,84,502466
case_084,pre,2,9596,SUB,PIPE_V,4408,4492,84,502466
case_084,pre,2,1000026339,COPY_IN,PIPE_MTE2,4445,4450,5,502466
case_084,pre,2,1000026337,COPY_IN,PIPE_MTE2,4450,4710,260,502466
case_084,pre,2,9597,EXP,PIPE_V,4492,4792,300,502466
case_084,pre,2,1000026343,COPY_IN,PIPE_MTE2,4710,4970,260,502466
case_084,pre,2,9598,REDUCE,PIPE_V,4792,4876,84,502466
case_084,pre,2,9599,DIV,PIPE_V,4876,5176,300,502466
case_084,pre,2,1000026345,COPY_IN,PIPE_MTE2,4970,5241,271,502466
case_084,pre,2,9600,MATMUL,PIPE_M,5176,5764,588,502466
case_084,pre,2,1000026349,COPY_IN,PIPE_MTE2,5241,5247,6,502466
case_084,pre,2,1000026347,COPY_IN,PIPE_MTE2,5247,5547,300,502466
case_084,pre,2,1000026353,COPY_IN,PIPE_MTE2,5547,5833,286,502466
case_084,pre,2,9604,MATMUL,PIPE_M,5764,6352,588,502466
case_084,pre,2,1000026311,COPY_OUT,PIPE_MTE3,5764,6210,446,502466
case_084,pre,2,1000026355,COPY_IN,PIPE_MTE2,5833,6262,429,502466
case_084,pre,2,1000026359,COPY_IN,PIPE_MTE2,6262,6268,6,502466
case_084,pre,2,1000026357,COPY_IN,PIPE_MTE2,6268,6540,272,502466
case_084,pre,2,9606,DIV,PIPE_V,6352,6652,300,502466
case_084,pre,2,1000026363,COPY_IN,PIPE_MTE2,6540,6800,260,502466
case_084,pre,2,9607,REDUCE,PIPE_V,6652,6736,84,502466
case_084,pre,2,9608,SUB,PIPE_V,6736,6820,84,502466
case_084,pre,2,1000026365,COPY_IN,PIPE_MTE2,6800,7060,260,502466
case_084,pre,2,9609,EXP,PIPE_V,6820,7120,300,502466
case_084,pre,2,1000026369,COPY_IN,PIPE_MTE2,7060,7065,5,502466
case_084,pre,2,1000026367,COPY_IN,PIPE_MTE2,7065,7325,260,502466
case_084,pre,2,9610,REDUCE,PIPE_V,7120,7204,84,502466
case_084,pre,2,9611,DIV,PIPE_V,7204,7504,300,502466
case_084,pre,2,1000026373,COPY_IN,PIPE_MTE2,7325,7602,277,502466
case_084,pre,2,9612,MATMUL,PIPE_M,7504,8092,588,502466
case_084,pre,2,1000026375,COPY_IN,PIPE_MTE2,7602,7897,295,502466
case_084,pre,2,1000026379,COPY_IN,PIPE_MTE2,7897,7902,5,502466
case_084,pre,2,1000026377,COPY_IN,PIPE_MTE2,7902,8204,302,502466
case_084,pre,2,9616,MATMUL,PIPE_M,8092,8680,588,502466
case_084,pre,2,1000026321,COPY_OUT,PIPE_MTE3,8092,8538,446,502466
case_084,pre,2,1000026383,COPY_IN,PIPE_MTE2,8204,8622,418,502466
case_084,pre,2,1000026385,COPY_IN,PIPE_MTE2,8622,8890,268,502466
case_084,pre,2,9618,DIV,PIPE_V,8680,8980,300,502466
case_084,pre,2,1000026389,COPY_IN,PIPE_MTE2,8890,8895,5,502466
case_084,pre,2,1000026387,COPY_IN,PIPE_MTE2,8895,9155,260,502466
case_084,pre,2,9619,REDUCE,PIPE_V,8980,9064,84,502466
case_084,pre,2,9620,SUB,PIPE_V,9064,9148,84,502466
case_084,pre,2,9621,EXP,PIPE_V,9148,9448,300,502466
case_084,pre,2,1000026393,COPY_IN,PIPE_MTE2,9155,9415,260,502466
case_084,pre,2,1000026395,COPY_IN,PIPE_MTE2,9415,9675,260,502466
case_084,pre,2,9622,REDUCE,PIPE_V,9448,9532,84,502466
case_084,pre,2,9623,DIV,PIPE_V,9532,9832,300,502466
case_084,pre,2,1000026399,COPY_IN,PIPE_MTE2,9675,9680,5,502466
case_084,pre,2,1000026397,COPY_IN,PIPE_MTE2,9680,9962,282,502466
case_084,pre,2,9624,MATMUL,PIPE_M,9832,10420,588,502466
case_084,pre,2,1000026403,COPY_IN,PIPE_MTE2,9962,10252,290,502466
case_084,pre,2,1000026405,COPY_IN,PIPE_MTE2,10252,10568,316,502466
case_084,pre,2,9628,MATMUL,PIPE_M,10420,11008,588,502466
case_084,pre,2,1000026331,COPY_OUT,PIPE_MTE3,10420,10727,307,502466
case_084,pre,2,9630,DIV,PIPE_V,11008,11308,300,502466
case_084,pre,2,9631,REDUCE,PIPE_V,11308,11392,84,502466
case_084,pre,2,9632,SUB,PIPE_V,11392,11476,84,502466
case_084,pre,2,9633,EXP,PIPE_V,11476,11776,300,502466
case_084,pre,2,1000026409,COPY_IN,PIPE_MTE2,11476,11479,3,502466
case_084,pre,2,1000026407,COPY_IN,PIPE_MTE2,11479,11635,156,502466
case_084,pre,2,1000026413,COPY_IN,PIPE_MTE2,11635,11836,201,502466
case_084,pre,2,9634,REDUCE,PIPE_V,11776,11860,84,502466
case_084,pre,2,1000026415,COPY_IN,PIPE_MTE2,11836,12044,208,502466
case_084,pre,2,9635,DIV,PIPE_V,11860,12160,300,502466
case_084,pre,2,9636,MATMUL,PIPE_M,12160,12748,588,502466
case_084,pre,2,9640,MATMUL,PIPE_M,12748,13336,588,502466
case_084,pre,2,1000026341,COPY_OUT,PIPE_MTE3,12748,12904,156,502466
case_084,pre,2,9642,DIV,PIPE_V,13336,13636,300,502466
case_084,pre,2,9643,REDUCE,PIPE_V,13636,13720,84,502466
case_084,pre,2,9644,SUB,PIPE_V,13720,13804,84,502466
case_084,pre,2,9645,EXP,PIPE_V,13804,14104,300,502466
case_084,pre,2,1000026419,COPY_IN,PIPE_MTE2,13804,13807,3,502466
case_084,pre,2,1000026417,COPY_IN,PIPE_MTE2,13807,13963,156,502466
case_084,pre,2,1000026423,COPY_IN,PIPE_MTE2,13963,14164,201,502466
case_084,pre,2,9646,REDUCE,PIPE_V,14104,14188,84,502466
case_084,pre,2,1000026425,COPY_IN,PIPE_MTE2,14164,14372,208,502466
case_084,pre,2,9647,DIV,PIPE_V,14188,14488,300,502466
case_084,pre,2,9648,MATMUL,PIPE_M,14488,15076,588,502466
case_084,pre,2,9652,MATMUL,PIPE_M,15076,15664,588,502466
case_084,pre,2,1000026351,COPY_OUT,PIPE_MTE3,15076,15232,156,502466
case_084,pre,2,9654,DIV,PIPE_V,15664,15964,300,502466
case_084,pre,2,9655,REDUCE,PIPE_V,15964,16048,84,502466
case_084,pre,2,9656,SUB,PIPE_V,16048,16132,84,502466
case_084,pre,2,9657,EXP,PIPE_V,16132,16432,300,502466
case_084,pre,2,1000026429,COPY_IN,PIPE_MTE2,16132,16135,3,502466
case_084,pre,2,1000026427,COPY_IN,PIPE_MTE2,16135,16291,156,502466
case_084,pre,2,1000026433,COPY_IN,PIPE_MTE2,16291,16492,201,502466
case_084,pre,2,9658,REDUCE,PIPE_V,16432,16516,84,502466
case_084,pre,2,1000026435,COPY_IN,PIPE_MTE2,16492,16700,208,502466
case_084,pre,2,9659,DIV,PIPE_V,16516,16816,300,502466
case_084,pre,2,9660,MATMUL,PIPE_M,16816,17404,588,502466
case_084,pre,2,9664,MATMUL,PIPE_M,17404,17992,588,502466
case_084,pre,2,1000026361,COPY_OUT,PIPE_MTE3,17404,17560,156,502466
case_084,pre,2,9666,DIV,PIPE_V,17992,18292,300,502466
case_084,pre,2,9667,REDUCE,PIPE_V,18292,18376,84,502466
case_084,pre,2,9668,SUB,PIPE_V,18376,18460,84,502466
case_084,pre,2,9669,EXP,PIPE_V,18460,18760,300,502466
case_084,pre,2,1000026439,COPY_IN,PIPE_MTE2,18460,18463,3,502466
case_084,pre,2,1000026437,COPY_IN,PIPE_MTE2,18463,18619,156,502466
case_084,pre,2,1000026443,COPY_IN,PIPE_MTE2,18619,18820,201,502466
case_084,pre,2,9670,REDUCE,PIPE_V,18760,18844,84,502466
case_084,pre,2,1000026445,COPY_IN,PIPE_MTE2,18820,19028,208,502466
case_084,pre,2,9671,DIV,PIPE_V,18844,19144,300,502466
case_084,pre,2,9672,MATMUL,PIPE_M,19144,19732,588,502466
case_084,pre,2,9676,MATMUL,PIPE_M,19732,20320,588,502466
case_084,pre,2,1000026371,COPY_OUT,PIPE_MTE3,19732,19888,156,502466
case_084,pre,2,9678,DIV,PIPE_V,20320,20620,300,502466
case_084,pre,2,9679,REDUCE,PIPE_V,20620,20704,84,502466
case_084,pre,2,9680,SUB,PIPE_V,20704,20788,84,502466
case_084,pre,2,9681,EXP,PIPE_V,20788,21088,300,502466
case_084,pre,2,1000026449,COPY_IN,PIPE_MTE2,20788,20791,3,502466
case_084,pre,2,1000026447,COPY_IN,PIPE_MTE2,20791,20947,156,502466
case_084,pre,2,1000026453,COPY_IN,PIPE_MTE2,20947,21148,201,502466
case_084,pre,2,9682,REDUCE,PIPE_V,21088,21172,84,502466
case_084,pre,2,1000026455,COPY_IN,PIPE_MTE2,21148,21356,208,502466
case_084,pre,2,9683,DIV,PIPE_V,21172,21472,300,502466
case_084,pre,2,9684,MATMUL,PIPE_M,21472,22060,588,502466
case_084,pre,2,9688,MATMUL,PIPE_M,22060,22648,588,502466
case_084,pre,2,1000026381,COPY_OUT,PIPE_MTE3,22060,22216,156,502466
case_084,pre,2,9690,DIV,PIPE_V,22648,22948,300,502466
case_084,pre,2,9691,REDUCE,PIPE_V,22948,23032,84,502466
case_084,pre,2,9692,SUB,PIPE_V,23032,23116,84,502466
case_084,pre,2,9693,EXP,PIPE_V,23116,23416,300,502466
case_084,pre,2,1000026459,COPY_IN,PIPE_MTE2,23116,23119,3,502466
case_084,pre,2,1000026457,COPY_IN,PIPE_MTE2,23119,23275,156,502466
case_084,pre,2,1000026463,COPY_IN,PIPE_MTE2,23275,23476,201,502466
case_084,pre,2,9694,REDUCE,PIPE_V,23416,23500,84,502466
case_084,pre,2,1000026465,COPY_IN,PIPE_MTE2,23476,23684,208,502466
case_084,pre,2,9695,DIV,PIPE_V,23500,23800,300,502466
case_084,pre,2,9696,MATMUL,PIPE_M,23800,24388,588,502466
case_084,pre,2,9700,MATMUL,PIPE_M,24388,24976,588,502466
case_084,pre,2,1000026391,COPY_OUT,PIPE_MTE3,24388,24544,156,502466
case_084,pre,2,9702,DIV,PIPE_V,24976,25276,300,502466
case_084,pre,2,9703,REDUCE,PIPE_V,25276,25360,84,502466
case_084,pre,2,9704,SUB,PIPE_V,25360,25444,84,502466
case_084,pre,2,9705,EXP,PIPE_V,25444,25744,300,502466
case_084,pre,2,1000026469,COPY_IN,PIPE_MTE2,25444,25447,3,502466
case_084,pre,2,1000026467,COPY_IN,PIPE_MTE2,25447,25603,156,502466
case_084,pre,2,1000026473,COPY_IN,PIPE_MTE2,25603,25804,201,502466
case_084,pre,2,9706,REDUCE,PIPE_V,25744,25828,84,502466
case_084,pre,2,1000026475,COPY_IN,PIPE_MTE2,25804,26012,208,502466
case_084,pre,2,9707,DIV,PIPE_V,25828,26128,300,502466
case_084,pre,2,9708,MATMUL,PIPE_M,26128,26716,588,502466
case_084,pre,2,9712,MATMUL,PIPE_M,26716,27304,588,502466
case_084,pre,2,1000026401,COPY_OUT,PIPE_MTE3,26716,26872,156,502466
case_084,pre,2,9714,DIV,PIPE_V,27304,27604,300,502466
case_084,pre,2,9715,REDUCE,PIPE_V,27604,27688,84,502466
case_084,pre,2,9716,SUB,PIPE_V,27688,27772,84,502466
case_084,pre,2,9717,EXP,PIPE_V,27772,28072,300,502466
case_084,pre,2,1000026479,COPY_IN,PIPE_MTE2,27772,27775,3,502466
case_084,pre,2,1000026477,COPY_IN,PIPE_MTE2,27775,27931,156,502466
case_084,pre,2,1000026483,COPY_IN,PIPE_MTE2,27931,28132,201,502466
case_084,pre,2,9718,REDUCE,PIPE_V,28072,28156,84,502466
case_084,pre,2,1000026485,COPY_IN,PIPE_MTE2,28132,28340,208,502466
case_084,pre,2,9719,DIV,PIPE_V,28156,28456,300,502466
case_084,pre,2,9720,MATMUL,PIPE_M,28456,29044,588,502466
case_084,pre,2,9724,MATMUL,PIPE_M,29044,29632,588,502466
case_084,pre,2,1000026411,COPY_OUT,PIPE_MTE3,29044,29200,156,502466
case_084,pre,2,9726,DIV,PIPE_V,29632,29932,300,502466
case_084,pre,2,9727,REDUCE,PIPE_V,29932,30016,84,502466
case_084,pre,2,9728,SUB,PIPE_V,30016,30100,84,502466
case_084,pre,2,9729,EXP,PIPE_V,30100,30400,300,502466
case_084,pre,2,1000026489,COPY_IN,PIPE_MTE2,30100,30103,3,502466
case_084,pre,2,1000026487,COPY_IN,PIPE_MTE2,30103,30259,156,502466
case_084,pre,2,1000026493,COPY_IN,PIPE_MTE2,30259,30460,201,502466
case_084,pre,2,9730,REDUCE,PIPE_V,30400,30484,84,502466
case_084,pre,2,1000026495,COPY_IN,PIPE_MTE2,30460,30668,208,502466
case_084,pre,2,9731,DIV,PIPE_V,30484,30784,300,502466
case_084,pre,2,9732,MATMUL,PIPE_M,30784,31372,588,502466
case_084,pre,2,9736,MATMUL,PIPE_M,31372,31960,588,502466
case_084,pre,2,1000026421,COPY_OUT,PIPE_MTE3,31372,31528,156,502466
case_084,pre,2,9738,DIV,PIPE_V,31960,32260,300,502466
case_084,pre,2,9739,REDUCE,PIPE_V,32260,32344,84,502466
case_084,pre,2,9740,SUB,PIPE_V,32344,32428,84,502466
case_084,pre,2,9741,EXP,PIPE_V,32428,32728,300,502466
case_084,pre,2,1000026499,COPY_IN,PIPE_MTE2,32428,32431,3,502466
case_084,pre,2,1000026497,COPY_IN,PIPE_MTE2,32431,32587,156,502466
case_084,pre,2,1000026503,COPY_IN,PIPE_MTE2,32587,32788,201,502466
case_084,pre,2,9742,REDUCE,PIPE_V,32728,32812,84,502466
case_084,pre,2,1000026505,COPY_IN,PIPE_MTE2,32788,32996,208,502466
case_084,pre,2,9743,DIV,PIPE_V,32812,33112,300,502466
case_084,pre,2,9744,MATMUL,PIPE_M,33112,33700,588,502466
case_084,pre,2,9748,MATMUL,PIPE_M,33700,34288,588,502466
case_084,pre,2,1000026431,COPY_OUT,PIPE_MTE3,33700,33856,156,502466
case_084,pre,2,9750,DIV,PIPE_V,34288,34588,300,502466
case_084,pre,2,9751,REDUCE,PIPE_V,34588,34672,84,502466
case_084,pre,2,9752,SUB,PIPE_V,34672,34756,84,502466
case_084,pre,2,9753,EXP,PIPE_V,34756,35056,300,502466
case_084,pre,2,1000026509,COPY_IN,PIPE_MTE2,34756,34759,3,502466
case_084,pre,2,1000026507,COPY_IN,PIPE_MTE2,34759,34915,156,502466
case_084,pre,2,1000026513,COPY_IN,PIPE_MTE2,34915,35116,201,502466
case_084,pre,2,9754,REDUCE,PIPE_V,35056,35140,84,502466
case_084,pre,2,1000026515,COPY_IN,PIPE_MTE2,35116,35324,208,502466
case_084,pre,2,9755,DIV,PIPE_V,35140,35440,300,502466
case_084,pre,2,9756,MATMUL,PIPE_M,35440,36028,588,502466
case_084,pre,2,9760,MATMUL,PIPE_M,36028,36616,588,502466
case_084,pre,2,1000026441,COPY_OUT,PIPE_MTE3,36028,36184,156,502466
case_084,pre,2,9762,DIV,PIPE_V,36616,36916,300,502466
case_084,pre,2,9763,REDUCE,PIPE_V,36916,37000,84,502466
case_084,pre,2,9764,SUB,PIPE_V,37000,37084,84,502466
case_084,pre,2,9765,EXP,PIPE_V,37084,37384,300,502466
case_084,pre,2,1000026519,COPY_IN,PIPE_MTE2,37084,37087,3,502466
case_084,pre,2,1000026517,COPY_IN,PIPE_MTE2,37087,37243,156,502466
case_084,pre,2,1000026523,COPY_IN,PIPE_MTE2,37243,37444,201,502466
case_084,pre,2,9766,REDUCE,PIPE_V,37384,37468,84,502466
case_084,pre,2,1000026525,COPY_IN,PIPE_MTE2,37444,37652,208,502466
case_084,pre,2,9767,DIV,PIPE_V,37468,37768,300,502466
case_084,pre,2,9768,MATMUL,PIPE_M,37768,38356,588,502466
case_084,pre,2,9772,MATMUL,PIPE_M,38356,38944,588,502466
case_084,pre,2,1000026451,COPY_OUT,PIPE_MTE3,38356,38512,156,502466
case_084,pre,2,9774,DIV,PIPE_V,38944,39244,300,502466
case_084,pre,2,9775,REDUCE,PIPE_V,39244,39328,84,502466
case_084,pre,2,9776,SUB,PIPE_V,39328,39412,84,502466
case_084,pre,2,9777,EXP,PIPE_V,39412,39712,300,502466
case_084,pre,2,1000026529,COPY_IN,PIPE_MTE2,39412,39415,3,502466
case_084,pre,2,1000026527,COPY_IN,PIPE_MTE2,39415,39571,156,502466
case_084,pre,2,1000026533,COPY_IN,PIPE_MTE2,39571,39772,201,502466
case_084,pre,2,9778,REDUCE,PIPE_V,39712,39796,84,502466
case_084,pre,2,1000026535,COPY_IN,PIPE_MTE2,39772,39980,208,502466
case_084,pre,2,9779,DIV,PIPE_V,39796,40096,300,502466
case_084,pre,2,9780,MATMUL,PIPE_M,40096,40684,588,502466
case_084,pre,2,9784,MATMUL,PIPE_M,40684,41272,588,502466
case_084,pre,2,1000026461,COPY_OUT,PIPE_MTE3,40684,40840,156,502466
case_084,pre,2,9786,DIV,PIPE_V,41272,41572,300,502466
case_084,pre,2,9787,REDUCE,PIPE_V,41572,41656,84,502466
case_084,pre,2,9788,SUB,PIPE_V,41656,41740,84,502466
case_084,pre,2,9789,EXP,PIPE_V,41740,42040,300,502466
case_084,pre,2,1000026539,COPY_IN,PIPE_MTE2,41740,41743,3,502466
case_084,pre,2,1000026537,COPY_IN,PIPE_MTE2,41743,41899,156,502466
case_084,pre,2,1000026543,COPY_IN,PIPE_MTE2,41899,42100,201,502466
case_084,pre,2,9790,REDUCE,PIPE_V,42040,42124,84,502466
case_084,pre,2,1000026545,COPY_IN,PIPE_MTE2,42100,42308,208,502466
case_084,pre,2,9791,DIV,PIPE_V,42124,42424,300,502466
case_084,pre,2,9792,MATMUL,PIPE_M,42424,43012,588,502466
case_084,pre,2,9796,MATMUL,PIPE_M,43012,43600,588,502466
case_084,pre,2,1000026471,COPY_OUT,PIPE_MTE3,43012,43168,156,502466
case_084,pre,2,9798,DIV,PIPE_V,43600,43900,300,502466
case_084,pre,2,9799,REDUCE,PIPE_V,43900,43984,84,502466
case_084,pre,2,9800,SUB,PIPE_V,43984,44068,84,502466
case_084,pre,2,9801,EXP,PIPE_V,44068,44368,300,502466
case_084,pre,2,1000026549,COPY_IN,PIPE_MTE2,44068,44071,3,502466
case_084,pre,2,1000026547,COPY_IN,PIPE_MTE2,44071,44227,156,502466
case_084,pre,2,1000026553,COPY_IN,PIPE_MTE2,44227,44428,201,502466
case_084,pre,2,9802,REDUCE,PIPE_V,44368,44452,84,502466
case_084,pre,2,1000026555,COPY_IN,PIPE_MTE2,44428,44636,208,502466
case_084,pre,2,9803,DIV,PIPE_V,44452,44752,300,502466
case_084,pre,2,9804,MATMUL,PIPE_M,44752,45340,588,502466
case_084,pre,2,9808,MATMUL,PIPE_M,45340,45928,588,502466
case_084,pre,2,1000026481,COPY_OUT,PIPE_MTE3,45340,45496,156,502466
case_084,pre,2,9810,DIV,PIPE_V,45928,46228,300,502466
case_084,pre,2,9811,REDUCE,PIPE_V,46228,46312,84,502466
case_084,pre,2,9812,SUB,PIPE_V,46312,46396,84,502466
case_084,pre,2,9813,EXP,PIPE_V,46396,46696,300,502466
case_084,pre,2,1000026559,COPY_IN,PIPE_MTE2,46396,46399,3,502466
case_084,pre,2,1000026557,COPY_IN,PIPE_MTE2,46399,46555,156,502466
case_084,pre,2,1000026563,COPY_IN,PIPE_MTE2,46555,46756,201,502466
case_084,pre,2,9814,REDUCE,PIPE_V,46696,46780,84,502466
case_084,pre,2,1000026565,COPY_IN,PIPE_MTE2,46756,46964,208,502466
case_084,pre,2,9815,DIV,PIPE_V,46780,47080,300,502466
case_084,pre,2,9816,MATMUL,PIPE_M,47080,47668,588,502466
case_084,pre,2,9820,MATMUL,PIPE_M,47668,48256,588,502466
case_084,pre,2,1000026491,COPY_OUT,PIPE_MTE3,47668,47824,156,502466
case_084,pre,2,9822,DIV,PIPE_V,48256,48556,300,502466
case_084,pre,2,9823,REDUCE,PIPE_V,48556,48640,84,502466
case_084,pre,2,9824,SUB,PIPE_V,48640,48724,84,502466
case_084,pre,2,9825,EXP,PIPE_V,48724,49024,300,502466
case_084,pre,2,1000026569,COPY_IN,PIPE_MTE2,48724,48727,3,502466
case_084,pre,2,1000026567,COPY_IN,PIPE_MTE2,48727,48883,156,502466
case_084,pre,2,1000026573,COPY_IN,PIPE_MTE2,48883,49084,201,502466
case_084,pre,2,9826,REDUCE,PIPE_V,49024,49108,84,502466
case_084,pre,2,1000026575,COPY_IN,PIPE_MTE2,49084,49292,208,502466
case_084,pre,2,9827,DIV,PIPE_V,49108,49408,300,502466
case_084,pre,2,9828,MATMUL,PIPE_M,49408,49996,588,502466
case_084,pre,2,9832,MATMUL,PIPE_M,49996,50584,588,502466
case_084,pre,2,1000026501,COPY_OUT,PIPE_MTE3,49996,50152,156,502466
case_084,pre,2,9834,DIV,PIPE_V,50584,50884,300,502466
case_084,pre,2,9835,REDUCE,PIPE_V,50884,50968,84,502466
case_084,pre,2,9836,SUB,PIPE_V,50968,51052,84,502466
case_084,pre,2,9837,EXP,PIPE_V,51052,51352,300,502466
case_084,pre,2,1000026579,COPY_IN,PIPE_MTE2,51052,51055,3,502466
case_084,pre,2,1000026577,COPY_IN,PIPE_MTE2,51055,51211,156,502466
case_084,pre,2,1000026583,COPY_IN,PIPE_MTE2,51211,51412,201,502466
case_084,pre,2,9838,REDUCE,PIPE_V,51352,51436,84,502466
case_084,pre,2,1000026585,COPY_IN,PIPE_MTE2,51412,51620,208,502466
case_084,pre,2,9839,DIV,PIPE_V,51436,51736,300,502466
case_084,pre,2,9840,MATMUL,PIPE_M,51736,52324,588,502466
case_084,pre,2,9844,MATMUL,PIPE_M,52324,52912,588,502466
case_084,pre,2,1000026511,COPY_OUT,PIPE_MTE3,52324,52480,156,502466
case_084,pre,2,9846,DIV,PIPE_V,52912,53212,300,502466
case_084,pre,2,9847,REDUCE,PIPE_V,53212,53296,84,502466
case_084,pre,2,9848,SUB,PIPE_V,53296,53380,84,502466
case_084,pre,2,9849,EXP,PIPE_V,53380,53680,300,502466
case_084,pre,2,1000026589,COPY_IN,PIPE_MTE2,53380,53383,3,502466
case_084,pre,2,1000026587,COPY_IN,PIPE_MTE2,53383,53539,156,502466
case_084,pre,2,1000026593,COPY_IN,PIPE_MTE2,53539,53740,201,502466
case_084,pre,2,9850,REDUCE,PIPE_V,53680,53764,84,502466
case_084,pre,2,1000026595,COPY_IN,PIPE_MTE2,53740,53948,208,502466
case_084,pre,2,9851,DIV,PIPE_V,53764,54064,300,502466
case_084,pre,2,9852,MATMUL,PIPE_M,54064,54652,588,502466
case_084,pre,2,9856,MATMUL,PIPE_M,54652,55240,588,502466
case_084,pre,2,1000026521,COPY_OUT,PIPE_MTE3,54652,54808,156,502466
case_084,pre,2,9858,DIV,PIPE_V,55240,55540,300,502466
case_084,pre,2,9859,REDUCE,PIPE_V,55540,55624,84,502466
case_084,pre,2,9860,SUB,PIPE_V,55624,55708,84,502466
case_084,pre,2,9861,EXP,PIPE_V,55708,56008,300,502466
case_084,pre,2,1000026599,COPY_IN,PIPE_MTE2,55708,55711,3,502466
case_084,pre,2,1000026597,COPY_IN,PIPE_MTE2,55711,55867,156,502466
case_084,pre,2,1000026603,COPY_IN,PIPE_MTE2,55867,56068,201,502466
case_084,pre,2,9862,REDUCE,PIPE_V,56008,56092,84,502466
case_084,pre,2,1000026605,COPY_IN,PIPE_MTE2,56068,56276,208,502466
case_084,pre,2,9863,DIV,PIPE_V,56092,56392,300,502466
case_084,pre,2,9864,MATMUL,PIPE_M,56392,56980,588,502466
case_084,pre,2,9868,MATMUL,PIPE_M,56980,57568,588,502466
case_084,pre,2,1000026531,COPY_OUT,PIPE_MTE3,56980,57136,156,502466
case_084,pre,2,9870,DIV,PIPE_V,57568,57868,300,502466
case_084,pre,2,9871,REDUCE,PIPE_V,57868,57952,84,502466
case_084,pre,2,9872,SUB,PIPE_V,57952,58036,84,502466
case_084,pre,2,9873,EXP,PIPE_V,58036,58336,300,502466
case_084,pre,2,1000026609,COPY_IN,PIPE_MTE2,58036,58039,3,502466
case_084,pre,2,1000026607,COPY_IN,PIPE_MTE2,58039,58195,156,502466
case_084,pre,2,1000026613,COPY_IN,PIPE_MTE2,58195,58396,201,502466
case_084,pre,2,9874,REDUCE,PIPE_V,58336,58420,84,502466
case_084,pre,2,1000026615,COPY_IN,PIPE_MTE2,58396,58604,208,502466
case_084,pre,2,9875,DIV,PIPE_V,58420,58720,300,502466
case_084,pre,2,9876,MATMUL,PIPE_M,58720,59308,588,502466
case_084,pre,2,9880,MATMUL,PIPE_M,59308,59896,588,502466
case_084,pre,2,1000026541,COPY_OUT,PIPE_MTE3,59308,59464,156,502466
case_084,pre,2,9882,DIV,PIPE_V,59896,60196,300,502466
case_084,pre,2,9883,REDUCE,PIPE_V,60196,60280,84,502466
case_084,pre,2,9884,SUB,PIPE_V,60280,60364,84,502466
case_084,pre,2,9885,EXP,PIPE_V,60364,60664,300,502466
case_084,pre,2,1000026619,COPY_IN,PIPE_MTE2,60364,60367,3,502466
case_084,pre,2,1000026617,COPY_IN,PIPE_MTE2,60367,60523,156,502466
case_084,pre,2,1000026623,COPY_IN,PIPE_MTE2,60523,60724,201,502466
case_084,pre,2,9886,REDUCE,PIPE_V,60664,60748,84,502466
case_084,pre,2,1000026625,COPY_IN,PIPE_MTE2,60724,60932,208,502466
case_084,pre,2,9887,DIV,PIPE_V,60748,61048,300,502466
case_084,pre,2,9888,MATMUL,PIPE_M,61048,61636,588,502466
case_084,pre,2,9892,MATMUL,PIPE_M,61636,62224,588,502466
case_084,pre,2,1000026551,COPY_OUT,PIPE_MTE3,61636,61792,156,502466
case_084,pre,2,9894,DIV,PIPE_V,62224,62524,300,502466
case_084,pre,2,9895,REDUCE,PIPE_V,62524,62608,84,502466
case_084,pre,2,9896,SUB,PIPE_V,62608,62692,84,502466
case_084,pre,2,9897,EXP,PIPE_V,62692,62992,300,502466
case_084,pre,2,1000026629,COPY_IN,PIPE_MTE2,62692,62695,3,502466
case_084,pre,2,1000026627,COPY_IN,PIPE_MTE2,62695,62851,156,502466
case_084,pre,2,1000026633,COPY_IN,PIPE_MTE2,62851,63052,201,502466
case_084,pre,2,9898,REDUCE,PIPE_V,62992,63076,84,502466
case_084,pre,2,1000026635,COPY_IN,PIPE_MTE2,63052,63260,208,502466
case_084,pre,2,9899,DIV,PIPE_V,63076,63376,300,502466
case_084,pre,2,9900,MATMUL,PIPE_M,63376,63964,588,502466
case_084,pre,2,9904,MATMUL,PIPE_M,63964,64552,588,502466
case_084,pre,2,1000026561,COPY_OUT,PIPE_MTE3,63964,64120,156,502466
case_084,pre,2,9906,DIV,PIPE_V,64552,64852,300,502466
case_084,pre,2,9907,REDUCE,PIPE_V,64852,64936,84,502466
case_084,pre,2,9908,SUB,PIPE_V,64936,65020,84,502466
case_084,pre,2,9909,EXP,PIPE_V,65020,65320,300,502466
case_084,pre,2,1000026639,COPY_IN,PIPE_MTE2,65020,65023,3,502466
case_084,pre,2,1000026637,COPY_IN,PIPE_MTE2,65023,65179,156,502466
case_084,pre,2,1000026643,COPY_IN,PIPE_MTE2,65179,65380,201,502466
case_084,pre,2,9910,REDUCE,PIPE_V,65320,65404,84,502466
case_084,pre,2,1000026645,COPY_IN,PIPE_MTE2,65380,65588,208,502466
case_084,pre,2,9911,DIV,PIPE_V,65404,65704,300,502466
case_084,pre,2,9912,MATMUL,PIPE_M,65704,66292,588,502466
case_084,pre,2,9916,MATMUL,PIPE_M,66292,66880,588,502466
case_084,pre,2,1000026571,COPY_OUT,PIPE_MTE3,66292,66448,156,502466
case_084,pre,2,9918,DIV,PIPE_V,66880,67180,300,502466
case_084,pre,2,9919,REDUCE,PIPE_V,67180,67264,84,502466
case_084,pre,2,9920,SUB,PIPE_V,67264,67348,84,502466
case_084,pre,2,9921,EXP,PIPE_V,67348,67648,300,502466
case_084,pre,2,1000026649,COPY_IN,PIPE_MTE2,67348,67351,3,502466
case_084,pre,2,1000026647,COPY_IN,PIPE_MTE2,67351,67507,156,502466
case_084,pre,2,1000026653,COPY_IN,PIPE_MTE2,67507,67708,201,502466
case_084,pre,2,9922,REDUCE,PIPE_V,67648,67732,84,502466
case_084,pre,2,1000026655,COPY_IN,PIPE_MTE2,67708,67916,208,502466
case_084,pre,2,9923,DIV,PIPE_V,67732,68032,300,502466
case_084,pre,2,9924,MATMUL,PIPE_M,68032,68620,588,502466
case_084,pre,2,9928,MATMUL,PIPE_M,68620,69208,588,502466
case_084,pre,2,1000026581,COPY_OUT,PIPE_MTE3,68620,68776,156,502466
case_084,pre,2,9930,DIV,PIPE_V,69208,69508,300,502466
case_084,pre,2,9931,REDUCE,PIPE_V,69508,69592,84,502466
case_084,pre,2,9932,SUB,PIPE_V,69592,69676,84,502466
case_084,pre,2,9933,EXP,PIPE_V,69676,69976,300,502466
case_084,pre,2,1000026659,COPY_IN,PIPE_MTE2,69676,69679,3,502466
case_084,pre,2,1000026657,COPY_IN,PIPE_MTE2,69679,69835,156,502466
case_084,pre,2,1000026663,COPY_IN,PIPE_MTE2,69835,70036,201,502466
case_084,pre,2,9934,REDUCE,PIPE_V,69976,70060,84,502466
case_084,pre,2,1000026665,COPY_IN,PIPE_MTE2,70036,70244,208,502466
case_084,pre,2,9935,DIV,PIPE_V,70060,70360,300,502466
case_084,pre,2,9936,MATMUL,PIPE_M,70360,70948,588,502466
case_084,pre,2,9940,MATMUL,PIPE_M,70948,71536,588,502466
case_084,pre,2,1000026591,COPY_OUT,PIPE_MTE3,70948,71104,156,502466
case_084,pre,2,9942,DIV,PIPE_V,71536,71836,300,502466
case_084,pre,2,9943,REDUCE,PIPE_V,71836,71920,84,502466
case_084,pre,2,9944,SUB,PIPE_V,71920,72004,84,502466
case_084,pre,2,9945,EXP,PIPE_V,72004,72304,300,502466
case_084,pre,2,1000026669,COPY_IN,PIPE_MTE2,72004,72007,3,502466
case_084,pre,2,1000026667,COPY_IN,PIPE_MTE2,72007,72163,156,502466
case_084,pre,2,1000026673,COPY_IN,PIPE_MTE2,72163,72364,201,502466
case_084,pre,2,9946,REDUCE,PIPE_V,72304,72388,84,502466
case_084,pre,2,1000026675,COPY_IN,PIPE_MTE2,72364,72572,208,502466
case_084,pre,2,9947,DIV,PIPE_V,72388,72688,300,502466
case_084,pre,2,9948,MATMUL,PIPE_M,72688,73276,588,502466
case_084,pre,2,9952,MATMUL,PIPE_M,73276,73864,588,502466
case_084,pre,2,1000026601,COPY_OUT,PIPE_MTE3,73276,73432,156,502466
case_084,pre,2,9954,DIV,PIPE_V,73864,74164,300,502466
case_084,pre,2,9955,REDUCE,PIPE_V,74164,74248,84,502466
case_084,pre,2,9956,SUB,PIPE_V,74248,74332,84,502466
case_084,pre,2,9957,EXP,PIPE_V,74332,74632,300,502466
case_084,pre,2,1000026679,COPY_IN,PIPE_MTE2,74332,74335,3,502466
case_084,pre,2,1000026677,COPY_IN,PIPE_MTE2,74335,74491,156,502466
case_084,pre,2,1000026683,COPY_IN,PIPE_MTE2,74491,74692,201,502466
case_084,pre,2,9958,REDUCE,PIPE_V,74632,74716,84,502466
case_084,pre,2,1000026685,COPY_IN,PIPE_MTE2,74692,74900,208,502466
case_084,pre,2,9959,DIV,PIPE_V,74716,75016,300,502466
case_084,pre,2,9960,MATMUL,PIPE_M,75016,75604,588,502466
case_084,pre,2,9964,MATMUL,PIPE_M,75604,76192,588,502466
case_084,pre,2,1000026611,COPY_OUT,PIPE_MTE3,75604,75760,156,502466
case_084,pre,2,9966,DIV,PIPE_V,76192,76492,300,502466
case_084,pre,2,9967,REDUCE,PIPE_V,76492,76576,84,502466
case_084,pre,2,9968,SUB,PIPE_V,76576,76660,84,502466
case_084,pre,2,9969,EXP,PIPE_V,76660,76960,300,502466
case_084,pre,2,1000026689,COPY_IN,PIPE_MTE2,76660,76663,3,502466
case_084,pre,2,1000026687,COPY_IN,PIPE_MTE2,76663,76819,156,502466
case_084,pre,2,1000026693,COPY_IN,PIPE_MTE2,76819,77020,201,502466
case_084,pre,2,9970,REDUCE,PIPE_V,76960,77044,84,502466
case_084,pre,2,1000026695,COPY_IN,PIPE_MTE2,77020,77228,208,502466
case_084,pre,2,9971,DIV,PIPE_V,77044,77344,300,502466
case_084,pre,2,9972,MATMUL,PIPE_M,77344,77932,588,502466
case_084,pre,2,9976,MATMUL,PIPE_M,77932,78520,588,502466
case_084,pre,2,1000026621,COPY_OUT,PIPE_MTE3,77932,78088,156,502466
case_084,pre,2,9978,DIV,PIPE_V,78520,78820,300,502466
case_084,pre,2,9979,REDUCE,PIPE_V,78820,78904,84,502466
case_084,pre,2,9980,SUB,PIPE_V,78904,78988,84,502466
case_084,pre,2,9981,EXP,PIPE_V,78988,79288,300,502466
case_084,pre,2,1000026699,COPY_IN,PIPE_MTE2,78988,78991,3,502466
case_084,pre,2,1000026697,COPY_IN,PIPE_MTE2,78991,79147,156,502466
case_084,pre,2,1000026703,COPY_IN,PIPE_MTE2,79147,79348,201,502466
case_084,pre,2,9982,REDUCE,PIPE_V,79288,79372,84,502466
case_084,pre,2,1000026705,COPY_IN,PIPE_MTE2,79348,79556,208,502466
case_084,pre,2,9983,DIV,PIPE_V,79372,79672,300,502466
case_084,pre,2,9984,MATMUL,PIPE_M,79672,80260,588,502466
case_084,pre,2,9988,MATMUL,PIPE_M,80260,80848,588,502466
case_084,pre,2,1000026631,COPY_OUT,PIPE_MTE3,80260,80416,156,502466
case_084,pre,2,9990,DIV,PIPE_V,80848,81148,300,502466
case_084,pre,2,9991,REDUCE,PIPE_V,81148,81232,84,502466
case_084,pre,2,9992,SUB,PIPE_V,81232,81316,84,502466
case_084,pre,2,9993,EXP,PIPE_V,81316,81616,300,502466
case_084,pre,2,1000026709,COPY_IN,PIPE_MTE2,81316,81319,3,502466
case_084,pre,2,1000026707,COPY_IN,PIPE_MTE2,81319,81475,156,502466
case_084,pre,2,1000026713,COPY_IN,PIPE_MTE2,81475,81676,201,502466
case_084,pre,2,9994,REDUCE,PIPE_V,81616,81700,84,502466
case_084,pre,2,1000026715,COPY_IN,PIPE_MTE2,81676,81884,208,502466
case_084,pre,2,9995,DIV,PIPE_V,81700,82000,300,502466
case_084,pre,2,9996,MATMUL,PIPE_M,82000,82588,588,502466
case_084,pre,2,10000,MATMUL,PIPE_M,82588,83176,588,502466
case_084,pre,2,1000026641,COPY_OUT,PIPE_MTE3,82588,82744,156,502466
case_084,pre,2,10002,DIV,PIPE_V,83176,83476,300,502466
case_084,pre,2,10003,REDUCE,PIPE_V,83476,83560,84,502466
case_084,pre,2,10004,SUB,PIPE_V,83560,83644,84,502466
case_084,pre,2,10005,EXP,PIPE_V,83644,83944,300,502466
case_084,pre,2,1000026719,COPY_IN,PIPE_MTE2,83644,83647,3,502466
case_084,pre,2,1000026717,COPY_IN,PIPE_MTE2,83647,83803,156,502466
case_084,pre,2,1000026723,COPY_IN,PIPE_MTE2,83803,84004,201,502466
case_084,pre,2,10006,REDUCE,PIPE_V,83944,84028,84,502466
case_084,pre,2,1000026725,COPY_IN,PIPE_MTE2,84004,84212,208,502466
case_084,pre,2,10007,DIV,PIPE_V,84028,84328,300,502466
case_084,pre,2,10008,MATMUL,PIPE_M,84328,84916,588,502466
case_084,pre,2,10012,MATMUL,PIPE_M,84916,85504,588,502466
case_084,pre,2,1000026651,COPY_OUT,PIPE_MTE3,84916,85072,156,502466
case_084,pre,2,10014,DIV,PIPE_V,85504,85804,300,502466
case_084,pre,2,10015,REDUCE,PIPE_V,85804,85888,84,502466
case_084,pre,2,10016,SUB,PIPE_V,85888,85972,84,502466
case_084,pre,2,10017,EXP,PIPE_V,85972,86272,300,502466
case_084,pre,2,1000026729,COPY_IN,PIPE_MTE2,85972,85975,3,502466
case_084,pre,2,1000026727,COPY_IN,PIPE_MTE2,85975,86131,156,502466
case_084,pre,2,1000026733,COPY_IN,PIPE_MTE2,86131,86332,201,502466
case_084,pre,2,10018,REDUCE,PIPE_V,86272,86356,84,502466
case_084,pre,2,1000026735,COPY_IN,PIPE_MTE2,86332,86540,208,502466
case_084,pre,2,10019,DIV,PIPE_V,86356,86656,300,502466
case_084,pre,2,10020,MATMUL,PIPE_M,86656,87244,588,502466
case_084,pre,2,10024,MATMUL,PIPE_M,87244,87832,588,502466
case_084,pre,2,1000026661,COPY_OUT,PIPE_MTE3,87244,87400,156,502466
case_084,pre,2,10026,DIV,PIPE_V,87832,88132,300,502466
case_084,pre,2,10027,REDUCE,PIPE_V,88132,88216,84,502466
case_084,pre,2,10028,SUB,PIPE_V,88216,88300,84,502466
case_084,pre,2,10029,EXP,PIPE_V,88300,88600,300,502466
case_084,pre,2,1000026739,COPY_IN,PIPE_MTE2,88300,88303,3,502466
case_084,pre,2,1000026737,COPY_IN,PIPE_MTE2,88303,88459,156,502466
case_084,pre,2,1000026743,COPY_IN,PIPE_MTE2,88459,88660,201,502466
case_084,pre,2,10030,REDUCE,PIPE_V,88600,88684,84,502466
case_084,pre,2,1000026745,COPY_IN,PIPE_MTE2,88660,88868,208,502466
case_084,pre,2,10031,DIV,PIPE_V,88684,88984,300,502466
case_084,pre,2,10032,MATMUL,PIPE_M,88984,89572,588,502466
case_084,pre,2,10036,MATMUL,PIPE_M,89572,90160,588,502466
case_084,pre,2,1000026671,COPY_OUT,PIPE_MTE3,89572,89728,156,502466
case_084,pre,2,10038,DIV,PIPE_V,90160,90460,300,502466
case_084,pre,2,10039,REDUCE,PIPE_V,90460,90544,84,502466
case_084,pre,2,10040,SUB,PIPE_V,90544,90628,84,502466
case_084,pre,2,10041,EXP,PIPE_V,90628,90928,300,502466
case_084,pre,2,1000026749,COPY_IN,PIPE_MTE2,90628,90631,3,502466
case_084,pre,2,1000026747,COPY_IN,PIPE_MTE2,90631,90787,156,502466
case_084,pre,2,1000026753,COPY_IN,PIPE_MTE2,90787,90988,201,502466
case_084,pre,2,10042,REDUCE,PIPE_V,90928,91012,84,502466
case_084,pre,2,1000026755,COPY_IN,PIPE_MTE2,90988,91196,208,502466
case_084,pre,2,10043,DIV,PIPE_V,91012,91312,300,502466
case_084,pre,2,10044,MATMUL,PIPE_M,91312,91900,588,502466
case_084,pre,2,10048,MATMUL,PIPE_M,91900,92488,588,502466
case_084,pre,2,1000026681,COPY_OUT,PIPE_MTE3,91900,92056,156,502466
case_084,pre,2,10050,DIV,PIPE_V,92488,92788,300,502466
case_084,pre,2,10051,REDUCE,PIPE_V,92788,92872,84,502466
case_084,pre,2,10052,SUB,PIPE_V,92872,92956,84,502466
case_084,pre,2,10053,EXP,PIPE_V,92956,93256,300,502466
case_084,pre,2,1000026759,COPY_IN,PIPE_MTE2,92956,92959,3,502466
case_084,pre,2,1000026757,COPY_IN,PIPE_MTE2,92959,93115,156,502466
case_084,pre,2,1000026763,COPY_IN,PIPE_MTE2,93115,93316,201,502466
case_084,pre,2,10054,REDUCE,PIPE_V,93256,93340,84,502466
case_084,pre,2,1000026765,COPY_IN,PIPE_MTE2,93316,93524,208,502466
case_084,pre,2,10055,DIV,PIPE_V,93340,93640,300,502466
case_084,pre,2,10056,MATMUL,PIPE_M,93640,94228,588,502466
case_084,pre,2,10060,MATMUL,PIPE_M,94228,94816,588,502466
case_084,pre,2,1000026691,COPY_OUT,PIPE_MTE3,94228,94384,156,502466
case_084,pre,2,10062,DIV,PIPE_V,94816,95116,300,502466
case_084,pre,2,10063,REDUCE,PIPE_V,95116,95200,84,502466
case_084,pre,2,10064,SUB,PIPE_V,95200,95284,84,502466
case_084,pre,2,10065,EXP,PIPE_V,95284,95584,300,502466
case_084,pre,2,1000026769,COPY_IN,PIPE_MTE2,95284,95287,3,502466
case_084,pre,2,1000026767,COPY_IN,PIPE_MTE2,95287,95443,156,502466
case_084,pre,2,1000026773,COPY_IN,PIPE_MTE2,95443,95644,201,502466
case_084,pre,2,10066,REDUCE,PIPE_V,95584,95668,84,502466
case_084,pre,2,1000026775,COPY_IN,PIPE_MTE2,95644,95852,208,502466
case_084,pre,2,10067,DIV,PIPE_V,95668,95968,300,502466
case_084,pre,2,10068,MATMUL,PIPE_M,95968,96556,588,502466
case_084,pre,2,10072,MATMUL,PIPE_M,96556,97144,588,502466
case_084,pre,2,1000026701,COPY_OUT,PIPE_MTE3,96556,96712,156,502466
case_084,pre,2,10074,DIV,PIPE_V,97144,97444,300,502466
case_084,pre,2,10075,REDUCE,PIPE_V,97444,97528,84,502466
case_084,pre,2,10076,SUB,PIPE_V,97528,97612,84,502466
case_084,pre,2,10077,EXP,PIPE_V,97612,97912,300,502466
case_084,pre,2,1000026779,COPY_IN,PIPE_MTE2,97612,97615,3,502466
case_084,pre,2,1000026777,COPY_IN,PIPE_MTE2,97615,97771,156,502466
case_084,pre,2,1000026783,COPY_IN,PIPE_MTE2,97771,97972,201,502466
case_084,pre,2,10078,REDUCE,PIPE_V,97912,97996,84,502466
case_084,pre,2,1000026785,COPY_IN,PIPE_MTE2,97972,98180,208,502466
case_084,pre,2,10079,DIV,PIPE_V,97996,98296,300,502466
case_084,pre,2,10080,MATMUL,PIPE_M,98296,98884,588,502466
case_084,pre,2,10084,MATMUL,PIPE_M,98884,99472,588,502466
case_084,pre,2,1000026711,COPY_OUT,PIPE_MTE3,98884,99040,156,502466
case_084,pre,2,10086,DIV,PIPE_V,99472,99772,300,502466
case_084,pre,2,10087,REDUCE,PIPE_V,99772,99856,84,502466
case_084,pre,2,10088,SUB,PIPE_V,99856,99940,84,502466
case_084,pre,2,10089,EXP,PIPE_V,99940,100240,300,502466
case_084,pre,2,1000026789,COPY_IN,PIPE_MTE2,99940,99943,3,502466
case_084,pre,2,1000026787,COPY_IN,PIPE_MTE2,99943,100099,156,502466
case_084,pre,2,1000026793,COPY_IN,PIPE_MTE2,100099,100300,201,502466
case_084,pre,2,10090,REDUCE,PIPE_V,100240,100324,84,502466
case_084,pre,2,1000026795,COPY_IN,PIPE_MTE2,100300,100508,208,502466
case_084,pre,2,10091,DIV,PIPE_V,100324,100624,300,502466
case_084,pre,2,10092,MATMUL,PIPE_M,100624,101212,588,502466
case_084,pre,2,10096,MATMUL,PIPE_M,101212,101800,588,502466
case_084,pre,2,1000026721,COPY_OUT,PIPE_MTE3,101212,101368,156,502466
case_084,pre,2,10098,DIV,PIPE_V,101800,102100,300,502466
case_084,pre,2,10099,REDUCE,PIPE_V,102100,102184,84,502466
case_084,pre,2,10100,SUB,PIPE_V,102184,102268,84,502466
case_084,pre,2,10101,EXP,PIPE_V,102268,102568,300,502466
case_084,pre,2,1000026799,COPY_IN,PIPE_MTE2,102268,102271,3,502466
case_084,pre,2,1000026797,COPY_IN,PIPE_MTE2,102271,102427,156,502466
case_084,pre,2,1000026803,COPY_IN,PIPE_MTE2,102427,102628,201,502466
case_084,pre,2,10102,REDUCE,PIPE_V,102568,102652,84,502466
case_084,pre,2,1000026805,COPY_IN,PIPE_MTE2,102628,102836,208,502466
case_084,pre,2,10103,DIV,PIPE_V,102652,102952,300,502466
case_084,pre,2,10104,MATMUL,PIPE_M,102952,103540,588,502466
case_084,pre,2,10108,MATMUL,PIPE_M,103540,104128,588,502466
case_084,pre,2,1000026731,COPY_OUT,PIPE_MTE3,103540,103696,156,502466
case_084,pre,2,10110,DIV,PIPE_V,104128,104428,300,502466
case_084,pre,2,10111,REDUCE,PIPE_V,104428,104512,84,502466
case_084,pre,2,10112,SUB,PIPE_V,104512,104596,84,502466
case_084,pre,2,10113,EXP,PIPE_V,104596,104896,300,502466
case_084,pre,2,1000026809,COPY_IN,PIPE_MTE2,104596,104599,3,502466
case_084,pre,2,1000026807,COPY_IN,PIPE_MTE2,104599,104755,156,502466
case_084,pre,2,1000026813,COPY_IN,PIPE_MTE2,104755,104956,201,502466
case_084,pre,2,10114,REDUCE,PIPE_V,104896,104980,84,502466
case_084,pre,2,1000026815,COPY_IN,PIPE_MTE2,104956,105164,208,502466
case_084,pre,2,10115,DIV,PIPE_V,104980,105280,300,502466
case_084,pre,2,10116,MATMUL,PIPE_M,105280,105868,588,502466
case_084,pre,2,10120,MATMUL,PIPE_M,105868,106456,588,502466
case_084,pre,2,1000026741,COPY_OUT,PIPE_MTE3,105868,106024,156,502466
case_084,pre,2,10122,DIV,PIPE_V,106456,106756,300,502466
case_084,pre,2,10123,REDUCE,PIPE_V,106756,106840,84,502466
case_084,pre,2,10124,SUB,PIPE_V,106840,106924,84,502466
case_084,pre,2,10125,EXP,PIPE_V,106924,107224,300,502466
case_084,pre,2,1000026819,COPY_IN,PIPE_MTE2,106924,106927,3,502466
case_084,pre,2,1000026817,COPY_IN,PIPE_MTE2,106927,107083,156,502466
case_084,pre,2,1000026823,COPY_IN,PIPE_MTE2,107083,107284,201,502466
case_084,pre,2,10126,REDUCE,PIPE_V,107224,107308,84,502466
case_084,pre,2,1000026825,COPY_IN,PIPE_MTE2,107284,107492,208,502466
case_084,pre,2,10127,DIV,PIPE_V,107308,107608,300,502466
case_084,pre,2,10128,MATMUL,PIPE_M,107608,108196,588,502466
case_084,pre,2,10132,MATMUL,PIPE_M,108196,108784,588,502466
case_084,pre,2,1000026751,COPY_OUT,PIPE_MTE3,108196,108352,156,502466
case_084,pre,2,10134,DIV,PIPE_V,108784,109084,300,502466
case_084,pre,2,10135,REDUCE,PIPE_V,109084,109168,84,502466
case_084,pre,2,10136,SUB,PIPE_V,109168,109252,84,502466
case_084,pre,2,10137,EXP,PIPE_V,109252,109552,300,502466
case_084,pre,2,1000026829,COPY_IN,PIPE_MTE2,109252,109255,3,502466
case_084,pre,2,1000026827,COPY_IN,PIPE_MTE2,109255,109411,156,502466
case_084,pre,2,1000026833,COPY_IN,PIPE_MTE2,109411,109612,201,502466
case_084,pre,2,10138,REDUCE,PIPE_V,109552,109636,84,502466
case_084,pre,2,1000026835,COPY_IN,PIPE_MTE2,109612,109820,208,502466
case_084,pre,2,10139,DIV,PIPE_V,109636,109936,300,502466
case_084,pre,2,10140,MATMUL,PIPE_M,109936,110524,588,502466
case_084,pre,2,10144,MATMUL,PIPE_M,110524,111112,588,502466
case_084,pre,2,1000026761,COPY_OUT,PIPE_MTE3,110524,110680,156,502466
case_084,pre,2,10146,DIV,PIPE_V,111112,111412,300,502466
case_084,pre,2,10147,REDUCE,PIPE_V,111412,111496,84,502466
case_084,pre,2,10148,SUB,PIPE_V,111496,111580,84,502466
case_084,pre,2,10149,EXP,PIPE_V,111580,111880,300,502466
case_084,pre,2,1000026839,COPY_IN,PIPE_MTE2,111580,111583,3,502466
case_084,pre,2,1000026837,COPY_IN,PIPE_MTE2,111583,111739,156,502466
case_084,pre,2,1000026843,COPY_IN,PIPE_MTE2,111739,111940,201,502466
case_084,pre,2,10150,REDUCE,PIPE_V,111880,111964,84,502466
case_084,pre,2,1000026845,COPY_IN,PIPE_MTE2,111940,112148,208,502466
case_084,pre,2,10151,DIV,PIPE_V,111964,112264,300,502466
case_084,pre,2,10152,MATMUL,PIPE_M,112264,112852,588,502466
case_084,pre,2,10156,MATMUL,PIPE_M,112852,113440,588,502466
case_084,pre,2,1000026771,COPY_OUT,PIPE_MTE3,112852,113008,156,502466
case_084,pre,2,10158,DIV,PIPE_V,113440,113740,300,502466
case_084,pre,2,10159,REDUCE,PIPE_V,113740,113824,84,502466
case_084,pre,2,10160,SUB,PIPE_V,113824,113908,84,502466
case_084,pre,2,10161,EXP,PIPE_V,113908,114208,300,502466
case_084,pre,2,1000026849,COPY_IN,PIPE_MTE2,113908,113911,3,502466
case_084,pre,2,1000026847,COPY_IN,PIPE_MTE2,113911,114067,156,502466
case_084,pre,2,1000026853,COPY_IN,PIPE_MTE2,114067,114268,201,502466
case_084,pre,2,10162,REDUCE,PIPE_V,114208,114292,84,502466
case_084,pre,2,1000026855,COPY_IN,PIPE_MTE2,114268,114476,208,502466
case_084,pre,2,10163,DIV,PIPE_V,114292,114592,300,502466
case_084,pre,2,10164,MATMUL,PIPE_M,114592,115180,588,502466
case_084,pre,2,10168,MATMUL,PIPE_M,115180,115768,588,502466
case_084,pre,2,1000026781,COPY_OUT,PIPE_MTE3,115180,115336,156,502466
case_084,pre,2,10170,DIV,PIPE_V,115768,116068,300,502466
case_084,pre,2,10171,REDUCE,PIPE_V,116068,116152,84,502466
case_084,pre,2,10172,SUB,PIPE_V,116152,116236,84,502466
case_084,pre,2,10173,EXP,PIPE_V,116236,116536,300,502466
case_084,pre,2,1000026859,COPY_IN,PIPE_MTE2,116236,116239,3,502466
case_084,pre,2,1000026857,COPY_IN,PIPE_MTE2,116239,116395,156,502466
case_084,pre,2,1000026863,COPY_IN,PIPE_MTE2,116395,116596,201,502466
case_084,pre,2,10174,REDUCE,PIPE_V,116536,116620,84,502466
case_084,pre,2,1000026865,COPY_IN,PIPE_MTE2,116596,116804,208,502466
case_084,pre,2,10175,DIV,PIPE_V,116620,116920,300,502466
case_084,pre,2,10176,MATMUL,PIPE_M,116920,117508,588,502466
case_084,pre,2,10180,MATMUL,PIPE_M,117508,118096,588,502466
case_084,pre,2,1000026791,COPY_OUT,PIPE_MTE3,117508,117664,156,502466
case_084,pre,2,10182,DIV,PIPE_V,118096,118396,300,502466
case_084,pre,2,10183,REDUCE,PIPE_V,118396,118480,84,502466
case_084,pre,2,10184,SUB,PIPE_V,118480,118564,84,502466
case_084,pre,2,10185,EXP,PIPE_V,118564,118864,300,502466
case_084,pre,2,1000026869,COPY_IN,PIPE_MTE2,118564,118567,3,502466
case_084,pre,2,1000026867,COPY_IN,PIPE_MTE2,118567,118723,156,502466
case_084,pre,2,1000026873,COPY_IN,PIPE_MTE2,118723,118924,201,502466
case_084,pre,2,10186,REDUCE,PIPE_V,118864,118948,84,502466
case_084,pre,2,1000026875,COPY_IN,PIPE_MTE2,118924,119132,208,502466
case_084,pre,2,10187,DIV,PIPE_V,118948,119248,300,502466
case_084,pre,2,10188,MATMUL,PIPE_M,119248,119836,588,502466
case_084,pre,2,10192,MATMUL,PIPE_M,119836,120424,588,502466
case_084,pre,2,1000026801,COPY_OUT,PIPE_MTE3,119836,119992,156,502466
case_084,pre,2,10194,DIV,PIPE_V,120424,120724,300,502466
case_084,pre,2,10195,REDUCE,PIPE_V,120724,120808,84,502466
case_084,pre,2,10196,SUB,PIPE_V,120808,120892,84,502466
case_084,pre,2,10197,EXP,PIPE_V,120892,121192,300,502466
case_084,pre,2,1000026879,COPY_IN,PIPE_MTE2,120892,120895,3,502466
case_084,pre,2,1000026877,COPY_IN,PIPE_MTE2,120895,121051,156,502466
case_084,pre,2,1000026883,COPY_IN,PIPE_MTE2,121051,121252,201,502466
case_084,pre,2,10198,REDUCE,PIPE_V,121192,121276,84,502466
case_084,pre,2,1000026885,COPY_IN,PIPE_MTE2,121252,121460,208,502466
case_084,pre,2,10199,DIV,PIPE_V,121276,121576,300,502466
case_084,pre,2,10200,MATMUL,PIPE_M,121576,122164,588,502466
case_084,pre,2,10204,MATMUL,PIPE_M,122164,122752,588,502466
case_084,pre,2,1000026811,COPY_OUT,PIPE_MTE3,122164,122320,156,502466
case_084,pre,2,10206,DIV,PIPE_V,122752,123052,300,502466
case_084,pre,2,10207,REDUCE,PIPE_V,123052,123136,84,502466
case_084,pre,2,10208,SUB,PIPE_V,123136,123220,84,502466
case_084,pre,2,10209,EXP,PIPE_V,123220,123520,300,502466
case_084,pre,2,1000026889,COPY_IN,PIPE_MTE2,123220,123223,3,502466
case_084,pre,2,1000026887,COPY_IN,PIPE_MTE2,123223,123379,156,502466
case_084,pre,2,1000026893,COPY_IN,PIPE_MTE2,123379,123580,201,502466
case_084,pre,2,10210,REDUCE,PIPE_V,123520,123604,84,502466
case_084,pre,2,1000026895,COPY_IN,PIPE_MTE2,123580,123788,208,502466
case_084,pre,2,10211,DIV,PIPE_V,123604,123904,300,502466
case_084,pre,2,10212,MATMUL,PIPE_M,123904,124492,588,502466
case_084,pre,2,10216,MATMUL,PIPE_M,124492,125080,588,502466
case_084,pre,2,1000026821,COPY_OUT,PIPE_MTE3,124492,124648,156,502466
case_084,pre,2,10218,DIV,PIPE_V,125080,125380,300,502466
case_084,pre,2,10219,REDUCE,PIPE_V,125380,125464,84,502466
case_084,pre,2,10220,SUB,PIPE_V,125464,125548,84,502466
case_084,pre,2,10221,EXP,PIPE_V,125548,125848,300,502466
case_084,pre,2,1000026899,COPY_IN,PIPE_MTE2,125548,125551,3,502466
case_084,pre,2,1000026897,COPY_IN,PIPE_MTE2,125551,125707,156,502466
case_084,pre,2,1000026903,COPY_IN,PIPE_MTE2,125707,125908,201,502466
case_084,pre,2,10222,REDUCE,PIPE_V,125848,125932,84,502466
case_084,pre,2,1000026905,COPY_IN,PIPE_MTE2,125908,126116,208,502466
case_084,pre,2,10223,DIV,PIPE_V,125932,126232,300,502466
case_084,pre,2,10224,MATMUL,PIPE_M,126232,126820,588,502466
case_084,pre,2,10228,MATMUL,PIPE_M,126820,127408,588,502466
case_084,pre,2,1000026831,COPY_OUT,PIPE_MTE3,126820,126976,156,502466
case_084,pre,2,10230,DIV,PIPE_V,127408,127708,300,502466
case_084,pre,2,10231,REDUCE,PIPE_V,127708,127792,84,502466
case_084,pre,2,10232,SUB,PIPE_V,127792,127876,84,502466
case_084,pre,2,10233,EXP,PIPE_V,127876,128176,300,502466
case_084,pre,2,1000026909,COPY_IN,PIPE_MTE2,127876,127879,3,502466
case_084,pre,2,1000026907,COPY_IN,PIPE_MTE2,127879,128035,156,502466
case_084,pre,2,1000026913,COPY_IN,PIPE_MTE2,128035,128236,201,502466
case_084,pre,2,10234,REDUCE,PIPE_V,128176,128260,84,502466
case_084,pre,2,1000026915,COPY_IN,PIPE_MTE2,128236,128444,208,502466
case_084,pre,2,10235,DIV,PIPE_V,128260,128560,300,502466
case_084,pre,2,10236,MATMUL,PIPE_M,128560,129148,588,502466
case_084,pre,2,10240,MATMUL,PIPE_M,129148,129736,588,502466
case_084,pre,2,1000026841,COPY_OUT,PIPE_MTE3,129148,129304,156,502466
case_084,pre,2,10242,DIV,PIPE_V,129736,130036,300,502466
case_084,pre,2,10243,REDUCE,PIPE_V,130036,130120,84,502466
case_084,pre,2,10244,SUB,PIPE_V,130120,130204,84,502466
case_084,pre,2,10245,EXP,PIPE_V,130204,130504,300,502466
case_084,pre,2,1000026919,COPY_IN,PIPE_MTE2,130204,130207,3,502466
case_084,pre,2,1000026917,COPY_IN,PIPE_MTE2,130207,130363,156,502466
case_084,pre,2,1000026923,COPY_IN,PIPE_MTE2,130363,130564,201,502466
case_084,pre,2,10246,REDUCE,PIPE_V,130504,130588,84,502466
case_084,pre,2,1000026925,COPY_IN,PIPE_MTE2,130564,130772,208,502466
case_084,pre,2,10247,DIV,PIPE_V,130588,130888,300,502466
case_084,pre,2,10248,MATMUL,PIPE_M,130888,131476,588,502466
case_084,pre,2,10252,MATMUL,PIPE_M,131476,132064,588,502466
case_084,pre,2,1000026851,COPY_OUT,PIPE_MTE3,131476,131632,156,502466
case_084,pre,2,10254,DIV,PIPE_V,132064,132364,300,502466
case_084,pre,2,10255,REDUCE,PIPE_V,132364,132448,84,502466
case_084,pre,2,10256,SUB,PIPE_V,132448,132532,84,502466
case_084,pre,2,10257,EXP,PIPE_V,132532,132832,300,502466
case_084,pre,2,1000026929,COPY_IN,PIPE_MTE2,132532,132535,3,502466
case_084,pre,2,1000026927,COPY_IN,PIPE_MTE2,132535,132691,156,502466
case_084,pre,2,1000025493,COPY_IN,PIPE_MTE2,132691,132892,201,502466
case_084,pre,2,10258,REDUCE,PIPE_V,132832,132916,84,502466
case_084,pre,2,1000025495,COPY_IN,PIPE_MTE2,132892,133100,208,502466
case_084,pre,2,10259,DIV,PIPE_V,132916,133216,300,502466
case_084,pre,2,10260,MATMUL,PIPE_M,133216,133804,588,502466
case_084,pre,2,10264,MATMUL,PIPE_M,133804,134392,588,502466
case_084,pre,2,1000026861,COPY_OUT,PIPE_MTE3,133804,133960,156,502466
case_084,pre,2,10266,DIV,PIPE_V,134392,134692,300,502466
case_084,pre,2,10267,REDUCE,PIPE_V,134692,134776,84,502466
case_084,pre,2,10268,SUB,PIPE_V,134776,134860,84,502466
case_084,pre,2,10269,EXP,PIPE_V,134860,135160,300,502466
case_084,pre,2,1000025499,COPY_IN,PIPE_MTE2,134860,134863,3,502466
case_084,pre,2,1000025497,COPY_IN,PIPE_MTE2,134863,135019,156,502466
case_084,pre,2,1000025503,COPY_IN,PIPE_MTE2,135019,135220,201,502466
case_084,pre,2,10270,REDUCE,PIPE_V,135160,135244,84,502466
case_084,pre,2,1000025505,COPY_IN,PIPE_MTE2,135220,135428,208,502466
case_084,pre,2,10271,DIV,PIPE_V,135244,135544,300,502466
case_084,pre,2,10272,MATMUL,PIPE_M,135544,136132,588,502466
case_084,pre,2,10276,MATMUL,PIPE_M,136132,136720,588,502466
case_084,pre,2,1000026871,COPY_OUT,PIPE_MTE3,136132,136288,156,502466
case_084,pre,2,10278,DIV,PIPE_V,136720,137020,300,502466
case_084,pre,2,10279,REDUCE,PIPE_V,137020,137104,84,502466
case_084,pre,2,10280,SUB,PIPE_V,137104,137188,84,502466
case_084,pre,2,10281,EXP,PIPE_V,137188,137488,300,502466
case_084,pre,2,1000025509,COPY_IN,PIPE_MTE2,137188,137191,3,502466
case_084,pre,2,1000025507,COPY_IN,PIPE_MTE2,137191,137347,156,502466
case_084,pre,2,1000025513,COPY_IN,PIPE_MTE2,137347,137548,201,502466
case_084,pre,2,10282,REDUCE,PIPE_V,137488,137572,84,502466
case_084,pre,2,1000025515,COPY_IN,PIPE_MTE2,137548,137756,208,502466
case_084,pre,2,10283,DIV,PIPE_V,137572,137872,300,502466
case_084,pre,2,10284,MATMUL,PIPE_M,137872,138460,588,502466
case_084,pre,2,10288,MATMUL,PIPE_M,138460,139048,588,502466
case_084,pre,2,1000026881,COPY_OUT,PIPE_MTE3,138460,138616,156,502466
case_084,pre,2,10290,DIV,PIPE_V,139048,139348,300,502466
case_084,pre,2,10291,REDUCE,PIPE_V,139348,139432,84,502466
case_084,pre,2,10292,SUB,PIPE_V,139432,139516,84,502466
case_084,pre,2,10293,EXP,PIPE_V,139516,139816,300,502466
case_084,pre,2,1000025519,COPY_IN,PIPE_MTE2,139516,139519,3,502466
case_084,pre,2,1000025517,COPY_IN,PIPE_MTE2,139519,139675,156,502466
case_084,pre,2,1000025523,COPY_IN,PIPE_MTE2,139675,139876,201,502466
case_084,pre,2,10294,REDUCE,PIPE_V,139816,139900,84,502466
case_084,pre,2,1000025525,COPY_IN,PIPE_MTE2,139876,140084,208,502466
case_084,pre,2,10295,DIV,PIPE_V,139900,140200,300,502466
case_084,pre,2,10296,MATMUL,PIPE_M,140200,140788,588,502466
case_084,pre,2,10300,MATMUL,PIPE_M,140788,141376,588,502466
case_084,pre,2,1000026891,COPY_OUT,PIPE_MTE3,140788,140944,156,502466
case_084,pre,2,10302,DIV,PIPE_V,141376,141676,300,502466
case_084,pre,2,10303,REDUCE,PIPE_V,141676,141760,84,502466
case_084,pre,2,10304,SUB,PIPE_V,141760,141844,84,502466
case_084,pre,2,10305,EXP,PIPE_V,141844,142144,300,502466
case_084,pre,2,1000025529,COPY_IN,PIPE_MTE2,141844,141847,3,502466
case_084,pre,2,1000025527,COPY_IN,PIPE_MTE2,141847,142003,156,502466
case_084,pre,2,1000025533,COPY_IN,PIPE_MTE2,142003,142204,201,502466
case_084,pre,2,10306,REDUCE,PIPE_V,142144,142228,84,502466
case_084,pre,2,1000025535,COPY_IN,PIPE_MTE2,142204,142412,208,502466
case_084,pre,2,10307,DIV,PIPE_V,142228,142528,300,502466
case_084,pre,2,10308,MATMUL,PIPE_M,142528,143116,588,502466
case_084,pre,2,10312,MATMUL,PIPE_M,143116,143704,588,502466
case_084,pre,2,1000026901,COPY_OUT,PIPE_MTE3,143116,143272,156,502466
case_084,pre,2,10314,DIV,PIPE_V,143704,144004,300,502466
case_084,pre,2,10315,REDUCE,PIPE_V,144004,144088,84,502466
case_084,pre,2,10316,SUB,PIPE_V,144088,144172,84,502466
case_084,pre,2,10317,EXP,PIPE_V,144172,144472,300,502466
case_084,pre,2,1000025539,COPY_IN,PIPE_MTE2,144172,144175,3,502466
case_084,pre,2,1000025537,COPY_IN,PIPE_MTE2,144175,144331,156,502466
case_084,pre,2,1000025543,COPY_IN,PIPE_MTE2,144331,144532,201,502466
case_084,pre,2,10318,REDUCE,PIPE_V,144472,144556,84,502466
case_084,pre,2,1000025545,COPY_IN,PIPE_MTE2,144532,144740,208,502466
case_084,pre,2,10319,DIV,PIPE_V,144556,144856,300,502466
case_084,pre,2,10320,MATMUL,PIPE_M,144856,145444,588,502466
case_084,pre,2,10324,MATMUL,PIPE_M,145444,146032,588,502466
case_084,pre,2,1000026911,COPY_OUT,PIPE_MTE3,145444,145600,156,502466
case_084,pre,2,10326,DIV,PIPE_V,146032,146332,300,502466
case_084,pre,2,10327,REDUCE,PIPE_V,146332,146416,84,502466
case_084,pre,2,10328,SUB,PIPE_V,146416,146500,84,502466
case_084,pre,2,10329,EXP,PIPE_V,146500,146800,300,502466
case_084,pre,2,1000025549,COPY_IN,PIPE_MTE2,146500,146503,3,502466
case_084,pre,2,1000025547,COPY_IN,PIPE_MTE2,146503,146659,156,502466
case_084,pre,2,1000025553,COPY_IN,PIPE_MTE2,146659,146860,201,502466
case_084,pre,2,10330,REDUCE,PIPE_V,146800,146884,84,502466
case_084,pre,2,1000025555,COPY_IN,PIPE_MTE2,146860,147068,208,502466
case_084,pre,2,10331,DIV,PIPE_V,146884,147184,300,502466
case_084,pre,2,10332,MATMUL,PIPE_M,147184,147772,588,502466
case_084,pre,2,10336,MATMUL,PIPE_M,147772,148360,588,502466
case_084,pre,2,1000026921,COPY_OUT,PIPE_MTE3,147772,147928,156,502466
case_084,pre,2,10338,DIV,PIPE_V,148360,148660,300,502466
case_084,pre,2,10339,REDUCE,PIPE_V,148660,148744,84,502466
case_084,pre,2,10340,SUB,PIPE_V,148744,148828,84,502466
case_084,pre,2,10341,EXP,PIPE_V,148828,149128,300,502466
case_084,pre,2,1000025559,COPY_IN,PIPE_MTE2,148828,148831,3,502466
case_084,pre,2,1000025557,COPY_IN,PIPE_MTE2,148831,148987,156,502466
case_084,pre,2,1000025563,COPY_IN,PIPE_MTE2,148987,149188,201,502466
case_084,pre,2,10342,REDUCE,PIPE_V,149128,149212,84,502466
case_084,pre,2,1000025565,COPY_IN,PIPE_MTE2,149188,149352,164,502466
case_084,pre,2,10343,DIV,PIPE_V,149212,149512,300,502466
case_084,pre,2,10344,MATMUL,PIPE_M,149512,150100,588,502466
case_084,pre,2,8620,MATMUL,PIPE_M,150100,150688,588,502466
case_084,pre,2,1000026931,COPY_OUT,PIPE_MTE3,150100,150256,156,502466
case_084,pre,2,8622,DIV,PIPE_V,150688,150988,300,502466
case_084,pre,2,8623,REDUCE,PIPE_V,150988,151072,84,502466
case_084,pre,2,8624,SUB,PIPE_V,151072,151156,84,502466
case_084,pre,2,8625,EXP,PIPE_V,151156,151456,300,502466
case_084,pre,2,1000025569,COPY_IN,PIPE_MTE2,151156,151159,3,502466
case_084,pre,2,1000025567,COPY_IN,PIPE_MTE2,151159,151315,156,502466
case_084,pre,2,1000025573,COPY_IN,PIPE_MTE2,151315,151471,156,502466
case_084,pre,2,8626,REDUCE,PIPE_V,151456,151540,84,502466
case_084,pre,2,1000025575,COPY_IN,PIPE_MTE2,151471,151627,156,502466
case_084,pre,2,8627,DIV,PIPE_V,151540,151840,300,502466
case_084,pre,2,8628,MATMUL,PIPE_M,151840,152428,588,502466
case_084,pre,2,8632,MATMUL,PIPE_M,152428,153016,588,502466
case_084,pre,2,1000025501,COPY_OUT,PIPE_MTE3,152428,152584,156,502466
case_084,pre,2,8634,DIV,PIPE_V,153016,153316,300,502466
case_084,pre,2,8635,REDUCE,PIPE_V,153316,153400,84,502466
case_084,pre,2,8636,SUB,PIPE_V,153400,153484,84,502466
case_084,pre,2,8637,EXP,PIPE_V,153484,153784,300,502466
case_084,pre,2,1000025579,COPY_IN,PIPE_MTE2,153484,153486,2,502466
case_084,pre,2,1000025577,COPY_IN,PIPE_MTE2,153486,153590,104,502466
case_084,pre,2,1000025583,COPY_IN,PIPE_MTE2,153590,153694,104,502466
case_084,pre,2,1000025585,COPY_IN,PIPE_MTE2,153694,153798,104,502466
case_084,pre,2,8638,REDUCE,PIPE_V,153784,153868,84,502466
case_084,pre,2,8639,DIV,PIPE_V,153868,154168,300,502466
case_084,pre,2,8640,MATMUL,PIPE_M,154168,154756,588,502466
case_084,pre,2,8644,MATMUL,PIPE_M,154756,155344,588,502466
case_084,pre,2,1000025511,COPY_OUT,PIPE_MTE3,154756,154912,156,502466
case_084,pre,2,8646,DIV,PIPE_V,155344,155644,300,502466
case_084,pre,2,8647,REDUCE,PIPE_V,155644,155728,84,502466
case_084,pre,2,8648,SUB,PIPE_V,155728,155812,84,502466
case_084,pre,2,8649,EXP,PIPE_V,155812,156112,300,502466
case_084,pre,2,1000025589,COPY_IN,PIPE_MTE2,155812,155814,2,502466
case_084,pre,2,1000025587,COPY_IN,PIPE_MTE2,155814,155918,104,502466
case_084,pre,2,1000025593,COPY_IN,PIPE_MTE2,155918,156022,104,502466
case_084,pre,2,1000025595,COPY_IN,PIPE_MTE2,156022,156126,104,502466
case_084,pre,2,8650,REDUCE,PIPE_V,156112,156196,84,502466
case_084,pre,2,8651,DIV,PIPE_V,156196,156496,300,502466
case_084,pre,2,8652,MATMUL,PIPE_M,156496,157084,588,502466
case_084,pre,2,8656,MATMUL,PIPE_M,157084,157672,588,502466
case_084,pre,2,1000025521,COPY_OUT,PIPE_MTE3,157084,157240,156,502466
case_084,pre,2,8658,DIV,PIPE_V,157672,157972,300,502466
case_084,pre,2,8659,REDUCE,PIPE_V,157972,158056,84,502466
case_084,pre,2,8660,SUB,PIPE_V,158056,158140,84,502466
case_084,pre,2,8661,EXP,PIPE_V,158140,158440,300,502466
case_084,pre,2,1000025599,COPY_IN,PIPE_MTE2,158140,158142,2,502466
case_084,pre,2,1000025597,COPY_IN,PIPE_MTE2,158142,158246,104,502466
case_084,pre,2,1000025603,COPY_IN,PIPE_MTE2,158246,158350,104,502466
case_084,pre,2,1000025605,COPY_IN,PIPE_MTE2,158350,158454,104,502466
case_084,pre,2,8662,REDUCE,PIPE_V,158440,158524,84,502466
case_084,pre,2,8663,DIV,PIPE_V,158524,158824,300,502466
case_084,pre,2,8664,MATMUL,PIPE_M,158824,159412,588,502466
case_084,pre,2,8668,MATMUL,PIPE_M,159412,160000,588,502466
case_084,pre,2,1000025531,COPY_OUT,PIPE_MTE3,159412,159568,156,502466
case_084,pre,2,8670,DIV,PIPE_V,160000,160300,300,502466
case_084,pre,2,8671,REDUCE,PIPE_V,160300,160384,84,502466
case_084,pre,2,8672,SUB,PIPE_V,160384,160468,84,502466
case_084,pre,2,8673,EXP,PIPE_V,160468,160768,300,502466
case_084,pre,2,1000025609,COPY_IN,PIPE_MTE2,160468,160470,2,502466
case_084,pre,2,1000025607,COPY_IN,PIPE_MTE2,160470,160574,104,502466
case_084,pre,2,1000025613,COPY_IN,PIPE_MTE2,160574,160678,104,502466
case_084,pre,2,1000025615,COPY_IN,PIPE_MTE2,160678,160782,104,502466
case_084,pre,2,8674,REDUCE,PIPE_V,160768,160852,84,502466
case_084,pre,2,8675,DIV,PIPE_V,160852,161152,300,502466
case_084,pre,2,8676,MATMUL,PIPE_M,161152,161740,588,502466
case_084,pre,2,8680,MATMUL,PIPE_M,161740,162328,588,502466
case_084,pre,2,1000025541,COPY_OUT,PIPE_MTE3,161740,161896,156,502466
case_084,pre,2,8682,DIV,PIPE_V,162328,162628,300,502466
case_084,pre,2,8683,REDUCE,PIPE_V,162628,162712,84,502466
case_084,pre,2,8684,SUB,PIPE_V,162712,162796,84,502466
case_084,pre,2,8685,EXP,PIPE_V,162796,163096,300,502466
case_084,pre,2,1000025619,COPY_IN,PIPE_MTE2,162796,162798,2,502466
case_084,pre,2,1000025617,COPY_IN,PIPE_MTE2,162798,162902,104,502466
case_084,pre,2,1000025623,COPY_IN,PIPE_MTE2,162902,163006,104,502466
case_084,pre,2,1000025625,COPY_IN,PIPE_MTE2,163006,163110,104,502466
case_084,pre,2,8686,REDUCE,PIPE_V,163096,163180,84,502466
case_084,pre,2,8687,DIV,PIPE_V,163180,163480,300,502466
case_084,pre,2,8688,MATMUL,PIPE_M,163480,164068,588,502466
case_084,pre,2,8692,MATMUL,PIPE_M,164068,164656,588,502466
case_084,pre,2,1000025551,COPY_OUT,PIPE_MTE3,164068,164224,156,502466
case_084,pre,2,8694,DIV,PIPE_V,164656,164956,300,502466
case_084,pre,2,8695,REDUCE,PIPE_V,164956,165040,84,502466
case_084,pre,2,8696,SUB,PIPE_V,165040,165124,84,502466
case_084,pre,2,8697,EXP,PIPE_V,165124,165424,300,502466
case_084,pre,2,1000025629,COPY_IN,PIPE_MTE2,165124,165126,2,502466
case_084,pre,2,1000025627,COPY_IN,PIPE_MTE2,165126,165230,104,502466
case_084,pre,2,1000025633,COPY_IN,PIPE_MTE2,165230,165334,104,502466
case_084,pre,2,1000025635,COPY_IN,PIPE_MTE2,165334,165438,104,502466
case_084,pre,2,8698,REDUCE,PIPE_V,165424,165508,84,502466
case_084,pre,2,8699,DIV,PIPE_V,165508,165808,300,502466
case_084,pre,2,8700,MATMUL,PIPE_M,165808,166396,588,502466
case_084,pre,2,8704,MATMUL,PIPE_M,166396,166984,588,502466
case_084,pre,2,1000025561,COPY_OUT,PIPE_MTE3,166396,166552,156,502466
case_084,pre,2,8706,DIV,PIPE_V,166984,167284,300,502466
case_084,pre,2,8707,REDUCE,PIPE_V,167284,167368,84,502466
case_084,pre,2,8708,SUB,PIPE_V,167368,167452,84,502466
case_084,pre,2,8709,EXP,PIPE_V,167452,167752,300,502466
case_084,pre,2,1000025639,COPY_IN,PIPE_MTE2,167452,167455,3,502466
case_084,pre,2,1000025637,COPY_IN,PIPE_MTE2,167455,167611,156,502466
case_084,pre,2,1000025643,COPY_IN,PIPE_MTE2,167611,167767,156,502466
case_084,pre,2,8710,REDUCE,PIPE_V,167752,167836,84,502466
case_084,pre,2,1000025645,COPY_IN,PIPE_MTE2,167767,167923,156,502466
case_084,pre,2,8711,DIV,PIPE_V,167836,168136,300,502466
case_084,pre,2,8712,MATMUL,PIPE_M,168136,168724,588,502466
case_084,pre,2,8716,MATMUL,PIPE_M,168724,169312,588,502466
case_084,pre,2,1000025571,COPY_OUT,PIPE_MTE3,168724,168997,273,502466
case_084,pre,2,8718,DIV,PIPE_V,169312,169612,300,502466
case_084,pre,2,8719,REDUCE,PIPE_V,169612,169696,84,502466
case_084,pre,2,8720,SUB,PIPE_V,169696,169780,84,502466
case_084,pre,2,8721,EXP,PIPE_V,169780,170080,300,502466
case_084,pre,2,1000025649,COPY_IN,PIPE_MTE2,169780,169783,3,502466
case_084,pre,2,1000025647,COPY_IN,PIPE_MTE2,169783,169945,162,502466
case_084,pre,2,1000025653,COPY_IN,PIPE_MTE2,169945,170121,176,502466
case_084,pre,2,8722,REDUCE,PIPE_V,170080,170164,84,502466
case_084,pre,2,1000025655,COPY_IN,PIPE_MTE2,170121,170277,156,502466
case_084,pre,2,8723,DIV,PIPE_V,170164,170464,300,502466
case_084,pre,2,8724,MATMUL,PIPE_M,170464,171052,588,502466
case_084,pre,2,8728,MATMUL,PIPE_M,171052,171640,588,502466
case_084,pre,2,1000025581,COPY_OUT,PIPE_MTE3,171052,171193,141,502466
case_084,pre,2,8730,DIV,PIPE_V,171640,171940,300,502466
case_084,pre,2,8731,REDUCE,PIPE_V,171940,172024,84,502466
case_084,pre,2,8732,SUB,PIPE_V,172024,172108,84,502466
case_084,pre,2,8733,EXP,PIPE_V,172108,172408,300,502466
case_084,pre,2,1000025659,COPY_IN,PIPE_MTE2,172108,172110,2,502466
case_084,pre,2,1000025657,COPY_IN,PIPE_MTE2,172110,172219,109,502466
case_084,pre,2,1000025663,COPY_IN,PIPE_MTE2,172219,172430,211,502466
case_084,pre,2,8734,REDUCE,PIPE_V,172408,172492,84,502466
case_084,pre,2,1000025665,COPY_IN,PIPE_MTE2,172430,172672,242,502466
case_084,pre,2,8735,DIV,PIPE_V,172492,172792,300,502466
case_084,pre,2,8736,MATMUL,PIPE_M,172792,173380,588,502466
case_084,pre,2,8740,MATMUL,PIPE_M,173380,173968,588,502466
case_084,pre,2,1000025591,COPY_OUT,PIPE_MTE3,173380,173521,141,502466
case_084,pre,2,8742,DIV,PIPE_V,173968,174268,300,502466
case_084,pre,2,8743,REDUCE,PIPE_V,174268,174352,84,502466
case_084,pre,2,8744,SUB,PIPE_V,174352,174436,84,502466
case_084,pre,2,8745,EXP,PIPE_V,174436,174736,300,502466
case_084,pre,2,1000025669,COPY_IN,PIPE_MTE2,174436,174438,2,502466
case_084,pre,2,1000025667,COPY_IN,PIPE_MTE2,174438,174547,109,502466
case_084,pre,2,1000025673,COPY_IN,PIPE_MTE2,174547,174758,211,502466
case_084,pre,2,8746,REDUCE,PIPE_V,174736,174820,84,502466
case_084,pre,2,1000025675,COPY_IN,PIPE_MTE2,174758,175000,242,502466
case_084,pre,2,8747,DIV,PIPE_V,174820,175120,300,502466
case_084,pre,2,8748,MATMUL,PIPE_M,175120,175708,588,502466
case_084,pre,2,8752,MATMUL,PIPE_M,175708,176296,588,502466
case_084,pre,2,1000025601,COPY_OUT,PIPE_MTE3,175708,175849,141,502466
case_084,pre,2,8754,DIV,PIPE_V,176296,176596,300,502466
case_084,pre,2,8755,REDUCE,PIPE_V,176596,176680,84,502466
case_084,pre,2,8756,SUB,PIPE_V,176680,176764,84,502466
case_084,pre,2,8757,EXP,PIPE_V,176764,177064,300,502466
case_084,pre,2,1000025679,COPY_IN,PIPE_MTE2,176764,176766,2,502466
case_084,pre,2,1000025677,COPY_IN,PIPE_MTE2,176766,176875,109,502466
case_084,pre,2,1000025683,COPY_IN,PIPE_MTE2,176875,177086,211,502466
case_084,pre,2,8758,REDUCE,PIPE_V,177064,177148,84,502466
case_084,pre,2,1000025685,COPY_IN,PIPE_MTE2,177086,177328,242,502466
case_084,pre,2,8759,DIV,PIPE_V,177148,177448,300,502466
case_084,pre,2,8760,MATMUL,PIPE_M,177448,178036,588,502466
case_084,pre,2,8764,MATMUL,PIPE_M,178036,178624,588,502466
case_084,pre,2,1000025611,COPY_OUT,PIPE_MTE3,178036,178177,141,502466
case_084,pre,2,8766,DIV,PIPE_V,178624,178924,300,502466
case_084,pre,2,8767,REDUCE,PIPE_V,178924,179008,84,502466
case_084,pre,2,8768,SUB,PIPE_V,179008,179092,84,502466
case_084,pre,2,8769,EXP,PIPE_V,179092,179392,300,502466
case_084,pre,2,1000025689,COPY_IN,PIPE_MTE2,179092,179094,2,502466
case_084,pre,2,1000025687,COPY_IN,PIPE_MTE2,179094,179203,109,502466
case_084,pre,2,1000025693,COPY_IN,PIPE_MTE2,179203,179414,211,502466
case_084,pre,2,8770,REDUCE,PIPE_V,179392,179476,84,502466
case_084,pre,2,1000025695,COPY_IN,PIPE_MTE2,179414,179656,242,502466
case_084,pre,2,8771,DIV,PIPE_V,179476,179776,300,502466
case_084,pre,2,8772,MATMUL,PIPE_M,179776,180364,588,502466
case_084,pre,2,8776,MATMUL,PIPE_M,180364,180952,588,502466
case_084,pre,2,1000025621,COPY_OUT,PIPE_MTE3,180364,180505,141,502466
case_084,pre,2,8778,DIV,PIPE_V,180952,181252,300,502466
case_084,pre,2,8779,REDUCE,PIPE_V,181252,181336,84,502466
case_084,pre,2,8780,SUB,PIPE_V,181336,181420,84,502466
case_084,pre,2,8781,EXP,PIPE_V,181420,181720,300,502466
case_084,pre,2,1000025699,COPY_IN,PIPE_MTE2,181420,181422,2,502466
case_084,pre,2,1000025697,COPY_IN,PIPE_MTE2,181422,181531,109,502466
case_084,pre,2,1000025703,COPY_IN,PIPE_MTE2,181531,181742,211,502466
case_084,pre,2,8782,REDUCE,PIPE_V,181720,181804,84,502466
case_084,pre,2,1000025705,COPY_IN,PIPE_MTE2,181742,181984,242,502466
case_084,pre,2,8783,DIV,PIPE_V,181804,182104,300,502466
case_084,pre,2,8784,MATMUL,PIPE_M,182104,182692,588,502466
case_084,pre,2,8788,MATMUL,PIPE_M,182692,183280,588,502466
case_084,pre,2,1000025631,COPY_OUT,PIPE_MTE3,182692,182833,141,502466
case_084,pre,2,8790,DIV,PIPE_V,183280,183580,300,502466
case_084,pre,2,8791,REDUCE,PIPE_V,183580,183664,84,502466
case_084,pre,2,8792,SUB,PIPE_V,183664,183748,84,502466
case_084,pre,2,8793,EXP,PIPE_V,183748,184048,300,502466
case_084,pre,2,1000025709,COPY_IN,PIPE_MTE2,183748,183750,2,502466
case_084,pre,2,1000025707,COPY_IN,PIPE_MTE2,183750,183859,109,502466
case_084,pre,2,1000025713,COPY_IN,PIPE_MTE2,183859,184070,211,502466
case_084,pre,2,8794,REDUCE,PIPE_V,184048,184132,84,502466
case_084,pre,2,1000025715,COPY_IN,PIPE_MTE2,184070,184312,242,502466
case_084,pre,2,8795,DIV,PIPE_V,184132,184432,300,502466
case_084,pre,2,8796,MATMUL,PIPE_M,184432,185020,588,502466
case_084,pre,2,8800,MATMUL,PIPE_M,185020,185608,588,502466
case_084,pre,2,1000025641,COPY_OUT,PIPE_MTE3,185020,185161,141,502466
case_084,pre,2,8802,DIV,PIPE_V,185608,185908,300,502466
case_084,pre,2,8803,REDUCE,PIPE_V,185908,185992,84,502466
case_084,pre,2,8804,SUB,PIPE_V,185992,186076,84,502466
case_084,pre,2,8805,EXP,PIPE_V,186076,186376,300,502466
case_084,pre,2,1000025719,COPY_IN,PIPE_MTE2,186076,186078,2,502466
case_084,pre,2,1000025717,COPY_IN,PIPE_MTE2,186078,186187,109,502466
case_084,pre,2,1000025723,COPY_IN,PIPE_MTE2,186187,186398,211,502466
case_084,pre,2,8806,REDUCE,PIPE_V,186376,186460,84,502466
case_084,pre,2,1000025725,COPY_IN,PIPE_MTE2,186398,186640,242,502466
case_084,pre,2,8807,DIV,PIPE_V,186460,186760,300,502466
case_084,pre,2,8808,MATMUL,PIPE_M,186760,187348,588,502466
case_084,pre,2,8812,MATMUL,PIPE_M,187348,187936,588,502466
case_084,pre,2,1000025651,COPY_OUT,PIPE_MTE3,187348,187489,141,502466
case_084,pre,2,8814,DIV,PIPE_V,187936,188236,300,502466
case_084,pre,2,8815,REDUCE,PIPE_V,188236,188320,84,502466
case_084,pre,2,8816,SUB,PIPE_V,188320,188404,84,502466
case_084,pre,2,8817,EXP,PIPE_V,188404,188704,300,502466
case_084,pre,2,1000025729,COPY_IN,PIPE_MTE2,188404,188406,2,502466
case_084,pre,2,1000025727,COPY_IN,PIPE_MTE2,188406,188515,109,502466
case_084,pre,2,1000025733,COPY_IN,PIPE_MTE2,188515,188726,211,502466
case_084,pre,2,8818,REDUCE,PIPE_V,188704,188788,84,502466
case_084,pre,2,1000025735,COPY_IN,PIPE_MTE2,188726,188968,242,502466
case_084,pre,2,8819,DIV,PIPE_V,188788,189088,300,502466
case_084,pre,2,8820,MATMUL,PIPE_M,189088,189676,588,502466
case_084,pre,2,8824,MATMUL,PIPE_M,189676,190264,588,502466
case_084,pre,2,1000025661,COPY_OUT,PIPE_MTE3,189676,189817,141,502466
case_084,pre,2,8826,DIV,PIPE_V,190264,190564,300,502466
case_084,pre,2,8827,REDUCE,PIPE_V,190564,190648,84,502466
case_084,pre,2,8828,SUB,PIPE_V,190648,190732,84,502466
case_084,pre,2,8829,EXP,PIPE_V,190732,191032,300,502466
case_084,pre,2,1000025739,COPY_IN,PIPE_MTE2,190732,190734,2,502466
case_084,pre,2,1000025737,COPY_IN,PIPE_MTE2,190734,190843,109,502466
case_084,pre,2,1000025743,COPY_IN,PIPE_MTE2,190843,191054,211,502466
case_084,pre,2,8830,REDUCE,PIPE_V,191032,191116,84,502466
case_084,pre,2,1000025745,COPY_IN,PIPE_MTE2,191054,191296,242,502466
case_084,pre,2,8831,DIV,PIPE_V,191116,191416,300,502466
case_084,pre,2,8832,MATMUL,PIPE_M,191416,192004,588,502466
case_084,pre,2,8836,MATMUL,PIPE_M,192004,192592,588,502466
case_084,pre,2,1000025671,COPY_OUT,PIPE_MTE3,192004,192145,141,502466
case_084,pre,2,8838,DIV,PIPE_V,192592,192892,300,502466
case_084,pre,2,8839,REDUCE,PIPE_V,192892,192976,84,502466
case_084,pre,2,8840,SUB,PIPE_V,192976,193060,84,502466
case_084,pre,2,8841,EXP,PIPE_V,193060,193360,300,502466
case_084,pre,2,1000025749,COPY_IN,PIPE_MTE2,193060,193062,2,502466
case_084,pre,2,1000025747,COPY_IN,PIPE_MTE2,193062,193171,109,502466
case_084,pre,2,1000025753,COPY_IN,PIPE_MTE2,193171,193382,211,502466
case_084,pre,2,8842,REDUCE,PIPE_V,193360,193444,84,502466
case_084,pre,2,1000025755,COPY_IN,PIPE_MTE2,193382,193624,242,502466
case_084,pre,2,8843,DIV,PIPE_V,193444,193744,300,502466
case_084,pre,2,8844,MATMUL,PIPE_M,193744,194332,588,502466
case_084,pre,2,8848,MATMUL,PIPE_M,194332,194920,588,502466
case_084,pre,2,1000025681,COPY_OUT,PIPE_MTE3,194332,194473,141,502466
case_084,pre,2,8850,DIV,PIPE_V,194920,195220,300,502466
case_084,pre,2,8851,REDUCE,PIPE_V,195220,195304,84,502466
case_084,pre,2,8852,SUB,PIPE_V,195304,195388,84,502466
case_084,pre,2,8853,EXP,PIPE_V,195388,195688,300,502466
case_084,pre,2,1000025759,COPY_IN,PIPE_MTE2,195388,195390,2,502466
case_084,pre,2,1000025757,COPY_IN,PIPE_MTE2,195390,195499,109,502466
case_084,pre,2,1000025763,COPY_IN,PIPE_MTE2,195499,195710,211,502466
case_084,pre,2,8854,REDUCE,PIPE_V,195688,195772,84,502466
case_084,pre,2,1000025765,COPY_IN,PIPE_MTE2,195710,195952,242,502466
case_084,pre,2,8855,DIV,PIPE_V,195772,196072,300,502466
case_084,pre,2,8856,MATMUL,PIPE_M,196072,196660,588,502466
case_084,pre,2,8860,MATMUL,PIPE_M,196660,197248,588,502466
case_084,pre,2,1000025691,COPY_OUT,PIPE_MTE3,196660,196801,141,502466
case_084,pre,2,8862,DIV,PIPE_V,197248,197548,300,502466
case_084,pre,2,8863,REDUCE,PIPE_V,197548,197632,84,502466
case_084,pre,2,8864,SUB,PIPE_V,197632,197716,84,502466
case_084,pre,2,8865,EXP,PIPE_V,197716,198016,300,502466
case_084,pre,2,1000025769,COPY_IN,PIPE_MTE2,197716,197718,2,502466
case_084,pre,2,1000025767,COPY_IN,PIPE_MTE2,197718,197827,109,502466
case_084,pre,2,1000025773,COPY_IN,PIPE_MTE2,197827,198038,211,502466
case_084,pre,2,8866,REDUCE,PIPE_V,198016,198100,84,502466
case_084,pre,2,1000025775,COPY_IN,PIPE_MTE2,198038,198280,242,502466
case_084,pre,2,8867,DIV,PIPE_V,198100,198400,300,502466
case_084,pre,2,8868,MATMUL,PIPE_M,198400,198988,588,502466
case_084,pre,2,8872,MATMUL,PIPE_M,198988,199576,588,502466
case_084,pre,2,1000025701,COPY_OUT,PIPE_MTE3,198988,199129,141,502466
case_084,pre,2,8874,DIV,PIPE_V,199576,199876,300,502466
case_084,pre,2,8875,REDUCE,PIPE_V,199876,199960,84,502466
case_084,pre,2,8876,SUB,PIPE_V,199960,200044,84,502466
case_084,pre,2,8877,EXP,PIPE_V,200044,200344,300,502466
case_084,pre,2,1000025779,COPY_IN,PIPE_MTE2,200044,200046,2,502466
case_084,pre,2,1000025777,COPY_IN,PIPE_MTE2,200046,200155,109,502466
case_084,pre,2,1000025783,COPY_IN,PIPE_MTE2,200155,200366,211,502466
case_084,pre,2,8878,REDUCE,PIPE_V,200344,200428,84,502466
case_084,pre,2,1000025785,COPY_IN,PIPE_MTE2,200366,200608,242,502466
case_084,pre,2,8879,DIV,PIPE_V,200428,200728,300,502466
case_084,pre,2,8880,MATMUL,PIPE_M,200728,201316,588,502466
case_084,pre,2,8884,MATMUL,PIPE_M,201316,201904,588,502466
case_084,pre,2,1000025711,COPY_OUT,PIPE_MTE3,201316,201457,141,502466
case_084,pre,2,8886,DIV,PIPE_V,201904,202204,300,502466
case_084,pre,2,8887,REDUCE,PIPE_V,202204,202288,84,502466
case_084,pre,2,8888,SUB,PIPE_V,202288,202372,84,502466
case_084,pre,2,8889,EXP,PIPE_V,202372,202672,300,502466
case_084,pre,2,1000025789,COPY_IN,PIPE_MTE2,202372,202374,2,502466
case_084,pre,2,1000025787,COPY_IN,PIPE_MTE2,202374,202483,109,502466
case_084,pre,2,1000025793,COPY_IN,PIPE_MTE2,202483,202694,211,502466
case_084,pre,2,8890,REDUCE,PIPE_V,202672,202756,84,502466
case_084,pre,2,1000025795,COPY_IN,PIPE_MTE2,202694,202936,242,502466
case_084,pre,2,8891,DIV,PIPE_V,202756,203056,300,502466
case_084,pre,2,8892,MATMUL,PIPE_M,203056,203644,588,502466
case_084,pre,2,8896,MATMUL,PIPE_M,203644,204232,588,502466
case_084,pre,2,1000025721,COPY_OUT,PIPE_MTE3,203644,203785,141,502466
case_084,pre,2,8898,DIV,PIPE_V,204232,204532,300,502466
case_084,pre,2,8899,REDUCE,PIPE_V,204532,204616,84,502466
case_084,pre,2,8900,SUB,PIPE_V,204616,204700,84,502466
case_084,pre,2,8901,EXP,PIPE_V,204700,205000,300,502466
case_084,pre,2,1000025799,COPY_IN,PIPE_MTE2,204700,204702,2,502466
case_084,pre,2,1000025797,COPY_IN,PIPE_MTE2,204702,204811,109,502466
case_084,pre,2,1000025803,COPY_IN,PIPE_MTE2,204811,205022,211,502466
case_084,pre,2,8902,REDUCE,PIPE_V,205000,205084,84,502466
case_084,pre,2,1000025805,COPY_IN,PIPE_MTE2,205022,205264,242,502466
case_084,pre,2,8903,DIV,PIPE_V,205084,205384,300,502466
case_084,pre,2,8904,MATMUL,PIPE_M,205384,205972,588,502466
case_084,pre,2,8908,MATMUL,PIPE_M,205972,206560,588,502466
case_084,pre,2,1000025731,COPY_OUT,PIPE_MTE3,205972,206113,141,502466
case_084,pre,2,8910,DIV,PIPE_V,206560,206860,300,502466
case_084,pre,2,8911,REDUCE,PIPE_V,206860,206944,84,502466
case_084,pre,2,8912,SUB,PIPE_V,206944,207028,84,502466
case_084,pre,2,8913,EXP,PIPE_V,207028,207328,300,502466
case_084,pre,2,1000025809,COPY_IN,PIPE_MTE2,207028,207030,2,502466
case_084,pre,2,1000025807,COPY_IN,PIPE_MTE2,207030,207139,109,502466
case_084,pre,2,1000025813,COPY_IN,PIPE_MTE2,207139,207350,211,502466
case_084,pre,2,8914,REDUCE,PIPE_V,207328,207412,84,502466
case_084,pre,2,1000025815,COPY_IN,PIPE_MTE2,207350,207592,242,502466
case_084,pre,2,8915,DIV,PIPE_V,207412,207712,300,502466
case_084,pre,2,8916,MATMUL,PIPE_M,207712,208300,588,502466
case_084,pre,2,8920,MATMUL,PIPE_M,208300,208888,588,502466
case_084,pre,2,1000025741,COPY_OUT,PIPE_MTE3,208300,208441,141,502466
case_084,pre,2,8922,DIV,PIPE_V,208888,209188,300,502466
case_084,pre,2,8923,REDUCE,PIPE_V,209188,209272,84,502466
case_084,pre,2,8924,SUB,PIPE_V,209272,209356,84,502466
case_084,pre,2,8925,EXP,PIPE_V,209356,209656,300,502466
case_084,pre,2,1000025819,COPY_IN,PIPE_MTE2,209356,209358,2,502466
case_084,pre,2,1000025817,COPY_IN,PIPE_MTE2,209358,209467,109,502466
case_084,pre,2,1000025823,COPY_IN,PIPE_MTE2,209467,209678,211,502466
case_084,pre,2,8926,REDUCE,PIPE_V,209656,209740,84,502466
case_084,pre,2,1000025825,COPY_IN,PIPE_MTE2,209678,209920,242,502466
case_084,pre,2,8927,DIV,PIPE_V,209740,210040,300,502466
case_084,pre,2,8928,MATMUL,PIPE_M,210040,210628,588,502466
case_084,pre,2,8932,MATMUL,PIPE_M,210628,211216,588,502466
case_084,pre,2,1000025751,COPY_OUT,PIPE_MTE3,210628,210769,141,502466
case_084,pre,2,8934,DIV,PIPE_V,211216,211516,300,502466
case_084,pre,2,8935,REDUCE,PIPE_V,211516,211600,84,502466
case_084,pre,2,8936,SUB,PIPE_V,211600,211684,84,502466
case_084,pre,2,8937,EXP,PIPE_V,211684,211984,300,502466
case_084,pre,2,1000025829,COPY_IN,PIPE_MTE2,211684,211686,2,502466
case_084,pre,2,1000025827,COPY_IN,PIPE_MTE2,211686,211795,109,502466
case_084,pre,2,1000025833,COPY_IN,PIPE_MTE2,211795,212006,211,502466
case_084,pre,2,8938,REDUCE,PIPE_V,211984,212068,84,502466
case_084,pre,2,1000025835,COPY_IN,PIPE_MTE2,212006,212248,242,502466
case_084,pre,2,8939,DIV,PIPE_V,212068,212368,300,502466
case_084,pre,2,8940,MATMUL,PIPE_M,212368,212956,588,502466
case_084,pre,2,8944,MATMUL,PIPE_M,212956,213544,588,502466
case_084,pre,2,1000025761,COPY_OUT,PIPE_MTE3,212956,213097,141,502466
case_084,pre,2,8946,DIV,PIPE_V,213544,213844,300,502466
case_084,pre,2,8947,REDUCE,PIPE_V,213844,213928,84,502466
case_084,pre,2,8948,SUB,PIPE_V,213928,214012,84,502466
case_084,pre,2,8949,EXP,PIPE_V,214012,214312,300,502466
case_084,pre,2,1000025839,COPY_IN,PIPE_MTE2,214012,214014,2,502466
case_084,pre,2,1000025837,COPY_IN,PIPE_MTE2,214014,214123,109,502466
case_084,pre,2,1000025843,COPY_IN,PIPE_MTE2,214123,214334,211,502466
case_084,pre,2,8950,REDUCE,PIPE_V,214312,214396,84,502466
case_084,pre,2,1000025845,COPY_IN,PIPE_MTE2,214334,214576,242,502466
case_084,pre,2,8951,DIV,PIPE_V,214396,214696,300,502466
case_084,pre,2,8952,MATMUL,PIPE_M,214696,215284,588,502466
case_084,pre,2,8956,MATMUL,PIPE_M,215284,215872,588,502466
case_084,pre,2,1000025771,COPY_OUT,PIPE_MTE3,215284,215425,141,502466
case_084,pre,2,8958,DIV,PIPE_V,215872,216172,300,502466
case_084,pre,2,8959,REDUCE,PIPE_V,216172,216256,84,502466
case_084,pre,2,8960,SUB,PIPE_V,216256,216340,84,502466
case_084,pre,2,8961,EXP,PIPE_V,216340,216640,300,502466
case_084,pre,2,1000025849,COPY_IN,PIPE_MTE2,216340,216342,2,502466
case_084,pre,2,1000025847,COPY_IN,PIPE_MTE2,216342,216451,109,502466
case_084,pre,2,1000025853,COPY_IN,PIPE_MTE2,216451,216662,211,502466
case_084,pre,2,8962,REDUCE,PIPE_V,216640,216724,84,502466
case_084,pre,2,1000025855,COPY_IN,PIPE_MTE2,216662,216904,242,502466
case_084,pre,2,8963,DIV,PIPE_V,216724,217024,300,502466
case_084,pre,2,8964,MATMUL,PIPE_M,217024,217612,588,502466
case_084,pre,2,8968,MATMUL,PIPE_M,217612,218200,588,502466
case_084,pre,2,1000025781,COPY_OUT,PIPE_MTE3,217612,217753,141,502466
case_084,pre,2,8970,DIV,PIPE_V,218200,218500,300,502466
case_084,pre,2,8971,REDUCE,PIPE_V,218500,218584,84,502466
case_084,pre,2,8972,SUB,PIPE_V,218584,218668,84,502466
case_084,pre,2,8973,EXP,PIPE_V,218668,218968,300,502466
case_084,pre,2,1000025859,COPY_IN,PIPE_MTE2,218668,218670,2,502466
case_084,pre,2,1000025857,COPY_IN,PIPE_MTE2,218670,218779,109,502466
case_084,pre,2,1000025863,COPY_IN,PIPE_MTE2,218779,218990,211,502466
case_084,pre,2,8974,REDUCE,PIPE_V,218968,219052,84,502466
case_084,pre,2,1000025865,COPY_IN,PIPE_MTE2,218990,219232,242,502466
case_084,pre,2,8975,DIV,PIPE_V,219052,219352,300,502466
case_084,pre,2,8976,MATMUL,PIPE_M,219352,219940,588,502466
case_084,pre,2,8980,MATMUL,PIPE_M,219940,220528,588,502466
case_084,pre,2,1000025791,COPY_OUT,PIPE_MTE3,219940,220081,141,502466
case_084,pre,2,8982,DIV,PIPE_V,220528,220828,300,502466
case_084,pre,2,8983,REDUCE,PIPE_V,220828,220912,84,502466
case_084,pre,2,8984,SUB,PIPE_V,220912,220996,84,502466
case_084,pre,2,8985,EXP,PIPE_V,220996,221296,300,502466
case_084,pre,2,1000025869,COPY_IN,PIPE_MTE2,220996,220998,2,502466
case_084,pre,2,1000025867,COPY_IN,PIPE_MTE2,220998,221107,109,502466
case_084,pre,2,1000025873,COPY_IN,PIPE_MTE2,221107,221318,211,502466
case_084,pre,2,8986,REDUCE,PIPE_V,221296,221380,84,502466
case_084,pre,2,1000025875,COPY_IN,PIPE_MTE2,221318,221560,242,502466
case_084,pre,2,8987,DIV,PIPE_V,221380,221680,300,502466
case_084,pre,2,8988,MATMUL,PIPE_M,221680,222268,588,502466
case_084,pre,2,8992,MATMUL,PIPE_M,222268,222856,588,502466
case_084,pre,2,1000025801,COPY_OUT,PIPE_MTE3,222268,222409,141,502466
case_084,pre,2,8994,DIV,PIPE_V,222856,223156,300,502466
case_084,pre,2,8995,REDUCE,PIPE_V,223156,223240,84,502466
case_084,pre,2,8996,SUB,PIPE_V,223240,223324,84,502466
case_084,pre,2,8997,EXP,PIPE_V,223324,223624,300,502466
case_084,pre,2,1000025879,COPY_IN,PIPE_MTE2,223324,223326,2,502466
case_084,pre,2,1000025877,COPY_IN,PIPE_MTE2,223326,223435,109,502466
case_084,pre,2,1000025883,COPY_IN,PIPE_MTE2,223435,223646,211,502466
case_084,pre,2,8998,REDUCE,PIPE_V,223624,223708,84,502466
case_084,pre,2,1000025885,COPY_IN,PIPE_MTE2,223646,223888,242,502466
case_084,pre,2,8999,DIV,PIPE_V,223708,224008,300,502466
case_084,pre,2,9000,MATMUL,PIPE_M,224008,224596,588,502466
case_084,pre,2,9004,MATMUL,PIPE_M,224596,225184,588,502466
case_084,pre,2,1000025811,COPY_OUT,PIPE_MTE3,224596,224737,141,502466
case_084,pre,2,9006,DIV,PIPE_V,225184,225484,300,502466
case_084,pre,2,9007,REDUCE,PIPE_V,225484,225568,84,502466
case_084,pre,2,9008,SUB,PIPE_V,225568,225652,84,502466
case_084,pre,2,9009,EXP,PIPE_V,225652,225952,300,502466
case_084,pre,2,1000025889,COPY_IN,PIPE_MTE2,225652,225654,2,502466
case_084,pre,2,1000025887,COPY_IN,PIPE_MTE2,225654,225763,109,502466
case_084,pre,2,1000025893,COPY_IN,PIPE_MTE2,225763,225974,211,502466
case_084,pre,2,9010,REDUCE,PIPE_V,225952,226036,84,502466
case_084,pre,2,1000025895,COPY_IN,PIPE_MTE2,225974,226216,242,502466
case_084,pre,2,9011,DIV,PIPE_V,226036,226336,300,502466
case_084,pre,2,9012,MATMUL,PIPE_M,226336,226924,588,502466
case_084,pre,2,9016,MATMUL,PIPE_M,226924,227512,588,502466
case_084,pre,2,1000025821,COPY_OUT,PIPE_MTE3,226924,227065,141,502466
case_084,pre,2,9018,DIV,PIPE_V,227512,227812,300,502466
case_084,pre,2,9019,REDUCE,PIPE_V,227812,227896,84,502466
case_084,pre,2,9020,SUB,PIPE_V,227896,227980,84,502466
case_084,pre,2,9021,EXP,PIPE_V,227980,228280,300,502466
case_084,pre,2,1000025899,COPY_IN,PIPE_MTE2,227980,227982,2,502466
case_084,pre,2,1000025897,COPY_IN,PIPE_MTE2,227982,228091,109,502466
case_084,pre,2,1000025903,COPY_IN,PIPE_MTE2,228091,228302,211,502466
case_084,pre,2,9022,REDUCE,PIPE_V,228280,228364,84,502466
case_084,pre,2,1000025905,COPY_IN,PIPE_MTE2,228302,228544,242,502466
case_084,pre,2,9023,DIV,PIPE_V,228364,228664,300,502466
case_084,pre,2,9024,MATMUL,PIPE_M,228664,229252,588,502466
case_084,pre,2,9028,MATMUL,PIPE_M,229252,229840,588,502466
case_084,pre,2,1000025831,COPY_OUT,PIPE_MTE3,229252,229393,141,502466
case_084,pre,2,9030,DIV,PIPE_V,229840,230140,300,502466
case_084,pre,2,9031,REDUCE,PIPE_V,230140,230224,84,502466
case_084,pre,2,9032,SUB,PIPE_V,230224,230308,84,502466
case_084,pre,2,9033,EXP,PIPE_V,230308,230608,300,502466
case_084,pre,2,1000025909,COPY_IN,PIPE_MTE2,230308,230310,2,502466
case_084,pre,2,1000025907,COPY_IN,PIPE_MTE2,230310,230419,109,502466
case_084,pre,2,1000025913,COPY_IN,PIPE_MTE2,230419,230630,211,502466
case_084,pre,2,9034,REDUCE,PIPE_V,230608,230692,84,502466
case_084,pre,2,1000025915,COPY_IN,PIPE_MTE2,230630,230872,242,502466
case_084,pre,2,9035,DIV,PIPE_V,230692,230992,300,502466
case_084,pre,2,9036,MATMUL,PIPE_M,230992,231580,588,502466
case_084,pre,2,9040,MATMUL,PIPE_M,231580,232168,588,502466
case_084,pre,2,1000025841,COPY_OUT,PIPE_MTE3,231580,231721,141,502466
case_084,pre,2,9042,DIV,PIPE_V,232168,232468,300,502466
case_084,pre,2,9043,REDUCE,PIPE_V,232468,232552,84,502466
case_084,pre,2,9044,SUB,PIPE_V,232552,232636,84,502466
case_084,pre,2,9045,EXP,PIPE_V,232636,232936,300,502466
case_084,pre,2,1000025919,COPY_IN,PIPE_MTE2,232636,232638,2,502466
case_084,pre,2,1000025917,COPY_IN,PIPE_MTE2,232638,232747,109,502466
case_084,pre,2,1000025923,COPY_IN,PIPE_MTE2,232747,232958,211,502466
case_084,pre,2,9046,REDUCE,PIPE_V,232936,233020,84,502466
case_084,pre,2,1000025925,COPY_IN,PIPE_MTE2,232958,233200,242,502466
case_084,pre,2,9047,DIV,PIPE_V,233020,233320,300,502466
case_084,pre,2,9048,MATMUL,PIPE_M,233320,233908,588,502466
case_084,pre,2,9052,MATMUL,PIPE_M,233908,234496,588,502466
case_084,pre,2,1000025851,COPY_OUT,PIPE_MTE3,233908,234049,141,502466
case_084,pre,2,9054,DIV,PIPE_V,234496,234796,300,502466
case_084,pre,2,9055,REDUCE,PIPE_V,234796,234880,84,502466
case_084,pre,2,9056,SUB,PIPE_V,234880,234964,84,502466
case_084,pre,2,9057,EXP,PIPE_V,234964,235264,300,502466
case_084,pre,2,1000025929,COPY_IN,PIPE_MTE2,234964,234966,2,502466
case_084,pre,2,1000025927,COPY_IN,PIPE_MTE2,234966,235075,109,502466
case_084,pre,2,1000025933,COPY_IN,PIPE_MTE2,235075,235286,211,502466
case_084,pre,2,9058,REDUCE,PIPE_V,235264,235348,84,502466
case_084,pre,2,1000025935,COPY_IN,PIPE_MTE2,235286,235528,242,502466
case_084,pre,2,9059,DIV,PIPE_V,235348,235648,300,502466
case_084,pre,2,9060,MATMUL,PIPE_M,235648,236236,588,502466
case_084,pre,2,9064,MATMUL,PIPE_M,236236,236824,588,502466
case_084,pre,2,1000025861,COPY_OUT,PIPE_MTE3,236236,236377,141,502466
case_084,pre,2,9066,DIV,PIPE_V,236824,237124,300,502466
case_084,pre,2,9067,REDUCE,PIPE_V,237124,237208,84,502466
case_084,pre,2,9068,SUB,PIPE_V,237208,237292,84,502466
case_084,pre,2,9069,EXP,PIPE_V,237292,237592,300,502466
case_084,pre,2,1000025939,COPY_IN,PIPE_MTE2,237292,237294,2,502466
case_084,pre,2,1000025937,COPY_IN,PIPE_MTE2,237294,237403,109,502466
case_084,pre,2,1000025943,COPY_IN,PIPE_MTE2,237403,237614,211,502466
case_084,pre,2,9070,REDUCE,PIPE_V,237592,237676,84,502466
case_084,pre,2,1000025945,COPY_IN,PIPE_MTE2,237614,237856,242,502466
case_084,pre,2,9071,DIV,PIPE_V,237676,237976,300,502466
case_084,pre,2,9072,MATMUL,PIPE_M,237976,238564,588,502466
case_084,pre,2,9076,MATMUL,PIPE_M,238564,239152,588,502466
case_084,pre,2,1000025871,COPY_OUT,PIPE_MTE3,238564,238705,141,502466
case_084,pre,2,9078,DIV,PIPE_V,239152,239452,300,502466
case_084,pre,2,9079,REDUCE,PIPE_V,239452,239536,84,502466
case_084,pre,2,9080,SUB,PIPE_V,239536,239620,84,502466
case_084,pre,2,9081,EXP,PIPE_V,239620,239920,300,502466
case_084,pre,2,1000025949,COPY_IN,PIPE_MTE2,239620,239622,2,502466
case_084,pre,2,1000025947,COPY_IN,PIPE_MTE2,239622,239731,109,502466
case_084,pre,2,1000025953,COPY_IN,PIPE_MTE2,239731,239942,211,502466
case_084,pre,2,9082,REDUCE,PIPE_V,239920,240004,84,502466
case_084,pre,2,1000025955,COPY_IN,PIPE_MTE2,239942,240184,242,502466
case_084,pre,2,9083,DIV,PIPE_V,240004,240304,300,502466
case_084,pre,2,9084,MATMUL,PIPE_M,240304,240892,588,502466
case_084,pre,2,9088,MATMUL,PIPE_M,240892,241480,588,502466
case_084,pre,2,1000025881,COPY_OUT,PIPE_MTE3,240892,241033,141,502466
case_084,pre,2,9090,DIV,PIPE_V,241480,241780,300,502466
case_084,pre,2,9091,REDUCE,PIPE_V,241780,241864,84,502466
case_084,pre,2,9092,SUB,PIPE_V,241864,241948,84,502466
case_084,pre,2,9093,EXP,PIPE_V,241948,242248,300,502466
case_084,pre,2,1000025959,COPY_IN,PIPE_MTE2,241948,241950,2,502466
case_084,pre,2,1000025957,COPY_IN,PIPE_MTE2,241950,242059,109,502466
case_084,pre,2,1000025963,COPY_IN,PIPE_MTE2,242059,242270,211,502466
case_084,pre,2,9094,REDUCE,PIPE_V,242248,242332,84,502466
case_084,pre,2,1000025965,COPY_IN,PIPE_MTE2,242270,242512,242,502466
case_084,pre,2,9095,DIV,PIPE_V,242332,242632,300,502466
case_084,pre,2,9096,MATMUL,PIPE_M,242632,243220,588,502466
case_084,pre,2,9100,MATMUL,PIPE_M,243220,243808,588,502466
case_084,pre,2,1000025891,COPY_OUT,PIPE_MTE3,243220,243361,141,502466
case_084,pre,2,9102,DIV,PIPE_V,243808,244108,300,502466
case_084,pre,2,9103,REDUCE,PIPE_V,244108,244192,84,502466
case_084,pre,2,9104,SUB,PIPE_V,244192,244276,84,502466
case_084,pre,2,9105,EXP,PIPE_V,244276,244576,300,502466
case_084,pre,2,1000025969,COPY_IN,PIPE_MTE2,244276,244278,2,502466
case_084,pre,2,1000025967,COPY_IN,PIPE_MTE2,244278,244387,109,502466
case_084,pre,2,1000025973,COPY_IN,PIPE_MTE2,244387,244598,211,502466
case_084,pre,2,9106,REDUCE,PIPE_V,244576,244660,84,502466
case_084,pre,2,1000025975,COPY_IN,PIPE_MTE2,244598,244840,242,502466
case_084,pre,2,9107,DIV,PIPE_V,244660,244960,300,502466
case_084,pre,2,9108,MATMUL,PIPE_M,244960,245548,588,502466
case_084,pre,2,9112,MATMUL,PIPE_M,245548,246136,588,502466
case_084,pre,2,1000025901,COPY_OUT,PIPE_MTE3,245548,245689,141,502466
case_084,pre,2,9114,DIV,PIPE_V,246136,246436,300,502466
case_084,pre,2,9115,REDUCE,PIPE_V,246436,246520,84,502466
case_084,pre,2,9116,SUB,PIPE_V,246520,246604,84,502466
case_084,pre,2,9117,EXP,PIPE_V,246604,246904,300,502466
case_084,pre,2,1000025979,COPY_IN,PIPE_MTE2,246604,246606,2,502466
case_084,pre,2,1000025977,COPY_IN,PIPE_MTE2,246606,246715,109,502466
case_084,pre,2,1000025983,COPY_IN,PIPE_MTE2,246715,246926,211,502466
case_084,pre,2,9118,REDUCE,PIPE_V,246904,246988,84,502466
case_084,pre,2,1000025985,COPY_IN,PIPE_MTE2,246926,247168,242,502466
case_084,pre,2,9119,DIV,PIPE_V,246988,247288,300,502466
case_084,pre,2,9120,MATMUL,PIPE_M,247288,247876,588,502466
case_084,pre,2,9124,MATMUL,PIPE_M,247876,248464,588,502466
case_084,pre,2,1000025911,COPY_OUT,PIPE_MTE3,247876,248017,141,502466
case_084,pre,2,9126,DIV,PIPE_V,248464,248764,300,502466
case_084,pre,2,9127,REDUCE,PIPE_V,248764,248848,84,502466
case_084,pre,2,9128,SUB,PIPE_V,248848,248932,84,502466
case_084,pre,2,9129,EXP,PIPE_V,248932,249232,300,502466
case_084,pre,2,1000025989,COPY_IN,PIPE_MTE2,248932,248934,2,502466
case_084,pre,2,1000025987,COPY_IN,PIPE_MTE2,248934,249043,109,502466
case_084,pre,2,1000025993,COPY_IN,PIPE_MTE2,249043,249254,211,502466
case_084,pre,2,9130,REDUCE,PIPE_V,249232,249316,84,502466
case_084,pre,2,1000025995,COPY_IN,PIPE_MTE2,249254,249496,242,502466
case_084,pre,2,9131,DIV,PIPE_V,249316,249616,300,502466
case_084,pre,2,9132,MATMUL,PIPE_M,249616,250204,588,502466
case_084,pre,2,9136,MATMUL,PIPE_M,250204,250792,588,502466
case_084,pre,2,1000025921,COPY_OUT,PIPE_MTE3,250204,250345,141,502466
case_084,pre,2,9138,DIV,PIPE_V,250792,251092,300,502466
case_084,pre,2,9139,REDUCE,PIPE_V,251092,251176,84,502466
case_084,pre,2,9140,SUB,PIPE_V,251176,251260,84,502466
case_084,pre,2,9141,EXP,PIPE_V,251260,251560,300,502466
case_084,pre,2,1000025999,COPY_IN,PIPE_MTE2,251260,251262,2,502466
case_084,pre,2,1000025997,COPY_IN,PIPE_MTE2,251262,251371,109,502466
case_084,pre,2,1000026003,COPY_IN,PIPE_MTE2,251371,251582,211,502466
case_084,pre,2,9142,REDUCE,PIPE_V,251560,251644,84,502466
case_084,pre,2,1000026005,COPY_IN,PIPE_MTE2,251582,251824,242,502466
case_084,pre,2,9143,DIV,PIPE_V,251644,251944,300,502466
case_084,pre,2,9144,MATMUL,PIPE_M,251944,252532,588,502466
case_084,pre,2,9148,MATMUL,PIPE_M,252532,253120,588,502466
case_084,pre,2,1000025931,COPY_OUT,PIPE_MTE3,252532,252673,141,502466
case_084,pre,2,9150,DIV,PIPE_V,253120,253420,300,502466
case_084,pre,2,9151,REDUCE,PIPE_V,253420,253504,84,502466
case_084,pre,2,9152,SUB,PIPE_V,253504,253588,84,502466
case_084,pre,2,9153,EXP,PIPE_V,253588,253888,300,502466
case_084,pre,2,1000026009,COPY_IN,PIPE_MTE2,253588,253590,2,502466
case_084,pre,2,1000026007,COPY_IN,PIPE_MTE2,253590,253699,109,502466
case_084,pre,2,1000026013,COPY_IN,PIPE_MTE2,253699,253910,211,502466
case_084,pre,2,9154,REDUCE,PIPE_V,253888,253972,84,502466
case_084,pre,2,1000026015,COPY_IN,PIPE_MTE2,253910,254152,242,502466
case_084,pre,2,9155,DIV,PIPE_V,253972,254272,300,502466
case_084,pre,2,9156,MATMUL,PIPE_M,254272,254860,588,502466
case_084,pre,2,9160,MATMUL,PIPE_M,254860,255448,588,502466
case_084,pre,2,1000025941,COPY_OUT,PIPE_MTE3,254860,255001,141,502466
case_084,pre,2,9162,DIV,PIPE_V,255448,255748,300,502466
case_084,pre,2,9163,REDUCE,PIPE_V,255748,255832,84,502466
case_084,pre,2,9164,SUB,PIPE_V,255832,255916,84,502466
case_084,pre,2,9165,EXP,PIPE_V,255916,256216,300,502466
case_084,pre,2,1000026019,COPY_IN,PIPE_MTE2,255916,255918,2,502466
case_084,pre,2,1000026017,COPY_IN,PIPE_MTE2,255918,256027,109,502466
case_084,pre,2,1000026023,COPY_IN,PIPE_MTE2,256027,256238,211,502466
case_084,pre,2,9166,REDUCE,PIPE_V,256216,256300,84,502466
case_084,pre,2,1000026025,COPY_IN,PIPE_MTE2,256238,256480,242,502466
case_084,pre,2,9167,DIV,PIPE_V,256300,256600,300,502466
case_084,pre,2,9168,MATMUL,PIPE_M,256600,257188,588,502466
case_084,pre,2,9172,MATMUL,PIPE_M,257188,257776,588,502466
case_084,pre,2,1000025951,COPY_OUT,PIPE_MTE3,257188,257329,141,502466
case_084,pre,2,9174,DIV,PIPE_V,257776,258076,300,502466
case_084,pre,2,9175,REDUCE,PIPE_V,258076,258160,84,502466
case_084,pre,2,9176,SUB,PIPE_V,258160,258244,84,502466
case_084,pre,2,9177,EXP,PIPE_V,258244,258544,300,502466
case_084,pre,2,1000026029,COPY_IN,PIPE_MTE2,258244,258246,2,502466
case_084,pre,2,1000026027,COPY_IN,PIPE_MTE2,258246,258355,109,502466
case_084,pre,2,1000026033,COPY_IN,PIPE_MTE2,258355,258566,211,502466
case_084,pre,2,9178,REDUCE,PIPE_V,258544,258628,84,502466
case_084,pre,2,1000026035,COPY_IN,PIPE_MTE2,258566,258808,242,502466
case_084,pre,2,9179,DIV,PIPE_V,258628,258928,300,502466
case_084,pre,2,9180,MATMUL,PIPE_M,258928,259516,588,502466
case_084,pre,2,9184,MATMUL,PIPE_M,259516,260104,588,502466
case_084,pre,2,1000025961,COPY_OUT,PIPE_MTE3,259516,259657,141,502466
case_084,pre,2,9186,DIV,PIPE_V,260104,260404,300,502466
case_084,pre,2,9187,REDUCE,PIPE_V,260404,260488,84,502466
case_084,pre,2,9188,SUB,PIPE_V,260488,260572,84,502466
case_084,pre,2,9189,EXP,PIPE_V,260572,260872,300,502466
case_084,pre,2,1000026039,COPY_IN,PIPE_MTE2,260572,260574,2,502466
case_084,pre,2,1000026037,COPY_IN,PIPE_MTE2,260574,260683,109,502466
case_084,pre,2,1000026043,COPY_IN,PIPE_MTE2,260683,260894,211,502466
case_084,pre,2,9190,REDUCE,PIPE_V,260872,260956,84,502466
case_084,pre,2,1000026045,COPY_IN,PIPE_MTE2,260894,261136,242,502466
case_084,pre,2,9191,DIV,PIPE_V,260956,261256,300,502466
case_084,pre,2,9192,MATMUL,PIPE_M,261256,261844,588,502466
case_084,pre,2,9196,MATMUL,PIPE_M,261844,262432,588,502466
case_084,pre,2,1000025971,COPY_OUT,PIPE_MTE3,261844,261985,141,502466
case_084,pre,2,9198,DIV,PIPE_V,262432,262732,300,502466
case_084,pre,2,9199,REDUCE,PIPE_V,262732,262816,84,502466
case_084,pre,2,9200,SUB,PIPE_V,262816,262900,84,502466
case_084,pre,2,9201,EXP,PIPE_V,262900,263200,300,502466
case_084,pre,2,1000026049,COPY_IN,PIPE_MTE2,262900,262902,2,502466
case_084,pre,2,1000026047,COPY_IN,PIPE_MTE2,262902,263011,109,502466
case_084,pre,2,1000026053,COPY_IN,PIPE_MTE2,263011,263222,211,502466
case_084,pre,2,9202,REDUCE,PIPE_V,263200,263284,84,502466
case_084,pre,2,1000026055,COPY_IN,PIPE_MTE2,263222,263464,242,502466
case_084,pre,2,9203,DIV,PIPE_V,263284,263584,300,502466
case_084,pre,2,9204,MATMUL,PIPE_M,263584,264172,588,502466
case_084,pre,2,9208,MATMUL,PIPE_M,264172,264760,588,502466
case_084,pre,2,1000025981,COPY_OUT,PIPE_MTE3,264172,264313,141,502466
case_084,pre,2,9210,DIV,PIPE_V,264760,265060,300,502466
case_084,pre,2,9211,REDUCE,PIPE_V,265060,265144,84,502466
case_084,pre,2,9212,SUB,PIPE_V,265144,265228,84,502466
case_084,pre,2,9213,EXP,PIPE_V,265228,265528,300,502466
case_084,pre,2,1000026059,COPY_IN,PIPE_MTE2,265228,265230,2,502466
case_084,pre,2,1000026057,COPY_IN,PIPE_MTE2,265230,265339,109,502466
case_084,pre,2,1000026063,COPY_IN,PIPE_MTE2,265339,265550,211,502466
case_084,pre,2,9214,REDUCE,PIPE_V,265528,265612,84,502466
case_084,pre,2,1000026065,COPY_IN,PIPE_MTE2,265550,265792,242,502466
case_084,pre,2,9215,DIV,PIPE_V,265612,265912,300,502466
case_084,pre,2,9216,MATMUL,PIPE_M,265912,266500,588,502466
case_084,pre,2,9220,MATMUL,PIPE_M,266500,267088,588,502466
case_084,pre,2,1000025991,COPY_OUT,PIPE_MTE3,266500,266641,141,502466
case_084,pre,2,9222,DIV,PIPE_V,267088,267388,300,502466
case_084,pre,2,9223,REDUCE,PIPE_V,267388,267472,84,502466
case_084,pre,2,9224,SUB,PIPE_V,267472,267556,84,502466
case_084,pre,2,9225,EXP,PIPE_V,267556,267856,300,502466
case_084,pre,2,1000026069,COPY_IN,PIPE_MTE2,267556,267558,2,502466
case_084,pre,2,1000026067,COPY_IN,PIPE_MTE2,267558,267667,109,502466
case_084,pre,2,1000026073,COPY_IN,PIPE_MTE2,267667,267878,211,502466
case_084,pre,2,9226,REDUCE,PIPE_V,267856,267940,84,502466
case_084,pre,2,1000026075,COPY_IN,PIPE_MTE2,267878,268120,242,502466
case_084,pre,2,9227,DIV,PIPE_V,267940,268240,300,502466
case_084,pre,2,9228,MATMUL,PIPE_M,268240,268828,588,502466
case_084,pre,2,9232,MATMUL,PIPE_M,268828,269416,588,502466
case_084,pre,2,1000026001,COPY_OUT,PIPE_MTE3,268828,268969,141,502466
case_084,pre,2,9234,DIV,PIPE_V,269416,269716,300,502466
case_084,pre,2,9235,REDUCE,PIPE_V,269716,269800,84,502466
case_084,pre,2,9236,SUB,PIPE_V,269800,269884,84,502466
case_084,pre,2,9237,EXP,PIPE_V,269884,270184,300,502466
case_084,pre,2,1000026079,COPY_IN,PIPE_MTE2,269884,269886,2,502466
case_084,pre,2,1000026077,COPY_IN,PIPE_MTE2,269886,269995,109,502466
case_084,pre,2,1000026083,COPY_IN,PIPE_MTE2,269995,270206,211,502466
case_084,pre,2,9238,REDUCE,PIPE_V,270184,270268,84,502466
case_084,pre,2,1000026085,COPY_IN,PIPE_MTE2,270206,270448,242,502466
case_084,pre,2,9239,DIV,PIPE_V,270268,270568,300,502466
case_084,pre,2,9240,MATMUL,PIPE_M,270568,271156,588,502466
case_084,pre,2,9244,MATMUL,PIPE_M,271156,271744,588,502466
case_084,pre,2,1000026011,COPY_OUT,PIPE_MTE3,271156,271297,141,502466
case_084,pre,2,9246,DIV,PIPE_V,271744,272044,300,502466
case_084,pre,2,9247,REDUCE,PIPE_V,272044,272128,84,502466
case_084,pre,2,9248,SUB,PIPE_V,272128,272212,84,502466
case_084,pre,2,9249,EXP,PIPE_V,272212,272512,300,502466
case_084,pre,2,1000026089,COPY_IN,PIPE_MTE2,272212,272214,2,502466
case_084,pre,2,1000026087,COPY_IN,PIPE_MTE2,272214,272323,109,502466
case_084,pre,2,1000026093,COPY_IN,PIPE_MTE2,272323,272534,211,502466
case_084,pre,2,9250,REDUCE,PIPE_V,272512,272596,84,502466
case_084,pre,2,1000026095,COPY_IN,PIPE_MTE2,272534,272776,242,502466
case_084,pre,2,9251,DIV,PIPE_V,272596,272896,300,502466
case_084,pre,2,9252,MATMUL,PIPE_M,272896,273484,588,502466
case_084,pre,2,9256,MATMUL,PIPE_M,273484,274072,588,502466
case_084,pre,2,1000026021,COPY_OUT,PIPE_MTE3,273484,273625,141,502466
case_084,pre,2,9258,DIV,PIPE_V,274072,274372,300,502466
case_084,pre,2,9259,REDUCE,PIPE_V,274372,274456,84,502466
case_084,pre,2,9260,SUB,PIPE_V,274456,274540,84,502466
case_084,pre,2,9261,EXP,PIPE_V,274540,274840,300,502466
case_084,pre,2,1000026099,COPY_IN,PIPE_MTE2,274540,274542,2,502466
case_084,pre,2,1000026097,COPY_IN,PIPE_MTE2,274542,274651,109,502466
case_084,pre,2,1000026103,COPY_IN,PIPE_MTE2,274651,274862,211,502466
case_084,pre,2,9262,REDUCE,PIPE_V,274840,274924,84,502466
case_084,pre,2,1000026105,COPY_IN,PIPE_MTE2,274862,275104,242,502466
case_084,pre,2,9263,DIV,PIPE_V,274924,275224,300,502466
case_084,pre,2,9264,MATMUL,PIPE_M,275224,275812,588,502466
case_084,pre,2,9268,MATMUL,PIPE_M,275812,276400,588,502466
case_084,pre,2,1000026031,COPY_OUT,PIPE_MTE3,275812,275953,141,502466
case_084,pre,2,9270,DIV,PIPE_V,276400,276700,300,502466
case_084,pre,2,9271,REDUCE,PIPE_V,276700,276784,84,502466
case_084,pre,2,9272,SUB,PIPE_V,276784,276868,84,502466
case_084,pre,2,9273,EXP,PIPE_V,276868,277168,300,502466
case_084,pre,2,1000026109,COPY_IN,PIPE_MTE2,276868,276870,2,502466
case_084,pre,2,1000026107,COPY_IN,PIPE_MTE2,276870,276979,109,502466
case_084,pre,2,1000026113,COPY_IN,PIPE_MTE2,276979,277190,211,502466
case_084,pre,2,9274,REDUCE,PIPE_V,277168,277252,84,502466
case_084,pre,2,1000026115,COPY_IN,PIPE_MTE2,277190,277432,242,502466
case_084,pre,2,9275,DIV,PIPE_V,277252,277552,300,502466
case_084,pre,2,9276,MATMUL,PIPE_M,277552,278140,588,502466
case_084,pre,2,9280,MATMUL,PIPE_M,278140,278728,588,502466
case_084,pre,2,1000026041,COPY_OUT,PIPE_MTE3,278140,278281,141,502466
case_084,pre,2,9282,DIV,PIPE_V,278728,279028,300,502466
case_084,pre,2,9283,REDUCE,PIPE_V,279028,279112,84,502466
case_084,pre,2,9284,SUB,PIPE_V,279112,279196,84,502466
case_084,pre,2,9285,EXP,PIPE_V,279196,279496,300,502466
case_084,pre,2,1000026119,COPY_IN,PIPE_MTE2,279196,279198,2,502466
case_084,pre,2,1000026117,COPY_IN,PIPE_MTE2,279198,279307,109,502466
case_084,pre,2,1000026123,COPY_IN,PIPE_MTE2,279307,279518,211,502466
case_084,pre,2,9286,REDUCE,PIPE_V,279496,279580,84,502466
case_084,pre,2,1000026125,COPY_IN,PIPE_MTE2,279518,279760,242,502466
case_084,pre,2,9287,DIV,PIPE_V,279580,279880,300,502466
case_084,pre,2,9288,MATMUL,PIPE_M,279880,280468,588,502466
case_084,pre,2,9292,MATMUL,PIPE_M,280468,281056,588,502466
case_084,pre,2,1000026051,COPY_OUT,PIPE_MTE3,280468,280609,141,502466
case_084,pre,2,9294,DIV,PIPE_V,281056,281356,300,502466
case_084,pre,2,9295,REDUCE,PIPE_V,281356,281440,84,502466
case_084,pre,2,9296,SUB,PIPE_V,281440,281524,84,502466
case_084,pre,2,9297,EXP,PIPE_V,281524,281824,300,502466
case_084,pre,2,1000026129,COPY_IN,PIPE_MTE2,281524,281526,2,502466
case_084,pre,2,1000026127,COPY_IN,PIPE_MTE2,281526,281635,109,502466
case_084,pre,2,1000026133,COPY_IN,PIPE_MTE2,281635,281846,211,502466
case_084,pre,2,9298,REDUCE,PIPE_V,281824,281908,84,502466
case_084,pre,2,1000026135,COPY_IN,PIPE_MTE2,281846,282088,242,502466
case_084,pre,2,9299,DIV,PIPE_V,281908,282208,300,502466
case_084,pre,2,9300,MATMUL,PIPE_M,282208,282796,588,502466
case_084,pre,2,9304,MATMUL,PIPE_M,282796,283384,588,502466
case_084,pre,2,1000026061,COPY_OUT,PIPE_MTE3,282796,282937,141,502466
case_084,pre,2,9306,DIV,PIPE_V,283384,283684,300,502466
case_084,pre,2,9307,REDUCE,PIPE_V,283684,283768,84,502466
case_084,pre,2,9308,SUB,PIPE_V,283768,283852,84,502466
case_084,pre,2,9309,EXP,PIPE_V,283852,284152,300,502466
case_084,pre,2,1000026139,COPY_IN,PIPE_MTE2,283852,283854,2,502466
case_084,pre,2,1000026137,COPY_IN,PIPE_MTE2,283854,283963,109,502466
case_084,pre,2,1000026143,COPY_IN,PIPE_MTE2,283963,284174,211,502466
case_084,pre,2,9310,REDUCE,PIPE_V,284152,284236,84,502466
case_084,pre,2,1000026145,COPY_IN,PIPE_MTE2,284174,284416,242,502466
case_084,pre,2,9311,DIV,PIPE_V,284236,284536,300,502466
case_084,pre,2,9312,MATMUL,PIPE_M,284536,285124,588,502466
case_084,pre,2,9316,MATMUL,PIPE_M,285124,285712,588,502466
case_084,pre,2,1000026071,COPY_OUT,PIPE_MTE3,285124,285265,141,502466
case_084,pre,2,9318,DIV,PIPE_V,285712,286012,300,502466
case_084,pre,2,9319,REDUCE,PIPE_V,286012,286096,84,502466
case_084,pre,2,9320,SUB,PIPE_V,286096,286180,84,502466
case_084,pre,2,9321,EXP,PIPE_V,286180,286480,300,502466
case_084,pre,2,1000026149,COPY_IN,PIPE_MTE2,286180,286182,2,502466
case_084,pre,2,1000026147,COPY_IN,PIPE_MTE2,286182,286291,109,502466
case_084,pre,2,1000026153,COPY_IN,PIPE_MTE2,286291,286502,211,502466
case_084,pre,2,9322,REDUCE,PIPE_V,286480,286564,84,502466
case_084,pre,2,1000026155,COPY_IN,PIPE_MTE2,286502,286744,242,502466
case_084,pre,2,9323,DIV,PIPE_V,286564,286864,300,502466
case_084,pre,2,9324,MATMUL,PIPE_M,286864,287452,588,502466
case_084,pre,2,9328,MATMUL,PIPE_M,287452,288040,588,502466
case_084,pre,2,1000026081,COPY_OUT,PIPE_MTE3,287452,287593,141,502466
case_084,pre,2,9330,DIV,PIPE_V,288040,288340,300,502466
case_084,pre,2,9331,REDUCE,PIPE_V,288340,288424,84,502466
case_084,pre,2,9332,SUB,PIPE_V,288424,288508,84,502466
case_084,pre,2,9333,EXP,PIPE_V,288508,288808,300,502466
case_084,pre,2,1000026159,COPY_IN,PIPE_MTE2,288508,288510,2,502466
case_084,pre,2,1000026157,COPY_IN,PIPE_MTE2,288510,288619,109,502466
case_084,pre,2,1000026163,COPY_IN,PIPE_MTE2,288619,288830,211,502466
case_084,pre,2,9334,REDUCE,PIPE_V,288808,288892,84,502466
case_084,pre,2,1000026165,COPY_IN,PIPE_MTE2,288830,289072,242,502466
case_084,pre,2,9335,DIV,PIPE_V,288892,289192,300,502466
case_084,pre,2,9336,MATMUL,PIPE_M,289192,289780,588,502466
case_084,pre,2,9340,MATMUL,PIPE_M,289780,290368,588,502466
case_084,pre,2,1000026091,COPY_OUT,PIPE_MTE3,289780,289921,141,502466
case_084,pre,2,9342,DIV,PIPE_V,290368,290668,300,502466
case_084,pre,2,9343,REDUCE,PIPE_V,290668,290752,84,502466
case_084,pre,2,9344,SUB,PIPE_V,290752,290836,84,502466
case_084,pre,2,9345,EXP,PIPE_V,290836,291136,300,502466
case_084,pre,2,1000026169,COPY_IN,PIPE_MTE2,290836,290838,2,502466
case_084,pre,2,1000026167,COPY_IN,PIPE_MTE2,290838,290947,109,502466
case_084,pre,2,1000026173,COPY_IN,PIPE_MTE2,290947,291158,211,502466
case_084,pre,2,9346,REDUCE,PIPE_V,291136,291220,84,502466
case_084,pre,2,1000026175,COPY_IN,PIPE_MTE2,291158,291400,242,502466
case_084,pre,2,9347,DIV,PIPE_V,291220,291520,300,502466
case_084,pre,2,9348,MATMUL,PIPE_M,291520,292108,588,502466
case_084,pre,2,9352,MATMUL,PIPE_M,292108,292696,588,502466
case_084,pre,2,1000026101,COPY_OUT,PIPE_MTE3,292108,292249,141,502466
case_084,pre,2,9354,DIV,PIPE_V,292696,292996,300,502466
case_084,pre,2,9355,REDUCE,PIPE_V,292996,293080,84,502466
case_084,pre,2,9356,SUB,PIPE_V,293080,293164,84,502466
case_084,pre,2,9357,EXP,PIPE_V,293164,293464,300,502466
case_084,pre,2,1000026179,COPY_IN,PIPE_MTE2,293164,293166,2,502466
case_084,pre,2,1000026177,COPY_IN,PIPE_MTE2,293166,293275,109,502466
case_084,pre,2,1000026183,COPY_IN,PIPE_MTE2,293275,293486,211,502466
case_084,pre,2,9358,REDUCE,PIPE_V,293464,293548,84,502466
case_084,pre,2,1000026185,COPY_IN,PIPE_MTE2,293486,293728,242,502466
case_084,pre,2,9359,DIV,PIPE_V,293548,293848,300,502466
case_084,pre,2,9360,MATMUL,PIPE_M,293848,294436,588,502466
case_084,pre,2,9364,MATMUL,PIPE_M,294436,295024,588,502466
case_084,pre,2,1000026111,COPY_OUT,PIPE_MTE3,294436,294577,141,502466
case_084,pre,2,9366,DIV,PIPE_V,295024,295324,300,502466
case_084,pre,2,9367,REDUCE,PIPE_V,295324,295408,84,502466
case_084,pre,2,9368,SUB,PIPE_V,295408,295492,84,502466
case_084,pre,2,9369,EXP,PIPE_V,295492,295792,300,502466
case_084,pre,2,1000026189,COPY_IN,PIPE_MTE2,295492,295494,2,502466
case_084,pre,2,1000026187,COPY_IN,PIPE_MTE2,295494,295603,109,502466
case_084,pre,2,1000026193,COPY_IN,PIPE_MTE2,295603,295814,211,502466
case_084,pre,2,9370,REDUCE,PIPE_V,295792,295876,84,502466
case_084,pre,2,1000026195,COPY_IN,PIPE_MTE2,295814,296056,242,502466
case_084,pre,2,9371,DIV,PIPE_V,295876,296176,300,502466
case_084,pre,2,9372,MATMUL,PIPE_M,296176,296764,588,502466
case_084,pre,2,9376,MATMUL,PIPE_M,296764,297352,588,502466
case_084,pre,2,1000026121,COPY_OUT,PIPE_MTE3,296764,296905,141,502466
case_084,pre,2,9378,DIV,PIPE_V,297352,297652,300,502466
case_084,pre,2,9379,REDUCE,PIPE_V,297652,297736,84,502466
case_084,pre,2,9380,SUB,PIPE_V,297736,297820,84,502466
case_084,pre,2,9381,EXP,PIPE_V,297820,298120,300,502466
case_084,pre,2,1000026199,COPY_IN,PIPE_MTE2,297820,297822,2,502466
case_084,pre,2,1000026197,COPY_IN,PIPE_MTE2,297822,297931,109,502466
case_084,pre,2,1000026203,COPY_IN,PIPE_MTE2,297931,298142,211,502466
case_084,pre,2,9382,REDUCE,PIPE_V,298120,298204,84,502466
case_084,pre,2,1000026205,COPY_IN,PIPE_MTE2,298142,298384,242,502466
case_084,pre,2,9383,DIV,PIPE_V,298204,298504,300,502466
case_084,pre,2,9384,MATMUL,PIPE_M,298504,299092,588,502466
case_084,pre,2,9388,MATMUL,PIPE_M,299092,299680,588,502466
case_084,pre,2,1000026131,COPY_OUT,PIPE_MTE3,299092,299233,141,502466
case_084,pre,2,9390,DIV,PIPE_V,299680,299980,300,502466
case_084,pre,2,9391,REDUCE,PIPE_V,299980,300064,84,502466
case_084,pre,2,9392,SUB,PIPE_V,300064,300148,84,502466
case_084,pre,2,9393,EXP,PIPE_V,300148,300448,300,502466
case_084,pre,2,1000026209,COPY_IN,PIPE_MTE2,300148,300150,2,502466
case_084,pre,2,1000026207,COPY_IN,PIPE_MTE2,300150,300259,109,502466
case_084,pre,2,1000026213,COPY_IN,PIPE_MTE2,300259,300470,211,502466
case_084,pre,2,9394,REDUCE,PIPE_V,300448,300532,84,502466
case_084,pre,2,1000026215,COPY_IN,PIPE_MTE2,300470,300712,242,502466
case_084,pre,2,9395,DIV,PIPE_V,300532,300832,300,502466
case_084,pre,2,9396,MATMUL,PIPE_M,300832,301420,588,502466
case_084,pre,2,9400,MATMUL,PIPE_M,301420,302008,588,502466
case_084,pre,2,1000026141,COPY_OUT,PIPE_MTE3,301420,301561,141,502466
case_084,pre,2,9402,DIV,PIPE_V,302008,302308,300,502466
case_084,pre,2,9403,REDUCE,PIPE_V,302308,302392,84,502466
case_084,pre,2,9404,SUB,PIPE_V,302392,302476,84,502466
case_084,pre,2,9405,EXP,PIPE_V,302476,302776,300,502466
case_084,pre,2,1000026219,COPY_IN,PIPE_MTE2,302476,302478,2,502466
case_084,pre,2,1000026217,COPY_IN,PIPE_MTE2,302478,302587,109,502466
case_084,pre,2,1000026223,COPY_IN,PIPE_MTE2,302587,302798,211,502466
case_084,pre,2,9406,REDUCE,PIPE_V,302776,302860,84,502466
case_084,pre,2,1000026225,COPY_IN,PIPE_MTE2,302798,303040,242,502466
case_084,pre,2,9407,DIV,PIPE_V,302860,303160,300,502466
case_084,pre,2,9408,MATMUL,PIPE_M,303160,303748,588,502466
case_084,pre,2,9412,MATMUL,PIPE_M,303748,304336,588,502466
case_084,pre,2,1000026151,COPY_OUT,PIPE_MTE3,303748,303889,141,502466
case_084,pre,2,9414,DIV,PIPE_V,304336,304636,300,502466
case_084,pre,2,9415,REDUCE,PIPE_V,304636,304720,84,502466
case_084,pre,2,9416,SUB,PIPE_V,304720,304804,84,502466
case_084,pre,2,9417,EXP,PIPE_V,304804,305104,300,502466
case_084,pre,2,1000026229,COPY_IN,PIPE_MTE2,304804,304806,2,502466
case_084,pre,2,1000026227,COPY_IN,PIPE_MTE2,304806,304915,109,502466
case_084,pre,2,1000026233,COPY_IN,PIPE_MTE2,304915,305126,211,502466
case_084,pre,2,9418,REDUCE,PIPE_V,305104,305188,84,502466
case_084,pre,2,1000026235,COPY_IN,PIPE_MTE2,305126,305368,242,502466
case_084,pre,2,9419,DIV,PIPE_V,305188,305488,300,502466
case_084,pre,2,9420,MATMUL,PIPE_M,305488,306076,588,502466
case_084,pre,2,9424,MATMUL,PIPE_M,306076,306664,588,502466
case_084,pre,2,1000026161,COPY_OUT,PIPE_MTE3,306076,306217,141,502466
case_084,pre,2,9426,DIV,PIPE_V,306664,306964,300,502466
case_084,pre,2,9427,REDUCE,PIPE_V,306964,307048,84,502466
case_084,pre,2,9428,SUB,PIPE_V,307048,307132,84,502466
case_084,pre,2,9429,EXP,PIPE_V,307132,307432,300,502466
case_084,pre,2,1000026239,COPY_IN,PIPE_MTE2,307132,307134,2,502466
case_084,pre,2,1000026237,COPY_IN,PIPE_MTE2,307134,307243,109,502466
case_084,pre,2,1000026243,COPY_IN,PIPE_MTE2,307243,307454,211,502466
case_084,pre,2,9430,REDUCE,PIPE_V,307432,307516,84,502466
case_084,pre,2,1000026245,COPY_IN,PIPE_MTE2,307454,307696,242,502466
case_084,pre,2,9431,DIV,PIPE_V,307516,307816,300,502466
case_084,pre,2,9432,MATMUL,PIPE_M,307816,308404,588,502466
case_084,pre,2,9436,MATMUL,PIPE_M,308404,308992,588,502466
case_084,pre,2,1000026171,COPY_OUT,PIPE_MTE3,308404,308545,141,502466
case_084,pre,2,9438,DIV,PIPE_V,308992,309292,300,502466
case_084,pre,2,9439,REDUCE,PIPE_V,309292,309376,84,502466
case_084,pre,2,9440,SUB,PIPE_V,309376,309460,84,502466
case_084,pre,2,9441,EXP,PIPE_V,309460,309760,300,502466
case_084,pre,2,1000026249,COPY_IN,PIPE_MTE2,309460,309462,2,502466
case_084,pre,2,1000026247,COPY_IN,PIPE_MTE2,309462,309571,109,502466
case_084,pre,2,1000026253,COPY_IN,PIPE_MTE2,309571,309782,211,502466
case_084,pre,2,9442,REDUCE,PIPE_V,309760,309844,84,502466
case_084,pre,2,1000026255,COPY_IN,PIPE_MTE2,309782,310024,242,502466
case_084,pre,2,9443,DIV,PIPE_V,309844,310144,300,502466
case_084,pre,2,9444,MATMUL,PIPE_M,310144,310732,588,502466
case_084,pre,2,9448,MATMUL,PIPE_M,310732,311320,588,502466
case_084,pre,2,1000026181,COPY_OUT,PIPE_MTE3,310732,310873,141,502466
case_084,pre,2,9450,DIV,PIPE_V,311320,311620,300,502466
case_084,pre,2,9451,REDUCE,PIPE_V,311620,311704,84,502466
case_084,pre,2,9452,SUB,PIPE_V,311704,311788,84,502466
case_084,pre,2,9453,EXP,PIPE_V,311788,312088,300,502466
case_084,pre,2,1000026259,COPY_IN,PIPE_MTE2,311788,311790,2,502466
case_084,pre,2,1000026257,COPY_IN,PIPE_MTE2,311790,311899,109,502466
case_084,pre,2,1000026263,COPY_IN,PIPE_MTE2,311899,312110,211,502466
case_084,pre,2,9454,REDUCE,PIPE_V,312088,312172,84,502466
case_084,pre,2,1000026265,COPY_IN,PIPE_MTE2,312110,312352,242,502466
case_084,pre,2,9455,DIV,PIPE_V,312172,312472,300,502466
case_084,pre,2,9456,MATMUL,PIPE_M,312472,313060,588,502466
case_084,pre,2,9460,MATMUL,PIPE_M,313060,313648,588,502466
case_084,pre,2,1000026191,COPY_OUT,PIPE_MTE3,313060,313201,141,502466
case_084,pre,2,9462,DIV,PIPE_V,313648,313948,300,502466
case_084,pre,2,9463,REDUCE,PIPE_V,313948,314032,84,502466
case_084,pre,2,9464,SUB,PIPE_V,314032,314116,84,502466
case_084,pre,2,9465,EXP,PIPE_V,314116,314416,300,502466
case_084,pre,2,1000026269,COPY_IN,PIPE_MTE2,314116,314118,2,502466
case_084,pre,2,1000026267,COPY_IN,PIPE_MTE2,314118,314227,109,502466
case_084,pre,2,1000026273,COPY_IN,PIPE_MTE2,314227,314438,211,502466
case_084,pre,2,9466,REDUCE,PIPE_V,314416,314500,84,502466
case_084,pre,2,1000026275,COPY_IN,PIPE_MTE2,314438,314680,242,502466
case_084,pre,2,9467,DIV,PIPE_V,314500,314800,300,502466
case_084,pre,2,9468,MATMUL,PIPE_M,314800,315388,588,502466
case_084,pre,2,9472,MATMUL,PIPE_M,315388,315976,588,502466
case_084,pre,2,1000026201,COPY_OUT,PIPE_MTE3,315388,315529,141,502466
case_084,pre,2,9474,DIV,PIPE_V,315976,316276,300,502466
case_084,pre,2,9475,REDUCE,PIPE_V,316276,316360,84,502466
case_084,pre,2,9476,SUB,PIPE_V,316360,316444,84,502466
case_084,pre,2,9477,EXP,PIPE_V,316444,316744,300,502466
case_084,pre,2,1000026279,COPY_IN,PIPE_MTE2,316444,316445,1,502466
case_084,pre,2,1000026277,COPY_IN,PIPE_MTE2,316445,316497,52,502466
case_084,pre,2,1000026287,COPY_IN,PIPE_MTE2,316497,316558,61,502466
case_084,pre,2,1000019750,COPY_IN,PIPE_MTE2,316558,316666,108,502466
case_084,pre,2,1000019752,COPY_IN,PIPE_MTE2,316666,316873,207,502466
case_084,pre,2,9478,REDUCE,PIPE_V,316744,316828,84,502466
case_084,pre,2,9479,DIV,PIPE_V,316828,317128,300,502466
case_084,pre,2,9480,MATMUL,PIPE_M,317128,317716,588,502466
case_084,pre,2,9484,MATMUL,PIPE_M,317716,318304,588,502466
case_084,pre,2,1000026211,COPY_OUT,PIPE_MTE3,317716,317857,141,502466
case_084,pre,2,9486,DIV,PIPE_V,318304,318604,300,502466
case_084,pre,2,9487,REDUCE,PIPE_V,318604,318688,84,502466
case_084,pre,2,9488,SUB,PIPE_V,318688,318772,84,502466
case_084,pre,2,9489,EXP,PIPE_V,318772,319072,300,502466
case_084,pre,2,9490,REDUCE,PIPE_V,319072,319156,84,502466
case_084,pre,2,9491,DIV,PIPE_V,319156,319456,300,502466
case_084,pre,2,9492,MATMUL,PIPE_M,319456,320044,588,502466
case_084,pre,2,9496,MATMUL,PIPE_M,320044,320632,588,502466
case_084,pre,2,1000019756,COPY_IN,PIPE_MTE2,320044,320048,4,502466
case_084,pre,2,1000026221,COPY_OUT,PIPE_MTE3,320044,320237,193,502466
case_084,pre,2,1000019754,COPY_IN,PIPE_MTE2,320048,320238,190,502466
case_084,pre,2,1000019760,COPY_IN,PIPE_MTE2,320238,320338,100,502466
case_084,pre,2,1000019762,COPY_IN,PIPE_MTE2,320338,320394,56,502466
case_084,pre,2,9498,DIV,PIPE_V,320632,320932,300,502466
case_084,pre,2,9499,REDUCE,PIPE_V,320932,321016,84,502466
case_084,pre,2,9500,SUB,PIPE_V,321016,321100,84,502466
case_084,pre,2,9501,EXP,PIPE_V,321100,321400,300,502466
case_084,pre,2,9502,REDUCE,PIPE_V,321400,321484,84,502466
case_084,pre,2,9503,DIV,PIPE_V,321484,321784,300,502466
case_084,pre,2,9504,MATMUL,PIPE_M,321784,322372,588,502466
case_084,pre,2,9508,MATMUL,PIPE_M,322372,322960,588,502466
case_084,pre,2,1000019766,COPY_IN,PIPE_MTE2,322372,322376,4,502466
case_084,pre,2,1000026231,COPY_OUT,PIPE_MTE3,322372,322565,193,502466
case_084,pre,2,1000019764,COPY_IN,PIPE_MTE2,322376,322566,190,502466
case_084,pre,2,1000019770,COPY_IN,PIPE_MTE2,322566,322666,100,502466
case_084,pre,2,1000019772,COPY_IN,PIPE_MTE2,322666,322722,56,502466
case_084,pre,2,9510,DIV,PIPE_V,322960,323260,300,502466
case_084,pre,2,9511,REDUCE,PIPE_V,323260,323344,84,502466
case_084,pre,2,9512,SUB,PIPE_V,323344,323428,84,502466
case_084,pre,2,9513,EXP,PIPE_V,323428,323728,300,502466
case_084,pre,2,9514,REDUCE,PIPE_V,323728,323812,84,502466
case_084,pre,2,9515,DIV,PIPE_V,323812,324112,300,502466
case_084,pre,2,9516,MATMUL,PIPE_M,324112,324700,588,502466
case_084,pre,2,9520,MATMUL,PIPE_M,324700,325288,588,502466
case_084,pre,2,1000019776,COPY_IN,PIPE_MTE2,324700,324704,4,502466
case_084,pre,2,1000026241,COPY_OUT,PIPE_MTE3,324700,324893,193,502466
case_084,pre,2,1000019774,COPY_IN,PIPE_MTE2,324704,324894,190,502466
case_084,pre,2,1000019780,COPY_IN,PIPE_MTE2,324894,324994,100,502466
case_084,pre,2,1000019782,COPY_IN,PIPE_MTE2,324994,325050,56,502466
case_084,pre,2,9522,DIV,PIPE_V,325288,325588,300,502466
case_084,pre,2,9523,REDUCE,PIPE_V,325588,325672,84,502466
case_084,pre,2,9524,SUB,PIPE_V,325672,325756,84,502466
case_084,pre,2,9525,EXP,PIPE_V,325756,326056,300,502466
case_084,pre,2,9526,REDUCE,PIPE_V,326056,326140,84,502466
case_084,pre,2,9527,DIV,PIPE_V,326140,326440,300,502466
case_084,pre,2,9528,MATMUL,PIPE_M,326440,327028,588,502466
case_084,pre,2,9532,MATMUL,PIPE_M,327028,327616,588,502466
case_084,pre,2,1000019786,COPY_IN,PIPE_MTE2,327028,327032,4,502466
case_084,pre,2,1000026251,COPY_OUT,PIPE_MTE3,327028,327221,193,502466
case_084,pre,2,1000019784,COPY_IN,PIPE_MTE2,327032,327222,190,502466
case_084,pre,2,1000019790,COPY_IN,PIPE_MTE2,327222,327322,100,502466
case_084,pre,2,1000019792,COPY_IN,PIPE_MTE2,327322,327378,56,502466
case_084,pre,2,9534,DIV,PIPE_V,327616,327916,300,502466
case_084,pre,2,9535,REDUCE,PIPE_V,327916,328000,84,502466
case_084,pre,2,9536,SUB,PIPE_V,328000,328084,84,502466
case_084,pre,2,9537,EXP,PIPE_V,328084,328384,300,502466
case_084,pre,2,9538,REDUCE,PIPE_V,328384,328468,84,502466
case_084,pre,2,9539,DIV,PIPE_V,328468,328768,300,502466
case_084,pre,2,9540,MATMUL,PIPE_M,328768,329356,588,502466
case_084,pre,2,9544,MATMUL,PIPE_M,329356,329944,588,502466
case_084,pre,2,1000019796,COPY_IN,PIPE_MTE2,329356,329360,4,502466
case_084,pre,2,1000026261,COPY_OUT,PIPE_MTE3,329356,329549,193,502466
case_084,pre,2,1000019794,COPY_IN,PIPE_MTE2,329360,329550,190,502466
case_084,pre,2,1000019800,COPY_IN,PIPE_MTE2,329550,329650,100,502466
case_084,pre,2,1000019802,COPY_IN,PIPE_MTE2,329650,329706,56,502466
case_084,pre,2,9546,DIV,PIPE_V,329944,330244,300,502466
case_084,pre,2,9547,REDUCE,PIPE_V,330244,330328,84,502466
case_084,pre,2,9548,SUB,PIPE_V,330328,330412,84,502466
case_084,pre,2,9549,EXP,PIPE_V,330412,330712,300,502466
case_084,pre,2,9550,REDUCE,PIPE_V,330712,330796,84,502466
case_084,pre,2,9551,DIV,PIPE_V,330796,331096,300,502466
case_084,pre,2,9552,MATMUL,PIPE_M,331096,331684,588,502466
case_084,pre,2,9556,MATMUL,PIPE_M,331684,332272,588,502466
case_084,pre,2,1000019806,COPY_IN,PIPE_MTE2,331684,331689,5,502466
case_084,pre,2,1000026271,COPY_OUT,PIPE_MTE3,331684,331941,257,502466
case_084,pre,2,1000019804,COPY_IN,PIPE_MTE2,331689,331944,255,502466
case_084,pre,2,1000019810,COPY_IN,PIPE_MTE2,331944,332087,143,502466
case_084,pre,2,1000019812,COPY_IN,PIPE_MTE2,332087,332191,104,502466
case_084,pre,2,9558,DIV,PIPE_V,332272,332572,300,502466
case_084,pre,2,9559,REDUCE,PIPE_V,332572,332656,84,502466
case_084,pre,2,9560,SUB,PIPE_V,332656,332740,84,502466
case_084,pre,2,9561,EXP,PIPE_V,332740,333040,300,502466
case_084,pre,2,9562,REDUCE,PIPE_V,333040,333124,84,502466
case_084,pre,2,9563,DIV,PIPE_V,333124,333424,300,502466
case_084,pre,2,9564,MATMUL,PIPE_M,333424,334012,588,502466
case_084,pre,2,9571,REDUCE,PIPE_V,333424,333508,84,502466
case_084,pre,2,9572,SUB,PIPE_V,333508,333592,84,502466
case_084,pre,2,9573,EXP,PIPE_V,333592,333892,300,502466
case_084,pre,2,1000019816,COPY_IN,PIPE_MTE2,333592,333594,2,502466
case_084,pre,2,1000019814,COPY_IN,PIPE_MTE2,333594,333698,104,502466
case_084,pre,2,1000019820,COPY_IN,PIPE_MTE2,333698,333763,65,502466
case_084,pre,2,1000019822,COPY_IN,PIPE_MTE2,333763,333815,52,502466
case_084,pre,2,9574,REDUCE,PIPE_V,333892,333976,84,502466
case_084,pre,2,9575,DIV,PIPE_V,333976,334276,300,502466
case_084,pre,2,1000026281,COPY_OUT,PIPE_MTE3,334012,334101,89,502466
case_084,pre,2,9576,MATMUL,PIPE_M,334276,334864,588,502466
case_084,pre,2,1732,MATMUL,PIPE_M,334864,335452,588,502466
case_084,pre,2,1000019826,COPY_IN,PIPE_MTE2,334864,334868,4,502466
case_084,pre,2,1000026291,COPY_OUT,PIPE_MTE3,334864,335039,175,502466
case_084,pre,2,1000019824,COPY_IN,PIPE_MTE2,334868,335041,173,502466
case_084,pre,2,1000019830,COPY_IN,PIPE_MTE2,335041,335145,104,502466
case_084,pre,2,1000019832,COPY_IN,PIPE_MTE2,335145,335259,114,502466
case_084,pre,2,1734,DIV,PIPE_V,335452,335752,300,502466
case_084,pre,2,1735,REDUCE,PIPE_V,335752,335836,84,502466
case_084,pre,2,1736,SUB,PIPE_V,335836,335920,84,502466
case_084,pre,2,1737,EXP,PIPE_V,335920,336220,300,502466
case_084,pre,2,1738,REDUCE,PIPE_V,336220,336304,84,502466
case_084,pre,2,1739,DIV,PIPE_V,336304,336604,300,502466
case_084,pre,2,1740,MATMUL,PIPE_M,336604,337192,588,502466
case_084,pre,2,1744,MATMUL,PIPE_M,337192,337780,588,502466
case_084,pre,2,1000019758,COPY_OUT,PIPE_MTE3,337192,337367,175,502466
case_084,pre,2,1000019836,COPY_IN,PIPE_MTE2,337192,337196,4,502466
case_084,pre,2,1000019834,COPY_IN,PIPE_MTE2,337196,337369,173,502466
case_084,pre,2,1000019840,COPY_IN,PIPE_MTE2,337369,337473,104,502466
case_084,pre,2,1000019842,COPY_IN,PIPE_MTE2,337473,337587,114,502466
case_084,pre,2,1746,DIV,PIPE_V,337780,338080,300,502466
case_084,pre,2,1747,REDUCE,PIPE_V,338080,338164,84,502466
case_084,pre,2,1748,SUB,PIPE_V,338164,338248,84,502466
case_084,pre,2,1749,EXP,PIPE_V,338248,338548,300,502466
case_084,pre,2,1750,REDUCE,PIPE_V,338548,338632,84,502466
case_084,pre,2,1751,DIV,PIPE_V,338632,338932,300,502466
case_084,pre,2,1752,MATMUL,PIPE_M,338932,339520,588,502466
case_084,pre,2,1756,MATMUL,PIPE_M,339520,340108,588,502466
case_084,pre,2,1000019768,COPY_OUT,PIPE_MTE3,339520,339695,175,502466
case_084,pre,2,1000019846,COPY_IN,PIPE_MTE2,339520,339524,4,502466
case_084,pre,2,1000019844,COPY_IN,PIPE_MTE2,339524,339697,173,502466
case_084,pre,2,1000019850,COPY_IN,PIPE_MTE2,339697,339801,104,502466
case_084,pre,2,1000019852,COPY_IN,PIPE_MTE2,339801,339915,114,502466
case_084,pre,2,1758,DIV,PIPE_V,340108,340408,300,502466
case_084,pre,2,1759,REDUCE,PIPE_V,340408,340492,84,502466
case_084,pre,2,1760,SUB,PIPE_V,340492,340576,84,502466
case_084,pre,2,1761,EXP,PIPE_V,340576,340876,300,502466
case_084,pre,2,1762,REDUCE,PIPE_V,340876,340960,84,502466
case_084,pre,2,1763,DIV,PIPE_V,340960,341260,300,502466
case_084,pre,2,1764,MATMUL,PIPE_M,341260,341848,588,502466
case_084,pre,2,1768,MATMUL,PIPE_M,341848,342436,588,502466
case_084,pre,2,1000019778,COPY_OUT,PIPE_MTE3,341848,342023,175,502466
case_084,pre,2,1000019856,COPY_IN,PIPE_MTE2,341848,341852,4,502466
case_084,pre,2,1000019854,COPY_IN,PIPE_MTE2,341852,342025,173,502466
case_084,pre,2,1000019860,COPY_IN,PIPE_MTE2,342025,342129,104,502466
case_084,pre,2,1000019862,COPY_IN,PIPE_MTE2,342129,342243,114,502466
case_084,pre,2,1770,DIV,PIPE_V,342436,342736,300,502466
case_084,pre,2,1771,REDUCE,PIPE_V,342736,342820,84,502466
case_084,pre,2,1772,SUB,PIPE_V,342820,342904,84,502466
case_084,pre,2,1773,EXP,PIPE_V,342904,343204,300,502466
case_084,pre,2,1774,REDUCE,PIPE_V,343204,343288,84,502466
case_084,pre,2,1775,DIV,PIPE_V,343288,343588,300,502466
case_084,pre,2,1776,MATMUL,PIPE_M,343588,344176,588,502466
case_084,pre,2,1780,MATMUL,PIPE_M,344176,344764,588,502466
case_084,pre,2,1000019788,COPY_OUT,PIPE_MTE3,344176,344351,175,502466
case_084,pre,2,1000019866,COPY_IN,PIPE_MTE2,344176,344180,4,502466
case_084,pre,2,1000019864,COPY_IN,PIPE_MTE2,344180,344353,173,502466
case_084,pre,2,1000019870,COPY_IN,PIPE_MTE2,344353,344457,104,502466
case_084,pre,2,1000019872,COPY_IN,PIPE_MTE2,344457,344571,114,502466
case_084,pre,2,1782,DIV,PIPE_V,344764,345064,300,502466
case_084,pre,2,1783,REDUCE,PIPE_V,345064,345148,84,502466
case_084,pre,2,1784,SUB,PIPE_V,345148,345232,84,502466
case_084,pre,2,1785,EXP,PIPE_V,345232,345532,300,502466
case_084,pre,2,1786,REDUCE,PIPE_V,345532,345616,84,502466
case_084,pre,2,1787,DIV,PIPE_V,345616,345916,300,502466
case_084,pre,2,1788,MATMUL,PIPE_M,345916,346504,588,502466
case_084,pre,2,1792,MATMUL,PIPE_M,346504,347092,588,502466
case_084,pre,2,1000019798,COPY_OUT,PIPE_MTE3,346504,346679,175,502466
case_084,pre,2,1000019876,COPY_IN,PIPE_MTE2,346504,346508,4,502466
case_084,pre,2,1000019874,COPY_IN,PIPE_MTE2,346508,346681,173,502466
case_084,pre,2,1000019880,COPY_IN,PIPE_MTE2,346681,346785,104,502466
case_084,pre,2,1000019882,COPY_IN,PIPE_MTE2,346785,346899,114,502466
case_084,pre,2,1794,DIV,PIPE_V,347092,347392,300,502466
case_084,pre,2,1795,REDUCE,PIPE_V,347392,347476,84,502466
case_084,pre,2,1796,SUB,PIPE_V,347476,347560,84,502466
case_084,pre,2,1797,EXP,PIPE_V,347560,347860,300,502466
case_084,pre,2,1798,REDUCE,PIPE_V,347860,347944,84,502466
case_084,pre,2,1799,DIV,PIPE_V,347944,348244,300,502466
case_084,pre,2,1800,MATMUL,PIPE_M,348244,348832,588,502466
case_084,pre,2,1804,MATMUL,PIPE_M,348832,349420,588,502466
case_084,pre,2,1000019808,COPY_OUT,PIPE_MTE3,348832,349007,175,502466
case_084,pre,2,1000019886,COPY_IN,PIPE_MTE2,348832,348836,4,502466
case_084,pre,2,1000019884,COPY_IN,PIPE_MTE2,348836,349009,173,502466
case_084,pre,2,1000019890,COPY_IN,PIPE_MTE2,349009,349113,104,502466
case_084,pre,2,1000019892,COPY_IN,PIPE_MTE2,349113,349227,114,502466
case_084,pre,2,1806,DIV,PIPE_V,349420,349720,300,502466
case_084,pre,2,1807,REDUCE,PIPE_V,349720,349804,84,502466
case_084,pre,2,1808,SUB,PIPE_V,349804,349888,84,502466
case_084,pre,2,1809,EXP,PIPE_V,349888,350188,300,502466
case_084,pre,2,1810,REDUCE,PIPE_V,350188,350272,84,502466
case_084,pre,2,1811,DIV,PIPE_V,350272,350572,300,502466
case_084,pre,2,1812,MATMUL,PIPE_M,350572,351160,588,502466
case_084,pre,2,1816,MATMUL,PIPE_M,351160,351748,588,502466
case_084,pre,2,1000019818,COPY_OUT,PIPE_MTE3,351160,351335,175,502466
case_084,pre,2,1000019896,COPY_IN,PIPE_MTE2,351160,351164,4,502466
case_084,pre,2,1000019894,COPY_IN,PIPE_MTE2,351164,351337,173,502466
case_084,pre,2,1000019900,COPY_IN,PIPE_MTE2,351337,351441,104,502466
case_084,pre,2,1000019902,COPY_IN,PIPE_MTE2,351441,351555,114,502466
case_084,pre,2,1818,DIV,PIPE_V,351748,352048,300,502466
case_084,pre,2,1819,REDUCE,PIPE_V,352048,352132,84,502466
case_084,pre,2,1820,SUB,PIPE_V,352132,352216,84,502466
case_084,pre,2,1821,EXP,PIPE_V,352216,352516,300,502466
case_084,pre,2,1822,REDUCE,PIPE_V,352516,352600,84,502466
case_084,pre,2,1823,DIV,PIPE_V,352600,352900,300,502466
case_084,pre,2,1824,MATMUL,PIPE_M,352900,353488,588,502466
case_084,pre,2,1828,MATMUL,PIPE_M,353488,354076,588,502466
case_084,pre,2,1000019828,COPY_OUT,PIPE_MTE3,353488,353663,175,502466
case_084,pre,2,1000019906,COPY_IN,PIPE_MTE2,353488,353492,4,502466
case_084,pre,2,1000019904,COPY_IN,PIPE_MTE2,353492,353665,173,502466
case_084,pre,2,1000019910,COPY_IN,PIPE_MTE2,353665,353769,104,502466
case_084,pre,2,1000019912,COPY_IN,PIPE_MTE2,353769,353883,114,502466
case_084,pre,2,1830,DIV,PIPE_V,354076,354376,300,502466
case_084,pre,2,1831,REDUCE,PIPE_V,354376,354460,84,502466
case_084,pre,2,1832,SUB,PIPE_V,354460,354544,84,502466
case_084,pre,2,1833,EXP,PIPE_V,354544,354844,300,502466
case_084,pre,2,1834,REDUCE,PIPE_V,354844,354928,84,502466
case_084,pre,2,1835,DIV,PIPE_V,354928,355228,300,502466
case_084,pre,2,1836,MATMUL,PIPE_M,355228,355816,588,502466
case_084,pre,2,1840,MATMUL,PIPE_M,355816,356404,588,502466
case_084,pre,2,1000019838,COPY_OUT,PIPE_MTE3,355816,355991,175,502466
case_084,pre,2,1000019916,COPY_IN,PIPE_MTE2,355816,355820,4,502466
case_084,pre,2,1000019914,COPY_IN,PIPE_MTE2,355820,355993,173,502466
case_084,pre,2,1000019920,COPY_IN,PIPE_MTE2,355993,356097,104,502466
case_084,pre,2,1000019922,COPY_IN,PIPE_MTE2,356097,356211,114,502466
case_084,pre,2,1842,DIV,PIPE_V,356404,356704,300,502466
case_084,pre,2,1843,REDUCE,PIPE_V,356704,356788,84,502466
case_084,pre,2,1844,SUB,PIPE_V,356788,356872,84,502466
case_084,pre,2,1845,EXP,PIPE_V,356872,357172,300,502466
case_084,pre,2,1846,REDUCE,PIPE_V,357172,357256,84,502466
case_084,pre,2,1847,DIV,PIPE_V,357256,357556,300,502466
case_084,pre,2,1848,MATMUL,PIPE_M,357556,358144,588,502466
case_084,pre,2,1852,MATMUL,PIPE_M,358144,358732,588,502466
case_084,pre,2,1000019848,COPY_OUT,PIPE_MTE3,358144,358319,175,502466
case_084,pre,2,1000019926,COPY_IN,PIPE_MTE2,358144,358148,4,502466
case_084,pre,2,1000019924,COPY_IN,PIPE_MTE2,358148,358321,173,502466
case_084,pre,2,1000019930,COPY_IN,PIPE_MTE2,358321,358425,104,502466
case_084,pre,2,1000019932,COPY_IN,PIPE_MTE2,358425,358539,114,502466
case_084,pre,2,1854,DIV,PIPE_V,358732,359032,300,502466
case_084,pre,2,1855,REDUCE,PIPE_V,359032,359116,84,502466
case_084,pre,2,1856,SUB,PIPE_V,359116,359200,84,502466
case_084,pre,2,1857,EXP,PIPE_V,359200,359500,300,502466
case_084,pre,2,1858,REDUCE,PIPE_V,359500,359584,84,502466
case_084,pre,2,1859,DIV,PIPE_V,359584,359884,300,502466
case_084,pre,2,1860,MATMUL,PIPE_M,359884,360472,588,502466
case_084,pre,2,1864,MATMUL,PIPE_M,360472,361060,588,502466
case_084,pre,2,1000019858,COPY_OUT,PIPE_MTE3,360472,360647,175,502466
case_084,pre,2,1000019936,COPY_IN,PIPE_MTE2,360472,360476,4,502466
case_084,pre,2,1000019934,COPY_IN,PIPE_MTE2,360476,360649,173,502466
case_084,pre,2,1000019940,COPY_IN,PIPE_MTE2,360649,360753,104,502466
case_084,pre,2,1000019942,COPY_IN,PIPE_MTE2,360753,360867,114,502466
case_084,pre,2,1866,DIV,PIPE_V,361060,361360,300,502466
case_084,pre,2,1867,REDUCE,PIPE_V,361360,361444,84,502466
case_084,pre,2,1868,SUB,PIPE_V,361444,361528,84,502466
case_084,pre,2,1869,EXP,PIPE_V,361528,361828,300,502466
case_084,pre,2,1870,REDUCE,PIPE_V,361828,361912,84,502466
case_084,pre,2,1871,DIV,PIPE_V,361912,362212,300,502466
case_084,pre,2,1872,MATMUL,PIPE_M,362212,362800,588,502466
case_084,pre,2,1876,MATMUL,PIPE_M,362800,363388,588,502466
case_084,pre,2,1000019868,COPY_OUT,PIPE_MTE3,362800,362975,175,502466
case_084,pre,2,1000019946,COPY_IN,PIPE_MTE2,362800,362804,4,502466
case_084,pre,2,1000019944,COPY_IN,PIPE_MTE2,362804,362977,173,502466
case_084,pre,2,1000019950,COPY_IN,PIPE_MTE2,362977,363081,104,502466
case_084,pre,2,1000019952,COPY_IN,PIPE_MTE2,363081,363195,114,502466
case_084,pre,2,1878,DIV,PIPE_V,363388,363688,300,502466
case_084,pre,2,1879,REDUCE,PIPE_V,363688,363772,84,502466
case_084,pre,2,1880,SUB,PIPE_V,363772,363856,84,502466
case_084,pre,2,1881,EXP,PIPE_V,363856,364156,300,502466
case_084,pre,2,1882,REDUCE,PIPE_V,364156,364240,84,502466
case_084,pre,2,1883,DIV,PIPE_V,364240,364540,300,502466
case_084,pre,2,1884,MATMUL,PIPE_M,364540,365128,588,502466
case_084,pre,2,1888,MATMUL,PIPE_M,365128,365716,588,502466
case_084,pre,2,1000019878,COPY_OUT,PIPE_MTE3,365128,365303,175,502466
case_084,pre,2,1000019956,COPY_IN,PIPE_MTE2,365128,365132,4,502466
case_084,pre,2,1000019954,COPY_IN,PIPE_MTE2,365132,365305,173,502466
case_084,pre,2,1000019960,COPY_IN,PIPE_MTE2,365305,365409,104,502466
case_084,pre,2,1000019962,COPY_IN,PIPE_MTE2,365409,365523,114,502466
case_084,pre,2,1890,DIV,PIPE_V,365716,366016,300,502466
case_084,pre,2,1891,REDUCE,PIPE_V,366016,366100,84,502466
case_084,pre,2,1892,SUB,PIPE_V,366100,366184,84,502466
case_084,pre,2,1893,EXP,PIPE_V,366184,366484,300,502466
case_084,pre,2,1894,REDUCE,PIPE_V,366484,366568,84,502466
case_084,pre,2,1895,DIV,PIPE_V,366568,366868,300,502466
case_084,pre,2,1896,MATMUL,PIPE_M,366868,367456,588,502466
case_084,pre,2,1900,MATMUL,PIPE_M,367456,368044,588,502466
case_084,pre,2,1000019888,COPY_OUT,PIPE_MTE3,367456,367631,175,502466
case_084,pre,2,1000019966,COPY_IN,PIPE_MTE2,367456,367460,4,502466
case_084,pre,2,1000019964,COPY_IN,PIPE_MTE2,367460,367633,173,502466
case_084,pre,2,1000019970,COPY_IN,PIPE_MTE2,367633,367737,104,502466
case_084,pre,2,1000019972,COPY_IN,PIPE_MTE2,367737,367851,114,502466
case_084,pre,2,1902,DIV,PIPE_V,368044,368344,300,502466
case_084,pre,2,1903,REDUCE,PIPE_V,368344,368428,84,502466
case_084,pre,2,1904,SUB,PIPE_V,368428,368512,84,502466
case_084,pre,2,1905,EXP,PIPE_V,368512,368812,300,502466
case_084,pre,2,1906,REDUCE,PIPE_V,368812,368896,84,502466
case_084,pre,2,1907,DIV,PIPE_V,368896,369196,300,502466
case_084,pre,2,1908,MATMUL,PIPE_M,369196,369784,588,502466
case_084,pre,2,1912,MATMUL,PIPE_M,369784,370372,588,502466
case_084,pre,2,1000019898,COPY_OUT,PIPE_MTE3,369784,369959,175,502466
case_084,pre,2,1000019976,COPY_IN,PIPE_MTE2,369784,369788,4,502466
case_084,pre,2,1000019974,COPY_IN,PIPE_MTE2,369788,369961,173,502466
case_084,pre,2,1000019980,COPY_IN,PIPE_MTE2,369961,370065,104,502466
case_084,pre,2,1000019982,COPY_IN,PIPE_MTE2,370065,370179,114,502466
case_084,pre,2,1914,DIV,PIPE_V,370372,370672,300,502466
case_084,pre,2,1915,REDUCE,PIPE_V,370672,370756,84,502466
case_084,pre,2,1916,SUB,PIPE_V,370756,370840,84,502466
case_084,pre,2,1917,EXP,PIPE_V,370840,371140,300,502466
case_084,pre,2,1918,REDUCE,PIPE_V,371140,371224,84,502466
case_084,pre,2,1919,DIV,PIPE_V,371224,371524,300,502466
case_084,pre,2,1920,MATMUL,PIPE_M,371524,372112,588,502466
case_084,pre,2,1924,MATMUL,PIPE_M,372112,372700,588,502466
case_084,pre,2,1000019908,COPY_OUT,PIPE_MTE3,372112,372287,175,502466
case_084,pre,2,1000019986,COPY_IN,PIPE_MTE2,372112,372116,4,502466
case_084,pre,2,1000019984,COPY_IN,PIPE_MTE2,372116,372289,173,502466
case_084,pre,2,1000019990,COPY_IN,PIPE_MTE2,372289,372393,104,502466
case_084,pre,2,1000019992,COPY_IN,PIPE_MTE2,372393,372507,114,502466
case_084,pre,2,1926,DIV,PIPE_V,372700,373000,300,502466
case_084,pre,2,1927,REDUCE,PIPE_V,373000,373084,84,502466
case_084,pre,2,1928,SUB,PIPE_V,373084,373168,84,502466
case_084,pre,2,1929,EXP,PIPE_V,373168,373468,300,502466
case_084,pre,2,1930,REDUCE,PIPE_V,373468,373552,84,502466
case_084,pre,2,1931,DIV,PIPE_V,373552,373852,300,502466
case_084,pre,2,1932,MATMUL,PIPE_M,373852,374440,588,502466
case_084,pre,2,1936,MATMUL,PIPE_M,374440,375028,588,502466
case_084,pre,2,1000019918,COPY_OUT,PIPE_MTE3,374440,374615,175,502466
case_084,pre,2,1000019996,COPY_IN,PIPE_MTE2,374440,374444,4,502466
case_084,pre,2,1000019994,COPY_IN,PIPE_MTE2,374444,374617,173,502466
case_084,pre,2,1000020000,COPY_IN,PIPE_MTE2,374617,374721,104,502466
case_084,pre,2,1000020002,COPY_IN,PIPE_MTE2,374721,374835,114,502466
case_084,pre,2,1938,DIV,PIPE_V,375028,375328,300,502466
case_084,pre,2,1939,REDUCE,PIPE_V,375328,375412,84,502466
case_084,pre,2,1940,SUB,PIPE_V,375412,375496,84,502466
case_084,pre,2,1941,EXP,PIPE_V,375496,375796,300,502466
case_084,pre,2,1942,REDUCE,PIPE_V,375796,375880,84,502466
case_084,pre,2,1943,DIV,PIPE_V,375880,376180,300,502466
case_084,pre,2,1944,MATMUL,PIPE_M,376180,376768,588,502466
case_084,pre,2,1948,MATMUL,PIPE_M,376768,377356,588,502466
case_084,pre,2,1000019928,COPY_OUT,PIPE_MTE3,376768,376943,175,502466
case_084,pre,2,1000020006,COPY_IN,PIPE_MTE2,376768,376772,4,502466
case_084,pre,2,1000020004,COPY_IN,PIPE_MTE2,376772,376945,173,502466
case_084,pre,2,1000020010,COPY_IN,PIPE_MTE2,376945,377049,104,502466
case_084,pre,2,1000020012,COPY_IN,PIPE_MTE2,377049,377163,114,502466
case_084,pre,2,1950,DIV,PIPE_V,377356,377656,300,502466
case_084,pre,2,1951,REDUCE,PIPE_V,377656,377740,84,502466
case_084,pre,2,1952,SUB,PIPE_V,377740,377824,84,502466
case_084,pre,2,1953,EXP,PIPE_V,377824,378124,300,502466
case_084,pre,2,1954,REDUCE,PIPE_V,378124,378208,84,502466
case_084,pre,2,1955,DIV,PIPE_V,378208,378508,300,502466
case_084,pre,2,1956,MATMUL,PIPE_M,378508,379096,588,502466
case_084,pre,2,1960,MATMUL,PIPE_M,379096,379684,588,502466
case_084,pre,2,1000019938,COPY_OUT,PIPE_MTE3,379096,379271,175,502466
case_084,pre,2,1000020016,COPY_IN,PIPE_MTE2,379096,379100,4,502466
case_084,pre,2,1000020014,COPY_IN,PIPE_MTE2,379100,379273,173,502466
case_084,pre,2,1000020020,COPY_IN,PIPE_MTE2,379273,379377,104,502466
case_084,pre,2,1000020022,COPY_IN,PIPE_MTE2,379377,379491,114,502466
case_084,pre,2,1962,DIV,PIPE_V,379684,379984,300,502466
case_084,pre,2,1963,REDUCE,PIPE_V,379984,380068,84,502466
case_084,pre,2,1964,SUB,PIPE_V,380068,380152,84,502466
case_084,pre,2,1965,EXP,PIPE_V,380152,380452,300,502466
case_084,pre,2,1966,REDUCE,PIPE_V,380452,380536,84,502466
case_084,pre,2,1967,DIV,PIPE_V,380536,380836,300,502466
case_084,pre,2,1968,MATMUL,PIPE_M,380836,381424,588,502466
case_084,pre,2,1972,MATMUL,PIPE_M,381424,382012,588,502466
case_084,pre,2,1000019948,COPY_OUT,PIPE_MTE3,381424,381599,175,502466
case_084,pre,2,1000020026,COPY_IN,PIPE_MTE2,381424,381428,4,502466
case_084,pre,2,1000020024,COPY_IN,PIPE_MTE2,381428,381601,173,502466
case_084,pre,2,1000020030,COPY_IN,PIPE_MTE2,381601,381705,104,502466
case_084,pre,2,1000020032,COPY_IN,PIPE_MTE2,381705,381819,114,502466
case_084,pre,2,1974,DIV,PIPE_V,382012,382312,300,502466
case_084,pre,2,1975,REDUCE,PIPE_V,382312,382396,84,502466
case_084,pre,2,1976,SUB,PIPE_V,382396,382480,84,502466
case_084,pre,2,1977,EXP,PIPE_V,382480,382780,300,502466
case_084,pre,2,1978,REDUCE,PIPE_V,382780,382864,84,502466
case_084,pre,2,1979,DIV,PIPE_V,382864,383164,300,502466
case_084,pre,2,1980,MATMUL,PIPE_M,383164,383752,588,502466
case_084,pre,2,1984,MATMUL,PIPE_M,383752,384340,588,502466
case_084,pre,2,1000019958,COPY_OUT,PIPE_MTE3,383752,383927,175,502466
case_084,pre,2,1000020036,COPY_IN,PIPE_MTE2,383752,383756,4,502466
case_084,pre,2,1000020034,COPY_IN,PIPE_MTE2,383756,383929,173,502466
case_084,pre,2,1000020040,COPY_IN,PIPE_MTE2,383929,384033,104,502466
case_084,pre,2,1000020042,COPY_IN,PIPE_MTE2,384033,384147,114,502466
case_084,pre,2,1986,DIV,PIPE_V,384340,384640,300,502466
case_084,pre,2,1987,REDUCE,PIPE_V,384640,384724,84,502466
case_084,pre,2,1988,SUB,PIPE_V,384724,384808,84,502466
case_084,pre,2,1989,EXP,PIPE_V,384808,385108,300,502466
case_084,pre,2,1990,REDUCE,PIPE_V,385108,385192,84,502466
case_084,pre,2,1991,DIV,PIPE_V,385192,385492,300,502466
case_084,pre,2,1992,MATMUL,PIPE_M,385492,386080,588,502466
case_084,pre,2,1996,MATMUL,PIPE_M,386080,386668,588,502466
case_084,pre,2,1000019968,COPY_OUT,PIPE_MTE3,386080,386255,175,502466
case_084,pre,2,1000020046,COPY_IN,PIPE_MTE2,386080,386084,4,502466
case_084,pre,2,1000020044,COPY_IN,PIPE_MTE2,386084,386257,173,502466
case_084,pre,2,1000020050,COPY_IN,PIPE_MTE2,386257,386361,104,502466
case_084,pre,2,1000020052,COPY_IN,PIPE_MTE2,386361,386475,114,502466
case_084,pre,2,1998,DIV,PIPE_V,386668,386968,300,502466
case_084,pre,2,1999,REDUCE,PIPE_V,386968,387052,84,502466
case_084,pre,2,2000,SUB,PIPE_V,387052,387136,84,502466
case_084,pre,2,2001,EXP,PIPE_V,387136,387436,300,502466
case_084,pre,2,2002,REDUCE,PIPE_V,387436,387520,84,502466
case_084,pre,2,2003,DIV,PIPE_V,387520,387820,300,502466
case_084,pre,2,2004,MATMUL,PIPE_M,387820,388408,588,502466
case_084,pre,2,2008,MATMUL,PIPE_M,388408,388996,588,502466
case_084,pre,2,1000019978,COPY_OUT,PIPE_MTE3,388408,388583,175,502466
case_084,pre,2,1000020056,COPY_IN,PIPE_MTE2,388408,388412,4,502466
case_084,pre,2,1000020054,COPY_IN,PIPE_MTE2,388412,388585,173,502466
case_084,pre,2,1000020060,COPY_IN,PIPE_MTE2,388585,388689,104,502466
case_084,pre,2,1000020062,COPY_IN,PIPE_MTE2,388689,388803,114,502466
case_084,pre,2,2010,DIV,PIPE_V,388996,389296,300,502466
case_084,pre,2,2011,REDUCE,PIPE_V,389296,389380,84,502466
case_084,pre,2,2012,SUB,PIPE_V,389380,389464,84,502466
case_084,pre,2,2013,EXP,PIPE_V,389464,389764,300,502466
case_084,pre,2,2014,REDUCE,PIPE_V,389764,389848,84,502466
case_084,pre,2,2015,DIV,PIPE_V,389848,390148,300,502466
case_084,pre,2,2016,MATMUL,PIPE_M,390148,390736,588,502466
case_084,pre,2,2020,MATMUL,PIPE_M,390736,391324,588,502466
case_084,pre,2,1000019988,COPY_OUT,PIPE_MTE3,390736,390911,175,502466
case_084,pre,2,1000020066,COPY_IN,PIPE_MTE2,390736,390740,4,502466
case_084,pre,2,1000020064,COPY_IN,PIPE_MTE2,390740,390913,173,502466
case_084,pre,2,1000020070,COPY_IN,PIPE_MTE2,390913,391017,104,502466
case_084,pre,2,1000020072,COPY_IN,PIPE_MTE2,391017,391131,114,502466
case_084,pre,2,2022,DIV,PIPE_V,391324,391624,300,502466
case_084,pre,2,2023,REDUCE,PIPE_V,391624,391708,84,502466
case_084,pre,2,2024,SUB,PIPE_V,391708,391792,84,502466
case_084,pre,2,2025,EXP,PIPE_V,391792,392092,300,502466
case_084,pre,2,2026,REDUCE,PIPE_V,392092,392176,84,502466
case_084,pre,2,2027,DIV,PIPE_V,392176,392476,300,502466
case_084,pre,2,2028,MATMUL,PIPE_M,392476,393064,588,502466
case_084,pre,2,2032,MATMUL,PIPE_M,393064,393652,588,502466
case_084,pre,2,1000019998,COPY_OUT,PIPE_MTE3,393064,393239,175,502466
case_084,pre,2,1000020076,COPY_IN,PIPE_MTE2,393064,393068,4,502466
case_084,pre,2,1000020074,COPY_IN,PIPE_MTE2,393068,393241,173,502466
case_084,pre,2,1000020080,COPY_IN,PIPE_MTE2,393241,393345,104,502466
case_084,pre,2,1000020082,COPY_IN,PIPE_MTE2,393345,393459,114,502466
case_084,pre,2,2034,DIV,PIPE_V,393652,393952,300,502466
case_084,pre,2,2035,REDUCE,PIPE_V,393952,394036,84,502466
case_084,pre,2,2036,SUB,PIPE_V,394036,394120,84,502466
case_084,pre,2,2037,EXP,PIPE_V,394120,394420,300,502466
case_084,pre,2,2038,REDUCE,PIPE_V,394420,394504,84,502466
case_084,pre,2,2039,DIV,PIPE_V,394504,394804,300,502466
case_084,pre,2,2040,MATMUL,PIPE_M,394804,395392,588,502466
case_084,pre,2,2044,MATMUL,PIPE_M,395392,395980,588,502466
case_084,pre,2,1000020008,COPY_OUT,PIPE_MTE3,395392,395567,175,502466
case_084,pre,2,1000020086,COPY_IN,PIPE_MTE2,395392,395396,4,502466
case_084,pre,2,1000020084,COPY_IN,PIPE_MTE2,395396,395569,173,502466
case_084,pre,2,1000020090,COPY_IN,PIPE_MTE2,395569,395673,104,502466
case_084,pre,2,1000020092,COPY_IN,PIPE_MTE2,395673,395787,114,502466
case_084,pre,2,2046,DIV,PIPE_V,395980,396280,300,502466
case_084,pre,2,2047,REDUCE,PIPE_V,396280,396364,84,502466
case_084,pre,2,2048,SUB,PIPE_V,396364,396448,84,502466
case_084,pre,2,2049,EXP,PIPE_V,396448,396748,300,502466
case_084,pre,2,2050,REDUCE,PIPE_V,396748,396832,84,502466
case_084,pre,2,2051,DIV,PIPE_V,396832,397132,300,502466
case_084,pre,2,2052,MATMUL,PIPE_M,397132,397720,588,502466
case_084,pre,2,2056,MATMUL,PIPE_M,397720,398308,588,502466
case_084,pre,2,1000020018,COPY_OUT,PIPE_MTE3,397720,397895,175,502466
case_084,pre,2,1000020096,COPY_IN,PIPE_MTE2,397720,397724,4,502466
case_084,pre,2,1000020094,COPY_IN,PIPE_MTE2,397724,397897,173,502466
case_084,pre,2,1000020100,COPY_IN,PIPE_MTE2,397897,398001,104,502466
case_084,pre,2,1000020102,COPY_IN,PIPE_MTE2,398001,398115,114,502466
case_084,pre,2,2058,DIV,PIPE_V,398308,398608,300,502466
case_084,pre,2,2059,REDUCE,PIPE_V,398608,398692,84,502466
case_084,pre,2,2060,SUB,PIPE_V,398692,398776,84,502466
case_084,pre,2,2061,EXP,PIPE_V,398776,399076,300,502466
case_084,pre,2,2062,REDUCE,PIPE_V,399076,399160,84,502466
case_084,pre,2,2063,DIV,PIPE_V,399160,399460,300,502466
case_084,pre,2,2064,MATMUL,PIPE_M,399460,400048,588,502466
case_084,pre,2,2068,MATMUL,PIPE_M,400048,400636,588,502466
case_084,pre,2,1000020028,COPY_OUT,PIPE_MTE3,400048,400223,175,502466
case_084,pre,2,1000020106,COPY_IN,PIPE_MTE2,400048,400052,4,502466
case_084,pre,2,1000020104,COPY_IN,PIPE_MTE2,400052,400225,173,502466
case_084,pre,2,1000020110,COPY_IN,PIPE_MTE2,400225,400329,104,502466
case_084,pre,2,1000020112,COPY_IN,PIPE_MTE2,400329,400443,114,502466
case_084,pre,2,2070,DIV,PIPE_V,400636,400936,300,502466
case_084,pre,2,2071,REDUCE,PIPE_V,400936,401020,84,502466
case_084,pre,2,2072,SUB,PIPE_V,401020,401104,84,502466
case_084,pre,2,2073,EXP,PIPE_V,401104,401404,300,502466
case_084,pre,2,2074,REDUCE,PIPE_V,401404,401488,84,502466
case_084,pre,2,2075,DIV,PIPE_V,401488,401788,300,502466
case_084,pre,2,2076,MATMUL,PIPE_M,401788,402376,588,502466
case_084,pre,2,2080,MATMUL,PIPE_M,402376,402964,588,502466
case_084,pre,2,1000020038,COPY_OUT,PIPE_MTE3,402376,402551,175,502466
case_084,pre,2,1000020116,COPY_IN,PIPE_MTE2,402376,402380,4,502466
case_084,pre,2,1000020114,COPY_IN,PIPE_MTE2,402380,402553,173,502466
case_084,pre,2,1000020120,COPY_IN,PIPE_MTE2,402553,402657,104,502466
case_084,pre,2,1000020122,COPY_IN,PIPE_MTE2,402657,402771,114,502466
case_084,pre,2,2082,DIV,PIPE_V,402964,403264,300,502466
case_084,pre,2,2083,REDUCE,PIPE_V,403264,403348,84,502466
case_084,pre,2,2084,SUB,PIPE_V,403348,403432,84,502466
case_084,pre,2,2085,EXP,PIPE_V,403432,403732,300,502466
case_084,pre,2,2086,REDUCE,PIPE_V,403732,403816,84,502466
case_084,pre,2,2087,DIV,PIPE_V,403816,404116,300,502466
case_084,pre,2,2088,MATMUL,PIPE_M,404116,404704,588,502466
case_084,pre,2,2092,MATMUL,PIPE_M,404704,405292,588,502466
case_084,pre,2,1000020048,COPY_OUT,PIPE_MTE3,404704,404879,175,502466
case_084,pre,2,1000020126,COPY_IN,PIPE_MTE2,404704,404708,4,502466
case_084,pre,2,1000020124,COPY_IN,PIPE_MTE2,404708,404881,173,502466
case_084,pre,2,1000020130,COPY_IN,PIPE_MTE2,404881,404985,104,502466
case_084,pre,2,1000020132,COPY_IN,PIPE_MTE2,404985,405099,114,502466
case_084,pre,2,2094,DIV,PIPE_V,405292,405592,300,502466
case_084,pre,2,2095,REDUCE,PIPE_V,405592,405676,84,502466
case_084,pre,2,2096,SUB,PIPE_V,405676,405760,84,502466
case_084,pre,2,2097,EXP,PIPE_V,405760,406060,300,502466
case_084,pre,2,2098,REDUCE,PIPE_V,406060,406144,84,502466
case_084,pre,2,2099,DIV,PIPE_V,406144,406444,300,502466
case_084,pre,2,2100,MATMUL,PIPE_M,406444,407032,588,502466
case_084,pre,2,2104,MATMUL,PIPE_M,407032,407620,588,502466
case_084,pre,2,1000020058,COPY_OUT,PIPE_MTE3,407032,407207,175,502466
case_084,pre,2,1000020136,COPY_IN,PIPE_MTE2,407032,407036,4,502466
case_084,pre,2,1000020134,COPY_IN,PIPE_MTE2,407036,407209,173,502466
case_084,pre,2,1000020140,COPY_IN,PIPE_MTE2,407209,407313,104,502466
case_084,pre,2,1000020142,COPY_IN,PIPE_MTE2,407313,407427,114,502466
case_084,pre,2,2106,DIV,PIPE_V,407620,407920,300,502466
case_084,pre,2,2107,REDUCE,PIPE_V,407920,408004,84,502466
case_084,pre,2,2108,SUB,PIPE_V,408004,408088,84,502466
case_084,pre,2,2109,EXP,PIPE_V,408088,408388,300,502466
case_084,pre,2,2110,REDUCE,PIPE_V,408388,408472,84,502466
case_084,pre,2,2111,DIV,PIPE_V,408472,408772,300,502466
case_084,pre,2,2112,MATMUL,PIPE_M,408772,409360,588,502466
case_084,pre,2,2116,MATMUL,PIPE_M,409360,409948,588,502466
case_084,pre,2,1000020068,COPY_OUT,PIPE_MTE3,409360,409535,175,502466
case_084,pre,2,1000020146,COPY_IN,PIPE_MTE2,409360,409364,4,502466
case_084,pre,2,1000020144,COPY_IN,PIPE_MTE2,409364,409537,173,502466
case_084,pre,2,1000020150,COPY_IN,PIPE_MTE2,409537,409641,104,502466
case_084,pre,2,1000020152,COPY_IN,PIPE_MTE2,409641,409755,114,502466
case_084,pre,2,2118,DIV,PIPE_V,409948,410248,300,502466
case_084,pre,2,2119,REDUCE,PIPE_V,410248,410332,84,502466
case_084,pre,2,2120,SUB,PIPE_V,410332,410416,84,502466
case_084,pre,2,2121,EXP,PIPE_V,410416,410716,300,502466
case_084,pre,2,2122,REDUCE,PIPE_V,410716,410800,84,502466
case_084,pre,2,2123,DIV,PIPE_V,410800,411100,300,502466
case_084,pre,2,2124,MATMUL,PIPE_M,411100,411688,588,502466
case_084,pre,2,2128,MATMUL,PIPE_M,411688,412276,588,502466
case_084,pre,2,1000020078,COPY_OUT,PIPE_MTE3,411688,411863,175,502466
case_084,pre,2,1000020156,COPY_IN,PIPE_MTE2,411688,411692,4,502466
case_084,pre,2,1000020154,COPY_IN,PIPE_MTE2,411692,411865,173,502466
case_084,pre,2,1000020160,COPY_IN,PIPE_MTE2,411865,411969,104,502466
case_084,pre,2,1000020162,COPY_IN,PIPE_MTE2,411969,412083,114,502466
case_084,pre,2,2130,DIV,PIPE_V,412276,412576,300,502466
case_084,pre,2,2131,REDUCE,PIPE_V,412576,412660,84,502466
case_084,pre,2,2132,SUB,PIPE_V,412660,412744,84,502466
case_084,pre,2,2133,EXP,PIPE_V,412744,413044,300,502466
case_084,pre,2,2134,REDUCE,PIPE_V,413044,413128,84,502466
case_084,pre,2,2135,DIV,PIPE_V,413128,413428,300,502466
case_084,pre,2,2136,MATMUL,PIPE_M,413428,414016,588,502466
case_084,pre,2,2140,MATMUL,PIPE_M,414016,414604,588,502466
case_084,pre,2,1000020088,COPY_OUT,PIPE_MTE3,414016,414191,175,502466
case_084,pre,2,1000020166,COPY_IN,PIPE_MTE2,414016,414020,4,502466
case_084,pre,2,1000020164,COPY_IN,PIPE_MTE2,414020,414193,173,502466
case_084,pre,2,1000020170,COPY_IN,PIPE_MTE2,414193,414297,104,502466
case_084,pre,2,1000020172,COPY_IN,PIPE_MTE2,414297,414411,114,502466
case_084,pre,2,2142,DIV,PIPE_V,414604,414904,300,502466
case_084,pre,2,2143,REDUCE,PIPE_V,414904,414988,84,502466
case_084,pre,2,2144,SUB,PIPE_V,414988,415072,84,502466
case_084,pre,2,2145,EXP,PIPE_V,415072,415372,300,502466
case_084,pre,2,2146,REDUCE,PIPE_V,415372,415456,84,502466
case_084,pre,2,2147,DIV,PIPE_V,415456,415756,300,502466
case_084,pre,2,2148,MATMUL,PIPE_M,415756,416344,588,502466
case_084,pre,2,2152,MATMUL,PIPE_M,416344,416932,588,502466
case_084,pre,2,1000020098,COPY_OUT,PIPE_MTE3,416344,416519,175,502466
case_084,pre,2,1000020176,COPY_IN,PIPE_MTE2,416344,416348,4,502466
case_084,pre,2,1000020174,COPY_IN,PIPE_MTE2,416348,416521,173,502466
case_084,pre,2,1000020180,COPY_IN,PIPE_MTE2,416521,416625,104,502466
case_084,pre,2,1000020182,COPY_IN,PIPE_MTE2,416625,416739,114,502466
case_084,pre,2,2154,DIV,PIPE_V,416932,417232,300,502466
case_084,pre,2,2155,REDUCE,PIPE_V,417232,417316,84,502466
case_084,pre,2,2156,SUB,PIPE_V,417316,417400,84,502466
case_084,pre,2,2157,EXP,PIPE_V,417400,417700,300,502466
case_084,pre,2,2158,REDUCE,PIPE_V,417700,417784,84,502466
case_084,pre,2,2159,DIV,PIPE_V,417784,418084,300,502466
case_084,pre,2,2160,MATMUL,PIPE_M,418084,418672,588,502466
case_084,pre,2,2164,MATMUL,PIPE_M,418672,419260,588,502466
case_084,pre,2,1000020108,COPY_OUT,PIPE_MTE3,418672,418847,175,502466
case_084,pre,2,1000020186,COPY_IN,PIPE_MTE2,418672,418676,4,502466
case_084,pre,2,1000020184,COPY_IN,PIPE_MTE2,418676,418849,173,502466
case_084,pre,2,1000020190,COPY_IN,PIPE_MTE2,418849,418953,104,502466
case_084,pre,2,1000020192,COPY_IN,PIPE_MTE2,418953,419067,114,502466
case_084,pre,2,2166,DIV,PIPE_V,419260,419560,300,502466
case_084,pre,2,2167,REDUCE,PIPE_V,419560,419644,84,502466
case_084,pre,2,2168,SUB,PIPE_V,419644,419728,84,502466
case_084,pre,2,2169,EXP,PIPE_V,419728,420028,300,502466
case_084,pre,2,2170,REDUCE,PIPE_V,420028,420112,84,502466
case_084,pre,2,2171,DIV,PIPE_V,420112,420412,300,502466
case_084,pre,2,2172,MATMUL,PIPE_M,420412,421000,588,502466
case_084,pre,2,2176,MATMUL,PIPE_M,421000,421588,588,502466
case_084,pre,2,1000020118,COPY_OUT,PIPE_MTE3,421000,421175,175,502466
case_084,pre,2,1000020196,COPY_IN,PIPE_MTE2,421000,421004,4,502466
case_084,pre,2,1000020194,COPY_IN,PIPE_MTE2,421004,421177,173,502466
case_084,pre,2,1000020200,COPY_IN,PIPE_MTE2,421177,421281,104,502466
case_084,pre,2,1000020202,COPY_IN,PIPE_MTE2,421281,421395,114,502466
case_084,pre,2,2178,DIV,PIPE_V,421588,421888,300,502466
case_084,pre,2,2179,REDUCE,PIPE_V,421888,421972,84,502466
case_084,pre,2,2180,SUB,PIPE_V,421972,422056,84,502466
case_084,pre,2,2181,EXP,PIPE_V,422056,422356,300,502466
case_084,pre,2,2182,REDUCE,PIPE_V,422356,422440,84,502466
case_084,pre,2,2183,DIV,PIPE_V,422440,422740,300,502466
case_084,pre,2,2184,MATMUL,PIPE_M,422740,423328,588,502466
case_084,pre,2,2188,MATMUL,PIPE_M,423328,423916,588,502466
case_084,pre,2,1000020128,COPY_OUT,PIPE_MTE3,423328,423503,175,502466
case_084,pre,2,1000020206,COPY_IN,PIPE_MTE2,423328,423332,4,502466
case_084,pre,2,1000020204,COPY_IN,PIPE_MTE2,423332,423505,173,502466
case_084,pre,2,1000020210,COPY_IN,PIPE_MTE2,423505,423609,104,502466
case_084,pre,2,1000020212,COPY_IN,PIPE_MTE2,423609,423723,114,502466
case_084,pre,2,2190,DIV,PIPE_V,423916,424216,300,502466
case_084,pre,2,2191,REDUCE,PIPE_V,424216,424300,84,502466
case_084,pre,2,2192,SUB,PIPE_V,424300,424384,84,502466
case_084,pre,2,2193,EXP,PIPE_V,424384,424684,300,502466
case_084,pre,2,2194,REDUCE,PIPE_V,424684,424768,84,502466
case_084,pre,2,2195,DIV,PIPE_V,424768,425068,300,502466
case_084,pre,2,2196,MATMUL,PIPE_M,425068,425656,588,502466
case_084,pre,2,2200,MATMUL,PIPE_M,425656,426244,588,502466
case_084,pre,2,1000020138,COPY_OUT,PIPE_MTE3,425656,425831,175,502466
case_084,pre,2,1000020216,COPY_IN,PIPE_MTE2,425656,425660,4,502466
case_084,pre,2,1000020214,COPY_IN,PIPE_MTE2,425660,425833,173,502466
case_084,pre,2,1000020220,COPY_IN,PIPE_MTE2,425833,425937,104,502466
case_084,pre,2,1000020222,COPY_IN,PIPE_MTE2,425937,426051,114,502466
case_084,pre,2,2202,DIV,PIPE_V,426244,426544,300,502466
case_084,pre,2,2203,REDUCE,PIPE_V,426544,426628,84,502466
case_084,pre,2,2204,SUB,PIPE_V,426628,426712,84,502466
case_084,pre,2,2205,EXP,PIPE_V,426712,427012,300,502466
case_084,pre,2,2206,REDUCE,PIPE_V,427012,427096,84,502466
case_084,pre,2,2207,DIV,PIPE_V,427096,427396,300,502466
case_084,pre,2,2208,MATMUL,PIPE_M,427396,427984,588,502466
case_084,pre,2,2212,MATMUL,PIPE_M,427984,428572,588,502466
case_084,pre,2,1000020148,COPY_OUT,PIPE_MTE3,427984,428159,175,502466
case_084,pre,2,1000020226,COPY_IN,PIPE_MTE2,427984,427988,4,502466
case_084,pre,2,1000020224,COPY_IN,PIPE_MTE2,427988,428161,173,502466
case_084,pre,2,1000020230,COPY_IN,PIPE_MTE2,428161,428265,104,502466
case_084,pre,2,1000020232,COPY_IN,PIPE_MTE2,428265,428379,114,502466
case_084,pre,2,2214,DIV,PIPE_V,428572,428872,300,502466
case_084,pre,2,2215,REDUCE,PIPE_V,428872,428956,84,502466
case_084,pre,2,2216,SUB,PIPE_V,428956,429040,84,502466
case_084,pre,2,2217,EXP,PIPE_V,429040,429340,300,502466
case_084,pre,2,2218,REDUCE,PIPE_V,429340,429424,84,502466
case_084,pre,2,2219,DIV,PIPE_V,429424,429724,300,502466
case_084,pre,2,2220,MATMUL,PIPE_M,429724,430312,588,502466
case_084,pre,2,2224,MATMUL,PIPE_M,430312,430900,588,502466
case_084,pre,2,1000020158,COPY_OUT,PIPE_MTE3,430312,430487,175,502466
case_084,pre,2,1000020236,COPY_IN,PIPE_MTE2,430312,430316,4,502466
case_084,pre,2,1000020234,COPY_IN,PIPE_MTE2,430316,430489,173,502466
case_084,pre,2,1000020240,COPY_IN,PIPE_MTE2,430489,430593,104,502466
case_084,pre,2,1000020242,COPY_IN,PIPE_MTE2,430593,430707,114,502466
case_084,pre,2,2226,DIV,PIPE_V,430900,431200,300,502466
case_084,pre,2,2227,REDUCE,PIPE_V,431200,431284,84,502466
case_084,pre,2,2228,SUB,PIPE_V,431284,431368,84,502466
case_084,pre,2,2229,EXP,PIPE_V,431368,431668,300,502466
case_084,pre,2,2230,REDUCE,PIPE_V,431668,431752,84,502466
case_084,pre,2,2231,DIV,PIPE_V,431752,432052,300,502466
case_084,pre,2,2232,MATMUL,PIPE_M,432052,432640,588,502466
case_084,pre,2,2236,MATMUL,PIPE_M,432640,433228,588,502466
case_084,pre,2,1000020168,COPY_OUT,PIPE_MTE3,432640,432815,175,502466
case_084,pre,2,1000020246,COPY_IN,PIPE_MTE2,432640,432644,4,502466
case_084,pre,2,1000020244,COPY_IN,PIPE_MTE2,432644,432817,173,502466
case_084,pre,2,1000020250,COPY_IN,PIPE_MTE2,432817,432921,104,502466
case_084,pre,2,1000020252,COPY_IN,PIPE_MTE2,432921,433035,114,502466
case_084,pre,2,2238,DIV,PIPE_V,433228,433528,300,502466
case_084,pre,2,2239,REDUCE,PIPE_V,433528,433612,84,502466
case_084,pre,2,2240,SUB,PIPE_V,433612,433696,84,502466
case_084,pre,2,2241,EXP,PIPE_V,433696,433996,300,502466
case_084,pre,2,2242,REDUCE,PIPE_V,433996,434080,84,502466
case_084,pre,2,2243,DIV,PIPE_V,434080,434380,300,502466
case_084,pre,2,2244,MATMUL,PIPE_M,434380,434968,588,502466
case_084,pre,2,2248,MATMUL,PIPE_M,434968,435556,588,502466
case_084,pre,2,1000020178,COPY_OUT,PIPE_MTE3,434968,435143,175,502466
case_084,pre,2,1000020256,COPY_IN,PIPE_MTE2,434968,434972,4,502466
case_084,pre,2,1000020254,COPY_IN,PIPE_MTE2,434972,435145,173,502466
case_084,pre,2,1000020260,COPY_IN,PIPE_MTE2,435145,435249,104,502466
case_084,pre,2,1000020262,COPY_IN,PIPE_MTE2,435249,435363,114,502466
case_084,pre,2,2250,DIV,PIPE_V,435556,435856,300,502466
case_084,pre,2,2251,REDUCE,PIPE_V,435856,435940,84,502466
case_084,pre,2,2252,SUB,PIPE_V,435940,436024,84,502466
case_084,pre,2,2253,EXP,PIPE_V,436024,436324,300,502466
case_084,pre,2,2254,REDUCE,PIPE_V,436324,436408,84,502466
case_084,pre,2,2255,DIV,PIPE_V,436408,436708,300,502466
case_084,pre,2,2256,MATMUL,PIPE_M,436708,437296,588,502466
case_084,pre,2,2260,MATMUL,PIPE_M,437296,437884,588,502466
case_084,pre,2,1000020188,COPY_OUT,PIPE_MTE3,437296,437471,175,502466
case_084,pre,2,1000020266,COPY_IN,PIPE_MTE2,437296,437300,4,502466
case_084,pre,2,1000020264,COPY_IN,PIPE_MTE2,437300,437473,173,502466
case_084,pre,2,1000020270,COPY_IN,PIPE_MTE2,437473,437577,104,502466
case_084,pre,2,1000020272,COPY_IN,PIPE_MTE2,437577,437691,114,502466
case_084,pre,2,2262,DIV,PIPE_V,437884,438184,300,502466
case_084,pre,2,2263,REDUCE,PIPE_V,438184,438268,84,502466
case_084,pre,2,2264,SUB,PIPE_V,438268,438352,84,502466
case_084,pre,2,2265,EXP,PIPE_V,438352,438652,300,502466
case_084,pre,2,2266,REDUCE,PIPE_V,438652,438736,84,502466
case_084,pre,2,2267,DIV,PIPE_V,438736,439036,300,502466
case_084,pre,2,2268,MATMUL,PIPE_M,439036,439624,588,502466
case_084,pre,2,2272,MATMUL,PIPE_M,439624,440212,588,502466
case_084,pre,2,1000020198,COPY_OUT,PIPE_MTE3,439624,439799,175,502466
case_084,pre,2,1000020276,COPY_IN,PIPE_MTE2,439624,439628,4,502466
case_084,pre,2,1000020274,COPY_IN,PIPE_MTE2,439628,439801,173,502466
case_084,pre,2,1000020280,COPY_IN,PIPE_MTE2,439801,439905,104,502466
case_084,pre,2,1000020282,COPY_IN,PIPE_MTE2,439905,440019,114,502466
case_084,pre,2,2274,DIV,PIPE_V,440212,440512,300,502466
case_084,pre,2,2275,REDUCE,PIPE_V,440512,440596,84,502466
case_084,pre,2,2276,SUB,PIPE_V,440596,440680,84,502466
case_084,pre,2,2277,EXP,PIPE_V,440680,440980,300,502466
case_084,pre,2,2278,REDUCE,PIPE_V,440980,441064,84,502466
case_084,pre,2,2279,DIV,PIPE_V,441064,441364,300,502466
case_084,pre,2,2280,MATMUL,PIPE_M,441364,441952,588,502466
case_084,pre,2,2284,MATMUL,PIPE_M,441952,442540,588,502466
case_084,pre,2,1000020208,COPY_OUT,PIPE_MTE3,441952,442127,175,502466
case_084,pre,2,1000020286,COPY_IN,PIPE_MTE2,441952,441956,4,502466
case_084,pre,2,1000020284,COPY_IN,PIPE_MTE2,441956,442129,173,502466
case_084,pre,2,1000020290,COPY_IN,PIPE_MTE2,442129,442233,104,502466
case_084,pre,2,1000020292,COPY_IN,PIPE_MTE2,442233,442347,114,502466
case_084,pre,2,2286,DIV,PIPE_V,442540,442840,300,502466
case_084,pre,2,2287,REDUCE,PIPE_V,442840,442924,84,502466
case_084,pre,2,2288,SUB,PIPE_V,442924,443008,84,502466
case_084,pre,2,2289,EXP,PIPE_V,443008,443308,300,502466
case_084,pre,2,2290,REDUCE,PIPE_V,443308,443392,84,502466
case_084,pre,2,2291,DIV,PIPE_V,443392,443692,300,502466
case_084,pre,2,2292,MATMUL,PIPE_M,443692,444280,588,502466
case_084,pre,2,2296,MATMUL,PIPE_M,444280,444868,588,502466
case_084,pre,2,1000020218,COPY_OUT,PIPE_MTE3,444280,444455,175,502466
case_084,pre,2,1000020296,COPY_IN,PIPE_MTE2,444280,444284,4,502466
case_084,pre,2,1000020294,COPY_IN,PIPE_MTE2,444284,444457,173,502466
case_084,pre,2,1000020300,COPY_IN,PIPE_MTE2,444457,444561,104,502466
case_084,pre,2,1000020302,COPY_IN,PIPE_MTE2,444561,444675,114,502466
case_084,pre,2,2298,DIV,PIPE_V,444868,445168,300,502466
case_084,pre,2,2299,REDUCE,PIPE_V,445168,445252,84,502466
case_084,pre,2,2300,SUB,PIPE_V,445252,445336,84,502466
case_084,pre,2,2301,EXP,PIPE_V,445336,445636,300,502466
case_084,pre,2,2302,REDUCE,PIPE_V,445636,445720,84,502466
case_084,pre,2,2303,DIV,PIPE_V,445720,446020,300,502466
case_084,pre,2,2304,MATMUL,PIPE_M,446020,446608,588,502466
case_084,pre,2,2308,MATMUL,PIPE_M,446608,447196,588,502466
case_084,pre,2,1000020228,COPY_OUT,PIPE_MTE3,446608,446783,175,502466
case_084,pre,2,1000020306,COPY_IN,PIPE_MTE2,446608,446612,4,502466
case_084,pre,2,1000020304,COPY_IN,PIPE_MTE2,446612,446785,173,502466
case_084,pre,2,1000020310,COPY_IN,PIPE_MTE2,446785,446889,104,502466
case_084,pre,2,1000020312,COPY_IN,PIPE_MTE2,446889,447003,114,502466
case_084,pre,2,2310,DIV,PIPE_V,447196,447496,300,502466
case_084,pre,2,2311,REDUCE,PIPE_V,447496,447580,84,502466
case_084,pre,2,2312,SUB,PIPE_V,447580,447664,84,502466
case_084,pre,2,2313,EXP,PIPE_V,447664,447964,300,502466
case_084,pre,2,2314,REDUCE,PIPE_V,447964,448048,84,502466
case_084,pre,2,2315,DIV,PIPE_V,448048,448348,300,502466
case_084,pre,2,2316,MATMUL,PIPE_M,448348,448936,588,502466
case_084,pre,2,2320,MATMUL,PIPE_M,448936,449524,588,502466
case_084,pre,2,1000020238,COPY_OUT,PIPE_MTE3,448936,449111,175,502466
case_084,pre,2,1000020316,COPY_IN,PIPE_MTE2,448936,448940,4,502466
case_084,pre,2,1000020314,COPY_IN,PIPE_MTE2,448940,449113,173,502466
case_084,pre,2,1000020320,COPY_IN,PIPE_MTE2,449113,449217,104,502466
case_084,pre,2,1000020322,COPY_IN,PIPE_MTE2,449217,449331,114,502466
case_084,pre,2,2322,DIV,PIPE_V,449524,449824,300,502466
case_084,pre,2,2323,REDUCE,PIPE_V,449824,449908,84,502466
case_084,pre,2,2324,SUB,PIPE_V,449908,449992,84,502466
case_084,pre,2,2325,EXP,PIPE_V,449992,450292,300,502466
case_084,pre,2,2326,REDUCE,PIPE_V,450292,450376,84,502466
case_084,pre,2,2327,DIV,PIPE_V,450376,450676,300,502466
case_084,pre,2,2328,MATMUL,PIPE_M,450676,451264,588,502466
case_084,pre,2,2332,MATMUL,PIPE_M,451264,451852,588,502466
case_084,pre,2,1000020248,COPY_OUT,PIPE_MTE3,451264,451439,175,502466
case_084,pre,2,1000020326,COPY_IN,PIPE_MTE2,451264,451268,4,502466
case_084,pre,2,1000020324,COPY_IN,PIPE_MTE2,451268,451441,173,502466
case_084,pre,2,1000020330,COPY_IN,PIPE_MTE2,451441,451545,104,502466
case_084,pre,2,1000020332,COPY_IN,PIPE_MTE2,451545,451659,114,502466
case_084,pre,2,2334,DIV,PIPE_V,451852,452152,300,502466
case_084,pre,2,2335,REDUCE,PIPE_V,452152,452236,84,502466
case_084,pre,2,2336,SUB,PIPE_V,452236,452320,84,502466
case_084,pre,2,2337,EXP,PIPE_V,452320,452620,300,502466
case_084,pre,2,2338,REDUCE,PIPE_V,452620,452704,84,502466
case_084,pre,2,2339,DIV,PIPE_V,452704,453004,300,502466
case_084,pre,2,2340,MATMUL,PIPE_M,453004,453592,588,502466
case_084,pre,2,2344,MATMUL,PIPE_M,453592,454180,588,502466
case_084,pre,2,1000020258,COPY_OUT,PIPE_MTE3,453592,453767,175,502466
case_084,pre,2,1000020336,COPY_IN,PIPE_MTE2,453592,453596,4,502466
case_084,pre,2,1000020334,COPY_IN,PIPE_MTE2,453596,453769,173,502466
case_084,pre,2,1000020340,COPY_IN,PIPE_MTE2,453769,453873,104,502466
case_084,pre,2,1000020342,COPY_IN,PIPE_MTE2,453873,453987,114,502466
case_084,pre,2,2346,DIV,PIPE_V,454180,454480,300,502466
case_084,pre,2,2347,REDUCE,PIPE_V,454480,454564,84,502466
case_084,pre,2,2348,SUB,PIPE_V,454564,454648,84,502466
case_084,pre,2,2349,EXP,PIPE_V,454648,454948,300,502466
case_084,pre,2,2350,REDUCE,PIPE_V,454948,455032,84,502466
case_084,pre,2,2351,DIV,PIPE_V,455032,455332,300,502466
case_084,pre,2,2352,MATMUL,PIPE_M,455332,455920,588,502466
case_084,pre,2,2356,MATMUL,PIPE_M,455920,456508,588,502466
case_084,pre,2,1000020268,COPY_OUT,PIPE_MTE3,455920,456095,175,502466
case_084,pre,2,1000020346,COPY_IN,PIPE_MTE2,455920,455924,4,502466
case_084,pre,2,1000020344,COPY_IN,PIPE_MTE2,455924,456097,173,502466
case_084,pre,2,1000020350,COPY_IN,PIPE_MTE2,456097,456201,104,502466
case_084,pre,2,1000020352,COPY_IN,PIPE_MTE2,456201,456315,114,502466
case_084,pre,2,2358,DIV,PIPE_V,456508,456808,300,502466
case_084,pre,2,2359,REDUCE,PIPE_V,456808,456892,84,502466
case_084,pre,2,2360,SUB,PIPE_V,456892,456976,84,502466
case_084,pre,2,2361,EXP,PIPE_V,456976,457276,300,502466
case_084,pre,2,2362,REDUCE,PIPE_V,457276,457360,84,502466
case_084,pre,2,2363,DIV,PIPE_V,457360,457660,300,502466
case_084,pre,2,2364,MATMUL,PIPE_M,457660,458248,588,502466
case_084,pre,2,2368,MATMUL,PIPE_M,458248,458836,588,502466
case_084,pre,2,1000020278,COPY_OUT,PIPE_MTE3,458248,458423,175,502466
case_084,pre,2,1000020356,COPY_IN,PIPE_MTE2,458248,458252,4,502466
case_084,pre,2,1000020354,COPY_IN,PIPE_MTE2,458252,458425,173,502466
case_084,pre,2,1000020360,COPY_IN,PIPE_MTE2,458425,458529,104,502466
case_084,pre,2,1000020362,COPY_IN,PIPE_MTE2,458529,458643,114,502466
case_084,pre,2,2370,DIV,PIPE_V,458836,459136,300,502466
case_084,pre,2,2371,REDUCE,PIPE_V,459136,459220,84,502466
case_084,pre,2,2372,SUB,PIPE_V,459220,459304,84,502466
case_084,pre,2,2373,EXP,PIPE_V,459304,459604,300,502466
case_084,pre,2,2374,REDUCE,PIPE_V,459604,459688,84,502466
case_084,pre,2,2375,DIV,PIPE_V,459688,459988,300,502466
case_084,pre,2,2376,MATMUL,PIPE_M,459988,460576,588,502466
case_084,pre,2,2380,MATMUL,PIPE_M,460576,461164,588,502466
case_084,pre,2,1000020288,COPY_OUT,PIPE_MTE3,460576,460751,175,502466
case_084,pre,2,1000020366,COPY_IN,PIPE_MTE2,460576,460580,4,502466
case_084,pre,2,1000020364,COPY_IN,PIPE_MTE2,460580,460753,173,502466
case_084,pre,2,1000020370,COPY_IN,PIPE_MTE2,460753,460857,104,502466
case_084,pre,2,1000020372,COPY_IN,PIPE_MTE2,460857,460971,114,502466
case_084,pre,2,2382,DIV,PIPE_V,461164,461464,300,502466
case_084,pre,2,2383,REDUCE,PIPE_V,461464,461548,84,502466
case_084,pre,2,2384,SUB,PIPE_V,461548,461632,84,502466
case_084,pre,2,2385,EXP,PIPE_V,461632,461932,300,502466
case_084,pre,2,2386,REDUCE,PIPE_V,461932,462016,84,502466
case_084,pre,2,2387,DIV,PIPE_V,462016,462316,300,502466
case_084,pre,2,2388,MATMUL,PIPE_M,462316,462904,588,502466
case_084,pre,2,2392,MATMUL,PIPE_M,462904,463492,588,502466
case_084,pre,2,1000020298,COPY_OUT,PIPE_MTE3,462904,463079,175,502466
case_084,pre,2,1000020376,COPY_IN,PIPE_MTE2,462904,462908,4,502466
case_084,pre,2,1000020374,COPY_IN,PIPE_MTE2,462908,463081,173,502466
case_084,pre,2,1000020380,COPY_IN,PIPE_MTE2,463081,463185,104,502466
case_084,pre,2,1000020382,COPY_IN,PIPE_MTE2,463185,463299,114,502466
case_084,pre,2,2394,DIV,PIPE_V,463492,463792,300,502466
case_084,pre,2,2395,REDUCE,PIPE_V,463792,463876,84,502466
case_084,pre,2,2396,SUB,PIPE_V,463876,463960,84,502466
case_084,pre,2,2397,EXP,PIPE_V,463960,464260,300,502466
case_084,pre,2,2398,REDUCE,PIPE_V,464260,464344,84,502466
case_084,pre,2,2399,DIV,PIPE_V,464344,464644,300,502466
case_084,pre,2,2400,MATMUL,PIPE_M,464644,465232,588,502466
case_084,pre,2,2404,MATMUL,PIPE_M,465232,465820,588,502466
case_084,pre,2,1000020308,COPY_OUT,PIPE_MTE3,465232,465407,175,502466
case_084,pre,2,1000020386,COPY_IN,PIPE_MTE2,465232,465236,4,502466
case_084,pre,2,1000020384,COPY_IN,PIPE_MTE2,465236,465409,173,502466
case_084,pre,2,1000020390,COPY_IN,PIPE_MTE2,465409,465513,104,502466
case_084,pre,2,1000020392,COPY_IN,PIPE_MTE2,465513,465627,114,502466
case_084,pre,2,2406,DIV,PIPE_V,465820,466120,300,502466
case_084,pre,2,2407,REDUCE,PIPE_V,466120,466204,84,502466
case_084,pre,2,2408,SUB,PIPE_V,466204,466288,84,502466
case_084,pre,2,2409,EXP,PIPE_V,466288,466588,300,502466
case_084,pre,2,2410,REDUCE,PIPE_V,466588,466672,84,502466
case_084,pre,2,2411,DIV,PIPE_V,466672,466972,300,502466
case_084,pre,2,2412,MATMUL,PIPE_M,466972,467560,588,502466
case_084,pre,2,2416,MATMUL,PIPE_M,467560,468148,588,502466
case_084,pre,2,1000020318,COPY_OUT,PIPE_MTE3,467560,467735,175,502466
case_084,pre,2,1000020396,COPY_IN,PIPE_MTE2,467560,467564,4,502466
case_084,pre,2,1000020394,COPY_IN,PIPE_MTE2,467564,467737,173,502466
case_084,pre,2,1000020400,COPY_IN,PIPE_MTE2,467737,467841,104,502466
case_084,pre,2,1000020402,COPY_IN,PIPE_MTE2,467841,467955,114,502466
case_084,pre,2,2418,DIV,PIPE_V,468148,468448,300,502466
case_084,pre,2,2419,REDUCE,PIPE_V,468448,468532,84,502466
case_084,pre,2,2420,SUB,PIPE_V,468532,468616,84,502466
case_084,pre,2,2421,EXP,PIPE_V,468616,468916,300,502466
case_084,pre,2,2422,REDUCE,PIPE_V,468916,469000,84,502466
case_084,pre,2,2423,DIV,PIPE_V,469000,469300,300,502466
case_084,pre,2,2424,MATMUL,PIPE_M,469300,469888,588,502466
case_084,pre,2,2428,MATMUL,PIPE_M,469888,470476,588,502466
case_084,pre,2,1000020328,COPY_OUT,PIPE_MTE3,469888,470063,175,502466
case_084,pre,2,1000020406,COPY_IN,PIPE_MTE2,469888,469892,4,502466
case_084,pre,2,1000020404,COPY_IN,PIPE_MTE2,469892,470065,173,502466
case_084,pre,2,1000020410,COPY_IN,PIPE_MTE2,470065,470169,104,502466
case_084,pre,2,1000020412,COPY_IN,PIPE_MTE2,470169,470283,114,502466
case_084,pre,2,2430,DIV,PIPE_V,470476,470776,300,502466
case_084,pre,2,2431,REDUCE,PIPE_V,470776,470860,84,502466
case_084,pre,2,2432,SUB,PIPE_V,470860,470944,84,502466
case_084,pre,2,2433,EXP,PIPE_V,470944,471244,300,502466
case_084,pre,2,2434,REDUCE,PIPE_V,471244,471328,84,502466
case_084,pre,2,2435,DIV,PIPE_V,471328,471628,300,502466
case_084,pre,2,2436,MATMUL,PIPE_M,471628,472216,588,502466
case_084,pre,2,2440,MATMUL,PIPE_M,472216,472804,588,502466
case_084,pre,2,1000020338,COPY_OUT,PIPE_MTE3,472216,472391,175,502466
case_084,pre,2,1000020416,COPY_IN,PIPE_MTE2,472216,472220,4,502466
case_084,pre,2,1000020414,COPY_IN,PIPE_MTE2,472220,472393,173,502466
case_084,pre,2,1000020420,COPY_IN,PIPE_MTE2,472393,472497,104,502466
case_084,pre,2,1000020422,COPY_IN,PIPE_MTE2,472497,472611,114,502466
case_084,pre,2,2442,DIV,PIPE_V,472804,473104,300,502466
case_084,pre,2,2443,REDUCE,PIPE_V,473104,473188,84,502466
case_084,pre,2,2444,SUB,PIPE_V,473188,473272,84,502466
case_084,pre,2,2445,EXP,PIPE_V,473272,473572,300,502466
case_084,pre,2,2446,REDUCE,PIPE_V,473572,473656,84,502466
case_084,pre,2,2447,DIV,PIPE_V,473656,473956,300,502466
case_084,pre,2,2448,MATMUL,PIPE_M,473956,474544,588,502466
case_084,pre,2,2452,MATMUL,PIPE_M,474544,475132,588,502466
case_084,pre,2,1000020348,COPY_OUT,PIPE_MTE3,474544,474719,175,502466
case_084,pre,2,1000020426,COPY_IN,PIPE_MTE2,474544,474548,4,502466
case_084,pre,2,1000020424,COPY_IN,PIPE_MTE2,474548,474721,173,502466
case_084,pre,2,1000020430,COPY_IN,PIPE_MTE2,474721,474825,104,502466
case_084,pre,2,1000020432,COPY_IN,PIPE_MTE2,474825,474939,114,502466
case_084,pre,2,2454,DIV,PIPE_V,475132,475432,300,502466
case_084,pre,2,2455,REDUCE,PIPE_V,475432,475516,84,502466
case_084,pre,2,2456,SUB,PIPE_V,475516,475600,84,502466
case_084,pre,2,2457,EXP,PIPE_V,475600,475900,300,502466
case_084,pre,2,2458,REDUCE,PIPE_V,475900,475984,84,502466
case_084,pre,2,2459,DIV,PIPE_V,475984,476284,300,502466
case_084,pre,2,2460,MATMUL,PIPE_M,476284,476872,588,502466
case_084,pre,2,2464,MATMUL,PIPE_M,476872,477460,588,502466
case_084,pre,2,1000020358,COPY_OUT,PIPE_MTE3,476872,477047,175,502466
case_084,pre,2,1000020436,COPY_IN,PIPE_MTE2,476872,476876,4,502466
case_084,pre,2,1000020434,COPY_IN,PIPE_MTE2,476876,477049,173,502466
case_084,pre,2,1000020440,COPY_IN,PIPE_MTE2,477049,477153,104,502466
case_084,pre,2,1000020442,COPY_IN,PIPE_MTE2,477153,477267,114,502466
case_084,pre,2,2466,DIV,PIPE_V,477460,477760,300,502466
case_084,pre,2,2467,REDUCE,PIPE_V,477760,477844,84,502466
case_084,pre,2,2468,SUB,PIPE_V,477844,477928,84,502466
case_084,pre,2,2469,EXP,PIPE_V,477928,478228,300,502466
case_084,pre,2,2470,REDUCE,PIPE_V,478228,478312,84,502466
case_084,pre,2,2471,DIV,PIPE_V,478312,478612,300,502466
case_084,pre,2,2472,MATMUL,PIPE_M,478612,479200,588,502466
case_084,pre,2,2476,MATMUL,PIPE_M,479200,479788,588,502466
case_084,pre,2,1000020368,COPY_OUT,PIPE_MTE3,479200,479375,175,502466
case_084,pre,2,1000020446,COPY_IN,PIPE_MTE2,479200,479204,4,502466
case_084,pre,2,1000020444,COPY_IN,PIPE_MTE2,479204,479377,173,502466
case_084,pre,2,1000020450,COPY_IN,PIPE_MTE2,479377,479481,104,502466
case_084,pre,2,1000020452,COPY_IN,PIPE_MTE2,479481,479595,114,502466
case_084,pre,2,2478,DIV,PIPE_V,479788,480088,300,502466
case_084,pre,2,2479,REDUCE,PIPE_V,480088,480172,84,502466
case_084,pre,2,2480,SUB,PIPE_V,480172,480256,84,502466
case_084,pre,2,2481,EXP,PIPE_V,480256,480556,300,502466
case_084,pre,2,2482,REDUCE,PIPE_V,480556,480640,84,502466
case_084,pre,2,2483,DIV,PIPE_V,480640,480940,300,502466
case_084,pre,2,2484,MATMUL,PIPE_M,480940,481528,588,502466
case_084,pre,2,2488,MATMUL,PIPE_M,481528,482116,588,502466
case_084,pre,2,1000020378,COPY_OUT,PIPE_MTE3,481528,481703,175,502466
case_084,pre,2,1000020456,COPY_IN,PIPE_MTE2,481528,481532,4,502466
case_084,pre,2,1000020454,COPY_IN,PIPE_MTE2,481532,481705,173,502466
case_084,pre,2,2490,DIV,PIPE_V,482116,482416,300,502466
case_084,pre,2,2491,REDUCE,PIPE_V,482416,482500,84,502466
case_084,pre,2,2492,SUB,PIPE_V,482500,482584,84,502466
case_084,pre,2,2493,EXP,PIPE_V,482584,482884,300,502466
case_084,pre,2,2494,REDUCE,PIPE_V,482884,482968,84,502466
case_084,pre,2,2495,DIV,PIPE_V,482968,483268,300,502466
case_084,pre,2,2496,MATMUL,PIPE_M,483268,483856,588,502466
case_084,pre,2,2500,MATMUL,PIPE_M,483856,484444,588,502466
case_084,pre,2,1000020388,COPY_OUT,PIPE_MTE3,483856,483947,91,502466
case_084,pre,2,2502,DIV,PIPE_V,484444,484744,300,502466
case_084,pre,2,2503,REDUCE,PIPE_V,484744,484828,84,502466
case_084,pre,2,2504,SUB,PIPE_V,484828,484912,84,502466
case_084,pre,2,2505,EXP,PIPE_V,484912,485212,300,502466
case_084,pre,2,1000020469,COPY_IN,PIPE_MTE2,484912,484989,77,502466
case_084,pre,2,1000020464,COPY_IN,PIPE_MTE2,484989,485041,52,502466
case_084,pre,2,2506,REDUCE,PIPE_V,485212,485296,84,502466
case_084,pre,2,2507,DIV,PIPE_V,485296,485596,300,502466
case_084,pre,2,2508,MATMUL,PIPE_M,485596,486184,588,502466
case_084,pre,2,2512,MATMUL,PIPE_M,486184,486772,588,502466
case_084,pre,2,1000020398,COPY_OUT,PIPE_MTE3,486184,486236,52,502466
case_084,pre,2,2514,DIV,PIPE_V,486772,487072,300,502466
case_084,pre,2,2515,REDUCE,PIPE_V,487072,487156,84,502466
case_084,pre,2,2516,SUB,PIPE_V,487156,487240,84,502466
case_084,pre,2,2517,EXP,PIPE_V,487240,487540,300,502466
case_084,pre,2,2518,REDUCE,PIPE_V,487540,487624,84,502466
case_084,pre,2,2519,DIV,PIPE_V,487624,487924,300,502466
case_084,pre,2,2520,MATMUL,PIPE_M,487924,488512,588,502466
case_084,pre,2,2524,MATMUL,PIPE_M,488512,489100,588,502466
case_084,pre,2,1000020408,COPY_OUT,PIPE_MTE3,488512,488564,52,502466
case_084,pre,2,2526,DIV,PIPE_V,489100,489400,300,502466
case_084,pre,2,2527,REDUCE,PIPE_V,489400,489484,84,502466
case_084,pre,2,2528,SUB,PIPE_V,489484,489568,84,502466
case_084,pre,2,2529,EXP,PIPE_V,489568,489868,300,502466
case_084,pre,2,2530,REDUCE,PIPE_V,489868,489952,84,502466
case_084,pre,2,2531,DIV,PIPE_V,489952,490252,300,502466
case_084,pre,2,2532,MATMUL,PIPE_M,490252,490840,588,502466
case_084,pre,2,2536,MATMUL,PIPE_M,490840,491428,588,502466
case_084,pre,2,1000020418,COPY_OUT,PIPE_MTE3,490840,490892,52,502466
case_084,pre,2,2538,DIV,PIPE_V,491428,491728,300,502466
case_084,pre,2,2539,REDUCE,PIPE_V,491728,491812,84,502466
case_084,pre,2,2540,SUB,PIPE_V,491812,491896,84,502466
case_084,pre,2,2541,EXP,PIPE_V,491896,492196,300,502466
case_084,pre,2,2542,REDUCE,PIPE_V,492196,492280,84,502466
case_084,pre,2,2543,DIV,PIPE_V,492280,492580,300,502466
case_084,pre,2,2544,MATMUL,PIPE_M,492580,493168,588,502466
case_084,pre,2,2548,MATMUL,PIPE_M,493168,493756,588,502466
case_084,pre,2,1000020428,COPY_OUT,PIPE_MTE3,493168,493220,52,502466
case_084,pre,2,2550,DIV,PIPE_V,493756,494056,300,502466
case_084,pre,2,2551,REDUCE,PIPE_V,494056,494140,84,502466
case_084,pre,2,2552,SUB,PIPE_V,494140,494224,84,502466
case_084,pre,2,2553,EXP,PIPE_V,494224,494524,300,502466
case_084,pre,2,2554,REDUCE,PIPE_V,494524,494608,84,502466
case_084,pre,2,2555,DIV,PIPE_V,494608,494908,300,502466
case_084,pre,2,2556,MATMUL,PIPE_M,494908,495496,588,502466
case_084,pre,2,2560,MATMUL,PIPE_M,495496,496084,588,502466
case_084,pre,2,1000020438,COPY_OUT,PIPE_MTE3,495496,495548,52,502466
case_084,pre,2,2562,DIV,PIPE_V,496084,496384,300,502466
case_084,pre,2,2563,REDUCE,PIPE_V,496384,496468,84,502466
case_084,pre,2,2564,SUB,PIPE_V,496468,496552,84,502466
case_084,pre,2,2565,EXP,PIPE_V,496552,496852,300,502466
case_084,pre,2,2566,REDUCE,PIPE_V,496852,496936,84,502466
case_084,pre,2,2567,DIV,PIPE_V,496936,497236,300,502466
case_084,pre,2,2568,MATMUL,PIPE_M,497236,497824,588,502466
case_084,pre,2,2572,MATMUL,PIPE_M,497824,498412,588,502466
case_084,pre,2,1000020448,COPY_OUT,PIPE_MTE3,497824,497876,52,502466
case_084,pre,2,2574,DIV,PIPE_V,498412,498712,300,502466
case_084,pre,2,2575,REDUCE,PIPE_V,498712,498796,84,502466
case_084,pre,2,2576,SUB,PIPE_V,498796,498880,84,502466
case_084,pre,2,2577,EXP,PIPE_V,498880,499180,300,502466
case_084,pre,2,2578,REDUCE,PIPE_V,499180,499264,84,502466
case_084,pre,2,2579,DIV,PIPE_V,499264,499564,300,502466
case_084,pre,2,2580,MATMUL,PIPE_M,499564,500152,588,502466
case_084,pre,2,2589,EXP,PIPE_V,499564,499864,300,502466
case_084,pre,2,2590,REDUCE,PIPE_V,499864,499948,84,502466
case_084,pre,2,2591,DIV,PIPE_V,499948,500248,300,502466
case_084,pre,2,1000020458,COPY_OUT,PIPE_MTE3,500152,500204,52,502466
case_084,pre,2,2592,MATMUL,PIPE_M,500248,500836,588,502466
case_084,pre,2,1000020471,COPY_OUT,PIPE_MTE3,500836,500888,52,502466
case_084,pre,3,1000027643,COPY_IN,PIPE_MTE2,0,260,260,502466
case_084,pre,3,1000027645,COPY_IN,PIPE_MTE2,260,520,260,502466
case_084,pre,3,11200,MATMUL,PIPE_M,520,1108,588,502466
case_084,pre,3,1000027649,COPY_IN,PIPE_MTE2,520,525,5,502466
case_084,pre,3,1000027653,COPY_IN,PIPE_MTE2,525,785,260,502466
case_084,pre,3,1000027655,COPY_IN,PIPE_MTE2,785,1045,260,502466
case_084,pre,3,1000027659,COPY_IN,PIPE_MTE2,1045,1050,5,502466
case_084,pre,3,1000027657,COPY_IN,PIPE_MTE2,1050,1310,260,502466
case_084,pre,3,11202,DIV,PIPE_V,1108,1408,300,502466
case_084,pre,3,11212,MATMUL,PIPE_M,1108,1696,588,502466
case_084,pre,3,1000027663,COPY_IN,PIPE_MTE2,1310,1570,260,502466
case_084,pre,3,11203,REDUCE,PIPE_V,1408,1492,84,502466
case_084,pre,3,11204,SUB,PIPE_V,1492,1576,84,502466
case_084,pre,3,1000027665,COPY_IN,PIPE_MTE2,1570,1830,260,502466
case_084,pre,3,11205,EXP,PIPE_V,1576,1876,300,502466
case_084,pre,3,1000027669,COPY_IN,PIPE_MTE2,1830,1835,5,502466
case_084,pre,3,1000027667,COPY_IN,PIPE_MTE2,1835,2095,260,502466
case_084,pre,3,11214,DIV,PIPE_V,1876,2176,300,502466
case_084,pre,3,1000027673,COPY_IN,PIPE_MTE2,2095,2355,260,502466
case_084,pre,3,11215,REDUCE,PIPE_V,2176,2260,84,502466
case_084,pre,3,11216,SUB,PIPE_V,2260,2344,84,502466
case_084,pre,3,11217,EXP,PIPE_V,2344,2644,300,502466
case_084,pre,3,1000027675,COPY_IN,PIPE_MTE2,2355,2615,260,502466
case_084,pre,3,1000027679,COPY_IN,PIPE_MTE2,2615,2620,5,502466
case_084,pre,3,1000027677,COPY_IN,PIPE_MTE2,2620,2887,267,502466
case_084,pre,3,11218,REDUCE,PIPE_V,2644,2728,84,502466
case_084,pre,3,11219,DIV,PIPE_V,2728,3028,300,502466
case_084,pre,3,1000027683,COPY_IN,PIPE_MTE2,2887,3192,305,502466
case_084,pre,3,11220,MATMUL,PIPE_M,3028,3616,588,502466
case_084,pre,3,1000027685,COPY_IN,PIPE_MTE2,3192,3462,270,502466
case_084,pre,3,1000027689,COPY_IN,PIPE_MTE2,3462,3470,8,502466
case_084,pre,3,1000027687,COPY_IN,PIPE_MTE2,3470,3907,437,502466
case_084,pre,3,11224,MATMUL,PIPE_M,3616,4204,588,502466
case_084,pre,3,1000027661,COPY_OUT,PIPE_MTE3,3616,4015,399,502466
case_084,pre,3,1000027693,COPY_IN,PIPE_MTE2,3907,4185,278,502466
case_084,pre,3,1000027695,COPY_IN,PIPE_MTE2,4185,4445,260,502466
case_084,pre,3,11226,DIV,PIPE_V,4204,4504,300,502466
case_084,pre,3,1000027699,COPY_IN,PIPE_MTE2,4445,4450,5,502466
case_084,pre,3,1000027697,COPY_IN,PIPE_MTE2,4450,4710,260,502466
case_084,pre,3,11227,REDUCE,PIPE_V,4504,4588,84,502466
case_084,pre,3,11228,SUB,PIPE_V,4588,4672,84,502466
case_084,pre,3,11229,EXP,PIPE_V,4672,4972,300,502466
case_084,pre,3,1000027703,COPY_IN,PIPE_MTE2,4710,4970,260,502466
case_084,pre,3,1000027705,COPY_IN,PIPE_MTE2,4970,5241,271,502466
case_084,pre,3,11230,REDUCE,PIPE_V,4972,5056,84,502466
case_084,pre,3,11231,DIV,PIPE_V,5056,5356,300,502466
case_084,pre,3,1000027709,COPY_IN,PIPE_MTE2,5241,5247,6,502466
case_084,pre,3,1000027707,COPY_IN,PIPE_MTE2,5247,5547,300,502466
case_084,pre,3,11232,MATMUL,PIPE_M,5356,5944,588,502466
case_084,pre,3,1000027713,COPY_IN,PIPE_MTE2,5547,5833,286,502466
case_084,pre,3,1000027715,COPY_IN,PIPE_MTE2,5833,6262,429,502466
case_084,pre,3,11236,MATMUL,PIPE_M,5944,6532,588,502466
case_084,pre,3,1000027671,COPY_OUT,PIPE_MTE3,5944,6340,396,502466
case_084,pre,3,1000027719,COPY_IN,PIPE_MTE2,6262,6268,6,502466
case_084,pre,3,1000027717,COPY_IN,PIPE_MTE2,6268,6540,272,502466
case_084,pre,3,11238,DIV,PIPE_V,6532,6832,300,502466
case_084,pre,3,1000027723,COPY_IN,PIPE_MTE2,6540,6800,260,502466
case_084,pre,3,1000027725,COPY_IN,PIPE_MTE2,6800,7060,260,502466
case_084,pre,3,11239,REDUCE,PIPE_V,6832,6916,84,502466
case_084,pre,3,11240,SUB,PIPE_V,6916,7000,84,502466
case_084,pre,3,11241,EXP,PIPE_V,7000,7300,300,502466
case_084,pre,3,1000027729,COPY_IN,PIPE_MTE2,7060,7065,5,502466
case_084,pre,3,1000027727,COPY_IN,PIPE_MTE2,7065,7325,260,502466
case_084,pre,3,11242,REDUCE,PIPE_V,7300,7384,84,502466
case_084,pre,3,1000027733,COPY_IN,PIPE_MTE2,7325,7602,277,502466
case_084,pre,3,11243,DIV,PIPE_V,7384,7684,300,502466
case_084,pre,3,1000027735,COPY_IN,PIPE_MTE2,7602,7897,295,502466
case_084,pre,3,11244,MATMUL,PIPE_M,7684,8272,588,502466
case_084,pre,3,1000027739,COPY_IN,PIPE_MTE2,7897,7902,5,502466
case_084,pre,3,1000027737,COPY_IN,PIPE_MTE2,7902,8204,302,502466
case_084,pre,3,1000027743,COPY_IN,PIPE_MTE2,8204,8622,418,502466
case_084,pre,3,11248,MATMUL,PIPE_M,8272,8860,588,502466
case_084,pre,3,1000027681,COPY_OUT,PIPE_MTE3,8272,8670,398,502466
case_084,pre,3,1000027745,COPY_IN,PIPE_MTE2,8622,8890,268,502466
case_084,pre,3,11250,DIV,PIPE_V,8860,9160,300,502466
case_084,pre,3,1000027749,COPY_IN,PIPE_MTE2,8890,8895,5,502466
case_084,pre,3,1000027747,COPY_IN,PIPE_MTE2,8895,9155,260,502466
case_084,pre,3,1000027753,COPY_IN,PIPE_MTE2,9155,9415,260,502466
case_084,pre,3,11251,REDUCE,PIPE_V,9160,9244,84,502466
case_084,pre,3,11252,SUB,PIPE_V,9244,9328,84,502466
case_084,pre,3,11253,EXP,PIPE_V,9328,9628,300,502466
case_084,pre,3,1000027755,COPY_IN,PIPE_MTE2,9415,9675,260,502466
case_084,pre,3,11254,REDUCE,PIPE_V,9628,9712,84,502466
case_084,pre,3,1000027759,COPY_IN,PIPE_MTE2,9675,9680,5,502466
case_084,pre,3,1000027757,COPY_IN,PIPE_MTE2,9680,9962,282,502466
case_084,pre,3,11255,DIV,PIPE_V,9712,10012,300,502466
case_084,pre,3,1000027763,COPY_IN,PIPE_MTE2,9962,10252,290,502466
case_084,pre,3,11256,MATMUL,PIPE_M,10012,10600,588,502466
case_084,pre,3,1000027765,COPY_IN,PIPE_MTE2,10252,10568,316,502466
case_084,pre,3,11260,MATMUL,PIPE_M,10600,11188,588,502466
case_084,pre,3,1000027691,COPY_OUT,PIPE_MTE3,10600,10772,172,502466
case_084,pre,3,11262,DIV,PIPE_V,11188,11488,300,502466
case_084,pre,3,11263,REDUCE,PIPE_V,11488,11572,84,502466
case_084,pre,3,11264,SUB,PIPE_V,11572,11656,84,502466
case_084,pre,3,11265,EXP,PIPE_V,11656,11956,300,502466
case_084,pre,3,1000027769,COPY_IN,PIPE_MTE2,11656,11660,4,502466
case_084,pre,3,1000027767,COPY_IN,PIPE_MTE2,11660,11868,208,502466
case_084,pre,3,1000027773,COPY_IN,PIPE_MTE2,11868,12052,184,502466
case_084,pre,3,11266,REDUCE,PIPE_V,11956,12040,84,502466
case_084,pre,3,11267,DIV,PIPE_V,12040,12340,300,502466
case_084,pre,3,1000027775,COPY_IN,PIPE_MTE2,12052,12104,52,502466
case_084,pre,3,11268,MATMUL,PIPE_M,12340,12928,588,502466
case_084,pre,3,11272,MATMUL,PIPE_M,12928,13516,588,502466
case_084,pre,3,1000027701,COPY_OUT,PIPE_MTE3,12928,12980,52,502466
case_084,pre,3,11274,DIV,PIPE_V,13516,13816,300,502466
case_084,pre,3,11275,REDUCE,PIPE_V,13816,13900,84,502466
case_084,pre,3,11276,SUB,PIPE_V,13900,13984,84,502466
case_084,pre,3,11277,EXP,PIPE_V,13984,14284,300,502466
case_084,pre,3,1000027779,COPY_IN,PIPE_MTE2,13984,13988,4,502466
case_084,pre,3,1000027777,COPY_IN,PIPE_MTE2,13988,14196,208,502466
case_084,pre,3,1000027783,COPY_IN,PIPE_MTE2,14196,14380,184,502466
case_084,pre,3,11278,REDUCE,PIPE_V,14284,14368,84,502466
case_084,pre,3,11279,DIV,PIPE_V,14368,14668,300,502466
case_084,pre,3,1000027785,COPY_IN,PIPE_MTE2,14380,14432,52,502466
case_084,pre,3,11280,MATMUL,PIPE_M,14668,15256,588,502466
case_084,pre,3,11284,MATMUL,PIPE_M,15256,15844,588,502466
case_084,pre,3,1000027711,COPY_OUT,PIPE_MTE3,15256,15308,52,502466
case_084,pre,3,11286,DIV,PIPE_V,15844,16144,300,502466
case_084,pre,3,11287,REDUCE,PIPE_V,16144,16228,84,502466
case_084,pre,3,11288,SUB,PIPE_V,16228,16312,84,502466
case_084,pre,3,11289,EXP,PIPE_V,16312,16612,300,502466
case_084,pre,3,1000027789,COPY_IN,PIPE_MTE2,16312,16316,4,502466
case_084,pre,3,1000027787,COPY_IN,PIPE_MTE2,16316,16524,208,502466
case_084,pre,3,1000027793,COPY_IN,PIPE_MTE2,16524,16708,184,502466
case_084,pre,3,11290,REDUCE,PIPE_V,16612,16696,84,502466
case_084,pre,3,11291,DIV,PIPE_V,16696,16996,300,502466
case_084,pre,3,1000027795,COPY_IN,PIPE_MTE2,16708,16760,52,502466
case_084,pre,3,11292,MATMUL,PIPE_M,16996,17584,588,502466
case_084,pre,3,11296,MATMUL,PIPE_M,17584,18172,588,502466
case_084,pre,3,1000027721,COPY_OUT,PIPE_MTE3,17584,17636,52,502466
case_084,pre,3,11298,DIV,PIPE_V,18172,18472,300,502466
case_084,pre,3,11299,REDUCE,PIPE_V,18472,18556,84,502466
case_084,pre,3,11300,SUB,PIPE_V,18556,18640,84,502466
case_084,pre,3,11301,EXP,PIPE_V,18640,18940,300,502466
case_084,pre,3,1000027799,COPY_IN,PIPE_MTE2,18640,18644,4,502466
case_084,pre,3,1000027797,COPY_IN,PIPE_MTE2,18644,18852,208,502466
case_084,pre,3,1000027803,COPY_IN,PIPE_MTE2,18852,19036,184,502466
case_084,pre,3,11302,REDUCE,PIPE_V,18940,19024,84,502466
case_084,pre,3,11303,DIV,PIPE_V,19024,19324,300,502466
case_084,pre,3,1000027805,COPY_IN,PIPE_MTE2,19036,19088,52,502466
case_084,pre,3,11304,MATMUL,PIPE_M,19324,19912,588,502466
case_084,pre,3,11308,MATMUL,PIPE_M,19912,20500,588,502466
case_084,pre,3,1000027731,COPY_OUT,PIPE_MTE3,19912,19964,52,502466
case_084,pre,3,11310,DIV,PIPE_V,20500,20800,300,502466
case_084,pre,3,11311,REDUCE,PIPE_V,20800,20884,84,502466
case_084,pre,3,11312,SUB,PIPE_V,20884,20968,84,502466
case_084,pre,3,11313,EXP,PIPE_V,20968,21268,300,502466
case_084,pre,3,1000027809,COPY_IN,PIPE_MTE2,20968,20972,4,502466
case_084,pre,3,1000027807,COPY_IN,PIPE_MTE2,20972,21180,208,502466
case_084,pre,3,1000027813,COPY_IN,PIPE_MTE2,21180,21364,184,502466
case_084,pre,3,11314,REDUCE,PIPE_V,21268,21352,84,502466
case_084,pre,3,11315,DIV,PIPE_V,21352,21652,300,502466
case_084,pre,3,1000027815,COPY_IN,PIPE_MTE2,21364,21416,52,502466
case_084,pre,3,11316,MATMUL,PIPE_M,21652,22240,588,502466
case_084,pre,3,11320,MATMUL,PIPE_M,22240,22828,588,502466
case_084,pre,3,1000027741,COPY_OUT,PIPE_MTE3,22240,22292,52,502466
case_084,pre,3,11322,DIV,PIPE_V,22828,23128,300,502466
case_084,pre,3,11323,REDUCE,PIPE_V,23128,23212,84,502466
case_084,pre,3,11324,SUB,PIPE_V,23212,23296,84,502466
case_084,pre,3,11325,EXP,PIPE_V,23296,23596,300,502466
case_084,pre,3,1000027819,COPY_IN,PIPE_MTE2,23296,23300,4,502466
case_084,pre,3,1000027817,COPY_IN,PIPE_MTE2,23300,23508,208,502466
case_084,pre,3,1000027823,COPY_IN,PIPE_MTE2,23508,23692,184,502466
case_084,pre,3,11326,REDUCE,PIPE_V,23596,23680,84,502466
case_084,pre,3,11327,DIV,PIPE_V,23680,23980,300,502466
case_084,pre,3,1000027825,COPY_IN,PIPE_MTE2,23692,23744,52,502466
case_084,pre,3,11328,MATMUL,PIPE_M,23980,24568,588,502466
case_084,pre,3,11332,MATMUL,PIPE_M,24568,25156,588,502466
case_084,pre,3,1000027751,COPY_OUT,PIPE_MTE3,24568,24620,52,502466
case_084,pre,3,11334,DIV,PIPE_V,25156,25456,300,502466
case_084,pre,3,11335,REDUCE,PIPE_V,25456,25540,84,502466
case_084,pre,3,11336,SUB,PIPE_V,25540,25624,84,502466
case_084,pre,3,11337,EXP,PIPE_V,25624,25924,300,502466
case_084,pre,3,1000027829,COPY_IN,PIPE_MTE2,25624,25628,4,502466
case_084,pre,3,1000027827,COPY_IN,PIPE_MTE2,25628,25836,208,502466
case_084,pre,3,1000027833,COPY_IN,PIPE_MTE2,25836,26020,184,502466
case_084,pre,3,11338,REDUCE,PIPE_V,25924,26008,84,502466
case_084,pre,3,11339,DIV,PIPE_V,26008,26308,300,502466
case_084,pre,3,1000027835,COPY_IN,PIPE_MTE2,26020,26072,52,502466
case_084,pre,3,11340,MATMUL,PIPE_M,26308,26896,588,502466
case_084,pre,3,11344,MATMUL,PIPE_M,26896,27484,588,502466
case_084,pre,3,1000027761,COPY_OUT,PIPE_MTE3,26896,26948,52,502466
case_084,pre,3,11346,DIV,PIPE_V,27484,27784,300,502466
case_084,pre,3,11347,REDUCE,PIPE_V,27784,27868,84,502466
case_084,pre,3,11348,SUB,PIPE_V,27868,27952,84,502466
case_084,pre,3,11349,EXP,PIPE_V,27952,28252,300,502466
case_084,pre,3,1000027839,COPY_IN,PIPE_MTE2,27952,27956,4,502466
case_084,pre,3,1000027837,COPY_IN,PIPE_MTE2,27956,28164,208,502466
case_084,pre,3,1000027843,COPY_IN,PIPE_MTE2,28164,28348,184,502466
case_084,pre,3,11350,REDUCE,PIPE_V,28252,28336,84,502466
case_084,pre,3,11351,DIV,PIPE_V,28336,28636,300,502466
case_084,pre,3,1000027845,COPY_IN,PIPE_MTE2,28348,28400,52,502466
case_084,pre,3,11352,MATMUL,PIPE_M,28636,29224,588,502466
case_084,pre,3,11356,MATMUL,PIPE_M,29224,29812,588,502466
case_084,pre,3,1000027771,COPY_OUT,PIPE_MTE3,29224,29276,52,502466
case_084,pre,3,11358,DIV,PIPE_V,29812,30112,300,502466
case_084,pre,3,11359,REDUCE,PIPE_V,30112,30196,84,502466
case_084,pre,3,11360,SUB,PIPE_V,30196,30280,84,502466
case_084,pre,3,11361,EXP,PIPE_V,30280,30580,300,502466
case_084,pre,3,1000027849,COPY_IN,PIPE_MTE2,30280,30284,4,502466
case_084,pre,3,1000027847,COPY_IN,PIPE_MTE2,30284,30492,208,502466
case_084,pre,3,1000027853,COPY_IN,PIPE_MTE2,30492,30676,184,502466
case_084,pre,3,11362,REDUCE,PIPE_V,30580,30664,84,502466
case_084,pre,3,11363,DIV,PIPE_V,30664,30964,300,502466
case_084,pre,3,1000027855,COPY_IN,PIPE_MTE2,30676,30728,52,502466
case_084,pre,3,11364,MATMUL,PIPE_M,30964,31552,588,502466
case_084,pre,3,11368,MATMUL,PIPE_M,31552,32140,588,502466
case_084,pre,3,1000027781,COPY_OUT,PIPE_MTE3,31552,31604,52,502466
case_084,pre,3,11370,DIV,PIPE_V,32140,32440,300,502466
case_084,pre,3,11371,REDUCE,PIPE_V,32440,32524,84,502466
case_084,pre,3,11372,SUB,PIPE_V,32524,32608,84,502466
case_084,pre,3,11373,EXP,PIPE_V,32608,32908,300,502466
case_084,pre,3,1000027859,COPY_IN,PIPE_MTE2,32608,32612,4,502466
case_084,pre,3,1000027857,COPY_IN,PIPE_MTE2,32612,32820,208,502466
case_084,pre,3,1000027863,COPY_IN,PIPE_MTE2,32820,33004,184,502466
case_084,pre,3,11374,REDUCE,PIPE_V,32908,32992,84,502466
case_084,pre,3,11375,DIV,PIPE_V,32992,33292,300,502466
case_084,pre,3,1000027865,COPY_IN,PIPE_MTE2,33004,33056,52,502466
case_084,pre,3,11376,MATMUL,PIPE_M,33292,33880,588,502466
case_084,pre,3,11380,MATMUL,PIPE_M,33880,34468,588,502466
case_084,pre,3,1000027791,COPY_OUT,PIPE_MTE3,33880,33932,52,502466
case_084,pre,3,11382,DIV,PIPE_V,34468,34768,300,502466
case_084,pre,3,11383,REDUCE,PIPE_V,34768,34852,84,502466
case_084,pre,3,11384,SUB,PIPE_V,34852,34936,84,502466
case_084,pre,3,11385,EXP,PIPE_V,34936,35236,300,502466
case_084,pre,3,1000027869,COPY_IN,PIPE_MTE2,34936,34940,4,502466
case_084,pre,3,1000027867,COPY_IN,PIPE_MTE2,34940,35148,208,502466
case_084,pre,3,1000027873,COPY_IN,PIPE_MTE2,35148,35332,184,502466
case_084,pre,3,11386,REDUCE,PIPE_V,35236,35320,84,502466
case_084,pre,3,11387,DIV,PIPE_V,35320,35620,300,502466
case_084,pre,3,1000027875,COPY_IN,PIPE_MTE2,35332,35384,52,502466
case_084,pre,3,11388,MATMUL,PIPE_M,35620,36208,588,502466
case_084,pre,3,11392,MATMUL,PIPE_M,36208,36796,588,502466
case_084,pre,3,1000027801,COPY_OUT,PIPE_MTE3,36208,36260,52,502466
case_084,pre,3,11394,DIV,PIPE_V,36796,37096,300,502466
case_084,pre,3,11395,REDUCE,PIPE_V,37096,37180,84,502466
case_084,pre,3,11396,SUB,PIPE_V,37180,37264,84,502466
case_084,pre,3,11397,EXP,PIPE_V,37264,37564,300,502466
case_084,pre,3,1000027879,COPY_IN,PIPE_MTE2,37264,37268,4,502466
case_084,pre,3,1000027877,COPY_IN,PIPE_MTE2,37268,37476,208,502466
case_084,pre,3,1000027883,COPY_IN,PIPE_MTE2,37476,37660,184,502466
case_084,pre,3,11398,REDUCE,PIPE_V,37564,37648,84,502466
case_084,pre,3,11399,DIV,PIPE_V,37648,37948,300,502466
case_084,pre,3,1000027885,COPY_IN,PIPE_MTE2,37660,37712,52,502466
case_084,pre,3,11400,MATMUL,PIPE_M,37948,38536,588,502466
case_084,pre,3,11404,MATMUL,PIPE_M,38536,39124,588,502466
case_084,pre,3,1000027811,COPY_OUT,PIPE_MTE3,38536,38588,52,502466
case_084,pre,3,11406,DIV,PIPE_V,39124,39424,300,502466
case_084,pre,3,11407,REDUCE,PIPE_V,39424,39508,84,502466
case_084,pre,3,11408,SUB,PIPE_V,39508,39592,84,502466
case_084,pre,3,11409,EXP,PIPE_V,39592,39892,300,502466
case_084,pre,3,1000027889,COPY_IN,PIPE_MTE2,39592,39596,4,502466
case_084,pre,3,1000027887,COPY_IN,PIPE_MTE2,39596,39804,208,502466
case_084,pre,3,1000027893,COPY_IN,PIPE_MTE2,39804,39988,184,502466
case_084,pre,3,11410,REDUCE,PIPE_V,39892,39976,84,502466
case_084,pre,3,11411,DIV,PIPE_V,39976,40276,300,502466
case_084,pre,3,1000027895,COPY_IN,PIPE_MTE2,39988,40040,52,502466
case_084,pre,3,11412,MATMUL,PIPE_M,40276,40864,588,502466
case_084,pre,3,11416,MATMUL,PIPE_M,40864,41452,588,502466
case_084,pre,3,1000027821,COPY_OUT,PIPE_MTE3,40864,40916,52,502466
case_084,pre,3,11418,DIV,PIPE_V,41452,41752,300,502466
case_084,pre,3,11419,REDUCE,PIPE_V,41752,41836,84,502466
case_084,pre,3,11420,SUB,PIPE_V,41836,41920,84,502466
case_084,pre,3,11421,EXP,PIPE_V,41920,42220,300,502466
case_084,pre,3,1000027899,COPY_IN,PIPE_MTE2,41920,41924,4,502466
case_084,pre,3,1000027897,COPY_IN,PIPE_MTE2,41924,42132,208,502466
case_084,pre,3,1000027903,COPY_IN,PIPE_MTE2,42132,42316,184,502466
case_084,pre,3,11422,REDUCE,PIPE_V,42220,42304,84,502466
case_084,pre,3,11423,DIV,PIPE_V,42304,42604,300,502466
case_084,pre,3,1000027905,COPY_IN,PIPE_MTE2,42316,42368,52,502466
case_084,pre,3,11424,MATMUL,PIPE_M,42604,43192,588,502466
case_084,pre,3,11428,MATMUL,PIPE_M,43192,43780,588,502466
case_084,pre,3,1000027831,COPY_OUT,PIPE_MTE3,43192,43244,52,502466
case_084,pre,3,11430,DIV,PIPE_V,43780,44080,300,502466
case_084,pre,3,11431,REDUCE,PIPE_V,44080,44164,84,502466
case_084,pre,3,11432,SUB,PIPE_V,44164,44248,84,502466
case_084,pre,3,11433,EXP,PIPE_V,44248,44548,300,502466
case_084,pre,3,1000027909,COPY_IN,PIPE_MTE2,44248,44252,4,502466
case_084,pre,3,1000027907,COPY_IN,PIPE_MTE2,44252,44460,208,502466
case_084,pre,3,1000027913,COPY_IN,PIPE_MTE2,44460,44644,184,502466
case_084,pre,3,11434,REDUCE,PIPE_V,44548,44632,84,502466
case_084,pre,3,11435,DIV,PIPE_V,44632,44932,300,502466
case_084,pre,3,1000027915,COPY_IN,PIPE_MTE2,44644,44696,52,502466
case_084,pre,3,11436,MATMUL,PIPE_M,44932,45520,588,502466
case_084,pre,3,11440,MATMUL,PIPE_M,45520,46108,588,502466
case_084,pre,3,1000027841,COPY_OUT,PIPE_MTE3,45520,45572,52,502466
case_084,pre,3,11442,DIV,PIPE_V,46108,46408,300,502466
case_084,pre,3,11443,REDUCE,PIPE_V,46408,46492,84,502466
case_084,pre,3,11444,SUB,PIPE_V,46492,46576,84,502466
case_084,pre,3,11445,EXP,PIPE_V,46576,46876,300,502466
case_084,pre,3,1000027919,COPY_IN,PIPE_MTE2,46576,46580,4,502466
case_084,pre,3,1000027917,COPY_IN,PIPE_MTE2,46580,46788,208,502466
case_084,pre,3,1000027923,COPY_IN,PIPE_MTE2,46788,46972,184,502466
case_084,pre,3,11446,REDUCE,PIPE_V,46876,46960,84,502466
case_084,pre,3,11447,DIV,PIPE_V,46960,47260,300,502466
case_084,pre,3,1000027925,COPY_IN,PIPE_MTE2,46972,47024,52,502466
case_084,pre,3,11448,MATMUL,PIPE_M,47260,47848,588,502466
case_084,pre,3,11452,MATMUL,PIPE_M,47848,48436,588,502466
case_084,pre,3,1000027851,COPY_OUT,PIPE_MTE3,47848,47900,52,502466
case_084,pre,3,11454,DIV,PIPE_V,48436,48736,300,502466
case_084,pre,3,11455,REDUCE,PIPE_V,48736,48820,84,502466
case_084,pre,3,11456,SUB,PIPE_V,48820,48904,84,502466
case_084,pre,3,11457,EXP,PIPE_V,48904,49204,300,502466
case_084,pre,3,1000027929,COPY_IN,PIPE_MTE2,48904,48908,4,502466
case_084,pre,3,1000027927,COPY_IN,PIPE_MTE2,48908,49116,208,502466
case_084,pre,3,1000027933,COPY_IN,PIPE_MTE2,49116,49300,184,502466
case_084,pre,3,11458,REDUCE,PIPE_V,49204,49288,84,502466
case_084,pre,3,11459,DIV,PIPE_V,49288,49588,300,502466
case_084,pre,3,1000027935,COPY_IN,PIPE_MTE2,49300,49352,52,502466
case_084,pre,3,11460,MATMUL,PIPE_M,49588,50176,588,502466
case_084,pre,3,11464,MATMUL,PIPE_M,50176,50764,588,502466
case_084,pre,3,1000027861,COPY_OUT,PIPE_MTE3,50176,50228,52,502466
case_084,pre,3,11466,DIV,PIPE_V,50764,51064,300,502466
case_084,pre,3,11467,REDUCE,PIPE_V,51064,51148,84,502466
case_084,pre,3,11468,SUB,PIPE_V,51148,51232,84,502466
case_084,pre,3,11469,EXP,PIPE_V,51232,51532,300,502466
case_084,pre,3,1000027939,COPY_IN,PIPE_MTE2,51232,51236,4,502466
case_084,pre,3,1000027937,COPY_IN,PIPE_MTE2,51236,51444,208,502466
case_084,pre,3,1000027943,COPY_IN,PIPE_MTE2,51444,51628,184,502466
case_084,pre,3,11470,REDUCE,PIPE_V,51532,51616,84,502466
case_084,pre,3,11471,DIV,PIPE_V,51616,51916,300,502466
case_084,pre,3,1000027945,COPY_IN,PIPE_MTE2,51628,51680,52,502466
case_084,pre,3,11472,MATMUL,PIPE_M,51916,52504,588,502466
case_084,pre,3,11476,MATMUL,PIPE_M,52504,53092,588,502466
case_084,pre,3,1000027871,COPY_OUT,PIPE_MTE3,52504,52556,52,502466
case_084,pre,3,11478,DIV,PIPE_V,53092,53392,300,502466
case_084,pre,3,11479,REDUCE,PIPE_V,53392,53476,84,502466
case_084,pre,3,11480,SUB,PIPE_V,53476,53560,84,502466
case_084,pre,3,11481,EXP,PIPE_V,53560,53860,300,502466
case_084,pre,3,1000027949,COPY_IN,PIPE_MTE2,53560,53564,4,502466
case_084,pre,3,1000027947,COPY_IN,PIPE_MTE2,53564,53772,208,502466
case_084,pre,3,1000027953,COPY_IN,PIPE_MTE2,53772,53956,184,502466
case_084,pre,3,11482,REDUCE,PIPE_V,53860,53944,84,502466
case_084,pre,3,11483,DIV,PIPE_V,53944,54244,300,502466
case_084,pre,3,1000027955,COPY_IN,PIPE_MTE2,53956,54008,52,502466
case_084,pre,3,11484,MATMUL,PIPE_M,54244,54832,588,502466
case_084,pre,3,11488,MATMUL,PIPE_M,54832,55420,588,502466
case_084,pre,3,1000027881,COPY_OUT,PIPE_MTE3,54832,54884,52,502466
case_084,pre,3,11490,DIV,PIPE_V,55420,55720,300,502466
case_084,pre,3,11491,REDUCE,PIPE_V,55720,55804,84,502466
case_084,pre,3,11492,SUB,PIPE_V,55804,55888,84,502466
case_084,pre,3,11493,EXP,PIPE_V,55888,56188,300,502466
case_084,pre,3,1000027959,COPY_IN,PIPE_MTE2,55888,55892,4,502466
case_084,pre,3,1000027957,COPY_IN,PIPE_MTE2,55892,56100,208,502466
case_084,pre,3,1000027963,COPY_IN,PIPE_MTE2,56100,56284,184,502466
case_084,pre,3,11494,REDUCE,PIPE_V,56188,56272,84,502466
case_084,pre,3,11495,DIV,PIPE_V,56272,56572,300,502466
case_084,pre,3,1000027965,COPY_IN,PIPE_MTE2,56284,56336,52,502466
case_084,pre,3,11496,MATMUL,PIPE_M,56572,57160,588,502466
case_084,pre,3,11500,MATMUL,PIPE_M,57160,57748,588,502466
case_084,pre,3,1000027891,COPY_OUT,PIPE_MTE3,57160,57212,52,502466
case_084,pre,3,11502,DIV,PIPE_V,57748,58048,300,502466
case_084,pre,3,11503,REDUCE,PIPE_V,58048,58132,84,502466
case_084,pre,3,11504,SUB,PIPE_V,58132,58216,84,502466
case_084,pre,3,11505,EXP,PIPE_V,58216,58516,300,502466
case_084,pre,3,1000027969,COPY_IN,PIPE_MTE2,58216,58220,4,502466
case_084,pre,3,1000027967,COPY_IN,PIPE_MTE2,58220,58428,208,502466
case_084,pre,3,1000027973,COPY_IN,PIPE_MTE2,58428,58612,184,502466
case_084,pre,3,11506,REDUCE,PIPE_V,58516,58600,84,502466
case_084,pre,3,11507,DIV,PIPE_V,58600,58900,300,502466
case_084,pre,3,1000027975,COPY_IN,PIPE_MTE2,58612,58664,52,502466
case_084,pre,3,11508,MATMUL,PIPE_M,58900,59488,588,502466
case_084,pre,3,11512,MATMUL,PIPE_M,59488,60076,588,502466
case_084,pre,3,1000027901,COPY_OUT,PIPE_MTE3,59488,59540,52,502466
case_084,pre,3,11514,DIV,PIPE_V,60076,60376,300,502466
case_084,pre,3,11515,REDUCE,PIPE_V,60376,60460,84,502466
case_084,pre,3,11516,SUB,PIPE_V,60460,60544,84,502466
case_084,pre,3,11517,EXP,PIPE_V,60544,60844,300,502466
case_084,pre,3,1000027979,COPY_IN,PIPE_MTE2,60544,60548,4,502466
case_084,pre,3,1000027977,COPY_IN,PIPE_MTE2,60548,60756,208,502466
case_084,pre,3,1000027983,COPY_IN,PIPE_MTE2,60756,60940,184,502466
case_084,pre,3,11518,REDUCE,PIPE_V,60844,60928,84,502466
case_084,pre,3,11519,DIV,PIPE_V,60928,61228,300,502466
case_084,pre,3,1000027985,COPY_IN,PIPE_MTE2,60940,60992,52,502466
case_084,pre,3,11520,MATMUL,PIPE_M,61228,61816,588,502466
case_084,pre,3,11524,MATMUL,PIPE_M,61816,62404,588,502466
case_084,pre,3,1000027911,COPY_OUT,PIPE_MTE3,61816,61868,52,502466
case_084,pre,3,11526,DIV,PIPE_V,62404,62704,300,502466
case_084,pre,3,11527,REDUCE,PIPE_V,62704,62788,84,502466
case_084,pre,3,11528,SUB,PIPE_V,62788,62872,84,502466
case_084,pre,3,11529,EXP,PIPE_V,62872,63172,300,502466
case_084,pre,3,1000027989,COPY_IN,PIPE_MTE2,62872,62876,4,502466
case_084,pre,3,1000027987,COPY_IN,PIPE_MTE2,62876,63084,208,502466
case_084,pre,3,1000027993,COPY_IN,PIPE_MTE2,63084,63268,184,502466
case_084,pre,3,11530,REDUCE,PIPE_V,63172,63256,84,502466
case_084,pre,3,11531,DIV,PIPE_V,63256,63556,300,502466
case_084,pre,3,1000027995,COPY_IN,PIPE_MTE2,63268,63320,52,502466
case_084,pre,3,11532,MATMUL,PIPE_M,63556,64144,588,502466
case_084,pre,3,11536,MATMUL,PIPE_M,64144,64732,588,502466
case_084,pre,3,1000027921,COPY_OUT,PIPE_MTE3,64144,64196,52,502466
case_084,pre,3,11538,DIV,PIPE_V,64732,65032,300,502466
case_084,pre,3,11539,REDUCE,PIPE_V,65032,65116,84,502466
case_084,pre,3,11540,SUB,PIPE_V,65116,65200,84,502466
case_084,pre,3,11541,EXP,PIPE_V,65200,65500,300,502466
case_084,pre,3,1000027999,COPY_IN,PIPE_MTE2,65200,65204,4,502466
case_084,pre,3,1000027997,COPY_IN,PIPE_MTE2,65204,65412,208,502466
case_084,pre,3,1000028003,COPY_IN,PIPE_MTE2,65412,65596,184,502466
case_084,pre,3,11542,REDUCE,PIPE_V,65500,65584,84,502466
case_084,pre,3,11543,DIV,PIPE_V,65584,65884,300,502466
case_084,pre,3,1000028005,COPY_IN,PIPE_MTE2,65596,65648,52,502466
case_084,pre,3,11544,MATMUL,PIPE_M,65884,66472,588,502466
case_084,pre,3,11548,MATMUL,PIPE_M,66472,67060,588,502466
case_084,pre,3,1000027931,COPY_OUT,PIPE_MTE3,66472,66524,52,502466
case_084,pre,3,11550,DIV,PIPE_V,67060,67360,300,502466
case_084,pre,3,11551,REDUCE,PIPE_V,67360,67444,84,502466
case_084,pre,3,11552,SUB,PIPE_V,67444,67528,84,502466
case_084,pre,3,11553,EXP,PIPE_V,67528,67828,300,502466
case_084,pre,3,1000028009,COPY_IN,PIPE_MTE2,67528,67532,4,502466
case_084,pre,3,1000028007,COPY_IN,PIPE_MTE2,67532,67740,208,502466
case_084,pre,3,1000028013,COPY_IN,PIPE_MTE2,67740,67924,184,502466
case_084,pre,3,11554,REDUCE,PIPE_V,67828,67912,84,502466
case_084,pre,3,11555,DIV,PIPE_V,67912,68212,300,502466
case_084,pre,3,1000028015,COPY_IN,PIPE_MTE2,67924,67976,52,502466
case_084,pre,3,11556,MATMUL,PIPE_M,68212,68800,588,502466
case_084,pre,3,11560,MATMUL,PIPE_M,68800,69388,588,502466
case_084,pre,3,1000027941,COPY_OUT,PIPE_MTE3,68800,68852,52,502466
case_084,pre,3,11562,DIV,PIPE_V,69388,69688,300,502466
case_084,pre,3,11563,REDUCE,PIPE_V,69688,69772,84,502466
case_084,pre,3,11564,SUB,PIPE_V,69772,69856,84,502466
case_084,pre,3,11565,EXP,PIPE_V,69856,70156,300,502466
case_084,pre,3,1000028019,COPY_IN,PIPE_MTE2,69856,69860,4,502466
case_084,pre,3,1000028017,COPY_IN,PIPE_MTE2,69860,70068,208,502466
case_084,pre,3,1000028023,COPY_IN,PIPE_MTE2,70068,70252,184,502466
case_084,pre,3,11566,REDUCE,PIPE_V,70156,70240,84,502466
case_084,pre,3,11567,DIV,PIPE_V,70240,70540,300,502466
case_084,pre,3,1000028025,COPY_IN,PIPE_MTE2,70252,70304,52,502466
case_084,pre,3,11568,MATMUL,PIPE_M,70540,71128,588,502466
case_084,pre,3,11572,MATMUL,PIPE_M,71128,71716,588,502466
case_084,pre,3,1000027951,COPY_OUT,PIPE_MTE3,71128,71180,52,502466
case_084,pre,3,11574,DIV,PIPE_V,71716,72016,300,502466
case_084,pre,3,11575,REDUCE,PIPE_V,72016,72100,84,502466
case_084,pre,3,11576,SUB,PIPE_V,72100,72184,84,502466
case_084,pre,3,11577,EXP,PIPE_V,72184,72484,300,502466
case_084,pre,3,1000028029,COPY_IN,PIPE_MTE2,72184,72188,4,502466
case_084,pre,3,1000028027,COPY_IN,PIPE_MTE2,72188,72396,208,502466
case_084,pre,3,1000028033,COPY_IN,PIPE_MTE2,72396,72580,184,502466
case_084,pre,3,11578,REDUCE,PIPE_V,72484,72568,84,502466
case_084,pre,3,11579,DIV,PIPE_V,72568,72868,300,502466
case_084,pre,3,1000028035,COPY_IN,PIPE_MTE2,72580,72632,52,502466
case_084,pre,3,11580,MATMUL,PIPE_M,72868,73456,588,502466
case_084,pre,3,11584,MATMUL,PIPE_M,73456,74044,588,502466
case_084,pre,3,1000027961,COPY_OUT,PIPE_MTE3,73456,73508,52,502466
case_084,pre,3,11586,DIV,PIPE_V,74044,74344,300,502466
case_084,pre,3,11587,REDUCE,PIPE_V,74344,74428,84,502466
case_084,pre,3,11588,SUB,PIPE_V,74428,74512,84,502466
case_084,pre,3,11589,EXP,PIPE_V,74512,74812,300,502466
case_084,pre,3,1000028039,COPY_IN,PIPE_MTE2,74512,74516,4,502466
case_084,pre,3,1000028037,COPY_IN,PIPE_MTE2,74516,74724,208,502466
case_084,pre,3,1000028043,COPY_IN,PIPE_MTE2,74724,74908,184,502466
case_084,pre,3,11590,REDUCE,PIPE_V,74812,74896,84,502466
case_084,pre,3,11591,DIV,PIPE_V,74896,75196,300,502466
case_084,pre,3,1000028045,COPY_IN,PIPE_MTE2,74908,74960,52,502466
case_084,pre,3,11592,MATMUL,PIPE_M,75196,75784,588,502466
case_084,pre,3,11596,MATMUL,PIPE_M,75784,76372,588,502466
case_084,pre,3,1000027971,COPY_OUT,PIPE_MTE3,75784,75836,52,502466
case_084,pre,3,11598,DIV,PIPE_V,76372,76672,300,502466
case_084,pre,3,11599,REDUCE,PIPE_V,76672,76756,84,502466
case_084,pre,3,11600,SUB,PIPE_V,76756,76840,84,502466
case_084,pre,3,11601,EXP,PIPE_V,76840,77140,300,502466
case_084,pre,3,1000028049,COPY_IN,PIPE_MTE2,76840,76844,4,502466
case_084,pre,3,1000028047,COPY_IN,PIPE_MTE2,76844,77052,208,502466
case_084,pre,3,1000028053,COPY_IN,PIPE_MTE2,77052,77236,184,502466
case_084,pre,3,11602,REDUCE,PIPE_V,77140,77224,84,502466
case_084,pre,3,11603,DIV,PIPE_V,77224,77524,300,502466
case_084,pre,3,1000028055,COPY_IN,PIPE_MTE2,77236,77288,52,502466
case_084,pre,3,11604,MATMUL,PIPE_M,77524,78112,588,502466
case_084,pre,3,11608,MATMUL,PIPE_M,78112,78700,588,502466
case_084,pre,3,1000027981,COPY_OUT,PIPE_MTE3,78112,78164,52,502466
case_084,pre,3,11610,DIV,PIPE_V,78700,79000,300,502466
case_084,pre,3,11611,REDUCE,PIPE_V,79000,79084,84,502466
case_084,pre,3,11612,SUB,PIPE_V,79084,79168,84,502466
case_084,pre,3,11613,EXP,PIPE_V,79168,79468,300,502466
case_084,pre,3,1000028059,COPY_IN,PIPE_MTE2,79168,79172,4,502466
case_084,pre,3,1000028057,COPY_IN,PIPE_MTE2,79172,79380,208,502466
case_084,pre,3,1000028063,COPY_IN,PIPE_MTE2,79380,79564,184,502466
case_084,pre,3,11614,REDUCE,PIPE_V,79468,79552,84,502466
case_084,pre,3,11615,DIV,PIPE_V,79552,79852,300,502466
case_084,pre,3,1000028065,COPY_IN,PIPE_MTE2,79564,79616,52,502466
case_084,pre,3,11616,MATMUL,PIPE_M,79852,80440,588,502466
case_084,pre,3,11620,MATMUL,PIPE_M,80440,81028,588,502466
case_084,pre,3,1000027991,COPY_OUT,PIPE_MTE3,80440,80492,52,502466
case_084,pre,3,11622,DIV,PIPE_V,81028,81328,300,502466
case_084,pre,3,11623,REDUCE,PIPE_V,81328,81412,84,502466
case_084,pre,3,11624,SUB,PIPE_V,81412,81496,84,502466
case_084,pre,3,11625,EXP,PIPE_V,81496,81796,300,502466
case_084,pre,3,1000028069,COPY_IN,PIPE_MTE2,81496,81500,4,502466
case_084,pre,3,1000028067,COPY_IN,PIPE_MTE2,81500,81708,208,502466
case_084,pre,3,1000028073,COPY_IN,PIPE_MTE2,81708,81892,184,502466
case_084,pre,3,11626,REDUCE,PIPE_V,81796,81880,84,502466
case_084,pre,3,11627,DIV,PIPE_V,81880,82180,300,502466
case_084,pre,3,1000028075,COPY_IN,PIPE_MTE2,81892,81944,52,502466
case_084,pre,3,11628,MATMUL,PIPE_M,82180,82768,588,502466
case_084,pre,3,11632,MATMUL,PIPE_M,82768,83356,588,502466
case_084,pre,3,1000028001,COPY_OUT,PIPE_MTE3,82768,82820,52,502466
case_084,pre,3,11634,DIV,PIPE_V,83356,83656,300,502466
case_084,pre,3,11635,REDUCE,PIPE_V,83656,83740,84,502466
case_084,pre,3,11636,SUB,PIPE_V,83740,83824,84,502466
case_084,pre,3,11637,EXP,PIPE_V,83824,84124,300,502466
case_084,pre,3,1000028079,COPY_IN,PIPE_MTE2,83824,83828,4,502466
case_084,pre,3,1000028077,COPY_IN,PIPE_MTE2,83828,84036,208,502466
case_084,pre,3,1000028083,COPY_IN,PIPE_MTE2,84036,84220,184,502466
case_084,pre,3,11638,REDUCE,PIPE_V,84124,84208,84,502466
case_084,pre,3,11639,DIV,PIPE_V,84208,84508,300,502466
case_084,pre,3,1000028085,COPY_IN,PIPE_MTE2,84220,84272,52,502466
case_084,pre,3,11640,MATMUL,PIPE_M,84508,85096,588,502466
case_084,pre,3,11644,MATMUL,PIPE_M,85096,85684,588,502466
case_084,pre,3,1000028011,COPY_OUT,PIPE_MTE3,85096,85148,52,502466
case_084,pre,3,11646,DIV,PIPE_V,85684,85984,300,502466
case_084,pre,3,11647,REDUCE,PIPE_V,85984,86068,84,502466
case_084,pre,3,11648,SUB,PIPE_V,86068,86152,84,502466
case_084,pre,3,11649,EXP,PIPE_V,86152,86452,300,502466
case_084,pre,3,1000028089,COPY_IN,PIPE_MTE2,86152,86156,4,502466
case_084,pre,3,1000028087,COPY_IN,PIPE_MTE2,86156,86364,208,502466
case_084,pre,3,1000028093,COPY_IN,PIPE_MTE2,86364,86548,184,502466
case_084,pre,3,11650,REDUCE,PIPE_V,86452,86536,84,502466
case_084,pre,3,11651,DIV,PIPE_V,86536,86836,300,502466
case_084,pre,3,1000028095,COPY_IN,PIPE_MTE2,86548,86600,52,502466
case_084,pre,3,11652,MATMUL,PIPE_M,86836,87424,588,502466
case_084,pre,3,11656,MATMUL,PIPE_M,87424,88012,588,502466
case_084,pre,3,1000028021,COPY_OUT,PIPE_MTE3,87424,87476,52,502466
case_084,pre,3,11658,DIV,PIPE_V,88012,88312,300,502466
case_084,pre,3,11659,REDUCE,PIPE_V,88312,88396,84,502466
case_084,pre,3,11660,SUB,PIPE_V,88396,88480,84,502466
case_084,pre,3,11661,EXP,PIPE_V,88480,88780,300,502466
case_084,pre,3,1000028099,COPY_IN,PIPE_MTE2,88480,88484,4,502466
case_084,pre,3,1000028097,COPY_IN,PIPE_MTE2,88484,88692,208,502466
case_084,pre,3,1000028103,COPY_IN,PIPE_MTE2,88692,88876,184,502466
case_084,pre,3,11662,REDUCE,PIPE_V,88780,88864,84,502466
case_084,pre,3,11663,DIV,PIPE_V,88864,89164,300,502466
case_084,pre,3,1000028105,COPY_IN,PIPE_MTE2,88876,88928,52,502466
case_084,pre,3,11664,MATMUL,PIPE_M,89164,89752,588,502466
case_084,pre,3,11668,MATMUL,PIPE_M,89752,90340,588,502466
case_084,pre,3,1000028031,COPY_OUT,PIPE_MTE3,89752,89804,52,502466
case_084,pre,3,11670,DIV,PIPE_V,90340,90640,300,502466
case_084,pre,3,11671,REDUCE,PIPE_V,90640,90724,84,502466
case_084,pre,3,11672,SUB,PIPE_V,90724,90808,84,502466
case_084,pre,3,11673,EXP,PIPE_V,90808,91108,300,502466
case_084,pre,3,1000028109,COPY_IN,PIPE_MTE2,90808,90812,4,502466
case_084,pre,3,1000028107,COPY_IN,PIPE_MTE2,90812,91020,208,502466
case_084,pre,3,1000028113,COPY_IN,PIPE_MTE2,91020,91204,184,502466
case_084,pre,3,11674,REDUCE,PIPE_V,91108,91192,84,502466
case_084,pre,3,11675,DIV,PIPE_V,91192,91492,300,502466
case_084,pre,3,1000028115,COPY_IN,PIPE_MTE2,91204,91256,52,502466
case_084,pre,3,11676,MATMUL,PIPE_M,91492,92080,588,502466
case_084,pre,3,11680,MATMUL,PIPE_M,92080,92668,588,502466
case_084,pre,3,1000028041,COPY_OUT,PIPE_MTE3,92080,92132,52,502466
case_084,pre,3,11682,DIV,PIPE_V,92668,92968,300,502466
case_084,pre,3,11683,REDUCE,PIPE_V,92968,93052,84,502466
case_084,pre,3,11684,SUB,PIPE_V,93052,93136,84,502466
case_084,pre,3,11685,EXP,PIPE_V,93136,93436,300,502466
case_084,pre,3,1000028119,COPY_IN,PIPE_MTE2,93136,93140,4,502466
case_084,pre,3,1000028117,COPY_IN,PIPE_MTE2,93140,93348,208,502466
case_084,pre,3,1000028123,COPY_IN,PIPE_MTE2,93348,93532,184,502466
case_084,pre,3,11686,REDUCE,PIPE_V,93436,93520,84,502466
case_084,pre,3,11687,DIV,PIPE_V,93520,93820,300,502466
case_084,pre,3,1000028125,COPY_IN,PIPE_MTE2,93532,93584,52,502466
case_084,pre,3,11688,MATMUL,PIPE_M,93820,94408,588,502466
case_084,pre,3,11692,MATMUL,PIPE_M,94408,94996,588,502466
case_084,pre,3,1000028051,COPY_OUT,PIPE_MTE3,94408,94460,52,502466
case_084,pre,3,11694,DIV,PIPE_V,94996,95296,300,502466
case_084,pre,3,11695,REDUCE,PIPE_V,95296,95380,84,502466
case_084,pre,3,11696,SUB,PIPE_V,95380,95464,84,502466
case_084,pre,3,11697,EXP,PIPE_V,95464,95764,300,502466
case_084,pre,3,1000028129,COPY_IN,PIPE_MTE2,95464,95468,4,502466
case_084,pre,3,1000028127,COPY_IN,PIPE_MTE2,95468,95676,208,502466
case_084,pre,3,1000028133,COPY_IN,PIPE_MTE2,95676,95860,184,502466
case_084,pre,3,11698,REDUCE,PIPE_V,95764,95848,84,502466
case_084,pre,3,11699,DIV,PIPE_V,95848,96148,300,502466
case_084,pre,3,1000028135,COPY_IN,PIPE_MTE2,95860,95912,52,502466
case_084,pre,3,11700,MATMUL,PIPE_M,96148,96736,588,502466
case_084,pre,3,11704,MATMUL,PIPE_M,96736,97324,588,502466
case_084,pre,3,1000028061,COPY_OUT,PIPE_MTE3,96736,96788,52,502466
case_084,pre,3,11706,DIV,PIPE_V,97324,97624,300,502466
case_084,pre,3,11707,REDUCE,PIPE_V,97624,97708,84,502466
case_084,pre,3,11708,SUB,PIPE_V,97708,97792,84,502466
case_084,pre,3,11709,EXP,PIPE_V,97792,98092,300,502466
case_084,pre,3,1000028139,COPY_IN,PIPE_MTE2,97792,97796,4,502466
case_084,pre,3,1000028137,COPY_IN,PIPE_MTE2,97796,98004,208,502466
case_084,pre,3,1000028143,COPY_IN,PIPE_MTE2,98004,98188,184,502466
case_084,pre,3,11710,REDUCE,PIPE_V,98092,98176,84,502466
case_084,pre,3,11711,DIV,PIPE_V,98176,98476,300,502466
case_084,pre,3,1000028145,COPY_IN,PIPE_MTE2,98188,98240,52,502466
case_084,pre,3,11712,MATMUL,PIPE_M,98476,99064,588,502466
case_084,pre,3,11716,MATMUL,PIPE_M,99064,99652,588,502466
case_084,pre,3,1000028071,COPY_OUT,PIPE_MTE3,99064,99116,52,502466
case_084,pre,3,11718,DIV,PIPE_V,99652,99952,300,502466
case_084,pre,3,11719,REDUCE,PIPE_V,99952,100036,84,502466
case_084,pre,3,11720,SUB,PIPE_V,100036,100120,84,502466
case_084,pre,3,11721,EXP,PIPE_V,100120,100420,300,502466
case_084,pre,3,1000028149,COPY_IN,PIPE_MTE2,100120,100124,4,502466
case_084,pre,3,1000028147,COPY_IN,PIPE_MTE2,100124,100332,208,502466
case_084,pre,3,1000028153,COPY_IN,PIPE_MTE2,100332,100516,184,502466
case_084,pre,3,11722,REDUCE,PIPE_V,100420,100504,84,502466
case_084,pre,3,11723,DIV,PIPE_V,100504,100804,300,502466
case_084,pre,3,1000028155,COPY_IN,PIPE_MTE2,100516,100568,52,502466
case_084,pre,3,11724,MATMUL,PIPE_M,100804,101392,588,502466
case_084,pre,3,11728,MATMUL,PIPE_M,101392,101980,588,502466
case_084,pre,3,1000028081,COPY_OUT,PIPE_MTE3,101392,101444,52,502466
case_084,pre,3,11730,DIV,PIPE_V,101980,102280,300,502466
case_084,pre,3,11731,REDUCE,PIPE_V,102280,102364,84,502466
case_084,pre,3,11732,SUB,PIPE_V,102364,102448,84,502466
case_084,pre,3,11733,EXP,PIPE_V,102448,102748,300,502466
case_084,pre,3,1000028159,COPY_IN,PIPE_MTE2,102448,102452,4,502466
case_084,pre,3,1000028157,COPY_IN,PIPE_MTE2,102452,102660,208,502466
case_084,pre,3,1000028163,COPY_IN,PIPE_MTE2,102660,102844,184,502466
case_084,pre,3,11734,REDUCE,PIPE_V,102748,102832,84,502466
case_084,pre,3,11735,DIV,PIPE_V,102832,103132,300,502466
case_084,pre,3,1000028165,COPY_IN,PIPE_MTE2,102844,102896,52,502466
case_084,pre,3,11736,MATMUL,PIPE_M,103132,103720,588,502466
case_084,pre,3,11740,MATMUL,PIPE_M,103720,104308,588,502466
case_084,pre,3,1000028091,COPY_OUT,PIPE_MTE3,103720,103772,52,502466
case_084,pre,3,11742,DIV,PIPE_V,104308,104608,300,502466
case_084,pre,3,11743,REDUCE,PIPE_V,104608,104692,84,502466
case_084,pre,3,11744,SUB,PIPE_V,104692,104776,84,502466
case_084,pre,3,11745,EXP,PIPE_V,104776,105076,300,502466
case_084,pre,3,1000028169,COPY_IN,PIPE_MTE2,104776,104780,4,502466
case_084,pre,3,1000028167,COPY_IN,PIPE_MTE2,104780,104988,208,502466
case_084,pre,3,1000028173,COPY_IN,PIPE_MTE2,104988,105172,184,502466
case_084,pre,3,11746,REDUCE,PIPE_V,105076,105160,84,502466
case_084,pre,3,11747,DIV,PIPE_V,105160,105460,300,502466
case_084,pre,3,1000028175,COPY_IN,PIPE_MTE2,105172,105224,52,502466
case_084,pre,3,11748,MATMUL,PIPE_M,105460,106048,588,502466
case_084,pre,3,11752,MATMUL,PIPE_M,106048,106636,588,502466
case_084,pre,3,1000028101,COPY_OUT,PIPE_MTE3,106048,106100,52,502466
case_084,pre,3,11754,DIV,PIPE_V,106636,106936,300,502466
case_084,pre,3,11755,REDUCE,PIPE_V,106936,107020,84,502466
case_084,pre,3,11756,SUB,PIPE_V,107020,107104,84,502466
case_084,pre,3,11757,EXP,PIPE_V,107104,107404,300,502466
case_084,pre,3,1000028179,COPY_IN,PIPE_MTE2,107104,107108,4,502466
case_084,pre,3,1000028177,COPY_IN,PIPE_MTE2,107108,107316,208,502466
case_084,pre,3,1000028183,COPY_IN,PIPE_MTE2,107316,107500,184,502466
case_084,pre,3,11758,REDUCE,PIPE_V,107404,107488,84,502466
case_084,pre,3,11759,DIV,PIPE_V,107488,107788,300,502466
case_084,pre,3,1000028185,COPY_IN,PIPE_MTE2,107500,107552,52,502466
case_084,pre,3,11760,MATMUL,PIPE_M,107788,108376,588,502466
case_084,pre,3,11764,MATMUL,PIPE_M,108376,108964,588,502466
case_084,pre,3,1000028111,COPY_OUT,PIPE_MTE3,108376,108428,52,502466
case_084,pre,3,11766,DIV,PIPE_V,108964,109264,300,502466
case_084,pre,3,11767,REDUCE,PIPE_V,109264,109348,84,502466
case_084,pre,3,11768,SUB,PIPE_V,109348,109432,84,502466
case_084,pre,3,11769,EXP,PIPE_V,109432,109732,300,502466
case_084,pre,3,1000028189,COPY_IN,PIPE_MTE2,109432,109436,4,502466
case_084,pre,3,1000028187,COPY_IN,PIPE_MTE2,109436,109644,208,502466
case_084,pre,3,1000028193,COPY_IN,PIPE_MTE2,109644,109828,184,502466
case_084,pre,3,11770,REDUCE,PIPE_V,109732,109816,84,502466
case_084,pre,3,11771,DIV,PIPE_V,109816,110116,300,502466
case_084,pre,3,1000028195,COPY_IN,PIPE_MTE2,109828,109880,52,502466
case_084,pre,3,11772,MATMUL,PIPE_M,110116,110704,588,502466
case_084,pre,3,11776,MATMUL,PIPE_M,110704,111292,588,502466
case_084,pre,3,1000028121,COPY_OUT,PIPE_MTE3,110704,110756,52,502466
case_084,pre,3,11778,DIV,PIPE_V,111292,111592,300,502466
case_084,pre,3,11779,REDUCE,PIPE_V,111592,111676,84,502466
case_084,pre,3,11780,SUB,PIPE_V,111676,111760,84,502466
case_084,pre,3,11781,EXP,PIPE_V,111760,112060,300,502466
case_084,pre,3,1000028199,COPY_IN,PIPE_MTE2,111760,111764,4,502466
case_084,pre,3,1000028197,COPY_IN,PIPE_MTE2,111764,111972,208,502466
case_084,pre,3,1000028203,COPY_IN,PIPE_MTE2,111972,112156,184,502466
case_084,pre,3,11782,REDUCE,PIPE_V,112060,112144,84,502466
case_084,pre,3,11783,DIV,PIPE_V,112144,112444,300,502466
case_084,pre,3,1000028205,COPY_IN,PIPE_MTE2,112156,112208,52,502466
case_084,pre,3,11784,MATMUL,PIPE_M,112444,113032,588,502466
case_084,pre,3,11788,MATMUL,PIPE_M,113032,113620,588,502466
case_084,pre,3,1000028131,COPY_OUT,PIPE_MTE3,113032,113084,52,502466
case_084,pre,3,11790,DIV,PIPE_V,113620,113920,300,502466
case_084,pre,3,11791,REDUCE,PIPE_V,113920,114004,84,502466
case_084,pre,3,11792,SUB,PIPE_V,114004,114088,84,502466
case_084,pre,3,11793,EXP,PIPE_V,114088,114388,300,502466
case_084,pre,3,1000028209,COPY_IN,PIPE_MTE2,114088,114092,4,502466
case_084,pre,3,1000028207,COPY_IN,PIPE_MTE2,114092,114300,208,502466
case_084,pre,3,1000028213,COPY_IN,PIPE_MTE2,114300,114484,184,502466
case_084,pre,3,11794,REDUCE,PIPE_V,114388,114472,84,502466
case_084,pre,3,11795,DIV,PIPE_V,114472,114772,300,502466
case_084,pre,3,1000028215,COPY_IN,PIPE_MTE2,114484,114536,52,502466
case_084,pre,3,11796,MATMUL,PIPE_M,114772,115360,588,502466
case_084,pre,3,11800,MATMUL,PIPE_M,115360,115948,588,502466
case_084,pre,3,1000028141,COPY_OUT,PIPE_MTE3,115360,115412,52,502466
case_084,pre,3,11802,DIV,PIPE_V,115948,116248,300,502466
case_084,pre,3,11803,REDUCE,PIPE_V,116248,116332,84,502466
case_084,pre,3,11804,SUB,PIPE_V,116332,116416,84,502466
case_084,pre,3,11805,EXP,PIPE_V,116416,116716,300,502466
case_084,pre,3,1000028219,COPY_IN,PIPE_MTE2,116416,116420,4,502466
case_084,pre,3,1000028217,COPY_IN,PIPE_MTE2,116420,116628,208,502466
case_084,pre,3,1000028223,COPY_IN,PIPE_MTE2,116628,116812,184,502466
case_084,pre,3,11806,REDUCE,PIPE_V,116716,116800,84,502466
case_084,pre,3,11807,DIV,PIPE_V,116800,117100,300,502466
case_084,pre,3,1000028225,COPY_IN,PIPE_MTE2,116812,116864,52,502466
case_084,pre,3,11808,MATMUL,PIPE_M,117100,117688,588,502466
case_084,pre,3,11812,MATMUL,PIPE_M,117688,118276,588,502466
case_084,pre,3,1000028151,COPY_OUT,PIPE_MTE3,117688,117740,52,502466
case_084,pre,3,11814,DIV,PIPE_V,118276,118576,300,502466
case_084,pre,3,11815,REDUCE,PIPE_V,118576,118660,84,502466
case_084,pre,3,11816,SUB,PIPE_V,118660,118744,84,502466
case_084,pre,3,11817,EXP,PIPE_V,118744,119044,300,502466
case_084,pre,3,1000028229,COPY_IN,PIPE_MTE2,118744,118748,4,502466
case_084,pre,3,1000028227,COPY_IN,PIPE_MTE2,118748,118956,208,502466
case_084,pre,3,1000028233,COPY_IN,PIPE_MTE2,118956,119140,184,502466
case_084,pre,3,11818,REDUCE,PIPE_V,119044,119128,84,502466
case_084,pre,3,11819,DIV,PIPE_V,119128,119428,300,502466
case_084,pre,3,1000028235,COPY_IN,PIPE_MTE2,119140,119192,52,502466
case_084,pre,3,11820,MATMUL,PIPE_M,119428,120016,588,502466
case_084,pre,3,11824,MATMUL,PIPE_M,120016,120604,588,502466
case_084,pre,3,1000028161,COPY_OUT,PIPE_MTE3,120016,120068,52,502466
case_084,pre,3,11826,DIV,PIPE_V,120604,120904,300,502466
case_084,pre,3,11827,REDUCE,PIPE_V,120904,120988,84,502466
case_084,pre,3,11828,SUB,PIPE_V,120988,121072,84,502466
case_084,pre,3,11829,EXP,PIPE_V,121072,121372,300,502466
case_084,pre,3,1000028239,COPY_IN,PIPE_MTE2,121072,121076,4,502466
case_084,pre,3,1000028237,COPY_IN,PIPE_MTE2,121076,121284,208,502466
case_084,pre,3,1000028243,COPY_IN,PIPE_MTE2,121284,121468,184,502466
case_084,pre,3,11830,REDUCE,PIPE_V,121372,121456,84,502466
case_084,pre,3,11831,DIV,PIPE_V,121456,121756,300,502466
case_084,pre,3,1000028245,COPY_IN,PIPE_MTE2,121468,121520,52,502466
case_084,pre,3,11832,MATMUL,PIPE_M,121756,122344,588,502466
case_084,pre,3,11836,MATMUL,PIPE_M,122344,122932,588,502466
case_084,pre,3,1000028171,COPY_OUT,PIPE_MTE3,122344,122396,52,502466
case_084,pre,3,11838,DIV,PIPE_V,122932,123232,300,502466
case_084,pre,3,11839,REDUCE,PIPE_V,123232,123316,84,502466
case_084,pre,3,11840,SUB,PIPE_V,123316,123400,84,502466
case_084,pre,3,11841,EXP,PIPE_V,123400,123700,300,502466
case_084,pre,3,1000028249,COPY_IN,PIPE_MTE2,123400,123404,4,502466
case_084,pre,3,1000028247,COPY_IN,PIPE_MTE2,123404,123612,208,502466
case_084,pre,3,1000028253,COPY_IN,PIPE_MTE2,123612,123796,184,502466
case_084,pre,3,11842,REDUCE,PIPE_V,123700,123784,84,502466
case_084,pre,3,11843,DIV,PIPE_V,123784,124084,300,502466
case_084,pre,3,1000028255,COPY_IN,PIPE_MTE2,123796,123848,52,502466
case_084,pre,3,11844,MATMUL,PIPE_M,124084,124672,588,502466
case_084,pre,3,11848,MATMUL,PIPE_M,124672,125260,588,502466
case_084,pre,3,1000028181,COPY_OUT,PIPE_MTE3,124672,124724,52,502466
case_084,pre,3,11850,DIV,PIPE_V,125260,125560,300,502466
case_084,pre,3,11851,REDUCE,PIPE_V,125560,125644,84,502466
case_084,pre,3,11852,SUB,PIPE_V,125644,125728,84,502466
case_084,pre,3,11853,EXP,PIPE_V,125728,126028,300,502466
case_084,pre,3,1000028259,COPY_IN,PIPE_MTE2,125728,125732,4,502466
case_084,pre,3,1000028257,COPY_IN,PIPE_MTE2,125732,125940,208,502466
case_084,pre,3,1000028263,COPY_IN,PIPE_MTE2,125940,126124,184,502466
case_084,pre,3,11854,REDUCE,PIPE_V,126028,126112,84,502466
case_084,pre,3,11855,DIV,PIPE_V,126112,126412,300,502466
case_084,pre,3,1000028265,COPY_IN,PIPE_MTE2,126124,126176,52,502466
case_084,pre,3,11856,MATMUL,PIPE_M,126412,127000,588,502466
case_084,pre,3,11860,MATMUL,PIPE_M,127000,127588,588,502466
case_084,pre,3,1000028191,COPY_OUT,PIPE_MTE3,127000,127052,52,502466
case_084,pre,3,11862,DIV,PIPE_V,127588,127888,300,502466
case_084,pre,3,11863,REDUCE,PIPE_V,127888,127972,84,502466
case_084,pre,3,11864,SUB,PIPE_V,127972,128056,84,502466
case_084,pre,3,11865,EXP,PIPE_V,128056,128356,300,502466
case_084,pre,3,1000028269,COPY_IN,PIPE_MTE2,128056,128060,4,502466
case_084,pre,3,1000028267,COPY_IN,PIPE_MTE2,128060,128268,208,502466
case_084,pre,3,1000028273,COPY_IN,PIPE_MTE2,128268,128452,184,502466
case_084,pre,3,11866,REDUCE,PIPE_V,128356,128440,84,502466
case_084,pre,3,11867,DIV,PIPE_V,128440,128740,300,502466
case_084,pre,3,1000028275,COPY_IN,PIPE_MTE2,128452,128504,52,502466
case_084,pre,3,11868,MATMUL,PIPE_M,128740,129328,588,502466
case_084,pre,3,11872,MATMUL,PIPE_M,129328,129916,588,502466
case_084,pre,3,1000028201,COPY_OUT,PIPE_MTE3,129328,129380,52,502466
case_084,pre,3,11874,DIV,PIPE_V,129916,130216,300,502466
case_084,pre,3,11875,REDUCE,PIPE_V,130216,130300,84,502466
case_084,pre,3,11876,SUB,PIPE_V,130300,130384,84,502466
case_084,pre,3,11877,EXP,PIPE_V,130384,130684,300,502466
case_084,pre,3,1000028279,COPY_IN,PIPE_MTE2,130384,130388,4,502466
case_084,pre,3,1000028277,COPY_IN,PIPE_MTE2,130388,130596,208,502466
case_084,pre,3,1000028283,COPY_IN,PIPE_MTE2,130596,130780,184,502466
case_084,pre,3,11878,REDUCE,PIPE_V,130684,130768,84,502466
case_084,pre,3,11879,DIV,PIPE_V,130768,131068,300,502466
case_084,pre,3,1000028285,COPY_IN,PIPE_MTE2,130780,130832,52,502466
case_084,pre,3,11880,MATMUL,PIPE_M,131068,131656,588,502466
case_084,pre,3,11884,MATMUL,PIPE_M,131656,132244,588,502466
case_084,pre,3,1000028211,COPY_OUT,PIPE_MTE3,131656,131708,52,502466
case_084,pre,3,11886,DIV,PIPE_V,132244,132544,300,502466
case_084,pre,3,11887,REDUCE,PIPE_V,132544,132628,84,502466
case_084,pre,3,11888,SUB,PIPE_V,132628,132712,84,502466
case_084,pre,3,11889,EXP,PIPE_V,132712,133012,300,502466
case_084,pre,3,1000028289,COPY_IN,PIPE_MTE2,132712,132716,4,502466
case_084,pre,3,1000028287,COPY_IN,PIPE_MTE2,132716,132924,208,502466
case_084,pre,3,1000028293,COPY_IN,PIPE_MTE2,132924,133108,184,502466
case_084,pre,3,11890,REDUCE,PIPE_V,133012,133096,84,502466
case_084,pre,3,11891,DIV,PIPE_V,133096,133396,300,502466
case_084,pre,3,1000028295,COPY_IN,PIPE_MTE2,133108,133160,52,502466
case_084,pre,3,11892,MATMUL,PIPE_M,133396,133984,588,502466
case_084,pre,3,11896,MATMUL,PIPE_M,133984,134572,588,502466
case_084,pre,3,1000028221,COPY_OUT,PIPE_MTE3,133984,134036,52,502466
case_084,pre,3,11898,DIV,PIPE_V,134572,134872,300,502466
case_084,pre,3,11899,REDUCE,PIPE_V,134872,134956,84,502466
case_084,pre,3,11900,SUB,PIPE_V,134956,135040,84,502466
case_084,pre,3,11901,EXP,PIPE_V,135040,135340,300,502466
case_084,pre,3,1000028299,COPY_IN,PIPE_MTE2,135040,135044,4,502466
case_084,pre,3,1000028297,COPY_IN,PIPE_MTE2,135044,135252,208,502466
case_084,pre,3,1000028303,COPY_IN,PIPE_MTE2,135252,135436,184,502466
case_084,pre,3,11902,REDUCE,PIPE_V,135340,135424,84,502466
case_084,pre,3,11903,DIV,PIPE_V,135424,135724,300,502466
case_084,pre,3,1000028305,COPY_IN,PIPE_MTE2,135436,135488,52,502466
case_084,pre,3,11904,MATMUL,PIPE_M,135724,136312,588,502466
case_084,pre,3,11908,MATMUL,PIPE_M,136312,136900,588,502466
case_084,pre,3,1000028231,COPY_OUT,PIPE_MTE3,136312,136364,52,502466
case_084,pre,3,11910,DIV,PIPE_V,136900,137200,300,502466
case_084,pre,3,11911,REDUCE,PIPE_V,137200,137284,84,502466
case_084,pre,3,11912,SUB,PIPE_V,137284,137368,84,502466
case_084,pre,3,11913,EXP,PIPE_V,137368,137668,300,502466
case_084,pre,3,1000028309,COPY_IN,PIPE_MTE2,137368,137372,4,502466
case_084,pre,3,1000028307,COPY_IN,PIPE_MTE2,137372,137580,208,502466
case_084,pre,3,1000028313,COPY_IN,PIPE_MTE2,137580,137764,184,502466
case_084,pre,3,11914,REDUCE,PIPE_V,137668,137752,84,502466
case_084,pre,3,11915,DIV,PIPE_V,137752,138052,300,502466
case_084,pre,3,1000028315,COPY_IN,PIPE_MTE2,137764,137816,52,502466
case_084,pre,3,11916,MATMUL,PIPE_M,138052,138640,588,502466
case_084,pre,3,11920,MATMUL,PIPE_M,138640,139228,588,502466
case_084,pre,3,1000028241,COPY_OUT,PIPE_MTE3,138640,138692,52,502466
case_084,pre,3,11922,DIV,PIPE_V,139228,139528,300,502466
case_084,pre,3,11923,REDUCE,PIPE_V,139528,139612,84,502466
case_084,pre,3,11924,SUB,PIPE_V,139612,139696,84,502466
case_084,pre,3,11925,EXP,PIPE_V,139696,139996,300,502466
case_084,pre,3,1000028319,COPY_IN,PIPE_MTE2,139696,139700,4,502466
case_084,pre,3,1000028317,COPY_IN,PIPE_MTE2,139700,139908,208,502466
case_084,pre,3,1000028323,COPY_IN,PIPE_MTE2,139908,140092,184,502466
case_084,pre,3,11926,REDUCE,PIPE_V,139996,140080,84,502466
case_084,pre,3,11927,DIV,PIPE_V,140080,140380,300,502466
case_084,pre,3,1000028325,COPY_IN,PIPE_MTE2,140092,140144,52,502466
case_084,pre,3,11928,MATMUL,PIPE_M,140380,140968,588,502466
case_084,pre,3,11932,MATMUL,PIPE_M,140968,141556,588,502466
case_084,pre,3,1000028251,COPY_OUT,PIPE_MTE3,140968,141020,52,502466
case_084,pre,3,11934,DIV,PIPE_V,141556,141856,300,502466
case_084,pre,3,11935,REDUCE,PIPE_V,141856,141940,84,502466
case_084,pre,3,11936,SUB,PIPE_V,141940,142024,84,502466
case_084,pre,3,11937,EXP,PIPE_V,142024,142324,300,502466
case_084,pre,3,1000028329,COPY_IN,PIPE_MTE2,142024,142028,4,502466
case_084,pre,3,1000028327,COPY_IN,PIPE_MTE2,142028,142236,208,502466
case_084,pre,3,1000028333,COPY_IN,PIPE_MTE2,142236,142420,184,502466
case_084,pre,3,11938,REDUCE,PIPE_V,142324,142408,84,502466
case_084,pre,3,11939,DIV,PIPE_V,142408,142708,300,502466
case_084,pre,3,1000028335,COPY_IN,PIPE_MTE2,142420,142472,52,502466
case_084,pre,3,11940,MATMUL,PIPE_M,142708,143296,588,502466
case_084,pre,3,11944,MATMUL,PIPE_M,143296,143884,588,502466
case_084,pre,3,1000028261,COPY_OUT,PIPE_MTE3,143296,143348,52,502466
case_084,pre,3,11946,DIV,PIPE_V,143884,144184,300,502466
case_084,pre,3,11947,REDUCE,PIPE_V,144184,144268,84,502466
case_084,pre,3,11948,SUB,PIPE_V,144268,144352,84,502466
case_084,pre,3,11949,EXP,PIPE_V,144352,144652,300,502466
case_084,pre,3,1000028339,COPY_IN,PIPE_MTE2,144352,144356,4,502466
case_084,pre,3,1000028337,COPY_IN,PIPE_MTE2,144356,144564,208,502466
case_084,pre,3,1000028343,COPY_IN,PIPE_MTE2,144564,144748,184,502466
case_084,pre,3,11950,REDUCE,PIPE_V,144652,144736,84,502466
case_084,pre,3,11951,DIV,PIPE_V,144736,145036,300,502466
case_084,pre,3,1000028345,COPY_IN,PIPE_MTE2,144748,144800,52,502466
case_084,pre,3,11952,MATMUL,PIPE_M,145036,145624,588,502466
case_084,pre,3,11956,MATMUL,PIPE_M,145624,146212,588,502466
case_084,pre,3,1000028271,COPY_OUT,PIPE_MTE3,145624,145676,52,502466
case_084,pre,3,11958,DIV,PIPE_V,146212,146512,300,502466
case_084,pre,3,11959,REDUCE,PIPE_V,146512,146596,84,502466
case_084,pre,3,11960,SUB,PIPE_V,146596,146680,84,502466
case_084,pre,3,11961,EXP,PIPE_V,146680,146980,300,502466
case_084,pre,3,1000028349,COPY_IN,PIPE_MTE2,146680,146684,4,502466
case_084,pre,3,1000028347,COPY_IN,PIPE_MTE2,146684,146892,208,502466
case_084,pre,3,1000028353,COPY_IN,PIPE_MTE2,146892,147076,184,502466
case_084,pre,3,11962,REDUCE,PIPE_V,146980,147064,84,502466
case_084,pre,3,11963,DIV,PIPE_V,147064,147364,300,502466
case_084,pre,3,1000028355,COPY_IN,PIPE_MTE2,147076,147128,52,502466
case_084,pre,3,11964,MATMUL,PIPE_M,147364,147952,588,502466
case_084,pre,3,11968,MATMUL,PIPE_M,147952,148540,588,502466
case_084,pre,3,1000028281,COPY_OUT,PIPE_MTE3,147952,148004,52,502466
case_084,pre,3,11970,DIV,PIPE_V,148540,148840,300,502466
case_084,pre,3,11971,REDUCE,PIPE_V,148840,148924,84,502466
case_084,pre,3,11972,SUB,PIPE_V,148924,149008,84,502466
case_084,pre,3,11973,EXP,PIPE_V,149008,149308,300,502466
case_084,pre,3,1000028359,COPY_IN,PIPE_MTE2,149008,149012,4,502466
case_084,pre,3,1000028357,COPY_IN,PIPE_MTE2,149012,149220,208,502466
case_084,pre,3,11974,REDUCE,PIPE_V,149308,149392,84,502466
case_084,pre,3,11975,DIV,PIPE_V,149392,149692,300,502466
case_084,pre,3,11976,MATMUL,PIPE_M,149692,150280,588,502466
case_084,pre,3,11980,MATMUL,PIPE_M,150280,150868,588,502466
case_084,pre,3,1000028291,COPY_OUT,PIPE_MTE3,150280,150332,52,502466
case_084,pre,3,11982,DIV,PIPE_V,150868,151168,300,502466
case_084,pre,3,11983,REDUCE,PIPE_V,151168,151252,84,502466
case_084,pre,3,11984,SUB,PIPE_V,151252,151336,84,502466
case_084,pre,3,11985,EXP,PIPE_V,151336,151636,300,502466
case_084,pre,3,11986,REDUCE,PIPE_V,151636,151720,84,502466
case_084,pre,3,11987,DIV,PIPE_V,151720,152020,300,502466
case_084,pre,3,11988,MATMUL,PIPE_M,152020,152608,588,502466
case_084,pre,3,11992,MATMUL,PIPE_M,152608,153196,588,502466
case_084,pre,3,1000028301,COPY_OUT,PIPE_MTE3,152608,152660,52,502466
case_084,pre,3,11994,DIV,PIPE_V,153196,153496,300,502466
case_084,pre,3,11995,REDUCE,PIPE_V,153496,153580,84,502466
case_084,pre,3,11996,SUB,PIPE_V,153580,153664,84,502466
case_084,pre,3,11997,EXP,PIPE_V,153664,153964,300,502466
case_084,pre,3,11998,REDUCE,PIPE_V,153964,154048,84,502466
case_084,pre,3,11999,DIV,PIPE_V,154048,154348,300,502466
case_084,pre,3,12000,MATMUL,PIPE_M,154348,154936,588,502466
case_084,pre,3,12004,MATMUL,PIPE_M,154936,155524,588,502466
case_084,pre,3,1000028311,COPY_OUT,PIPE_MTE3,154936,154988,52,502466
case_084,pre,3,12006,DIV,PIPE_V,155524,155824,300,502466
case_084,pre,3,12007,REDUCE,PIPE_V,155824,155908,84,502466
case_084,pre,3,12008,SUB,PIPE_V,155908,155992,84,502466
case_084,pre,3,12009,EXP,PIPE_V,155992,156292,300,502466
case_084,pre,3,12010,REDUCE,PIPE_V,156292,156376,84,502466
case_084,pre,3,12011,DIV,PIPE_V,156376,156676,300,502466
case_084,pre,3,12012,MATMUL,PIPE_M,156676,157264,588,502466
case_084,pre,3,12016,MATMUL,PIPE_M,157264,157852,588,502466
case_084,pre,3,1000028321,COPY_OUT,PIPE_MTE3,157264,157316,52,502466
case_084,pre,3,12018,DIV,PIPE_V,157852,158152,300,502466
case_084,pre,3,12019,REDUCE,PIPE_V,158152,158236,84,502466
case_084,pre,3,12020,SUB,PIPE_V,158236,158320,84,502466
case_084,pre,3,12021,EXP,PIPE_V,158320,158620,300,502466
case_084,pre,3,12022,REDUCE,PIPE_V,158620,158704,84,502466
case_084,pre,3,12023,DIV,PIPE_V,158704,159004,300,502466
case_084,pre,3,12024,MATMUL,PIPE_M,159004,159592,588,502466
case_084,pre,3,12028,MATMUL,PIPE_M,159592,160180,588,502466
case_084,pre,3,1000028331,COPY_OUT,PIPE_MTE3,159592,159644,52,502466
case_084,pre,3,12030,DIV,PIPE_V,160180,160480,300,502466
case_084,pre,3,12031,REDUCE,PIPE_V,160480,160564,84,502466
case_084,pre,3,12032,SUB,PIPE_V,160564,160648,84,502466
case_084,pre,3,12033,EXP,PIPE_V,160648,160948,300,502466
case_084,pre,3,12034,REDUCE,PIPE_V,160948,161032,84,502466
case_084,pre,3,12035,DIV,PIPE_V,161032,161332,300,502466
case_084,pre,3,12036,MATMUL,PIPE_M,161332,161920,588,502466
case_084,pre,3,12040,MATMUL,PIPE_M,161920,162508,588,502466
case_084,pre,3,1000028341,COPY_OUT,PIPE_MTE3,161920,161972,52,502466
case_084,pre,3,12042,DIV,PIPE_V,162508,162808,300,502466
case_084,pre,3,12043,REDUCE,PIPE_V,162808,162892,84,502466
case_084,pre,3,12044,SUB,PIPE_V,162892,162976,84,502466
case_084,pre,3,12045,EXP,PIPE_V,162976,163276,300,502466
case_084,pre,3,12046,REDUCE,PIPE_V,163276,163360,84,502466
case_084,pre,3,12047,DIV,PIPE_V,163360,163660,300,502466
case_084,pre,3,12048,MATMUL,PIPE_M,163660,164248,588,502466
case_084,pre,3,12052,MATMUL,PIPE_M,164248,164836,588,502466
case_084,pre,3,1000028351,COPY_OUT,PIPE_MTE3,164248,164300,52,502466
case_084,pre,3,12054,DIV,PIPE_V,164836,165136,300,502466
case_084,pre,3,12055,REDUCE,PIPE_V,165136,165220,84,502466
case_084,pre,3,12056,SUB,PIPE_V,165220,165304,84,502466
case_084,pre,3,12057,EXP,PIPE_V,165304,165604,300,502466
case_084,pre,3,12058,REDUCE,PIPE_V,165604,165688,84,502466
case_084,pre,3,12059,DIV,PIPE_V,165688,165988,300,502466
case_084,pre,3,12060,MATMUL,PIPE_M,165988,166576,588,502466
case_084,pre,3,1000028361,COPY_OUT,PIPE_MTE3,166576,166628,52,502466
case_084,pre,3,1000028372,COPY_IN,PIPE_MTE2,167441,167650,209,502466
case_084,pre,3,12069,EXP,PIPE_V,167650,167950,300,502466
case_084,pre,3,1000028367,COPY_IN,PIPE_MTE2,167650,167806,156,502466
case_084,pre,3,1000026933,COPY_IN,PIPE_MTE2,167806,167936,130,502466
case_084,pre,3,1000026935,COPY_IN,PIPE_MTE2,167936,167988,52,502466
case_084,pre,3,12070,REDUCE,PIPE_V,167950,168034,84,502466
case_084,pre,3,1000026939,COPY_IN,PIPE_MTE2,167988,167989,1,502466
case_084,pre,3,1000026937,COPY_IN,PIPE_MTE2,167989,168041,52,502466
case_084,pre,3,12071,DIV,PIPE_V,168034,168334,300,502466
case_084,pre,3,1000026943,COPY_IN,PIPE_MTE2,168041,168093,52,502466
case_084,pre,3,1000026945,COPY_IN,PIPE_MTE2,168093,168154,61,502466
case_084,pre,3,1000026949,COPY_IN,PIPE_MTE2,168154,168156,2,502466
case_084,pre,3,1000026947,COPY_IN,PIPE_MTE2,168156,168260,104,502466
case_084,pre,3,1000026953,COPY_IN,PIPE_MTE2,168260,168364,104,502466
case_084,pre,3,12072,MATMUL,PIPE_M,168334,168922,588,502466
case_084,pre,3,1000026955,COPY_IN,PIPE_MTE2,168364,168459,95,502466
case_084,pre,3,1000026959,COPY_IN,PIPE_MTE2,168459,168460,1,502466
case_084,pre,3,1000026957,COPY_IN,PIPE_MTE2,168460,168512,52,502466
case_084,pre,3,1000026963,COPY_IN,PIPE_MTE2,168512,168564,52,502466
case_084,pre,3,1000026965,COPY_IN,PIPE_MTE2,168564,168628,64,502466
case_084,pre,3,1000026969,COPY_IN,PIPE_MTE2,168628,168630,2,502466
case_084,pre,3,1000026967,COPY_IN,PIPE_MTE2,168630,168749,119,502466
case_084,pre,3,1000026973,COPY_IN,PIPE_MTE2,168749,169012,263,502466
case_084,pre,3,10348,MATMUL,PIPE_M,168922,169510,588,502466
case_084,pre,3,1000028374,COPY_OUT,PIPE_MTE3,168922,169115,193,502466
case_084,pre,3,1000026975,COPY_IN,PIPE_MTE2,169012,169138,126,502466
case_084,pre,3,1000026979,COPY_IN,PIPE_MTE2,169138,169139,1,502466
case_084,pre,3,1000026977,COPY_IN,PIPE_MTE2,169139,169191,52,502466
case_084,pre,3,1000026983,COPY_IN,PIPE_MTE2,169191,169243,52,502466
case_084,pre,3,1000026985,COPY_IN,PIPE_MTE2,169243,169295,52,502466
case_084,pre,3,1000026989,COPY_IN,PIPE_MTE2,169295,169296,1,502466
case_084,pre,3,1000026987,COPY_IN,PIPE_MTE2,169296,169348,52,502466
case_084,pre,3,1000026993,COPY_IN,PIPE_MTE2,169348,169400,52,502466
case_084,pre,3,1000026995,COPY_IN,PIPE_MTE2,169400,169540,140,502466
case_084,pre,3,10350,DIV,PIPE_V,169510,169810,300,502466
case_084,pre,3,1000026999,COPY_IN,PIPE_MTE2,169540,169543,3,502466
case_084,pre,3,1000026997,COPY_IN,PIPE_MTE2,169543,169654,111,502466
case_084,pre,3,1000027003,COPY_IN,PIPE_MTE2,169654,169758,104,502466
case_084,pre,3,1000027005,COPY_IN,PIPE_MTE2,169758,169900,142,502466
case_084,pre,3,10351,REDUCE,PIPE_V,169810,169894,84,502466
case_084,pre,3,10352,SUB,PIPE_V,169894,169978,84,502466
case_084,pre,3,10353,EXP,PIPE_V,169978,170278,300,502466
case_084,pre,3,1000027009,COPY_IN,PIPE_MTE2,169978,169982,4,502466
case_084,pre,3,1000027007,COPY_IN,PIPE_MTE2,169982,170157,175,502466
case_084,pre,3,1000027013,COPY_IN,PIPE_MTE2,170157,170289,132,502466
case_084,pre,3,10354,REDUCE,PIPE_V,170278,170362,84,502466
case_084,pre,3,1000027015,COPY_IN,PIPE_MTE2,170289,170341,52,502466
case_084,pre,3,10355,DIV,PIPE_V,170362,170662,300,502466
case_084,pre,3,10356,MATMUL,PIPE_M,170662,171250,588,502466
case_084,pre,3,10360,MATMUL,PIPE_M,171250,171838,588,502466
case_084,pre,3,1000026941,COPY_OUT,PIPE_MTE3,171250,171302,52,502466
case_084,pre,3,10362,DIV,PIPE_V,171838,172138,300,502466
case_084,pre,3,10363,REDUCE,PIPE_V,172138,172222,84,502466
case_084,pre,3,10364,SUB,PIPE_V,172222,172306,84,502466
case_084,pre,3,10365,EXP,PIPE_V,172306,172606,300,502466
case_084,pre,3,1000027019,COPY_IN,PIPE_MTE2,172306,172310,4,502466
case_084,pre,3,1000027017,COPY_IN,PIPE_MTE2,172310,172580,270,502466
case_084,pre,3,1000027023,COPY_IN,PIPE_MTE2,172580,172732,152,502466
case_084,pre,3,10366,REDUCE,PIPE_V,172606,172690,84,502466
case_084,pre,3,10367,DIV,PIPE_V,172690,172990,300,502466
case_084,pre,3,1000027025,COPY_IN,PIPE_MTE2,172732,172836,104,502466
case_084,pre,3,10368,MATMUL,PIPE_M,172990,173578,588,502466
case_084,pre,3,10372,MATMUL,PIPE_M,173578,174166,588,502466
case_084,pre,3,1000026951,COPY_OUT,PIPE_MTE3,173578,173630,52,502466
case_084,pre,3,10374,DIV,PIPE_V,174166,174466,300,502466
case_084,pre,3,10375,REDUCE,PIPE_V,174466,174550,84,502466
case_084,pre,3,10376,SUB,PIPE_V,174550,174634,84,502466
case_084,pre,3,10377,EXP,PIPE_V,174634,174934,300,502466
case_084,pre,3,1000027029,COPY_IN,PIPE_MTE2,174634,174638,4,502466
case_084,pre,3,1000027027,COPY_IN,PIPE_MTE2,174638,174908,270,502466
case_084,pre,3,1000027033,COPY_IN,PIPE_MTE2,174908,175060,152,502466
case_084,pre,3,10378,REDUCE,PIPE_V,174934,175018,84,502466
case_084,pre,3,10379,DIV,PIPE_V,175018,175318,300,502466
case_084,pre,3,1000027035,COPY_IN,PIPE_MTE2,175060,175164,104,502466
case_084,pre,3,10380,MATMUL,PIPE_M,175318,175906,588,502466
case_084,pre,3,10384,MATMUL,PIPE_M,175906,176494,588,502466
case_084,pre,3,1000026961,COPY_OUT,PIPE_MTE3,175906,175958,52,502466
case_084,pre,3,10386,DIV,PIPE_V,176494,176794,300,502466
case_084,pre,3,10387,REDUCE,PIPE_V,176794,176878,84,502466
case_084,pre,3,10388,SUB,PIPE_V,176878,176962,84,502466
case_084,pre,3,10389,EXP,PIPE_V,176962,177262,300,502466
case_084,pre,3,1000027039,COPY_IN,PIPE_MTE2,176962,176966,4,502466
case_084,pre,3,1000027037,COPY_IN,PIPE_MTE2,176966,177236,270,502466
case_084,pre,3,1000027043,COPY_IN,PIPE_MTE2,177236,177388,152,502466
case_084,pre,3,10390,REDUCE,PIPE_V,177262,177346,84,502466
case_084,pre,3,10391,DIV,PIPE_V,177346,177646,300,502466
case_084,pre,3,1000027045,COPY_IN,PIPE_MTE2,177388,177492,104,502466
case_084,pre,3,10392,MATMUL,PIPE_M,177646,178234,588,502466
case_084,pre,3,10396,MATMUL,PIPE_M,178234,178822,588,502466
case_084,pre,3,1000026971,COPY_OUT,PIPE_MTE3,178234,178286,52,502466
case_084,pre,3,10398,DIV,PIPE_V,178822,179122,300,502466
case_084,pre,3,10399,REDUCE,PIPE_V,179122,179206,84,502466
case_084,pre,3,10400,SUB,PIPE_V,179206,179290,84,502466
case_084,pre,3,10401,EXP,PIPE_V,179290,179590,300,502466
case_084,pre,3,1000027049,COPY_IN,PIPE_MTE2,179290,179294,4,502466
case_084,pre,3,1000027047,COPY_IN,PIPE_MTE2,179294,179564,270,502466
case_084,pre,3,1000027053,COPY_IN,PIPE_MTE2,179564,179716,152,502466
case_084,pre,3,10402,REDUCE,PIPE_V,179590,179674,84,502466
case_084,pre,3,10403,DIV,PIPE_V,179674,179974,300,502466
case_084,pre,3,1000027055,COPY_IN,PIPE_MTE2,179716,179820,104,502466
case_084,pre,3,10404,MATMUL,PIPE_M,179974,180562,588,502466
case_084,pre,3,10408,MATMUL,PIPE_M,180562,181150,588,502466
case_084,pre,3,1000026981,COPY_OUT,PIPE_MTE3,180562,180614,52,502466
case_084,pre,3,10410,DIV,PIPE_V,181150,181450,300,502466
case_084,pre,3,10411,REDUCE,PIPE_V,181450,181534,84,502466
case_084,pre,3,10412,SUB,PIPE_V,181534,181618,84,502466
case_084,pre,3,10413,EXP,PIPE_V,181618,181918,300,502466
case_084,pre,3,1000027059,COPY_IN,PIPE_MTE2,181618,181622,4,502466
case_084,pre,3,1000027057,COPY_IN,PIPE_MTE2,181622,181892,270,502466
case_084,pre,3,1000027063,COPY_IN,PIPE_MTE2,181892,182044,152,502466
case_084,pre,3,10414,REDUCE,PIPE_V,181918,182002,84,502466
case_084,pre,3,10415,DIV,PIPE_V,182002,182302,300,502466
case_084,pre,3,1000027065,COPY_IN,PIPE_MTE2,182044,182148,104,502466
case_084,pre,3,10416,MATMUL,PIPE_M,182302,182890,588,502466
case_084,pre,3,10420,MATMUL,PIPE_M,182890,183478,588,502466
case_084,pre,3,1000026991,COPY_OUT,PIPE_MTE3,182890,182942,52,502466
case_084,pre,3,10422,DIV,PIPE_V,183478,183778,300,502466
case_084,pre,3,10423,REDUCE,PIPE_V,183778,183862,84,502466
case_084,pre,3,10424,SUB,PIPE_V,183862,183946,84,502466
case_084,pre,3,10425,EXP,PIPE_V,183946,184246,300,502466
case_084,pre,3,1000027069,COPY_IN,PIPE_MTE2,183946,183950,4,502466
case_084,pre,3,1000027067,COPY_IN,PIPE_MTE2,183950,184220,270,502466
case_084,pre,3,1000027073,COPY_IN,PIPE_MTE2,184220,184372,152,502466
case_084,pre,3,10426,REDUCE,PIPE_V,184246,184330,84,502466
case_084,pre,3,10427,DIV,PIPE_V,184330,184630,300,502466
case_084,pre,3,1000027075,COPY_IN,PIPE_MTE2,184372,184476,104,502466
case_084,pre,3,10428,MATMUL,PIPE_M,184630,185218,588,502466
case_084,pre,3,10432,MATMUL,PIPE_M,185218,185806,588,502466
case_084,pre,3,1000027001,COPY_OUT,PIPE_MTE3,185218,185270,52,502466
case_084,pre,3,10434,DIV,PIPE_V,185806,186106,300,502466
case_084,pre,3,10435,REDUCE,PIPE_V,186106,186190,84,502466
case_084,pre,3,10436,SUB,PIPE_V,186190,186274,84,502466
case_084,pre,3,10437,EXP,PIPE_V,186274,186574,300,502466
case_084,pre,3,1000027079,COPY_IN,PIPE_MTE2,186274,186278,4,502466
case_084,pre,3,1000027077,COPY_IN,PIPE_MTE2,186278,186548,270,502466
case_084,pre,3,1000027083,COPY_IN,PIPE_MTE2,186548,186700,152,502466
case_084,pre,3,10438,REDUCE,PIPE_V,186574,186658,84,502466
case_084,pre,3,10439,DIV,PIPE_V,186658,186958,300,502466
case_084,pre,3,1000027085,COPY_IN,PIPE_MTE2,186700,186804,104,502466
case_084,pre,3,10440,MATMUL,PIPE_M,186958,187546,588,502466
case_084,pre,3,10444,MATMUL,PIPE_M,187546,188134,588,502466
case_084,pre,3,1000027011,COPY_OUT,PIPE_MTE3,187546,187598,52,502466
case_084,pre,3,10446,DIV,PIPE_V,188134,188434,300,502466
case_084,pre,3,10447,REDUCE,PIPE_V,188434,188518,84,502466
case_084,pre,3,10448,SUB,PIPE_V,188518,188602,84,502466
case_084,pre,3,10449,EXP,PIPE_V,188602,188902,300,502466
case_084,pre,3,1000027089,COPY_IN,PIPE_MTE2,188602,188606,4,502466
case_084,pre,3,1000027087,COPY_IN,PIPE_MTE2,188606,188876,270,502466
case_084,pre,3,1000027093,COPY_IN,PIPE_MTE2,188876,189028,152,502466
case_084,pre,3,10450,REDUCE,PIPE_V,188902,188986,84,502466
case_084,pre,3,10451,DIV,PIPE_V,188986,189286,300,502466
case_084,pre,3,1000027095,COPY_IN,PIPE_MTE2,189028,189132,104,502466
case_084,pre,3,10452,MATMUL,PIPE_M,189286,189874,588,502466
case_084,pre,3,10456,MATMUL,PIPE_M,189874,190462,588,502466
case_084,pre,3,1000027021,COPY_OUT,PIPE_MTE3,189874,189926,52,502466
case_084,pre,3,10458,DIV,PIPE_V,190462,190762,300,502466
case_084,pre,3,10459,REDUCE,PIPE_V,190762,190846,84,502466
case_084,pre,3,10460,SUB,PIPE_V,190846,190930,84,502466
case_084,pre,3,10461,EXP,PIPE_V,190930,191230,300,502466
case_084,pre,3,1000027099,COPY_IN,PIPE_MTE2,190930,190934,4,502466
case_084,pre,3,1000027097,COPY_IN,PIPE_MTE2,190934,191204,270,502466
case_084,pre,3,1000027103,COPY_IN,PIPE_MTE2,191204,191356,152,502466
case_084,pre,3,10462,REDUCE,PIPE_V,191230,191314,84,502466
case_084,pre,3,10463,DIV,PIPE_V,191314,191614,300,502466
case_084,pre,3,1000027105,COPY_IN,PIPE_MTE2,191356,191460,104,502466
case_084,pre,3,10464,MATMUL,PIPE_M,191614,192202,588,502466
case_084,pre,3,10468,MATMUL,PIPE_M,192202,192790,588,502466
case_084,pre,3,1000027031,COPY_OUT,PIPE_MTE3,192202,192254,52,502466
case_084,pre,3,10470,DIV,PIPE_V,192790,193090,300,502466
case_084,pre,3,10471,REDUCE,PIPE_V,193090,193174,84,502466
case_084,pre,3,10472,SUB,PIPE_V,193174,193258,84,502466
case_084,pre,3,10473,EXP,PIPE_V,193258,193558,300,502466
case_084,pre,3,1000027109,COPY_IN,PIPE_MTE2,193258,193262,4,502466
case_084,pre,3,1000027107,COPY_IN,PIPE_MTE2,193262,193532,270,502466
case_084,pre,3,1000027113,COPY_IN,PIPE_MTE2,193532,193684,152,502466
case_084,pre,3,10474,REDUCE,PIPE_V,193558,193642,84,502466
case_084,pre,3,10475,DIV,PIPE_V,193642,193942,300,502466
case_084,pre,3,1000027115,COPY_IN,PIPE_MTE2,193684,193788,104,502466
case_084,pre,3,10476,MATMUL,PIPE_M,193942,194530,588,502466
case_084,pre,3,10480,MATMUL,PIPE_M,194530,195118,588,502466
case_084,pre,3,1000027041,COPY_OUT,PIPE_MTE3,194530,194582,52,502466
case_084,pre,3,10482,DIV,PIPE_V,195118,195418,300,502466
case_084,pre,3,10483,REDUCE,PIPE_V,195418,195502,84,502466
case_084,pre,3,10484,SUB,PIPE_V,195502,195586,84,502466
case_084,pre,3,10485,EXP,PIPE_V,195586,195886,300,502466
case_084,pre,3,1000027119,COPY_IN,PIPE_MTE2,195586,195590,4,502466
case_084,pre,3,1000027117,COPY_IN,PIPE_MTE2,195590,195860,270,502466
case_084,pre,3,1000027123,COPY_IN,PIPE_MTE2,195860,196012,152,502466
case_084,pre,3,10486,REDUCE,PIPE_V,195886,195970,84,502466
case_084,pre,3,10487,DIV,PIPE_V,195970,196270,300,502466
case_084,pre,3,1000027125,COPY_IN,PIPE_MTE2,196012,196116,104,502466
case_084,pre,3,10488,MATMUL,PIPE_M,196270,196858,588,502466
case_084,pre,3,10492,MATMUL,PIPE_M,196858,197446,588,502466
case_084,pre,3,1000027051,COPY_OUT,PIPE_MTE3,196858,196910,52,502466
case_084,pre,3,10494,DIV,PIPE_V,197446,197746,300,502466
case_084,pre,3,10495,REDUCE,PIPE_V,197746,197830,84,502466
case_084,pre,3,10496,SUB,PIPE_V,197830,197914,84,502466
case_084,pre,3,10497,EXP,PIPE_V,197914,198214,300,502466
case_084,pre,3,1000027129,COPY_IN,PIPE_MTE2,197914,197918,4,502466
case_084,pre,3,1000027127,COPY_IN,PIPE_MTE2,197918,198188,270,502466
case_084,pre,3,1000027133,COPY_IN,PIPE_MTE2,198188,198340,152,502466
case_084,pre,3,10498,REDUCE,PIPE_V,198214,198298,84,502466
case_084,pre,3,10499,DIV,PIPE_V,198298,198598,300,502466
case_084,pre,3,1000027135,COPY_IN,PIPE_MTE2,198340,198444,104,502466
case_084,pre,3,10500,MATMUL,PIPE_M,198598,199186,588,502466
case_084,pre,3,10504,MATMUL,PIPE_M,199186,199774,588,502466
case_084,pre,3,1000027061,COPY_OUT,PIPE_MTE3,199186,199238,52,502466
case_084,pre,3,10506,DIV,PIPE_V,199774,200074,300,502466
case_084,pre,3,10507,REDUCE,PIPE_V,200074,200158,84,502466
case_084,pre,3,10508,SUB,PIPE_V,200158,200242,84,502466
case_084,pre,3,10509,EXP,PIPE_V,200242,200542,300,502466
case_084,pre,3,1000027139,COPY_IN,PIPE_MTE2,200242,200246,4,502466
case_084,pre,3,1000027137,COPY_IN,PIPE_MTE2,200246,200516,270,502466
case_084,pre,3,1000027143,COPY_IN,PIPE_MTE2,200516,200668,152,502466
case_084,pre,3,10510,REDUCE,PIPE_V,200542,200626,84,502466
case_084,pre,3,10511,DIV,PIPE_V,200626,200926,300,502466
case_084,pre,3,1000027145,COPY_IN,PIPE_MTE2,200668,200772,104,502466
case_084,pre,3,10512,MATMUL,PIPE_M,200926,201514,588,502466
case_084,pre,3,10516,MATMUL,PIPE_M,201514,202102,588,502466
case_084,pre,3,1000027071,COPY_OUT,PIPE_MTE3,201514,201566,52,502466
case_084,pre,3,10518,DIV,PIPE_V,202102,202402,300,502466
case_084,pre,3,10519,REDUCE,PIPE_V,202402,202486,84,502466
case_084,pre,3,10520,SUB,PIPE_V,202486,202570,84,502466
case_084,pre,3,10521,EXP,PIPE_V,202570,202870,300,502466
case_084,pre,3,1000027149,COPY_IN,PIPE_MTE2,202570,202574,4,502466
case_084,pre,3,1000027147,COPY_IN,PIPE_MTE2,202574,202844,270,502466
case_084,pre,3,1000027153,COPY_IN,PIPE_MTE2,202844,202996,152,502466
case_084,pre,3,10522,REDUCE,PIPE_V,202870,202954,84,502466
case_084,pre,3,10523,DIV,PIPE_V,202954,203254,300,502466
case_084,pre,3,1000027155,COPY_IN,PIPE_MTE2,202996,203100,104,502466
case_084,pre,3,10524,MATMUL,PIPE_M,203254,203842,588,502466
case_084,pre,3,10528,MATMUL,PIPE_M,203842,204430,588,502466
case_084,pre,3,1000027081,COPY_OUT,PIPE_MTE3,203842,203894,52,502466
case_084,pre,3,10530,DIV,PIPE_V,204430,204730,300,502466
case_084,pre,3,10531,REDUCE,PIPE_V,204730,204814,84,502466
case_084,pre,3,10532,SUB,PIPE_V,204814,204898,84,502466
case_084,pre,3,10533,EXP,PIPE_V,204898,205198,300,502466
case_084,pre,3,1000027159,COPY_IN,PIPE_MTE2,204898,204902,4,502466
case_084,pre,3,1000027157,COPY_IN,PIPE_MTE2,204902,205172,270,502466
case_084,pre,3,1000027163,COPY_IN,PIPE_MTE2,205172,205324,152,502466
case_084,pre,3,10534,REDUCE,PIPE_V,205198,205282,84,502466
case_084,pre,3,10535,DIV,PIPE_V,205282,205582,300,502466
case_084,pre,3,1000027165,COPY_IN,PIPE_MTE2,205324,205428,104,502466
case_084,pre,3,10536,MATMUL,PIPE_M,205582,206170,588,502466
case_084,pre,3,10540,MATMUL,PIPE_M,206170,206758,588,502466
case_084,pre,3,1000027091,COPY_OUT,PIPE_MTE3,206170,206222,52,502466
case_084,pre,3,10542,DIV,PIPE_V,206758,207058,300,502466
case_084,pre,3,10543,REDUCE,PIPE_V,207058,207142,84,502466
case_084,pre,3,10544,SUB,PIPE_V,207142,207226,84,502466
case_084,pre,3,10545,EXP,PIPE_V,207226,207526,300,502466
case_084,pre,3,1000027169,COPY_IN,PIPE_MTE2,207226,207230,4,502466
case_084,pre,3,1000027167,COPY_IN,PIPE_MTE2,207230,207500,270,502466
case_084,pre,3,1000027173,COPY_IN,PIPE_MTE2,207500,207652,152,502466
case_084,pre,3,10546,REDUCE,PIPE_V,207526,207610,84,502466
case_084,pre,3,10547,DIV,PIPE_V,207610,207910,300,502466
case_084,pre,3,1000027175,COPY_IN,PIPE_MTE2,207652,207756,104,502466
case_084,pre,3,10548,MATMUL,PIPE_M,207910,208498,588,502466
case_084,pre,3,10552,MATMUL,PIPE_M,208498,209086,588,502466
case_084,pre,3,1000027101,COPY_OUT,PIPE_MTE3,208498,208550,52,502466
case_084,pre,3,10554,DIV,PIPE_V,209086,209386,300,502466
case_084,pre,3,10555,REDUCE,PIPE_V,209386,209470,84,502466
case_084,pre,3,10556,SUB,PIPE_V,209470,209554,84,502466
case_084,pre,3,10557,EXP,PIPE_V,209554,209854,300,502466
case_084,pre,3,1000027179,COPY_IN,PIPE_MTE2,209554,209558,4,502466
case_084,pre,3,1000027177,COPY_IN,PIPE_MTE2,209558,209828,270,502466
case_084,pre,3,1000027183,COPY_IN,PIPE_MTE2,209828,209980,152,502466
case_084,pre,3,10558,REDUCE,PIPE_V,209854,209938,84,502466
case_084,pre,3,10559,DIV,PIPE_V,209938,210238,300,502466
case_084,pre,3,1000027185,COPY_IN,PIPE_MTE2,209980,210084,104,502466
case_084,pre,3,10560,MATMUL,PIPE_M,210238,210826,588,502466
case_084,pre,3,10564,MATMUL,PIPE_M,210826,211414,588,502466
case_084,pre,3,1000027111,COPY_OUT,PIPE_MTE3,210826,210878,52,502466
case_084,pre,3,10566,DIV,PIPE_V,211414,211714,300,502466
case_084,pre,3,10567,REDUCE,PIPE_V,211714,211798,84,502466
case_084,pre,3,10568,SUB,PIPE_V,211798,211882,84,502466
case_084,pre,3,10569,EXP,PIPE_V,211882,212182,300,502466
case_084,pre,3,1000027189,COPY_IN,PIPE_MTE2,211882,211886,4,502466
case_084,pre,3,1000027187,COPY_IN,PIPE_MTE2,211886,212156,270,502466
case_084,pre,3,1000027193,COPY_IN,PIPE_MTE2,212156,212308,152,502466
case_084,pre,3,10570,REDUCE,PIPE_V,212182,212266,84,502466
case_084,pre,3,10571,DIV,PIPE_V,212266,212566,300,502466
case_084,pre,3,1000027195,COPY_IN,PIPE_MTE2,212308,212412,104,502466
case_084,pre,3,10572,MATMUL,PIPE_M,212566,213154,588,502466
case_084,pre,3,10576,MATMUL,PIPE_M,213154,213742,588,502466
case_084,pre,3,1000027121,COPY_OUT,PIPE_MTE3,213154,213206,52,502466
case_084,pre,3,10578,DIV,PIPE_V,213742,214042,300,502466
case_084,pre,3,10579,REDUCE,PIPE_V,214042,214126,84,502466
case_084,pre,3,10580,SUB,PIPE_V,214126,214210,84,502466
case_084,pre,3,10581,EXP,PIPE_V,214210,214510,300,502466
case_084,pre,3,1000027199,COPY_IN,PIPE_MTE2,214210,214214,4,502466
case_084,pre,3,1000027197,COPY_IN,PIPE_MTE2,214214,214484,270,502466
case_084,pre,3,1000027203,COPY_IN,PIPE_MTE2,214484,214636,152,502466
case_084,pre,3,10582,REDUCE,PIPE_V,214510,214594,84,502466
case_084,pre,3,10583,DIV,PIPE_V,214594,214894,300,502466
case_084,pre,3,1000027205,COPY_IN,PIPE_MTE2,214636,214740,104,502466
case_084,pre,3,10584,MATMUL,PIPE_M,214894,215482,588,502466
case_084,pre,3,10588,MATMUL,PIPE_M,215482,216070,588,502466
case_084,pre,3,1000027131,COPY_OUT,PIPE_MTE3,215482,215534,52,502466
case_084,pre,3,10590,DIV,PIPE_V,216070,216370,300,502466
case_084,pre,3,10591,REDUCE,PIPE_V,216370,216454,84,502466
case_084,pre,3,10592,SUB,PIPE_V,216454,216538,84,502466
case_084,pre,3,10593,EXP,PIPE_V,216538,216838,300,502466
case_084,pre,3,1000027209,COPY_IN,PIPE_MTE2,216538,216542,4,502466
case_084,pre,3,1000027207,COPY_IN,PIPE_MTE2,216542,216812,270,502466
case_084,pre,3,1000027213,COPY_IN,PIPE_MTE2,216812,216964,152,502466
case_084,pre,3,10594,REDUCE,PIPE_V,216838,216922,84,502466
case_084,pre,3,10595,DIV,PIPE_V,216922,217222,300,502466
case_084,pre,3,1000027215,COPY_IN,PIPE_MTE2,216964,217068,104,502466
case_084,pre,3,10596,MATMUL,PIPE_M,217222,217810,588,502466
case_084,pre,3,10600,MATMUL,PIPE_M,217810,218398,588,502466
case_084,pre,3,1000027141,COPY_OUT,PIPE_MTE3,217810,217862,52,502466
case_084,pre,3,10602,DIV,PIPE_V,218398,218698,300,502466
case_084,pre,3,10603,REDUCE,PIPE_V,218698,218782,84,502466
case_084,pre,3,10604,SUB,PIPE_V,218782,218866,84,502466
case_084,pre,3,10605,EXP,PIPE_V,218866,219166,300,502466
case_084,pre,3,1000027219,COPY_IN,PIPE_MTE2,218866,218870,4,502466
case_084,pre,3,1000027217,COPY_IN,PIPE_MTE2,218870,219140,270,502466
case_084,pre,3,1000027223,COPY_IN,PIPE_MTE2,219140,219292,152,502466
case_084,pre,3,10606,REDUCE,PIPE_V,219166,219250,84,502466
case_084,pre,3,10607,DIV,PIPE_V,219250,219550,300,502466
case_084,pre,3,1000027225,COPY_IN,PIPE_MTE2,219292,219396,104,502466
case_084,pre,3,10608,MATMUL,PIPE_M,219550,220138,588,502466
case_084,pre,3,10612,MATMUL,PIPE_M,220138,220726,588,502466
case_084,pre,3,1000027151,COPY_OUT,PIPE_MTE3,220138,220190,52,502466
case_084,pre,3,10614,DIV,PIPE_V,220726,221026,300,502466
case_084,pre,3,10615,REDUCE,PIPE_V,221026,221110,84,502466
case_084,pre,3,10616,SUB,PIPE_V,221110,221194,84,502466
case_084,pre,3,10617,EXP,PIPE_V,221194,221494,300,502466
case_084,pre,3,1000027229,COPY_IN,PIPE_MTE2,221194,221198,4,502466
case_084,pre,3,1000027227,COPY_IN,PIPE_MTE2,221198,221468,270,502466
case_084,pre,3,1000027233,COPY_IN,PIPE_MTE2,221468,221620,152,502466
case_084,pre,3,10618,REDUCE,PIPE_V,221494,221578,84,502466
case_084,pre,3,10619,DIV,PIPE_V,221578,221878,300,502466
case_084,pre,3,1000027235,COPY_IN,PIPE_MTE2,221620,221724,104,502466
case_084,pre,3,10620,MATMUL,PIPE_M,221878,222466,588,502466
case_084,pre,3,10624,MATMUL,PIPE_M,222466,223054,588,502466
case_084,pre,3,1000027161,COPY_OUT,PIPE_MTE3,222466,222518,52,502466
case_084,pre,3,10626,DIV,PIPE_V,223054,223354,300,502466
case_084,pre,3,10627,REDUCE,PIPE_V,223354,223438,84,502466
case_084,pre,3,10628,SUB,PIPE_V,223438,223522,84,502466
case_084,pre,3,10629,EXP,PIPE_V,223522,223822,300,502466
case_084,pre,3,1000027239,COPY_IN,PIPE_MTE2,223522,223526,4,502466
case_084,pre,3,1000027237,COPY_IN,PIPE_MTE2,223526,223796,270,502466
case_084,pre,3,1000027243,COPY_IN,PIPE_MTE2,223796,223948,152,502466
case_084,pre,3,10630,REDUCE,PIPE_V,223822,223906,84,502466
case_084,pre,3,10631,DIV,PIPE_V,223906,224206,300,502466
case_084,pre,3,1000027245,COPY_IN,PIPE_MTE2,223948,224052,104,502466
case_084,pre,3,10632,MATMUL,PIPE_M,224206,224794,588,502466
case_084,pre,3,10636,MATMUL,PIPE_M,224794,225382,588,502466
case_084,pre,3,1000027171,COPY_OUT,PIPE_MTE3,224794,224846,52,502466
case_084,pre,3,10638,DIV,PIPE_V,225382,225682,300,502466
case_084,pre,3,10639,REDUCE,PIPE_V,225682,225766,84,502466
case_084,pre,3,10640,SUB,PIPE_V,225766,225850,84,502466
case_084,pre,3,10641,EXP,PIPE_V,225850,226150,300,502466
case_084,pre,3,1000027249,COPY_IN,PIPE_MTE2,225850,225854,4,502466
case_084,pre,3,1000027247,COPY_IN,PIPE_MTE2,225854,226124,270,502466
case_084,pre,3,1000027253,COPY_IN,PIPE_MTE2,226124,226276,152,502466
case_084,pre,3,10642,REDUCE,PIPE_V,226150,226234,84,502466
case_084,pre,3,10643,DIV,PIPE_V,226234,226534,300,502466
case_084,pre,3,1000027255,COPY_IN,PIPE_MTE2,226276,226380,104,502466
case_084,pre,3,10644,MATMUL,PIPE_M,226534,227122,588,502466
case_084,pre,3,10648,MATMUL,PIPE_M,227122,227710,588,502466
case_084,pre,3,1000027181,COPY_OUT,PIPE_MTE3,227122,227174,52,502466
case_084,pre,3,10650,DIV,PIPE_V,227710,228010,300,502466
case_084,pre,3,10651,REDUCE,PIPE_V,228010,228094,84,502466
case_084,pre,3,10652,SUB,PIPE_V,228094,228178,84,502466
case_084,pre,3,10653,EXP,PIPE_V,228178,228478,300,502466
case_084,pre,3,1000027259,COPY_IN,PIPE_MTE2,228178,228182,4,502466
case_084,pre,3,1000027257,COPY_IN,PIPE_MTE2,228182,228452,270,502466
case_084,pre,3,1000027263,COPY_IN,PIPE_MTE2,228452,228604,152,502466
case_084,pre,3,10654,REDUCE,PIPE_V,228478,228562,84,502466
case_084,pre,3,10655,DIV,PIPE_V,228562,228862,300,502466
case_084,pre,3,1000027265,COPY_IN,PIPE_MTE2,228604,228708,104,502466
case_084,pre,3,10656,MATMUL,PIPE_M,228862,229450,588,502466
case_084,pre,3,10660,MATMUL,PIPE_M,229450,230038,588,502466
case_084,pre,3,1000027191,COPY_OUT,PIPE_MTE3,229450,229502,52,502466
case_084,pre,3,10662,DIV,PIPE_V,230038,230338,300,502466
case_084,pre,3,10663,REDUCE,PIPE_V,230338,230422,84,502466
case_084,pre,3,10664,SUB,PIPE_V,230422,230506,84,502466
case_084,pre,3,10665,EXP,PIPE_V,230506,230806,300,502466
case_084,pre,3,1000027269,COPY_IN,PIPE_MTE2,230506,230510,4,502466
case_084,pre,3,1000027267,COPY_IN,PIPE_MTE2,230510,230780,270,502466
case_084,pre,3,1000027273,COPY_IN,PIPE_MTE2,230780,230932,152,502466
case_084,pre,3,10666,REDUCE,PIPE_V,230806,230890,84,502466
case_084,pre,3,10667,DIV,PIPE_V,230890,231190,300,502466
case_084,pre,3,1000027275,COPY_IN,PIPE_MTE2,230932,231036,104,502466
case_084,pre,3,10668,MATMUL,PIPE_M,231190,231778,588,502466
case_084,pre,3,10672,MATMUL,PIPE_M,231778,232366,588,502466
case_084,pre,3,1000027201,COPY_OUT,PIPE_MTE3,231778,231830,52,502466
case_084,pre,3,10674,DIV,PIPE_V,232366,232666,300,502466
case_084,pre,3,10675,REDUCE,PIPE_V,232666,232750,84,502466
case_084,pre,3,10676,SUB,PIPE_V,232750,232834,84,502466
case_084,pre,3,10677,EXP,PIPE_V,232834,233134,300,502466
case_084,pre,3,1000027279,COPY_IN,PIPE_MTE2,232834,232838,4,502466
case_084,pre,3,1000027277,COPY_IN,PIPE_MTE2,232838,233108,270,502466
case_084,pre,3,1000027283,COPY_IN,PIPE_MTE2,233108,233260,152,502466
case_084,pre,3,10678,REDUCE,PIPE_V,233134,233218,84,502466
case_084,pre,3,10679,DIV,PIPE_V,233218,233518,300,502466
case_084,pre,3,1000027285,COPY_IN,PIPE_MTE2,233260,233364,104,502466
case_084,pre,3,10680,MATMUL,PIPE_M,233518,234106,588,502466
case_084,pre,3,10684,MATMUL,PIPE_M,234106,234694,588,502466
case_084,pre,3,1000027211,COPY_OUT,PIPE_MTE3,234106,234158,52,502466
case_084,pre,3,10686,DIV,PIPE_V,234694,234994,300,502466
case_084,pre,3,10687,REDUCE,PIPE_V,234994,235078,84,502466
case_084,pre,3,10688,SUB,PIPE_V,235078,235162,84,502466
case_084,pre,3,10689,EXP,PIPE_V,235162,235462,300,502466
case_084,pre,3,1000027289,COPY_IN,PIPE_MTE2,235162,235166,4,502466
case_084,pre,3,1000027287,COPY_IN,PIPE_MTE2,235166,235436,270,502466
case_084,pre,3,1000027293,COPY_IN,PIPE_MTE2,235436,235588,152,502466
case_084,pre,3,10690,REDUCE,PIPE_V,235462,235546,84,502466
case_084,pre,3,10691,DIV,PIPE_V,235546,235846,300,502466
case_084,pre,3,1000027295,COPY_IN,PIPE_MTE2,235588,235692,104,502466
case_084,pre,3,10692,MATMUL,PIPE_M,235846,236434,588,502466
case_084,pre,3,10696,MATMUL,PIPE_M,236434,237022,588,502466
case_084,pre,3,1000027221,COPY_OUT,PIPE_MTE3,236434,236486,52,502466
case_084,pre,3,10698,DIV,PIPE_V,237022,237322,300,502466
case_084,pre,3,10699,REDUCE,PIPE_V,237322,237406,84,502466
case_084,pre,3,10700,SUB,PIPE_V,237406,237490,84,502466
case_084,pre,3,10701,EXP,PIPE_V,237490,237790,300,502466
case_084,pre,3,1000027299,COPY_IN,PIPE_MTE2,237490,237494,4,502466
case_084,pre,3,1000027297,COPY_IN,PIPE_MTE2,237494,237764,270,502466
case_084,pre,3,1000027303,COPY_IN,PIPE_MTE2,237764,237916,152,502466
case_084,pre,3,10702,REDUCE,PIPE_V,237790,237874,84,502466
case_084,pre,3,10703,DIV,PIPE_V,237874,238174,300,502466
case_084,pre,3,1000027305,COPY_IN,PIPE_MTE2,237916,238020,104,502466
case_084,pre,3,10704,MATMUL,PIPE_M,238174,238762,588,502466
case_084,pre,3,10708,MATMUL,PIPE_M,238762,239350,588,502466
case_084,pre,3,1000027231,COPY_OUT,PIPE_MTE3,238762,238814,52,502466
case_084,pre,3,10710,DIV,PIPE_V,239350,239650,300,502466
case_084,pre,3,10711,REDUCE,PIPE_V,239650,239734,84,502466
case_084,pre,3,10712,SUB,PIPE_V,239734,239818,84,502466
case_084,pre,3,10713,EXP,PIPE_V,239818,240118,300,502466
case_084,pre,3,1000027309,COPY_IN,PIPE_MTE2,239818,239822,4,502466
case_084,pre,3,1000027307,COPY_IN,PIPE_MTE2,239822,240092,270,502466
case_084,pre,3,1000027313,COPY_IN,PIPE_MTE2,240092,240244,152,502466
case_084,pre,3,10714,REDUCE,PIPE_V,240118,240202,84,502466
case_084,pre,3,10715,DIV,PIPE_V,240202,240502,300,502466
case_084,pre,3,1000027315,COPY_IN,PIPE_MTE2,240244,240348,104,502466
case_084,pre,3,10716,MATMUL,PIPE_M,240502,241090,588,502466
case_084,pre,3,10720,MATMUL,PIPE_M,241090,241678,588,502466
case_084,pre,3,1000027241,COPY_OUT,PIPE_MTE3,241090,241142,52,502466
case_084,pre,3,10722,DIV,PIPE_V,241678,241978,300,502466
case_084,pre,3,10723,REDUCE,PIPE_V,241978,242062,84,502466
case_084,pre,3,10724,SUB,PIPE_V,242062,242146,84,502466
case_084,pre,3,10725,EXP,PIPE_V,242146,242446,300,502466
case_084,pre,3,1000027319,COPY_IN,PIPE_MTE2,242146,242150,4,502466
case_084,pre,3,1000027317,COPY_IN,PIPE_MTE2,242150,242420,270,502466
case_084,pre,3,1000027323,COPY_IN,PIPE_MTE2,242420,242572,152,502466
case_084,pre,3,10726,REDUCE,PIPE_V,242446,242530,84,502466
case_084,pre,3,10727,DIV,PIPE_V,242530,242830,300,502466
case_084,pre,3,1000027325,COPY_IN,PIPE_MTE2,242572,242676,104,502466
case_084,pre,3,10728,MATMUL,PIPE_M,242830,243418,588,502466
case_084,pre,3,10732,MATMUL,PIPE_M,243418,244006,588,502466
case_084,pre,3,1000027251,COPY_OUT,PIPE_MTE3,243418,243470,52,502466
case_084,pre,3,10734,DIV,PIPE_V,244006,244306,300,502466
case_084,pre,3,10735,REDUCE,PIPE_V,244306,244390,84,502466
case_084,pre,3,10736,SUB,PIPE_V,244390,244474,84,502466
case_084,pre,3,10737,EXP,PIPE_V,244474,244774,300,502466
case_084,pre,3,1000027329,COPY_IN,PIPE_MTE2,244474,244478,4,502466
case_084,pre,3,1000027327,COPY_IN,PIPE_MTE2,244478,244748,270,502466
case_084,pre,3,1000027333,COPY_IN,PIPE_MTE2,244748,244900,152,502466
case_084,pre,3,10738,REDUCE,PIPE_V,244774,244858,84,502466
case_084,pre,3,10739,DIV,PIPE_V,244858,245158,300,502466
case_084,pre,3,1000027335,COPY_IN,PIPE_MTE2,244900,245004,104,502466
case_084,pre,3,10740,MATMUL,PIPE_M,245158,245746,588,502466
case_084,pre,3,10744,MATMUL,PIPE_M,245746,246334,588,502466
case_084,pre,3,1000027261,COPY_OUT,PIPE_MTE3,245746,245798,52,502466
case_084,pre,3,10746,DIV,PIPE_V,246334,246634,300,502466
case_084,pre,3,10747,REDUCE,PIPE_V,246634,246718,84,502466
case_084,pre,3,10748,SUB,PIPE_V,246718,246802,84,502466
case_084,pre,3,10749,EXP,PIPE_V,246802,247102,300,502466
case_084,pre,3,1000027339,COPY_IN,PIPE_MTE2,246802,246806,4,502466
case_084,pre,3,1000027337,COPY_IN,PIPE_MTE2,246806,247076,270,502466
case_084,pre,3,1000027343,COPY_IN,PIPE_MTE2,247076,247228,152,502466
case_084,pre,3,10750,REDUCE,PIPE_V,247102,247186,84,502466
case_084,pre,3,10751,DIV,PIPE_V,247186,247486,300,502466
case_084,pre,3,1000027345,COPY_IN,PIPE_MTE2,247228,247332,104,502466
case_084,pre,3,10752,MATMUL,PIPE_M,247486,248074,588,502466
case_084,pre,3,10756,MATMUL,PIPE_M,248074,248662,588,502466
case_084,pre,3,1000027271,COPY_OUT,PIPE_MTE3,248074,248126,52,502466
case_084,pre,3,10758,DIV,PIPE_V,248662,248962,300,502466
case_084,pre,3,10759,REDUCE,PIPE_V,248962,249046,84,502466
case_084,pre,3,10760,SUB,PIPE_V,249046,249130,84,502466
case_084,pre,3,10761,EXP,PIPE_V,249130,249430,300,502466
case_084,pre,3,1000027349,COPY_IN,PIPE_MTE2,249130,249134,4,502466
case_084,pre,3,1000027347,COPY_IN,PIPE_MTE2,249134,249404,270,502466
case_084,pre,3,1000027353,COPY_IN,PIPE_MTE2,249404,249556,152,502466
case_084,pre,3,10762,REDUCE,PIPE_V,249430,249514,84,502466
case_084,pre,3,10763,DIV,PIPE_V,249514,249814,300,502466
case_084,pre,3,1000027355,COPY_IN,PIPE_MTE2,249556,249660,104,502466
case_084,pre,3,10764,MATMUL,PIPE_M,249814,250402,588,502466
case_084,pre,3,10768,MATMUL,PIPE_M,250402,250990,588,502466
case_084,pre,3,1000027281,COPY_OUT,PIPE_MTE3,250402,250454,52,502466
case_084,pre,3,10770,DIV,PIPE_V,250990,251290,300,502466
case_084,pre,3,10771,REDUCE,PIPE_V,251290,251374,84,502466
case_084,pre,3,10772,SUB,PIPE_V,251374,251458,84,502466
case_084,pre,3,10773,EXP,PIPE_V,251458,251758,300,502466
case_084,pre,3,1000027359,COPY_IN,PIPE_MTE2,251458,251462,4,502466
case_084,pre,3,1000027357,COPY_IN,PIPE_MTE2,251462,251732,270,502466
case_084,pre,3,1000027363,COPY_IN,PIPE_MTE2,251732,251884,152,502466
case_084,pre,3,10774,REDUCE,PIPE_V,251758,251842,84,502466
case_084,pre,3,10775,DIV,PIPE_V,251842,252142,300,502466
case_084,pre,3,1000027365,COPY_IN,PIPE_MTE2,251884,251988,104,502466
case_084,pre,3,10776,MATMUL,PIPE_M,252142,252730,588,502466
case_084,pre,3,10780,MATMUL,PIPE_M,252730,253318,588,502466
case_084,pre,3,1000027291,COPY_OUT,PIPE_MTE3,252730,252782,52,502466
case_084,pre,3,10782,DIV,PIPE_V,253318,253618,300,502466
case_084,pre,3,10783,REDUCE,PIPE_V,253618,253702,84,502466
case_084,pre,3,10784,SUB,PIPE_V,253702,253786,84,502466
case_084,pre,3,10785,EXP,PIPE_V,253786,254086,300,502466
case_084,pre,3,1000027369,COPY_IN,PIPE_MTE2,253786,253790,4,502466
case_084,pre,3,1000027367,COPY_IN,PIPE_MTE2,253790,254060,270,502466
case_084,pre,3,1000027373,COPY_IN,PIPE_MTE2,254060,254212,152,502466
case_084,pre,3,10786,REDUCE,PIPE_V,254086,254170,84,502466
case_084,pre,3,10787,DIV,PIPE_V,254170,254470,300,502466
case_084,pre,3,1000027375,COPY_IN,PIPE_MTE2,254212,254316,104,502466
case_084,pre,3,10788,MATMUL,PIPE_M,254470,255058,588,502466
case_084,pre,3,10792,MATMUL,PIPE_M,255058,255646,588,502466
case_084,pre,3,1000027301,COPY_OUT,PIPE_MTE3,255058,255110,52,502466
case_084,pre,3,10794,DIV,PIPE_V,255646,255946,300,502466
case_084,pre,3,10795,REDUCE,PIPE_V,255946,256030,84,502466
case_084,pre,3,10796,SUB,PIPE_V,256030,256114,84,502466
case_084,pre,3,10797,EXP,PIPE_V,256114,256414,300,502466
case_084,pre,3,1000027379,COPY_IN,PIPE_MTE2,256114,256118,4,502466
case_084,pre,3,1000027377,COPY_IN,PIPE_MTE2,256118,256388,270,502466
case_084,pre,3,1000027383,COPY_IN,PIPE_MTE2,256388,256540,152,502466
case_084,pre,3,10798,REDUCE,PIPE_V,256414,256498,84,502466
case_084,pre,3,10799,DIV,PIPE_V,256498,256798,300,502466
case_084,pre,3,1000027385,COPY_IN,PIPE_MTE2,256540,256644,104,502466
case_084,pre,3,10800,MATMUL,PIPE_M,256798,257386,588,502466
case_084,pre,3,10804,MATMUL,PIPE_M,257386,257974,588,502466
case_084,pre,3,1000027311,COPY_OUT,PIPE_MTE3,257386,257438,52,502466
case_084,pre,3,10806,DIV,PIPE_V,257974,258274,300,502466
case_084,pre,3,10807,REDUCE,PIPE_V,258274,258358,84,502466
case_084,pre,3,10808,SUB,PIPE_V,258358,258442,84,502466
case_084,pre,3,10809,EXP,PIPE_V,258442,258742,300,502466
case_084,pre,3,1000027389,COPY_IN,PIPE_MTE2,258442,258446,4,502466
case_084,pre,3,1000027387,COPY_IN,PIPE_MTE2,258446,258716,270,502466
case_084,pre,3,1000027393,COPY_IN,PIPE_MTE2,258716,258868,152,502466
case_084,pre,3,10810,REDUCE,PIPE_V,258742,258826,84,502466
case_084,pre,3,10811,DIV,PIPE_V,258826,259126,300,502466
case_084,pre,3,1000027395,COPY_IN,PIPE_MTE2,258868,258972,104,502466
case_084,pre,3,10812,MATMUL,PIPE_M,259126,259714,588,502466
case_084,pre,3,10816,MATMUL,PIPE_M,259714,260302,588,502466
case_084,pre,3,1000027321,COPY_OUT,PIPE_MTE3,259714,259766,52,502466
case_084,pre,3,10818,DIV,PIPE_V,260302,260602,300,502466
case_084,pre,3,10819,REDUCE,PIPE_V,260602,260686,84,502466
case_084,pre,3,10820,SUB,PIPE_V,260686,260770,84,502466
case_084,pre,3,10821,EXP,PIPE_V,260770,261070,300,502466
case_084,pre,3,1000027399,COPY_IN,PIPE_MTE2,260770,260774,4,502466
case_084,pre,3,1000027397,COPY_IN,PIPE_MTE2,260774,261044,270,502466
case_084,pre,3,1000027403,COPY_IN,PIPE_MTE2,261044,261196,152,502466
case_084,pre,3,10822,REDUCE,PIPE_V,261070,261154,84,502466
case_084,pre,3,10823,DIV,PIPE_V,261154,261454,300,502466
case_084,pre,3,1000027405,COPY_IN,PIPE_MTE2,261196,261300,104,502466
case_084,pre,3,10824,MATMUL,PIPE_M,261454,262042,588,502466
case_084,pre,3,10828,MATMUL,PIPE_M,262042,262630,588,502466
case_084,pre,3,1000027331,COPY_OUT,PIPE_MTE3,262042,262094,52,502466
case_084,pre,3,10830,DIV,PIPE_V,262630,262930,300,502466
case_084,pre,3,10831,REDUCE,PIPE_V,262930,263014,84,502466
case_084,pre,3,10832,SUB,PIPE_V,263014,263098,84,502466
case_084,pre,3,10833,EXP,PIPE_V,263098,263398,300,502466
case_084,pre,3,1000027409,COPY_IN,PIPE_MTE2,263098,263102,4,502466
case_084,pre,3,1000027407,COPY_IN,PIPE_MTE2,263102,263372,270,502466
case_084,pre,3,1000027413,COPY_IN,PIPE_MTE2,263372,263524,152,502466
case_084,pre,3,10834,REDUCE,PIPE_V,263398,263482,84,502466
case_084,pre,3,10835,DIV,PIPE_V,263482,263782,300,502466
case_084,pre,3,1000027415,COPY_IN,PIPE_MTE2,263524,263628,104,502466
case_084,pre,3,10836,MATMUL,PIPE_M,263782,264370,588,502466
case_084,pre,3,10840,MATMUL,PIPE_M,264370,264958,588,502466
case_084,pre,3,1000027341,COPY_OUT,PIPE_MTE3,264370,264422,52,502466
case_084,pre,3,10842,DIV,PIPE_V,264958,265258,300,502466
case_084,pre,3,10843,REDUCE,PIPE_V,265258,265342,84,502466
case_084,pre,3,10844,SUB,PIPE_V,265342,265426,84,502466
case_084,pre,3,10845,EXP,PIPE_V,265426,265726,300,502466
case_084,pre,3,1000027419,COPY_IN,PIPE_MTE2,265426,265430,4,502466
case_084,pre,3,1000027417,COPY_IN,PIPE_MTE2,265430,265700,270,502466
case_084,pre,3,1000027423,COPY_IN,PIPE_MTE2,265700,265852,152,502466
case_084,pre,3,10846,REDUCE,PIPE_V,265726,265810,84,502466
case_084,pre,3,10847,DIV,PIPE_V,265810,266110,300,502466
case_084,pre,3,1000027425,COPY_IN,PIPE_MTE2,265852,265956,104,502466
case_084,pre,3,10848,MATMUL,PIPE_M,266110,266698,588,502466
case_084,pre,3,10852,MATMUL,PIPE_M,266698,267286,588,502466
case_084,pre,3,1000027351,COPY_OUT,PIPE_MTE3,266698,266750,52,502466
case_084,pre,3,10854,DIV,PIPE_V,267286,267586,300,502466
case_084,pre,3,10855,REDUCE,PIPE_V,267586,267670,84,502466
case_084,pre,3,10856,SUB,PIPE_V,267670,267754,84,502466
case_084,pre,3,10857,EXP,PIPE_V,267754,268054,300,502466
case_084,pre,3,1000027429,COPY_IN,PIPE_MTE2,267754,267758,4,502466
case_084,pre,3,1000027427,COPY_IN,PIPE_MTE2,267758,268028,270,502466
case_084,pre,3,1000027433,COPY_IN,PIPE_MTE2,268028,268180,152,502466
case_084,pre,3,10858,REDUCE,PIPE_V,268054,268138,84,502466
case_084,pre,3,10859,DIV,PIPE_V,268138,268438,300,502466
case_084,pre,3,1000027435,COPY_IN,PIPE_MTE2,268180,268284,104,502466
case_084,pre,3,10860,MATMUL,PIPE_M,268438,269026,588,502466
case_084,pre,3,10864,MATMUL,PIPE_M,269026,269614,588,502466
case_084,pre,3,1000027361,COPY_OUT,PIPE_MTE3,269026,269078,52,502466
case_084,pre,3,10866,DIV,PIPE_V,269614,269914,300,502466
case_084,pre,3,10867,REDUCE,PIPE_V,269914,269998,84,502466
case_084,pre,3,10868,SUB,PIPE_V,269998,270082,84,502466
case_084,pre,3,10869,EXP,PIPE_V,270082,270382,300,502466
case_084,pre,3,1000027439,COPY_IN,PIPE_MTE2,270082,270086,4,502466
case_084,pre,3,1000027437,COPY_IN,PIPE_MTE2,270086,270356,270,502466
case_084,pre,3,1000027443,COPY_IN,PIPE_MTE2,270356,270508,152,502466
case_084,pre,3,10870,REDUCE,PIPE_V,270382,270466,84,502466
case_084,pre,3,10871,DIV,PIPE_V,270466,270766,300,502466
case_084,pre,3,1000027445,COPY_IN,PIPE_MTE2,270508,270612,104,502466
case_084,pre,3,10872,MATMUL,PIPE_M,270766,271354,588,502466
case_084,pre,3,10876,MATMUL,PIPE_M,271354,271942,588,502466
case_084,pre,3,1000027371,COPY_OUT,PIPE_MTE3,271354,271406,52,502466
case_084,pre,3,10878,DIV,PIPE_V,271942,272242,300,502466
case_084,pre,3,10879,REDUCE,PIPE_V,272242,272326,84,502466
case_084,pre,3,10880,SUB,PIPE_V,272326,272410,84,502466
case_084,pre,3,10881,EXP,PIPE_V,272410,272710,300,502466
case_084,pre,3,1000027449,COPY_IN,PIPE_MTE2,272410,272414,4,502466
case_084,pre,3,1000027447,COPY_IN,PIPE_MTE2,272414,272684,270,502466
case_084,pre,3,1000027453,COPY_IN,PIPE_MTE2,272684,272836,152,502466
case_084,pre,3,10882,REDUCE,PIPE_V,272710,272794,84,502466
case_084,pre,3,10883,DIV,PIPE_V,272794,273094,300,502466
case_084,pre,3,1000027455,COPY_IN,PIPE_MTE2,272836,272940,104,502466
case_084,pre,3,10884,MATMUL,PIPE_M,273094,273682,588,502466
case_084,pre,3,10888,MATMUL,PIPE_M,273682,274270,588,502466
case_084,pre,3,1000027381,COPY_OUT,PIPE_MTE3,273682,273734,52,502466
case_084,pre,3,10890,DIV,PIPE_V,274270,274570,300,502466
case_084,pre,3,10891,REDUCE,PIPE_V,274570,274654,84,502466
case_084,pre,3,10892,SUB,PIPE_V,274654,274738,84,502466
case_084,pre,3,10893,EXP,PIPE_V,274738,275038,300,502466
case_084,pre,3,1000027459,COPY_IN,PIPE_MTE2,274738,274742,4,502466
case_084,pre,3,1000027457,COPY_IN,PIPE_MTE2,274742,275012,270,502466
case_084,pre,3,1000027463,COPY_IN,PIPE_MTE2,275012,275164,152,502466
case_084,pre,3,10894,REDUCE,PIPE_V,275038,275122,84,502466
case_084,pre,3,10895,DIV,PIPE_V,275122,275422,300,502466
case_084,pre,3,1000027465,COPY_IN,PIPE_MTE2,275164,275268,104,502466
case_084,pre,3,10896,MATMUL,PIPE_M,275422,276010,588,502466
case_084,pre,3,10900,MATMUL,PIPE_M,276010,276598,588,502466
case_084,pre,3,1000027391,COPY_OUT,PIPE_MTE3,276010,276062,52,502466
case_084,pre,3,10902,DIV,PIPE_V,276598,276898,300,502466
case_084,pre,3,10903,REDUCE,PIPE_V,276898,276982,84,502466
case_084,pre,3,10904,SUB,PIPE_V,276982,277066,84,502466
case_084,pre,3,10905,EXP,PIPE_V,277066,277366,300,502466
case_084,pre,3,1000027469,COPY_IN,PIPE_MTE2,277066,277070,4,502466
case_084,pre,3,1000027467,COPY_IN,PIPE_MTE2,277070,277340,270,502466
case_084,pre,3,1000027473,COPY_IN,PIPE_MTE2,277340,277492,152,502466
case_084,pre,3,10906,REDUCE,PIPE_V,277366,277450,84,502466
case_084,pre,3,10907,DIV,PIPE_V,277450,277750,300,502466
case_084,pre,3,1000027475,COPY_IN,PIPE_MTE2,277492,277596,104,502466
case_084,pre,3,10908,MATMUL,PIPE_M,277750,278338,588,502466
case_084,pre,3,10912,MATMUL,PIPE_M,278338,278926,588,502466
case_084,pre,3,1000027401,COPY_OUT,PIPE_MTE3,278338,278390,52,502466
case_084,pre,3,10914,DIV,PIPE_V,278926,279226,300,502466
case_084,pre,3,10915,REDUCE,PIPE_V,279226,279310,84,502466
case_084,pre,3,10916,SUB,PIPE_V,279310,279394,84,502466
case_084,pre,3,10917,EXP,PIPE_V,279394,279694,300,502466
case_084,pre,3,1000027479,COPY_IN,PIPE_MTE2,279394,279398,4,502466
case_084,pre,3,1000027477,COPY_IN,PIPE_MTE2,279398,279668,270,502466
case_084,pre,3,1000027483,COPY_IN,PIPE_MTE2,279668,279820,152,502466
case_084,pre,3,10918,REDUCE,PIPE_V,279694,279778,84,502466
case_084,pre,3,10919,DIV,PIPE_V,279778,280078,300,502466
case_084,pre,3,1000027485,COPY_IN,PIPE_MTE2,279820,279924,104,502466
case_084,pre,3,10920,MATMUL,PIPE_M,280078,280666,588,502466
case_084,pre,3,10924,MATMUL,PIPE_M,280666,281254,588,502466
case_084,pre,3,1000027411,COPY_OUT,PIPE_MTE3,280666,280718,52,502466
case_084,pre,3,10926,DIV,PIPE_V,281254,281554,300,502466
case_084,pre,3,10927,REDUCE,PIPE_V,281554,281638,84,502466
case_084,pre,3,10928,SUB,PIPE_V,281638,281722,84,502466
case_084,pre,3,10929,EXP,PIPE_V,281722,282022,300,502466
case_084,pre,3,1000027489,COPY_IN,PIPE_MTE2,281722,281726,4,502466
case_084,pre,3,1000027487,COPY_IN,PIPE_MTE2,281726,281996,270,502466
case_084,pre,3,1000027493,COPY_IN,PIPE_MTE2,281996,282148,152,502466
case_084,pre,3,10930,REDUCE,PIPE_V,282022,282106,84,502466
case_084,pre,3,10931,DIV,PIPE_V,282106,282406,300,502466
case_084,pre,3,1000027495,COPY_IN,PIPE_MTE2,282148,282252,104,502466
case_084,pre,3,10932,MATMUL,PIPE_M,282406,282994,588,502466
case_084,pre,3,10936,MATMUL,PIPE_M,282994,283582,588,502466
case_084,pre,3,1000027421,COPY_OUT,PIPE_MTE3,282994,283046,52,502466
case_084,pre,3,10938,DIV,PIPE_V,283582,283882,300,502466
case_084,pre,3,10939,REDUCE,PIPE_V,283882,283966,84,502466
case_084,pre,3,10940,SUB,PIPE_V,283966,284050,84,502466
case_084,pre,3,10941,EXP,PIPE_V,284050,284350,300,502466
case_084,pre,3,1000027499,COPY_IN,PIPE_MTE2,284050,284054,4,502466
case_084,pre,3,1000027497,COPY_IN,PIPE_MTE2,284054,284324,270,502466
case_084,pre,3,1000027503,COPY_IN,PIPE_MTE2,284324,284476,152,502466
case_084,pre,3,10942,REDUCE,PIPE_V,284350,284434,84,502466
case_084,pre,3,10943,DIV,PIPE_V,284434,284734,300,502466
case_084,pre,3,1000027505,COPY_IN,PIPE_MTE2,284476,284580,104,502466
case_084,pre,3,10944,MATMUL,PIPE_M,284734,285322,588,502466
case_084,pre,3,10948,MATMUL,PIPE_M,285322,285910,588,502466
case_084,pre,3,1000027431,COPY_OUT,PIPE_MTE3,285322,285374,52,502466
case_084,pre,3,10950,DIV,PIPE_V,285910,286210,300,502466
case_084,pre,3,10951,REDUCE,PIPE_V,286210,286294,84,502466
case_084,pre,3,10952,SUB,PIPE_V,286294,286378,84,502466
case_084,pre,3,10953,EXP,PIPE_V,286378,286678,300,502466
case_084,pre,3,1000027509,COPY_IN,PIPE_MTE2,286378,286382,4,502466
case_084,pre,3,1000027507,COPY_IN,PIPE_MTE2,286382,286652,270,502466
case_084,pre,3,1000027513,COPY_IN,PIPE_MTE2,286652,286804,152,502466
case_084,pre,3,10954,REDUCE,PIPE_V,286678,286762,84,502466
case_084,pre,3,10955,DIV,PIPE_V,286762,287062,300,502466
case_084,pre,3,1000027515,COPY_IN,PIPE_MTE2,286804,286908,104,502466
case_084,pre,3,10956,MATMUL,PIPE_M,287062,287650,588,502466
case_084,pre,3,10960,MATMUL,PIPE_M,287650,288238,588,502466
case_084,pre,3,1000027441,COPY_OUT,PIPE_MTE3,287650,287702,52,502466
case_084,pre,3,10962,DIV,PIPE_V,288238,288538,300,502466
case_084,pre,3,10963,REDUCE,PIPE_V,288538,288622,84,502466
case_084,pre,3,10964,SUB,PIPE_V,288622,288706,84,502466
case_084,pre,3,10965,EXP,PIPE_V,288706,289006,300,502466
case_084,pre,3,1000027519,COPY_IN,PIPE_MTE2,288706,288710,4,502466
case_084,pre,3,1000027517,COPY_IN,PIPE_MTE2,288710,288980,270,502466
case_084,pre,3,1000027523,COPY_IN,PIPE_MTE2,288980,289132,152,502466
case_084,pre,3,10966,REDUCE,PIPE_V,289006,289090,84,502466
case_084,pre,3,10967,DIV,PIPE_V,289090,289390,300,502466
case_084,pre,3,1000027525,COPY_IN,PIPE_MTE2,289132,289236,104,502466
case_084,pre,3,10968,MATMUL,PIPE_M,289390,289978,588,502466
case_084,pre,3,10972,MATMUL,PIPE_M,289978,290566,588,502466
case_084,pre,3,1000027451,COPY_OUT,PIPE_MTE3,289978,290030,52,502466
case_084,pre,3,10974,DIV,PIPE_V,290566,290866,300,502466
case_084,pre,3,10975,REDUCE,PIPE_V,290866,290950,84,502466
case_084,pre,3,10976,SUB,PIPE_V,290950,291034,84,502466
case_084,pre,3,10977,EXP,PIPE_V,291034,291334,300,502466
case_084,pre,3,1000027529,COPY_IN,PIPE_MTE2,291034,291038,4,502466
case_084,pre,3,1000027527,COPY_IN,PIPE_MTE2,291038,291308,270,502466
case_084,pre,3,1000027533,COPY_IN,PIPE_MTE2,291308,291460,152,502466
case_084,pre,3,10978,REDUCE,PIPE_V,291334,291418,84,502466
case_084,pre,3,10979,DIV,PIPE_V,291418,291718,300,502466
case_084,pre,3,1000027535,COPY_IN,PIPE_MTE2,291460,291564,104,502466
case_084,pre,3,10980,MATMUL,PIPE_M,291718,292306,588,502466
case_084,pre,3,10984,MATMUL,PIPE_M,292306,292894,588,502466
case_084,pre,3,1000027461,COPY_OUT,PIPE_MTE3,292306,292358,52,502466
case_084,pre,3,10986,DIV,PIPE_V,292894,293194,300,502466
case_084,pre,3,10987,REDUCE,PIPE_V,293194,293278,84,502466
case_084,pre,3,10988,SUB,PIPE_V,293278,293362,84,502466
case_084,pre,3,10989,EXP,PIPE_V,293362,293662,300,502466
case_084,pre,3,1000027539,COPY_IN,PIPE_MTE2,293362,293366,4,502466
case_084,pre,3,1000027537,COPY_IN,PIPE_MTE2,293366,293636,270,502466
case_084,pre,3,1000027543,COPY_IN,PIPE_MTE2,293636,293788,152,502466
case_084,pre,3,10990,REDUCE,PIPE_V,293662,293746,84,502466
case_084,pre,3,10991,DIV,PIPE_V,293746,294046,300,502466
case_084,pre,3,1000027545,COPY_IN,PIPE_MTE2,293788,293892,104,502466
case_084,pre,3,10992,MATMUL,PIPE_M,294046,294634,588,502466
case_084,pre,3,10996,MATMUL,PIPE_M,294634,295222,588,502466
case_084,pre,3,1000027471,COPY_OUT,PIPE_MTE3,294634,294686,52,502466
case_084,pre,3,10998,DIV,PIPE_V,295222,295522,300,502466
case_084,pre,3,10999,REDUCE,PIPE_V,295522,295606,84,502466
case_084,pre,3,11000,SUB,PIPE_V,295606,295690,84,502466
case_084,pre,3,11001,EXP,PIPE_V,295690,295990,300,502466
case_084,pre,3,1000027549,COPY_IN,PIPE_MTE2,295690,295694,4,502466
case_084,pre,3,1000027547,COPY_IN,PIPE_MTE2,295694,295964,270,502466
case_084,pre,3,1000027553,COPY_IN,PIPE_MTE2,295964,296116,152,502466
case_084,pre,3,11002,REDUCE,PIPE_V,295990,296074,84,502466
case_084,pre,3,11003,DIV,PIPE_V,296074,296374,300,502466
case_084,pre,3,1000027555,COPY_IN,PIPE_MTE2,296116,296220,104,502466
case_084,pre,3,11004,MATMUL,PIPE_M,296374,296962,588,502466
case_084,pre,3,11008,MATMUL,PIPE_M,296962,297550,588,502466
case_084,pre,3,1000027481,COPY_OUT,PIPE_MTE3,296962,297014,52,502466
case_084,pre,3,11010,DIV,PIPE_V,297550,297850,300,502466
case_084,pre,3,11011,REDUCE,PIPE_V,297850,297934,84,502466
case_084,pre,3,11012,SUB,PIPE_V,297934,298018,84,502466
case_084,pre,3,11013,EXP,PIPE_V,298018,298318,300,502466
case_084,pre,3,1000027559,COPY_IN,PIPE_MTE2,298018,298022,4,502466
case_084,pre,3,1000027557,COPY_IN,PIPE_MTE2,298022,298292,270,502466
case_084,pre,3,1000027563,COPY_IN,PIPE_MTE2,298292,298444,152,502466
case_084,pre,3,11014,REDUCE,PIPE_V,298318,298402,84,502466
case_084,pre,3,11015,DIV,PIPE_V,298402,298702,300,502466
case_084,pre,3,1000027565,COPY_IN,PIPE_MTE2,298444,298548,104,502466
case_084,pre,3,11016,MATMUL,PIPE_M,298702,299290,588,502466
case_084,pre,3,11020,MATMUL,PIPE_M,299290,299878,588,502466
case_084,pre,3,1000027491,COPY_OUT,PIPE_MTE3,299290,299342,52,502466
case_084,pre,3,11022,DIV,PIPE_V,299878,300178,300,502466
case_084,pre,3,11023,REDUCE,PIPE_V,300178,300262,84,502466
case_084,pre,3,11024,SUB,PIPE_V,300262,300346,84,502466
case_084,pre,3,11025,EXP,PIPE_V,300346,300646,300,502466
case_084,pre,3,1000027569,COPY_IN,PIPE_MTE2,300346,300350,4,502466
case_084,pre,3,1000027567,COPY_IN,PIPE_MTE2,300350,300620,270,502466
case_084,pre,3,1000027573,COPY_IN,PIPE_MTE2,300620,300772,152,502466
case_084,pre,3,11026,REDUCE,PIPE_V,300646,300730,84,502466
case_084,pre,3,11027,DIV,PIPE_V,300730,301030,300,502466
case_084,pre,3,1000027575,COPY_IN,PIPE_MTE2,300772,300876,104,502466
case_084,pre,3,11028,MATMUL,PIPE_M,301030,301618,588,502466
case_084,pre,3,11032,MATMUL,PIPE_M,301618,302206,588,502466
case_084,pre,3,1000027501,COPY_OUT,PIPE_MTE3,301618,301670,52,502466
case_084,pre,3,11034,DIV,PIPE_V,302206,302506,300,502466
case_084,pre,3,11035,REDUCE,PIPE_V,302506,302590,84,502466
case_084,pre,3,11036,SUB,PIPE_V,302590,302674,84,502466
case_084,pre,3,11037,EXP,PIPE_V,302674,302974,300,502466
case_084,pre,3,1000027579,COPY_IN,PIPE_MTE2,302674,302678,4,502466
case_084,pre,3,1000027577,COPY_IN,PIPE_MTE2,302678,302948,270,502466
case_084,pre,3,1000027583,COPY_IN,PIPE_MTE2,302948,303100,152,502466
case_084,pre,3,11038,REDUCE,PIPE_V,302974,303058,84,502466
case_084,pre,3,11039,DIV,PIPE_V,303058,303358,300,502466
case_084,pre,3,1000027585,COPY_IN,PIPE_MTE2,303100,303204,104,502466
case_084,pre,3,11040,MATMUL,PIPE_M,303358,303946,588,502466
case_084,pre,3,11044,MATMUL,PIPE_M,303946,304534,588,502466
case_084,pre,3,1000027511,COPY_OUT,PIPE_MTE3,303946,303998,52,502466
case_084,pre,3,11046,DIV,PIPE_V,304534,304834,300,502466
case_084,pre,3,11047,REDUCE,PIPE_V,304834,304918,84,502466
case_084,pre,3,11048,SUB,PIPE_V,304918,305002,84,502466
case_084,pre,3,11049,EXP,PIPE_V,305002,305302,300,502466
case_084,pre,3,1000027589,COPY_IN,PIPE_MTE2,305002,305006,4,502466
case_084,pre,3,1000027587,COPY_IN,PIPE_MTE2,305006,305276,270,502466
case_084,pre,3,1000027593,COPY_IN,PIPE_MTE2,305276,305428,152,502466
case_084,pre,3,11050,REDUCE,PIPE_V,305302,305386,84,502466
case_084,pre,3,11051,DIV,PIPE_V,305386,305686,300,502466
case_084,pre,3,1000027595,COPY_IN,PIPE_MTE2,305428,305532,104,502466
case_084,pre,3,11052,MATMUL,PIPE_M,305686,306274,588,502466
case_084,pre,3,11056,MATMUL,PIPE_M,306274,306862,588,502466
case_084,pre,3,1000027521,COPY_OUT,PIPE_MTE3,306274,306326,52,502466
case_084,pre,3,11058,DIV,PIPE_V,306862,307162,300,502466
case_084,pre,3,11059,REDUCE,PIPE_V,307162,307246,84,502466
case_084,pre,3,11060,SUB,PIPE_V,307246,307330,84,502466
case_084,pre,3,11061,EXP,PIPE_V,307330,307630,300,502466
case_084,pre,3,1000027599,COPY_IN,PIPE_MTE2,307330,307334,4,502466
case_084,pre,3,1000027597,COPY_IN,PIPE_MTE2,307334,307604,270,502466
case_084,pre,3,1000027603,COPY_IN,PIPE_MTE2,307604,307756,152,502466
case_084,pre,3,11062,REDUCE,PIPE_V,307630,307714,84,502466
case_084,pre,3,11063,DIV,PIPE_V,307714,308014,300,502466
case_084,pre,3,1000027605,COPY_IN,PIPE_MTE2,307756,307860,104,502466
case_084,pre,3,11064,MATMUL,PIPE_M,308014,308602,588,502466
case_084,pre,3,11068,MATMUL,PIPE_M,308602,309190,588,502466
case_084,pre,3,1000027531,COPY_OUT,PIPE_MTE3,308602,308654,52,502466
case_084,pre,3,11070,DIV,PIPE_V,309190,309490,300,502466
case_084,pre,3,11071,REDUCE,PIPE_V,309490,309574,84,502466
case_084,pre,3,11072,SUB,PIPE_V,309574,309658,84,502466
case_084,pre,3,11073,EXP,PIPE_V,309658,309958,300,502466
case_084,pre,3,1000027609,COPY_IN,PIPE_MTE2,309658,309662,4,502466
case_084,pre,3,1000027607,COPY_IN,PIPE_MTE2,309662,309932,270,502466
case_084,pre,3,1000027613,COPY_IN,PIPE_MTE2,309932,310084,152,502466
case_084,pre,3,11074,REDUCE,PIPE_V,309958,310042,84,502466
case_084,pre,3,11075,DIV,PIPE_V,310042,310342,300,502466
case_084,pre,3,1000027615,COPY_IN,PIPE_MTE2,310084,310188,104,502466
case_084,pre,3,11076,MATMUL,PIPE_M,310342,310930,588,502466
case_084,pre,3,11080,MATMUL,PIPE_M,310930,311518,588,502466
case_084,pre,3,1000027541,COPY_OUT,PIPE_MTE3,310930,310982,52,502466
case_084,pre,3,11082,DIV,PIPE_V,311518,311818,300,502466
case_084,pre,3,11083,REDUCE,PIPE_V,311818,311902,84,502466
case_084,pre,3,11084,SUB,PIPE_V,311902,311986,84,502466
case_084,pre,3,11085,EXP,PIPE_V,311986,312286,300,502466
case_084,pre,3,1000027619,COPY_IN,PIPE_MTE2,311986,311990,4,502466
case_084,pre,3,1000027617,COPY_IN,PIPE_MTE2,311990,312260,270,502466
case_084,pre,3,1000027623,COPY_IN,PIPE_MTE2,312260,312412,152,502466
case_084,pre,3,11086,REDUCE,PIPE_V,312286,312370,84,502466
case_084,pre,3,11087,DIV,PIPE_V,312370,312670,300,502466
case_084,pre,3,1000027625,COPY_IN,PIPE_MTE2,312412,312516,104,502466
case_084,pre,3,11088,MATMUL,PIPE_M,312670,313258,588,502466
case_084,pre,3,11092,MATMUL,PIPE_M,313258,313846,588,502466
case_084,pre,3,1000027551,COPY_OUT,PIPE_MTE3,313258,313310,52,502466
case_084,pre,3,11094,DIV,PIPE_V,313846,314146,300,502466
case_084,pre,3,11095,REDUCE,PIPE_V,314146,314230,84,502466
case_084,pre,3,11096,SUB,PIPE_V,314230,314314,84,502466
case_084,pre,3,11097,EXP,PIPE_V,314314,314614,300,502466
case_084,pre,3,1000027629,COPY_IN,PIPE_MTE2,314314,314318,4,502466
case_084,pre,3,1000027627,COPY_IN,PIPE_MTE2,314318,314588,270,502466
case_084,pre,3,1000027633,COPY_IN,PIPE_MTE2,314588,314769,181,502466
case_084,pre,3,11098,REDUCE,PIPE_V,314614,314698,84,502466
case_084,pre,3,11099,DIV,PIPE_V,314698,314998,300,502466
case_084,pre,3,1000027635,COPY_IN,PIPE_MTE2,314769,314896,127,502466
case_084,pre,3,11100,MATMUL,PIPE_M,314998,315586,588,502466
case_084,pre,3,11104,MATMUL,PIPE_M,315586,316174,588,502466
case_084,pre,3,1000027561,COPY_OUT,PIPE_MTE3,315586,315638,52,502466
case_084,pre,3,11106,DIV,PIPE_V,316174,316474,300,502466
case_084,pre,3,11107,REDUCE,PIPE_V,316474,316558,84,502466
case_084,pre,3,11108,SUB,PIPE_V,316558,316642,84,502466
case_084,pre,3,11109,EXP,PIPE_V,316642,316942,300,502466
case_084,pre,3,1000027639,COPY_IN,PIPE_MTE2,316642,316645,3,502466
case_084,pre,3,1000027637,COPY_IN,PIPE_MTE2,316645,316838,193,502466
case_084,pre,3,1000027647,COPY_IN,PIPE_MTE2,316838,316959,121,502466
case_084,pre,3,11110,REDUCE,PIPE_V,316942,317026,84,502466
case_084,pre,3,1000018310,COPY_IN,PIPE_MTE2,316959,317063,104,502466
case_084,pre,3,11111,DIV,PIPE_V,317026,317326,300,502466
case_084,pre,3,1000018312,COPY_IN,PIPE_MTE2,317063,317123,60,502466
case_084,pre,3,11112,MATMUL,PIPE_M,317326,317914,588,502466
case_084,pre,3,11116,MATMUL,PIPE_M,317914,318502,588,502466
case_084,pre,3,1000027571,COPY_OUT,PIPE_MTE3,317914,317966,52,502466
case_084,pre,3,11118,DIV,PIPE_V,318502,318802,300,502466
case_084,pre,3,11119,REDUCE,PIPE_V,318802,318886,84,502466
case_084,pre,3,11120,SUB,PIPE_V,318886,318970,84,502466
case_084,pre,3,11121,EXP,PIPE_V,318970,319270,300,502466
case_084,pre,3,11122,REDUCE,PIPE_V,319270,319354,84,502466
case_084,pre,3,1000018316,COPY_IN,PIPE_MTE2,319270,319271,1,502466
case_084,pre,3,1000018314,COPY_IN,PIPE_MTE2,319271,319323,52,502466
case_084,pre,3,1000018320,COPY_IN,PIPE_MTE2,319323,319375,52,502466
case_084,pre,3,11123,DIV,PIPE_V,319354,319654,300,502466
case_084,pre,3,1000018322,COPY_IN,PIPE_MTE2,319375,319427,52,502466
case_084,pre,3,11124,MATMUL,PIPE_M,319654,320242,588,502466
case_084,pre,3,11128,MATMUL,PIPE_M,320242,320830,588,502466
case_084,pre,3,1000027581,COPY_OUT,PIPE_MTE3,320242,320346,104,502466
case_084,pre,3,11130,DIV,PIPE_V,320830,321130,300,502466
case_084,pre,3,11131,REDUCE,PIPE_V,321130,321214,84,502466
case_084,pre,3,11132,SUB,PIPE_V,321214,321298,84,502466
case_084,pre,3,11133,EXP,PIPE_V,321298,321598,300,502466
case_084,pre,3,11134,REDUCE,PIPE_V,321598,321682,84,502466
case_084,pre,3,1000018326,COPY_IN,PIPE_MTE2,321598,321599,1,502466
case_084,pre,3,1000018324,COPY_IN,PIPE_MTE2,321599,321651,52,502466
case_084,pre,3,1000018330,COPY_IN,PIPE_MTE2,321651,321703,52,502466
case_084,pre,3,11135,DIV,PIPE_V,321682,321982,300,502466
case_084,pre,3,1000018332,COPY_IN,PIPE_MTE2,321703,321755,52,502466
case_084,pre,3,11136,MATMUL,PIPE_M,321982,322570,588,502466
case_084,pre,3,11140,MATMUL,PIPE_M,322570,323158,588,502466
case_084,pre,3,1000027591,COPY_OUT,PIPE_MTE3,322570,322674,104,502466
case_084,pre,3,11142,DIV,PIPE_V,323158,323458,300,502466
case_084,pre,3,11143,REDUCE,PIPE_V,323458,323542,84,502466
case_084,pre,3,11144,SUB,PIPE_V,323542,323626,84,502466
case_084,pre,3,11145,EXP,PIPE_V,323626,323926,300,502466
case_084,pre,3,11146,REDUCE,PIPE_V,323926,324010,84,502466
case_084,pre,3,1000018336,COPY_IN,PIPE_MTE2,323926,323927,1,502466
case_084,pre,3,1000018334,COPY_IN,PIPE_MTE2,323927,323979,52,502466
case_084,pre,3,1000018340,COPY_IN,PIPE_MTE2,323979,324031,52,502466
case_084,pre,3,11147,DIV,PIPE_V,324010,324310,300,502466
case_084,pre,3,1000018342,COPY_IN,PIPE_MTE2,324031,324083,52,502466
case_084,pre,3,11148,MATMUL,PIPE_M,324310,324898,588,502466
case_084,pre,3,11152,MATMUL,PIPE_M,324898,325486,588,502466
case_084,pre,3,1000027601,COPY_OUT,PIPE_MTE3,324898,325002,104,502466
case_084,pre,3,11154,DIV,PIPE_V,325486,325786,300,502466
case_084,pre,3,11155,REDUCE,PIPE_V,325786,325870,84,502466
case_084,pre,3,11156,SUB,PIPE_V,325870,325954,84,502466
case_084,pre,3,11157,EXP,PIPE_V,325954,326254,300,502466
case_084,pre,3,11158,REDUCE,PIPE_V,326254,326338,84,502466
case_084,pre,3,1000018346,COPY_IN,PIPE_MTE2,326254,326255,1,502466
case_084,pre,3,1000018344,COPY_IN,PIPE_MTE2,326255,326307,52,502466
case_084,pre,3,1000018350,COPY_IN,PIPE_MTE2,326307,326359,52,502466
case_084,pre,3,11159,DIV,PIPE_V,326338,326638,300,502466
case_084,pre,3,1000018352,COPY_IN,PIPE_MTE2,326359,326411,52,502466
case_084,pre,3,11160,MATMUL,PIPE_M,326638,327226,588,502466
case_084,pre,3,11164,MATMUL,PIPE_M,327226,327814,588,502466
case_084,pre,3,1000027611,COPY_OUT,PIPE_MTE3,327226,327330,104,502466
case_084,pre,3,11166,DIV,PIPE_V,327814,328114,300,502466
case_084,pre,3,11167,REDUCE,PIPE_V,328114,328198,84,502466
case_084,pre,3,11168,SUB,PIPE_V,328198,328282,84,502466
case_084,pre,3,11169,EXP,PIPE_V,328282,328582,300,502466
case_084,pre,3,11170,REDUCE,PIPE_V,328582,328666,84,502466
case_084,pre,3,1000018356,COPY_IN,PIPE_MTE2,328582,328583,1,502466
case_084,pre,3,1000018354,COPY_IN,PIPE_MTE2,328583,328635,52,502466
case_084,pre,3,1000018360,COPY_IN,PIPE_MTE2,328635,328687,52,502466
case_084,pre,3,11171,DIV,PIPE_V,328666,328966,300,502466
case_084,pre,3,1000018362,COPY_IN,PIPE_MTE2,328687,328739,52,502466
case_084,pre,3,11172,MATMUL,PIPE_M,328966,329554,588,502466
case_084,pre,3,11176,MATMUL,PIPE_M,329554,330142,588,502466
case_084,pre,3,1000027621,COPY_OUT,PIPE_MTE3,329554,329658,104,502466
case_084,pre,3,11178,DIV,PIPE_V,330142,330442,300,502466
case_084,pre,3,11179,REDUCE,PIPE_V,330442,330526,84,502466
case_084,pre,3,11180,SUB,PIPE_V,330526,330610,84,502466
case_084,pre,3,11181,EXP,PIPE_V,330610,330910,300,502466
case_084,pre,3,11182,REDUCE,PIPE_V,330910,330994,84,502466
case_084,pre,3,1000018366,COPY_IN,PIPE_MTE2,330910,330911,1,502466
case_084,pre,3,1000018364,COPY_IN,PIPE_MTE2,330911,330963,52,502466
case_084,pre,3,1000018370,COPY_IN,PIPE_MTE2,330963,331015,52,502466
case_084,pre,3,11183,DIV,PIPE_V,330994,331294,300,502466
case_084,pre,3,1000018372,COPY_IN,PIPE_MTE2,331015,331067,52,502466
case_084,pre,3,11184,MATMUL,PIPE_M,331294,331882,588,502466
case_084,pre,3,11188,MATMUL,PIPE_M,331882,332470,588,502466
case_084,pre,3,1000027631,COPY_OUT,PIPE_MTE3,331882,332061,179,502466
case_084,pre,3,11190,DIV,PIPE_V,332470,332770,300,502466
case_084,pre,3,11191,REDUCE,PIPE_V,332770,332854,84,502466
case_084,pre,3,11192,SUB,PIPE_V,332854,332938,84,502466
case_084,pre,3,11193,EXP,PIPE_V,332938,333238,300,502466
case_084,pre,3,11194,REDUCE,PIPE_V,333238,333322,84,502466
case_084,pre,3,1000018376,COPY_IN,PIPE_MTE2,333238,333239,1,502466
case_084,pre,3,1000018374,COPY_IN,PIPE_MTE2,333239,333291,52,502466
case_084,pre,3,1000018380,COPY_IN,PIPE_MTE2,333291,333343,52,502466
case_084,pre,3,11195,DIV,PIPE_V,333322,333622,300,502466
case_084,pre,3,1000018382,COPY_IN,PIPE_MTE2,333343,333395,52,502466
case_084,pre,3,11196,MATMUL,PIPE_M,333622,334210,588,502466
case_084,pre,3,11206,REDUCE,PIPE_V,333622,333706,84,502466
case_084,pre,3,11207,DIV,PIPE_V,333706,334006,300,502466
case_084,pre,3,11208,MATMUL,PIPE_M,334210,334798,588,502466
case_084,pre,3,1000027641,COPY_OUT,PIPE_MTE3,334210,334262,52,502466
case_084,pre,3,4,MATMUL,PIPE_M,334798,335386,588,502466
case_084,pre,3,1000018386,COPY_IN,PIPE_MTE2,334798,334800,2,502466
case_084,pre,3,1000027651,COPY_OUT,PIPE_MTE3,334798,334940,142,502466
case_084,pre,3,1000018384,COPY_IN,PIPE_MTE2,334800,334943,143,502466
case_084,pre,3,1000018390,COPY_IN,PIPE_MTE2,334943,335079,136,502466
case_084,pre,3,1000018392,COPY_IN,PIPE_MTE2,335079,335193,114,502466
case_084,pre,3,6,DIV,PIPE_V,335386,335686,300,502466
case_084,pre,3,7,REDUCE,PIPE_V,335686,335770,84,502466
case_084,pre,3,8,SUB,PIPE_V,335770,335854,84,502466
case_084,pre,3,9,EXP,PIPE_V,335854,336154,300,502466
case_084,pre,3,10,REDUCE,PIPE_V,336154,336238,84,502466
case_084,pre,3,11,DIV,PIPE_V,336238,336538,300,502466
case_084,pre,3,12,MATMUL,PIPE_M,336538,337126,588,502466
case_084,pre,3,16,MATMUL,PIPE_M,337126,337714,588,502466
case_084,pre,3,1000018318,COPY_OUT,PIPE_MTE3,337126,337268,142,502466
case_084,pre,3,1000018396,COPY_IN,PIPE_MTE2,337126,337128,2,502466
case_084,pre,3,1000018394,COPY_IN,PIPE_MTE2,337128,337271,143,502466
case_084,pre,3,1000018400,COPY_IN,PIPE_MTE2,337271,337407,136,502466
case_084,pre,3,1000018402,COPY_IN,PIPE_MTE2,337407,337521,114,502466
case_084,pre,3,18,DIV,PIPE_V,337714,338014,300,502466
case_084,pre,3,19,REDUCE,PIPE_V,338014,338098,84,502466
case_084,pre,3,20,SUB,PIPE_V,338098,338182,84,502466
case_084,pre,3,21,EXP,PIPE_V,338182,338482,300,502466
case_084,pre,3,22,REDUCE,PIPE_V,338482,338566,84,502466
case_084,pre,3,23,DIV,PIPE_V,338566,338866,300,502466
case_084,pre,3,24,MATMUL,PIPE_M,338866,339454,588,502466
case_084,pre,3,28,MATMUL,PIPE_M,339454,340042,588,502466
case_084,pre,3,1000018328,COPY_OUT,PIPE_MTE3,339454,339596,142,502466
case_084,pre,3,1000018406,COPY_IN,PIPE_MTE2,339454,339456,2,502466
case_084,pre,3,1000018404,COPY_IN,PIPE_MTE2,339456,339599,143,502466
case_084,pre,3,1000018410,COPY_IN,PIPE_MTE2,339599,339735,136,502466
case_084,pre,3,1000018412,COPY_IN,PIPE_MTE2,339735,339849,114,502466
case_084,pre,3,30,DIV,PIPE_V,340042,340342,300,502466
case_084,pre,3,31,REDUCE,PIPE_V,340342,340426,84,502466
case_084,pre,3,32,SUB,PIPE_V,340426,340510,84,502466
case_084,pre,3,33,EXP,PIPE_V,340510,340810,300,502466
case_084,pre,3,34,REDUCE,PIPE_V,340810,340894,84,502466
case_084,pre,3,35,DIV,PIPE_V,340894,341194,300,502466
case_084,pre,3,36,MATMUL,PIPE_M,341194,341782,588,502466
case_084,pre,3,40,MATMUL,PIPE_M,341782,342370,588,502466
case_084,pre,3,1000018338,COPY_OUT,PIPE_MTE3,341782,341924,142,502466
case_084,pre,3,1000018416,COPY_IN,PIPE_MTE2,341782,341784,2,502466
case_084,pre,3,1000018414,COPY_IN,PIPE_MTE2,341784,341927,143,502466
case_084,pre,3,1000018420,COPY_IN,PIPE_MTE2,341927,342063,136,502466
case_084,pre,3,1000018422,COPY_IN,PIPE_MTE2,342063,342177,114,502466
case_084,pre,3,42,DIV,PIPE_V,342370,342670,300,502466
case_084,pre,3,43,REDUCE,PIPE_V,342670,342754,84,502466
case_084,pre,3,44,SUB,PIPE_V,342754,342838,84,502466
case_084,pre,3,45,EXP,PIPE_V,342838,343138,300,502466
case_084,pre,3,46,REDUCE,PIPE_V,343138,343222,84,502466
case_084,pre,3,47,DIV,PIPE_V,343222,343522,300,502466
case_084,pre,3,48,MATMUL,PIPE_M,343522,344110,588,502466
case_084,pre,3,52,MATMUL,PIPE_M,344110,344698,588,502466
case_084,pre,3,1000018348,COPY_OUT,PIPE_MTE3,344110,344252,142,502466
case_084,pre,3,1000018426,COPY_IN,PIPE_MTE2,344110,344112,2,502466
case_084,pre,3,1000018424,COPY_IN,PIPE_MTE2,344112,344255,143,502466
case_084,pre,3,1000018430,COPY_IN,PIPE_MTE2,344255,344391,136,502466
case_084,pre,3,1000018432,COPY_IN,PIPE_MTE2,344391,344505,114,502466
case_084,pre,3,54,DIV,PIPE_V,344698,344998,300,502466
case_084,pre,3,55,REDUCE,PIPE_V,344998,345082,84,502466
case_084,pre,3,56,SUB,PIPE_V,345082,345166,84,502466
case_084,pre,3,57,EXP,PIPE_V,345166,345466,300,502466
case_084,pre,3,58,REDUCE,PIPE_V,345466,345550,84,502466
case_084,pre,3,59,DIV,PIPE_V,345550,345850,300,502466
case_084,pre,3,60,MATMUL,PIPE_M,345850,346438,588,502466
case_084,pre,3,64,MATMUL,PIPE_M,346438,347026,588,502466
case_084,pre,3,1000018358,COPY_OUT,PIPE_MTE3,346438,346580,142,502466
case_084,pre,3,1000018436,COPY_IN,PIPE_MTE2,346438,346440,2,502466
case_084,pre,3,1000018434,COPY_IN,PIPE_MTE2,346440,346583,143,502466
case_084,pre,3,1000018440,COPY_IN,PIPE_MTE2,346583,346719,136,502466
case_084,pre,3,1000018442,COPY_IN,PIPE_MTE2,346719,346833,114,502466
case_084,pre,3,66,DIV,PIPE_V,347026,347326,300,502466
case_084,pre,3,67,REDUCE,PIPE_V,347326,347410,84,502466
case_084,pre,3,68,SUB,PIPE_V,347410,347494,84,502466
case_084,pre,3,69,EXP,PIPE_V,347494,347794,300,502466
case_084,pre,3,70,REDUCE,PIPE_V,347794,347878,84,502466
case_084,pre,3,71,DIV,PIPE_V,347878,348178,300,502466
case_084,pre,3,72,MATMUL,PIPE_M,348178,348766,588,502466
case_084,pre,3,76,MATMUL,PIPE_M,348766,349354,588,502466
case_084,pre,3,1000018368,COPY_OUT,PIPE_MTE3,348766,348908,142,502466
case_084,pre,3,1000018446,COPY_IN,PIPE_MTE2,348766,348768,2,502466
case_084,pre,3,1000018444,COPY_IN,PIPE_MTE2,348768,348911,143,502466
case_084,pre,3,1000018450,COPY_IN,PIPE_MTE2,348911,349047,136,502466
case_084,pre,3,1000018452,COPY_IN,PIPE_MTE2,349047,349161,114,502466
case_084,pre,3,78,DIV,PIPE_V,349354,349654,300,502466
case_084,pre,3,79,REDUCE,PIPE_V,349654,349738,84,502466
case_084,pre,3,80,SUB,PIPE_V,349738,349822,84,502466
case_084,pre,3,81,EXP,PIPE_V,349822,350122,300,502466
case_084,pre,3,82,REDUCE,PIPE_V,350122,350206,84,502466
case_084,pre,3,83,DIV,PIPE_V,350206,350506,300,502466
case_084,pre,3,84,MATMUL,PIPE_M,350506,351094,588,502466
case_084,pre,3,88,MATMUL,PIPE_M,351094,351682,588,502466
case_084,pre,3,1000018378,COPY_OUT,PIPE_MTE3,351094,351236,142,502466
case_084,pre,3,1000018456,COPY_IN,PIPE_MTE2,351094,351096,2,502466
case_084,pre,3,1000018454,COPY_IN,PIPE_MTE2,351096,351239,143,502466
case_084,pre,3,1000018460,COPY_IN,PIPE_MTE2,351239,351375,136,502466
case_084,pre,3,1000018462,COPY_IN,PIPE_MTE2,351375,351489,114,502466
case_084,pre,3,90,DIV,PIPE_V,351682,351982,300,502466
case_084,pre,3,91,REDUCE,PIPE_V,351982,352066,84,502466
case_084,pre,3,92,SUB,PIPE_V,352066,352150,84,502466
case_084,pre,3,93,EXP,PIPE_V,352150,352450,300,502466
case_084,pre,3,94,REDUCE,PIPE_V,352450,352534,84,502466
case_084,pre,3,95,DIV,PIPE_V,352534,352834,300,502466
case_084,pre,3,96,MATMUL,PIPE_M,352834,353422,588,502466
case_084,pre,3,100,MATMUL,PIPE_M,353422,354010,588,502466
case_084,pre,3,1000018388,COPY_OUT,PIPE_MTE3,353422,353564,142,502466
case_084,pre,3,1000018466,COPY_IN,PIPE_MTE2,353422,353424,2,502466
case_084,pre,3,1000018464,COPY_IN,PIPE_MTE2,353424,353567,143,502466
case_084,pre,3,1000018470,COPY_IN,PIPE_MTE2,353567,353703,136,502466
case_084,pre,3,1000018472,COPY_IN,PIPE_MTE2,353703,353817,114,502466
case_084,pre,3,102,DIV,PIPE_V,354010,354310,300,502466
case_084,pre,3,103,REDUCE,PIPE_V,354310,354394,84,502466
case_084,pre,3,104,SUB,PIPE_V,354394,354478,84,502466
case_084,pre,3,105,EXP,PIPE_V,354478,354778,300,502466
case_084,pre,3,106,REDUCE,PIPE_V,354778,354862,84,502466
case_084,pre,3,107,DIV,PIPE_V,354862,355162,300,502466
case_084,pre,3,108,MATMUL,PIPE_M,355162,355750,588,502466
case_084,pre,3,112,MATMUL,PIPE_M,355750,356338,588,502466
case_084,pre,3,1000018398,COPY_OUT,PIPE_MTE3,355750,355892,142,502466
case_084,pre,3,1000018476,COPY_IN,PIPE_MTE2,355750,355752,2,502466
case_084,pre,3,1000018474,COPY_IN,PIPE_MTE2,355752,355895,143,502466
case_084,pre,3,1000018480,COPY_IN,PIPE_MTE2,355895,356031,136,502466
case_084,pre,3,1000018482,COPY_IN,PIPE_MTE2,356031,356145,114,502466
case_084,pre,3,114,DIV,PIPE_V,356338,356638,300,502466
case_084,pre,3,115,REDUCE,PIPE_V,356638,356722,84,502466
case_084,pre,3,116,SUB,PIPE_V,356722,356806,84,502466
case_084,pre,3,117,EXP,PIPE_V,356806,357106,300,502466
case_084,pre,3,118,REDUCE,PIPE_V,357106,357190,84,502466
case_084,pre,3,119,DIV,PIPE_V,357190,357490,300,502466
case_084,pre,3,120,MATMUL,PIPE_M,357490,358078,588,502466
case_084,pre,3,124,MATMUL,PIPE_M,358078,358666,588,502466
case_084,pre,3,1000018408,COPY_OUT,PIPE_MTE3,358078,358220,142,502466
case_084,pre,3,1000018486,COPY_IN,PIPE_MTE2,358078,358080,2,502466
case_084,pre,3,1000018484,COPY_IN,PIPE_MTE2,358080,358223,143,502466
case_084,pre,3,1000018490,COPY_IN,PIPE_MTE2,358223,358359,136,502466
case_084,pre,3,1000018492,COPY_IN,PIPE_MTE2,358359,358473,114,502466
case_084,pre,3,126,DIV,PIPE_V,358666,358966,300,502466
case_084,pre,3,127,REDUCE,PIPE_V,358966,359050,84,502466
case_084,pre,3,128,SUB,PIPE_V,359050,359134,84,502466
case_084,pre,3,129,EXP,PIPE_V,359134,359434,300,502466
case_084,pre,3,130,REDUCE,PIPE_V,359434,359518,84,502466
case_084,pre,3,131,DIV,PIPE_V,359518,359818,300,502466
case_084,pre,3,132,MATMUL,PIPE_M,359818,360406,588,502466
case_084,pre,3,136,MATMUL,PIPE_M,360406,360994,588,502466
case_084,pre,3,1000018418,COPY_OUT,PIPE_MTE3,360406,360548,142,502466
case_084,pre,3,1000018496,COPY_IN,PIPE_MTE2,360406,360408,2,502466
case_084,pre,3,1000018494,COPY_IN,PIPE_MTE2,360408,360551,143,502466
case_084,pre,3,1000018500,COPY_IN,PIPE_MTE2,360551,360687,136,502466
case_084,pre,3,1000018502,COPY_IN,PIPE_MTE2,360687,360801,114,502466
case_084,pre,3,138,DIV,PIPE_V,360994,361294,300,502466
case_084,pre,3,139,REDUCE,PIPE_V,361294,361378,84,502466
case_084,pre,3,140,SUB,PIPE_V,361378,361462,84,502466
case_084,pre,3,141,EXP,PIPE_V,361462,361762,300,502466
case_084,pre,3,142,REDUCE,PIPE_V,361762,361846,84,502466
case_084,pre,3,143,DIV,PIPE_V,361846,362146,300,502466
case_084,pre,3,144,MATMUL,PIPE_M,362146,362734,588,502466
case_084,pre,3,148,MATMUL,PIPE_M,362734,363322,588,502466
case_084,pre,3,1000018428,COPY_OUT,PIPE_MTE3,362734,362876,142,502466
case_084,pre,3,1000018506,COPY_IN,PIPE_MTE2,362734,362736,2,502466
case_084,pre,3,1000018504,COPY_IN,PIPE_MTE2,362736,362879,143,502466
case_084,pre,3,1000018510,COPY_IN,PIPE_MTE2,362879,363015,136,502466
case_084,pre,3,1000018512,COPY_IN,PIPE_MTE2,363015,363129,114,502466
case_084,pre,3,150,DIV,PIPE_V,363322,363622,300,502466
case_084,pre,3,151,REDUCE,PIPE_V,363622,363706,84,502466
case_084,pre,3,152,SUB,PIPE_V,363706,363790,84,502466
case_084,pre,3,153,EXP,PIPE_V,363790,364090,300,502466
case_084,pre,3,154,REDUCE,PIPE_V,364090,364174,84,502466
case_084,pre,3,155,DIV,PIPE_V,364174,364474,300,502466
case_084,pre,3,156,MATMUL,PIPE_M,364474,365062,588,502466
case_084,pre,3,160,MATMUL,PIPE_M,365062,365650,588,502466
case_084,pre,3,1000018438,COPY_OUT,PIPE_MTE3,365062,365204,142,502466
case_084,pre,3,1000018516,COPY_IN,PIPE_MTE2,365062,365064,2,502466
case_084,pre,3,1000018514,COPY_IN,PIPE_MTE2,365064,365207,143,502466
case_084,pre,3,1000018520,COPY_IN,PIPE_MTE2,365207,365343,136,502466
case_084,pre,3,1000018522,COPY_IN,PIPE_MTE2,365343,365457,114,502466
case_084,pre,3,162,DIV,PIPE_V,365650,365950,300,502466
case_084,pre,3,163,REDUCE,PIPE_V,365950,366034,84,502466
case_084,pre,3,164,SUB,PIPE_V,366034,366118,84,502466
case_084,pre,3,165,EXP,PIPE_V,366118,366418,300,502466
case_084,pre,3,166,REDUCE,PIPE_V,366418,366502,84,502466
case_084,pre,3,167,DIV,PIPE_V,366502,366802,300,502466
case_084,pre,3,168,MATMUL,PIPE_M,366802,367390,588,502466
case_084,pre,3,172,MATMUL,PIPE_M,367390,367978,588,502466
case_084,pre,3,1000018448,COPY_OUT,PIPE_MTE3,367390,367532,142,502466
case_084,pre,3,1000018526,COPY_IN,PIPE_MTE2,367390,367392,2,502466
case_084,pre,3,1000018524,COPY_IN,PIPE_MTE2,367392,367535,143,502466
case_084,pre,3,1000018530,COPY_IN,PIPE_MTE2,367535,367671,136,502466
case_084,pre,3,1000018532,COPY_IN,PIPE_MTE2,367671,367785,114,502466
case_084,pre,3,174,DIV,PIPE_V,367978,368278,300,502466
case_084,pre,3,175,REDUCE,PIPE_V,368278,368362,84,502466
case_084,pre,3,176,SUB,PIPE_V,368362,368446,84,502466
case_084,pre,3,177,EXP,PIPE_V,368446,368746,300,502466
case_084,pre,3,178,REDUCE,PIPE_V,368746,368830,84,502466
case_084,pre,3,179,DIV,PIPE_V,368830,369130,300,502466
case_084,pre,3,180,MATMUL,PIPE_M,369130,369718,588,502466
case_084,pre,3,184,MATMUL,PIPE_M,369718,370306,588,502466
case_084,pre,3,1000018458,COPY_OUT,PIPE_MTE3,369718,369860,142,502466
case_084,pre,3,1000018536,COPY_IN,PIPE_MTE2,369718,369720,2,502466
case_084,pre,3,1000018534,COPY_IN,PIPE_MTE2,369720,369863,143,502466
case_084,pre,3,1000018540,COPY_IN,PIPE_MTE2,369863,369999,136,502466
case_084,pre,3,1000018542,COPY_IN,PIPE_MTE2,369999,370113,114,502466
case_084,pre,3,186,DIV,PIPE_V,370306,370606,300,502466
case_084,pre,3,187,REDUCE,PIPE_V,370606,370690,84,502466
case_084,pre,3,188,SUB,PIPE_V,370690,370774,84,502466
case_084,pre,3,189,EXP,PIPE_V,370774,371074,300,502466
case_084,pre,3,190,REDUCE,PIPE_V,371074,371158,84,502466
case_084,pre,3,191,DIV,PIPE_V,371158,371458,300,502466
case_084,pre,3,192,MATMUL,PIPE_M,371458,372046,588,502466
case_084,pre,3,196,MATMUL,PIPE_M,372046,372634,588,502466
case_084,pre,3,1000018468,COPY_OUT,PIPE_MTE3,372046,372188,142,502466
case_084,pre,3,1000018546,COPY_IN,PIPE_MTE2,372046,372048,2,502466
case_084,pre,3,1000018544,COPY_IN,PIPE_MTE2,372048,372191,143,502466
case_084,pre,3,1000018550,COPY_IN,PIPE_MTE2,372191,372327,136,502466
case_084,pre,3,1000018552,COPY_IN,PIPE_MTE2,372327,372441,114,502466
case_084,pre,3,198,DIV,PIPE_V,372634,372934,300,502466
case_084,pre,3,199,REDUCE,PIPE_V,372934,373018,84,502466
case_084,pre,3,200,SUB,PIPE_V,373018,373102,84,502466
case_084,pre,3,201,EXP,PIPE_V,373102,373402,300,502466
case_084,pre,3,202,REDUCE,PIPE_V,373402,373486,84,502466
case_084,pre,3,203,DIV,PIPE_V,373486,373786,300,502466
case_084,pre,3,204,MATMUL,PIPE_M,373786,374374,588,502466
case_084,pre,3,208,MATMUL,PIPE_M,374374,374962,588,502466
case_084,pre,3,1000018478,COPY_OUT,PIPE_MTE3,374374,374516,142,502466
case_084,pre,3,1000018556,COPY_IN,PIPE_MTE2,374374,374376,2,502466
case_084,pre,3,1000018554,COPY_IN,PIPE_MTE2,374376,374519,143,502466
case_084,pre,3,1000018560,COPY_IN,PIPE_MTE2,374519,374655,136,502466
case_084,pre,3,1000018562,COPY_IN,PIPE_MTE2,374655,374769,114,502466
case_084,pre,3,210,DIV,PIPE_V,374962,375262,300,502466
case_084,pre,3,211,REDUCE,PIPE_V,375262,375346,84,502466
case_084,pre,3,212,SUB,PIPE_V,375346,375430,84,502466
case_084,pre,3,213,EXP,PIPE_V,375430,375730,300,502466
case_084,pre,3,214,REDUCE,PIPE_V,375730,375814,84,502466
case_084,pre,3,215,DIV,PIPE_V,375814,376114,300,502466
case_084,pre,3,216,MATMUL,PIPE_M,376114,376702,588,502466
case_084,pre,3,220,MATMUL,PIPE_M,376702,377290,588,502466
case_084,pre,3,1000018488,COPY_OUT,PIPE_MTE3,376702,376844,142,502466
case_084,pre,3,1000018566,COPY_IN,PIPE_MTE2,376702,376704,2,502466
case_084,pre,3,1000018564,COPY_IN,PIPE_MTE2,376704,376847,143,502466
case_084,pre,3,1000018570,COPY_IN,PIPE_MTE2,376847,376983,136,502466
case_084,pre,3,1000018572,COPY_IN,PIPE_MTE2,376983,377097,114,502466
case_084,pre,3,222,DIV,PIPE_V,377290,377590,300,502466
case_084,pre,3,223,REDUCE,PIPE_V,377590,377674,84,502466
case_084,pre,3,224,SUB,PIPE_V,377674,377758,84,502466
case_084,pre,3,225,EXP,PIPE_V,377758,378058,300,502466
case_084,pre,3,226,REDUCE,PIPE_V,378058,378142,84,502466
case_084,pre,3,227,DIV,PIPE_V,378142,378442,300,502466
case_084,pre,3,228,MATMUL,PIPE_M,378442,379030,588,502466
case_084,pre,3,232,MATMUL,PIPE_M,379030,379618,588,502466
case_084,pre,3,1000018498,COPY_OUT,PIPE_MTE3,379030,379172,142,502466
case_084,pre,3,1000018576,COPY_IN,PIPE_MTE2,379030,379032,2,502466
case_084,pre,3,1000018574,COPY_IN,PIPE_MTE2,379032,379175,143,502466
case_084,pre,3,1000018580,COPY_IN,PIPE_MTE2,379175,379311,136,502466
case_084,pre,3,1000018582,COPY_IN,PIPE_MTE2,379311,379425,114,502466
case_084,pre,3,234,DIV,PIPE_V,379618,379918,300,502466
case_084,pre,3,235,REDUCE,PIPE_V,379918,380002,84,502466
case_084,pre,3,236,SUB,PIPE_V,380002,380086,84,502466
case_084,pre,3,237,EXP,PIPE_V,380086,380386,300,502466
case_084,pre,3,238,REDUCE,PIPE_V,380386,380470,84,502466
case_084,pre,3,239,DIV,PIPE_V,380470,380770,300,502466
case_084,pre,3,240,MATMUL,PIPE_M,380770,381358,588,502466
case_084,pre,3,244,MATMUL,PIPE_M,381358,381946,588,502466
case_084,pre,3,1000018508,COPY_OUT,PIPE_MTE3,381358,381500,142,502466
case_084,pre,3,1000018586,COPY_IN,PIPE_MTE2,381358,381360,2,502466
case_084,pre,3,1000018584,COPY_IN,PIPE_MTE2,381360,381503,143,502466
case_084,pre,3,1000018590,COPY_IN,PIPE_MTE2,381503,381639,136,502466
case_084,pre,3,1000018592,COPY_IN,PIPE_MTE2,381639,381753,114,502466
case_084,pre,3,246,DIV,PIPE_V,381946,382246,300,502466
case_084,pre,3,247,REDUCE,PIPE_V,382246,382330,84,502466
case_084,pre,3,248,SUB,PIPE_V,382330,382414,84,502466
case_084,pre,3,249,EXP,PIPE_V,382414,382714,300,502466
case_084,pre,3,250,REDUCE,PIPE_V,382714,382798,84,502466
case_084,pre,3,251,DIV,PIPE_V,382798,383098,300,502466
case_084,pre,3,252,MATMUL,PIPE_M,383098,383686,588,502466
case_084,pre,3,256,MATMUL,PIPE_M,383686,384274,588,502466
case_084,pre,3,1000018518,COPY_OUT,PIPE_MTE3,383686,383828,142,502466
case_084,pre,3,1000018596,COPY_IN,PIPE_MTE2,383686,383688,2,502466
case_084,pre,3,1000018594,COPY_IN,PIPE_MTE2,383688,383831,143,502466
case_084,pre,3,1000018600,COPY_IN,PIPE_MTE2,383831,383967,136,502466
case_084,pre,3,1000018602,COPY_IN,PIPE_MTE2,383967,384081,114,502466
case_084,pre,3,258,DIV,PIPE_V,384274,384574,300,502466
case_084,pre,3,259,REDUCE,PIPE_V,384574,384658,84,502466
case_084,pre,3,260,SUB,PIPE_V,384658,384742,84,502466
case_084,pre,3,261,EXP,PIPE_V,384742,385042,300,502466
case_084,pre,3,262,REDUCE,PIPE_V,385042,385126,84,502466
case_084,pre,3,263,DIV,PIPE_V,385126,385426,300,502466
case_084,pre,3,264,MATMUL,PIPE_M,385426,386014,588,502466
case_084,pre,3,268,MATMUL,PIPE_M,386014,386602,588,502466
case_084,pre,3,1000018528,COPY_OUT,PIPE_MTE3,386014,386156,142,502466
case_084,pre,3,1000018606,COPY_IN,PIPE_MTE2,386014,386016,2,502466
case_084,pre,3,1000018604,COPY_IN,PIPE_MTE2,386016,386159,143,502466
case_084,pre,3,1000018610,COPY_IN,PIPE_MTE2,386159,386295,136,502466
case_084,pre,3,1000018612,COPY_IN,PIPE_MTE2,386295,386409,114,502466
case_084,pre,3,270,DIV,PIPE_V,386602,386902,300,502466
case_084,pre,3,271,REDUCE,PIPE_V,386902,386986,84,502466
case_084,pre,3,272,SUB,PIPE_V,386986,387070,84,502466
case_084,pre,3,273,EXP,PIPE_V,387070,387370,300,502466
case_084,pre,3,274,REDUCE,PIPE_V,387370,387454,84,502466
case_084,pre,3,275,DIV,PIPE_V,387454,387754,300,502466
case_084,pre,3,276,MATMUL,PIPE_M,387754,388342,588,502466
case_084,pre,3,280,MATMUL,PIPE_M,388342,388930,588,502466
case_084,pre,3,1000018538,COPY_OUT,PIPE_MTE3,388342,388484,142,502466
case_084,pre,3,1000018616,COPY_IN,PIPE_MTE2,388342,388344,2,502466
case_084,pre,3,1000018614,COPY_IN,PIPE_MTE2,388344,388487,143,502466
case_084,pre,3,1000018620,COPY_IN,PIPE_MTE2,388487,388623,136,502466
case_084,pre,3,1000018622,COPY_IN,PIPE_MTE2,388623,388737,114,502466
case_084,pre,3,282,DIV,PIPE_V,388930,389230,300,502466
case_084,pre,3,283,REDUCE,PIPE_V,389230,389314,84,502466
case_084,pre,3,284,SUB,PIPE_V,389314,389398,84,502466
case_084,pre,3,285,EXP,PIPE_V,389398,389698,300,502466
case_084,pre,3,286,REDUCE,PIPE_V,389698,389782,84,502466
case_084,pre,3,287,DIV,PIPE_V,389782,390082,300,502466
case_084,pre,3,288,MATMUL,PIPE_M,390082,390670,588,502466
case_084,pre,3,292,MATMUL,PIPE_M,390670,391258,588,502466
case_084,pre,3,1000018548,COPY_OUT,PIPE_MTE3,390670,390812,142,502466
case_084,pre,3,1000018626,COPY_IN,PIPE_MTE2,390670,390672,2,502466
case_084,pre,3,1000018624,COPY_IN,PIPE_MTE2,390672,390815,143,502466
case_084,pre,3,1000018630,COPY_IN,PIPE_MTE2,390815,390951,136,502466
case_084,pre,3,1000018632,COPY_IN,PIPE_MTE2,390951,391065,114,502466
case_084,pre,3,294,DIV,PIPE_V,391258,391558,300,502466
case_084,pre,3,295,REDUCE,PIPE_V,391558,391642,84,502466
case_084,pre,3,296,SUB,PIPE_V,391642,391726,84,502466
case_084,pre,3,297,EXP,PIPE_V,391726,392026,300,502466
case_084,pre,3,298,REDUCE,PIPE_V,392026,392110,84,502466
case_084,pre,3,299,DIV,PIPE_V,392110,392410,300,502466
case_084,pre,3,300,MATMUL,PIPE_M,392410,392998,588,502466
case_084,pre,3,304,MATMUL,PIPE_M,392998,393586,588,502466
case_084,pre,3,1000018558,COPY_OUT,PIPE_MTE3,392998,393140,142,502466
case_084,pre,3,1000018636,COPY_IN,PIPE_MTE2,392998,393000,2,502466
case_084,pre,3,1000018634,COPY_IN,PIPE_MTE2,393000,393143,143,502466
case_084,pre,3,1000018640,COPY_IN,PIPE_MTE2,393143,393279,136,502466
case_084,pre,3,1000018642,COPY_IN,PIPE_MTE2,393279,393393,114,502466
case_084,pre,3,306,DIV,PIPE_V,393586,393886,300,502466
case_084,pre,3,307,REDUCE,PIPE_V,393886,393970,84,502466
case_084,pre,3,308,SUB,PIPE_V,393970,394054,84,502466
case_084,pre,3,309,EXP,PIPE_V,394054,394354,300,502466
case_084,pre,3,310,REDUCE,PIPE_V,394354,394438,84,502466
case_084,pre,3,311,DIV,PIPE_V,394438,394738,300,502466
case_084,pre,3,312,MATMUL,PIPE_M,394738,395326,588,502466
case_084,pre,3,316,MATMUL,PIPE_M,395326,395914,588,502466
case_084,pre,3,1000018568,COPY_OUT,PIPE_MTE3,395326,395468,142,502466
case_084,pre,3,1000018646,COPY_IN,PIPE_MTE2,395326,395328,2,502466
case_084,pre,3,1000018644,COPY_IN,PIPE_MTE2,395328,395471,143,502466
case_084,pre,3,1000018650,COPY_IN,PIPE_MTE2,395471,395607,136,502466
case_084,pre,3,1000018652,COPY_IN,PIPE_MTE2,395607,395721,114,502466
case_084,pre,3,318,DIV,PIPE_V,395914,396214,300,502466
case_084,pre,3,319,REDUCE,PIPE_V,396214,396298,84,502466
case_084,pre,3,320,SUB,PIPE_V,396298,396382,84,502466
case_084,pre,3,321,EXP,PIPE_V,396382,396682,300,502466
case_084,pre,3,322,REDUCE,PIPE_V,396682,396766,84,502466
case_084,pre,3,323,DIV,PIPE_V,396766,397066,300,502466
case_084,pre,3,324,MATMUL,PIPE_M,397066,397654,588,502466
case_084,pre,3,328,MATMUL,PIPE_M,397654,398242,588,502466
case_084,pre,3,1000018578,COPY_OUT,PIPE_MTE3,397654,397796,142,502466
case_084,pre,3,1000018656,COPY_IN,PIPE_MTE2,397654,397656,2,502466
case_084,pre,3,1000018654,COPY_IN,PIPE_MTE2,397656,397799,143,502466
case_084,pre,3,1000018660,COPY_IN,PIPE_MTE2,397799,397935,136,502466
case_084,pre,3,1000018662,COPY_IN,PIPE_MTE2,397935,398049,114,502466
case_084,pre,3,330,DIV,PIPE_V,398242,398542,300,502466
case_084,pre,3,331,REDUCE,PIPE_V,398542,398626,84,502466
case_084,pre,3,332,SUB,PIPE_V,398626,398710,84,502466
case_084,pre,3,333,EXP,PIPE_V,398710,399010,300,502466
case_084,pre,3,334,REDUCE,PIPE_V,399010,399094,84,502466
case_084,pre,3,335,DIV,PIPE_V,399094,399394,300,502466
case_084,pre,3,336,MATMUL,PIPE_M,399394,399982,588,502466
case_084,pre,3,340,MATMUL,PIPE_M,399982,400570,588,502466
case_084,pre,3,1000018588,COPY_OUT,PIPE_MTE3,399982,400124,142,502466
case_084,pre,3,1000018666,COPY_IN,PIPE_MTE2,399982,399984,2,502466
case_084,pre,3,1000018664,COPY_IN,PIPE_MTE2,399984,400127,143,502466
case_084,pre,3,1000018670,COPY_IN,PIPE_MTE2,400127,400263,136,502466
case_084,pre,3,1000018672,COPY_IN,PIPE_MTE2,400263,400377,114,502466
case_084,pre,3,342,DIV,PIPE_V,400570,400870,300,502466
case_084,pre,3,343,REDUCE,PIPE_V,400870,400954,84,502466
case_084,pre,3,344,SUB,PIPE_V,400954,401038,84,502466
case_084,pre,3,345,EXP,PIPE_V,401038,401338,300,502466
case_084,pre,3,346,REDUCE,PIPE_V,401338,401422,84,502466
case_084,pre,3,347,DIV,PIPE_V,401422,401722,300,502466
case_084,pre,3,348,MATMUL,PIPE_M,401722,402310,588,502466
case_084,pre,3,352,MATMUL,PIPE_M,402310,402898,588,502466
case_084,pre,3,1000018598,COPY_OUT,PIPE_MTE3,402310,402452,142,502466
case_084,pre,3,1000018676,COPY_IN,PIPE_MTE2,402310,402312,2,502466
case_084,pre,3,1000018674,COPY_IN,PIPE_MTE2,402312,402455,143,502466
case_084,pre,3,1000018680,COPY_IN,PIPE_MTE2,402455,402591,136,502466
case_084,pre,3,1000018682,COPY_IN,PIPE_MTE2,402591,402705,114,502466
case_084,pre,3,354,DIV,PIPE_V,402898,403198,300,502466
case_084,pre,3,355,REDUCE,PIPE_V,403198,403282,84,502466
case_084,pre,3,356,SUB,PIPE_V,403282,403366,84,502466
case_084,pre,3,357,EXP,PIPE_V,403366,403666,300,502466
case_084,pre,3,358,REDUCE,PIPE_V,403666,403750,84,502466
case_084,pre,3,359,DIV,PIPE_V,403750,404050,300,502466
case_084,pre,3,360,MATMUL,PIPE_M,404050,404638,588,502466
case_084,pre,3,364,MATMUL,PIPE_M,404638,405226,588,502466
case_084,pre,3,1000018608,COPY_OUT,PIPE_MTE3,404638,404780,142,502466
case_084,pre,3,1000018686,COPY_IN,PIPE_MTE2,404638,404640,2,502466
case_084,pre,3,1000018684,COPY_IN,PIPE_MTE2,404640,404783,143,502466
case_084,pre,3,1000018690,COPY_IN,PIPE_MTE2,404783,404919,136,502466
case_084,pre,3,1000018692,COPY_IN,PIPE_MTE2,404919,405033,114,502466
case_084,pre,3,366,DIV,PIPE_V,405226,405526,300,502466
case_084,pre,3,367,REDUCE,PIPE_V,405526,405610,84,502466
case_084,pre,3,368,SUB,PIPE_V,405610,405694,84,502466
case_084,pre,3,369,EXP,PIPE_V,405694,405994,300,502466
case_084,pre,3,370,REDUCE,PIPE_V,405994,406078,84,502466
case_084,pre,3,371,DIV,PIPE_V,406078,406378,300,502466
case_084,pre,3,372,MATMUL,PIPE_M,406378,406966,588,502466
case_084,pre,3,376,MATMUL,PIPE_M,406966,407554,588,502466
case_084,pre,3,1000018618,COPY_OUT,PIPE_MTE3,406966,407108,142,502466
case_084,pre,3,1000018696,COPY_IN,PIPE_MTE2,406966,406968,2,502466
case_084,pre,3,1000018694,COPY_IN,PIPE_MTE2,406968,407111,143,502466
case_084,pre,3,1000018700,COPY_IN,PIPE_MTE2,407111,407247,136,502466
case_084,pre,3,1000018702,COPY_IN,PIPE_MTE2,407247,407361,114,502466
case_084,pre,3,378,DIV,PIPE_V,407554,407854,300,502466
case_084,pre,3,379,REDUCE,PIPE_V,407854,407938,84,502466
case_084,pre,3,380,SUB,PIPE_V,407938,408022,84,502466
case_084,pre,3,381,EXP,PIPE_V,408022,408322,300,502466
case_084,pre,3,382,REDUCE,PIPE_V,408322,408406,84,502466
case_084,pre,3,383,DIV,PIPE_V,408406,408706,300,502466
case_084,pre,3,384,MATMUL,PIPE_M,408706,409294,588,502466
case_084,pre,3,388,MATMUL,PIPE_M,409294,409882,588,502466
case_084,pre,3,1000018628,COPY_OUT,PIPE_MTE3,409294,409436,142,502466
case_084,pre,3,1000018706,COPY_IN,PIPE_MTE2,409294,409296,2,502466
case_084,pre,3,1000018704,COPY_IN,PIPE_MTE2,409296,409439,143,502466
case_084,pre,3,1000018710,COPY_IN,PIPE_MTE2,409439,409575,136,502466
case_084,pre,3,1000018712,COPY_IN,PIPE_MTE2,409575,409689,114,502466
case_084,pre,3,390,DIV,PIPE_V,409882,410182,300,502466
case_084,pre,3,391,REDUCE,PIPE_V,410182,410266,84,502466
case_084,pre,3,392,SUB,PIPE_V,410266,410350,84,502466
case_084,pre,3,393,EXP,PIPE_V,410350,410650,300,502466
case_084,pre,3,394,REDUCE,PIPE_V,410650,410734,84,502466
case_084,pre,3,395,DIV,PIPE_V,410734,411034,300,502466
case_084,pre,3,396,MATMUL,PIPE_M,411034,411622,588,502466
case_084,pre,3,400,MATMUL,PIPE_M,411622,412210,588,502466
case_084,pre,3,1000018638,COPY_OUT,PIPE_MTE3,411622,411764,142,502466
case_084,pre,3,1000018716,COPY_IN,PIPE_MTE2,411622,411624,2,502466
case_084,pre,3,1000018714,COPY_IN,PIPE_MTE2,411624,411767,143,502466
case_084,pre,3,1000018720,COPY_IN,PIPE_MTE2,411767,411903,136,502466
case_084,pre,3,1000018722,COPY_IN,PIPE_MTE2,411903,412017,114,502466
case_084,pre,3,402,DIV,PIPE_V,412210,412510,300,502466
case_084,pre,3,403,REDUCE,PIPE_V,412510,412594,84,502466
case_084,pre,3,404,SUB,PIPE_V,412594,412678,84,502466
case_084,pre,3,405,EXP,PIPE_V,412678,412978,300,502466
case_084,pre,3,406,REDUCE,PIPE_V,412978,413062,84,502466
case_084,pre,3,407,DIV,PIPE_V,413062,413362,300,502466
case_084,pre,3,408,MATMUL,PIPE_M,413362,413950,588,502466
case_084,pre,3,412,MATMUL,PIPE_M,413950,414538,588,502466
case_084,pre,3,1000018648,COPY_OUT,PIPE_MTE3,413950,414092,142,502466
case_084,pre,3,1000018726,COPY_IN,PIPE_MTE2,413950,413952,2,502466
case_084,pre,3,1000018724,COPY_IN,PIPE_MTE2,413952,414095,143,502466
case_084,pre,3,1000018730,COPY_IN,PIPE_MTE2,414095,414231,136,502466
case_084,pre,3,1000018732,COPY_IN,PIPE_MTE2,414231,414345,114,502466
case_084,pre,3,414,DIV,PIPE_V,414538,414838,300,502466
case_084,pre,3,415,REDUCE,PIPE_V,414838,414922,84,502466
case_084,pre,3,416,SUB,PIPE_V,414922,415006,84,502466
case_084,pre,3,417,EXP,PIPE_V,415006,415306,300,502466
case_084,pre,3,418,REDUCE,PIPE_V,415306,415390,84,502466
case_084,pre,3,419,DIV,PIPE_V,415390,415690,300,502466
case_084,pre,3,420,MATMUL,PIPE_M,415690,416278,588,502466
case_084,pre,3,424,MATMUL,PIPE_M,416278,416866,588,502466
case_084,pre,3,1000018658,COPY_OUT,PIPE_MTE3,416278,416420,142,502466
case_084,pre,3,1000018736,COPY_IN,PIPE_MTE2,416278,416280,2,502466
case_084,pre,3,1000018734,COPY_IN,PIPE_MTE2,416280,416423,143,502466
case_084,pre,3,1000018740,COPY_IN,PIPE_MTE2,416423,416559,136,502466
case_084,pre,3,1000018742,COPY_IN,PIPE_MTE2,416559,416673,114,502466
case_084,pre,3,426,DIV,PIPE_V,416866,417166,300,502466
case_084,pre,3,427,REDUCE,PIPE_V,417166,417250,84,502466
case_084,pre,3,428,SUB,PIPE_V,417250,417334,84,502466
case_084,pre,3,429,EXP,PIPE_V,417334,417634,300,502466
case_084,pre,3,430,REDUCE,PIPE_V,417634,417718,84,502466
case_084,pre,3,431,DIV,PIPE_V,417718,418018,300,502466
case_084,pre,3,432,MATMUL,PIPE_M,418018,418606,588,502466
case_084,pre,3,436,MATMUL,PIPE_M,418606,419194,588,502466
case_084,pre,3,1000018668,COPY_OUT,PIPE_MTE3,418606,418748,142,502466
case_084,pre,3,1000018746,COPY_IN,PIPE_MTE2,418606,418608,2,502466
case_084,pre,3,1000018744,COPY_IN,PIPE_MTE2,418608,418751,143,502466
case_084,pre,3,1000018750,COPY_IN,PIPE_MTE2,418751,418887,136,502466
case_084,pre,3,1000018752,COPY_IN,PIPE_MTE2,418887,419001,114,502466
case_084,pre,3,438,DIV,PIPE_V,419194,419494,300,502466
case_084,pre,3,439,REDUCE,PIPE_V,419494,419578,84,502466
case_084,pre,3,440,SUB,PIPE_V,419578,419662,84,502466
case_084,pre,3,441,EXP,PIPE_V,419662,419962,300,502466
case_084,pre,3,442,REDUCE,PIPE_V,419962,420046,84,502466
case_084,pre,3,443,DIV,PIPE_V,420046,420346,300,502466
case_084,pre,3,444,MATMUL,PIPE_M,420346,420934,588,502466
case_084,pre,3,448,MATMUL,PIPE_M,420934,421522,588,502466
case_084,pre,3,1000018678,COPY_OUT,PIPE_MTE3,420934,421076,142,502466
case_084,pre,3,1000018756,COPY_IN,PIPE_MTE2,420934,420936,2,502466
case_084,pre,3,1000018754,COPY_IN,PIPE_MTE2,420936,421079,143,502466
case_084,pre,3,1000018760,COPY_IN,PIPE_MTE2,421079,421215,136,502466
case_084,pre,3,1000018762,COPY_IN,PIPE_MTE2,421215,421329,114,502466
case_084,pre,3,450,DIV,PIPE_V,421522,421822,300,502466
case_084,pre,3,451,REDUCE,PIPE_V,421822,421906,84,502466
case_084,pre,3,452,SUB,PIPE_V,421906,421990,84,502466
case_084,pre,3,453,EXP,PIPE_V,421990,422290,300,502466
case_084,pre,3,454,REDUCE,PIPE_V,422290,422374,84,502466
case_084,pre,3,455,DIV,PIPE_V,422374,422674,300,502466
case_084,pre,3,456,MATMUL,PIPE_M,422674,423262,588,502466
case_084,pre,3,460,MATMUL,PIPE_M,423262,423850,588,502466
case_084,pre,3,1000018688,COPY_OUT,PIPE_MTE3,423262,423404,142,502466
case_084,pre,3,1000018766,COPY_IN,PIPE_MTE2,423262,423264,2,502466
case_084,pre,3,1000018764,COPY_IN,PIPE_MTE2,423264,423407,143,502466
case_084,pre,3,1000018770,COPY_IN,PIPE_MTE2,423407,423543,136,502466
case_084,pre,3,1000018772,COPY_IN,PIPE_MTE2,423543,423657,114,502466
case_084,pre,3,462,DIV,PIPE_V,423850,424150,300,502466
case_084,pre,3,463,REDUCE,PIPE_V,424150,424234,84,502466
case_084,pre,3,464,SUB,PIPE_V,424234,424318,84,502466
case_084,pre,3,465,EXP,PIPE_V,424318,424618,300,502466
case_084,pre,3,466,REDUCE,PIPE_V,424618,424702,84,502466
case_084,pre,3,467,DIV,PIPE_V,424702,425002,300,502466
case_084,pre,3,468,MATMUL,PIPE_M,425002,425590,588,502466
case_084,pre,3,472,MATMUL,PIPE_M,425590,426178,588,502466
case_084,pre,3,1000018698,COPY_OUT,PIPE_MTE3,425590,425732,142,502466
case_084,pre,3,1000018776,COPY_IN,PIPE_MTE2,425590,425592,2,502466
case_084,pre,3,1000018774,COPY_IN,PIPE_MTE2,425592,425735,143,502466
case_084,pre,3,1000018780,COPY_IN,PIPE_MTE2,425735,425871,136,502466
case_084,pre,3,1000018782,COPY_IN,PIPE_MTE2,425871,425985,114,502466
case_084,pre,3,474,DIV,PIPE_V,426178,426478,300,502466
case_084,pre,3,475,REDUCE,PIPE_V,426478,426562,84,502466
case_084,pre,3,476,SUB,PIPE_V,426562,426646,84,502466
case_084,pre,3,477,EXP,PIPE_V,426646,426946,300,502466
case_084,pre,3,478,REDUCE,PIPE_V,426946,427030,84,502466
case_084,pre,3,479,DIV,PIPE_V,427030,427330,300,502466
case_084,pre,3,480,MATMUL,PIPE_M,427330,427918,588,502466
case_084,pre,3,484,MATMUL,PIPE_M,427918,428506,588,502466
case_084,pre,3,1000018708,COPY_OUT,PIPE_MTE3,427918,428060,142,502466
case_084,pre,3,1000018786,COPY_IN,PIPE_MTE2,427918,427920,2,502466
case_084,pre,3,1000018784,COPY_IN,PIPE_MTE2,427920,428063,143,502466
case_084,pre,3,1000018790,COPY_IN,PIPE_MTE2,428063,428199,136,502466
case_084,pre,3,1000018792,COPY_IN,PIPE_MTE2,428199,428313,114,502466
case_084,pre,3,486,DIV,PIPE_V,428506,428806,300,502466
case_084,pre,3,487,REDUCE,PIPE_V,428806,428890,84,502466
case_084,pre,3,488,SUB,PIPE_V,428890,428974,84,502466
case_084,pre,3,489,EXP,PIPE_V,428974,429274,300,502466
case_084,pre,3,490,REDUCE,PIPE_V,429274,429358,84,502466
case_084,pre,3,491,DIV,PIPE_V,429358,429658,300,502466
case_084,pre,3,492,MATMUL,PIPE_M,429658,430246,588,502466
case_084,pre,3,496,MATMUL,PIPE_M,430246,430834,588,502466
case_084,pre,3,1000018718,COPY_OUT,PIPE_MTE3,430246,430388,142,502466
case_084,pre,3,1000018796,COPY_IN,PIPE_MTE2,430246,430248,2,502466
case_084,pre,3,1000018794,COPY_IN,PIPE_MTE2,430248,430391,143,502466
case_084,pre,3,1000018800,COPY_IN,PIPE_MTE2,430391,430527,136,502466
case_084,pre,3,1000018802,COPY_IN,PIPE_MTE2,430527,430641,114,502466
case_084,pre,3,498,DIV,PIPE_V,430834,431134,300,502466
case_084,pre,3,499,REDUCE,PIPE_V,431134,431218,84,502466
case_084,pre,3,500,SUB,PIPE_V,431218,431302,84,502466
case_084,pre,3,501,EXP,PIPE_V,431302,431602,300,502466
case_084,pre,3,502,REDUCE,PIPE_V,431602,431686,84,502466
case_084,pre,3,503,DIV,PIPE_V,431686,431986,300,502466
case_084,pre,3,504,MATMUL,PIPE_M,431986,432574,588,502466
case_084,pre,3,508,MATMUL,PIPE_M,432574,433162,588,502466
case_084,pre,3,1000018728,COPY_OUT,PIPE_MTE3,432574,432716,142,502466
case_084,pre,3,1000018806,COPY_IN,PIPE_MTE2,432574,432576,2,502466
case_084,pre,3,1000018804,COPY_IN,PIPE_MTE2,432576,432719,143,502466
case_084,pre,3,1000018810,COPY_IN,PIPE_MTE2,432719,432855,136,502466
case_084,pre,3,1000018812,COPY_IN,PIPE_MTE2,432855,432969,114,502466
case_084,pre,3,510,DIV,PIPE_V,433162,433462,300,502466
case_084,pre,3,511,REDUCE,PIPE_V,433462,433546,84,502466
case_084,pre,3,512,SUB,PIPE_V,433546,433630,84,502466
case_084,pre,3,513,EXP,PIPE_V,433630,433930,300,502466
case_084,pre,3,514,REDUCE,PIPE_V,433930,434014,84,502466
case_084,pre,3,515,DIV,PIPE_V,434014,434314,300,502466
case_084,pre,3,516,MATMUL,PIPE_M,434314,434902,588,502466
case_084,pre,3,520,MATMUL,PIPE_M,434902,435490,588,502466
case_084,pre,3,1000018738,COPY_OUT,PIPE_MTE3,434902,435044,142,502466
case_084,pre,3,1000018816,COPY_IN,PIPE_MTE2,434902,434904,2,502466
case_084,pre,3,1000018814,COPY_IN,PIPE_MTE2,434904,435047,143,502466
case_084,pre,3,1000018820,COPY_IN,PIPE_MTE2,435047,435183,136,502466
case_084,pre,3,1000018822,COPY_IN,PIPE_MTE2,435183,435297,114,502466
case_084,pre,3,522,DIV,PIPE_V,435490,435790,300,502466
case_084,pre,3,523,REDUCE,PIPE_V,435790,435874,84,502466
case_084,pre,3,524,SUB,PIPE_V,435874,435958,84,502466
case_084,pre,3,525,EXP,PIPE_V,435958,436258,300,502466
case_084,pre,3,526,REDUCE,PIPE_V,436258,436342,84,502466
case_084,pre,3,527,DIV,PIPE_V,436342,436642,300,502466
case_084,pre,3,528,MATMUL,PIPE_M,436642,437230,588,502466
case_084,pre,3,532,MATMUL,PIPE_M,437230,437818,588,502466
case_084,pre,3,1000018748,COPY_OUT,PIPE_MTE3,437230,437372,142,502466
case_084,pre,3,1000018826,COPY_IN,PIPE_MTE2,437230,437232,2,502466
case_084,pre,3,1000018824,COPY_IN,PIPE_MTE2,437232,437375,143,502466
case_084,pre,3,1000018830,COPY_IN,PIPE_MTE2,437375,437511,136,502466
case_084,pre,3,1000018832,COPY_IN,PIPE_MTE2,437511,437625,114,502466
case_084,pre,3,534,DIV,PIPE_V,437818,438118,300,502466
case_084,pre,3,535,REDUCE,PIPE_V,438118,438202,84,502466
case_084,pre,3,536,SUB,PIPE_V,438202,438286,84,502466
case_084,pre,3,537,EXP,PIPE_V,438286,438586,300,502466
case_084,pre,3,538,REDUCE,PIPE_V,438586,438670,84,502466
case_084,pre,3,539,DIV,PIPE_V,438670,438970,300,502466
case_084,pre,3,540,MATMUL,PIPE_M,438970,439558,588,502466
case_084,pre,3,544,MATMUL,PIPE_M,439558,440146,588,502466
case_084,pre,3,1000018758,COPY_OUT,PIPE_MTE3,439558,439700,142,502466
case_084,pre,3,1000018836,COPY_IN,PIPE_MTE2,439558,439560,2,502466
case_084,pre,3,1000018834,COPY_IN,PIPE_MTE2,439560,439703,143,502466
case_084,pre,3,1000018840,COPY_IN,PIPE_MTE2,439703,439839,136,502466
case_084,pre,3,1000018842,COPY_IN,PIPE_MTE2,439839,439953,114,502466
case_084,pre,3,546,DIV,PIPE_V,440146,440446,300,502466
case_084,pre,3,547,REDUCE,PIPE_V,440446,440530,84,502466
case_084,pre,3,548,SUB,PIPE_V,440530,440614,84,502466
case_084,pre,3,549,EXP,PIPE_V,440614,440914,300,502466
case_084,pre,3,550,REDUCE,PIPE_V,440914,440998,84,502466
case_084,pre,3,551,DIV,PIPE_V,440998,441298,300,502466
case_084,pre,3,552,MATMUL,PIPE_M,441298,441886,588,502466
case_084,pre,3,556,MATMUL,PIPE_M,441886,442474,588,502466
case_084,pre,3,1000018768,COPY_OUT,PIPE_MTE3,441886,442028,142,502466
case_084,pre,3,1000018846,COPY_IN,PIPE_MTE2,441886,441888,2,502466
case_084,pre,3,1000018844,COPY_IN,PIPE_MTE2,441888,442031,143,502466
case_084,pre,3,1000018850,COPY_IN,PIPE_MTE2,442031,442167,136,502466
case_084,pre,3,1000018852,COPY_IN,PIPE_MTE2,442167,442281,114,502466
case_084,pre,3,558,DIV,PIPE_V,442474,442774,300,502466
case_084,pre,3,559,REDUCE,PIPE_V,442774,442858,84,502466
case_084,pre,3,560,SUB,PIPE_V,442858,442942,84,502466
case_084,pre,3,561,EXP,PIPE_V,442942,443242,300,502466
case_084,pre,3,562,REDUCE,PIPE_V,443242,443326,84,502466
case_084,pre,3,563,DIV,PIPE_V,443326,443626,300,502466
case_084,pre,3,564,MATMUL,PIPE_M,443626,444214,588,502466
case_084,pre,3,568,MATMUL,PIPE_M,444214,444802,588,502466
case_084,pre,3,1000018778,COPY_OUT,PIPE_MTE3,444214,444356,142,502466
case_084,pre,3,1000018856,COPY_IN,PIPE_MTE2,444214,444216,2,502466
case_084,pre,3,1000018854,COPY_IN,PIPE_MTE2,444216,444359,143,502466
case_084,pre,3,1000018860,COPY_IN,PIPE_MTE2,444359,444495,136,502466
case_084,pre,3,1000018862,COPY_IN,PIPE_MTE2,444495,444609,114,502466
case_084,pre,3,570,DIV,PIPE_V,444802,445102,300,502466
case_084,pre,3,571,REDUCE,PIPE_V,445102,445186,84,502466
case_084,pre,3,572,SUB,PIPE_V,445186,445270,84,502466
case_084,pre,3,573,EXP,PIPE_V,445270,445570,300,502466
case_084,pre,3,574,REDUCE,PIPE_V,445570,445654,84,502466
case_084,pre,3,575,DIV,PIPE_V,445654,445954,300,502466
case_084,pre,3,576,MATMUL,PIPE_M,445954,446542,588,502466
case_084,pre,3,580,MATMUL,PIPE_M,446542,447130,588,502466
case_084,pre,3,1000018788,COPY_OUT,PIPE_MTE3,446542,446684,142,502466
case_084,pre,3,1000018866,COPY_IN,PIPE_MTE2,446542,446544,2,502466
case_084,pre,3,1000018864,COPY_IN,PIPE_MTE2,446544,446687,143,502466
case_084,pre,3,1000018870,COPY_IN,PIPE_MTE2,446687,446823,136,502466
case_084,pre,3,1000018872,COPY_IN,PIPE_MTE2,446823,446937,114,502466
case_084,pre,3,582,DIV,PIPE_V,447130,447430,300,502466
case_084,pre,3,583,REDUCE,PIPE_V,447430,447514,84,502466
case_084,pre,3,584,SUB,PIPE_V,447514,447598,84,502466
case_084,pre,3,585,EXP,PIPE_V,447598,447898,300,502466
case_084,pre,3,586,REDUCE,PIPE_V,447898,447982,84,502466
case_084,pre,3,587,DIV,PIPE_V,447982,448282,300,502466
case_084,pre,3,588,MATMUL,PIPE_M,448282,448870,588,502466
case_084,pre,3,592,MATMUL,PIPE_M,448870,449458,588,502466
case_084,pre,3,1000018798,COPY_OUT,PIPE_MTE3,448870,449012,142,502466
case_084,pre,3,1000018876,COPY_IN,PIPE_MTE2,448870,448872,2,502466
case_084,pre,3,1000018874,COPY_IN,PIPE_MTE2,448872,449015,143,502466
case_084,pre,3,1000018880,COPY_IN,PIPE_MTE2,449015,449151,136,502466
case_084,pre,3,1000018882,COPY_IN,PIPE_MTE2,449151,449265,114,502466
case_084,pre,3,594,DIV,PIPE_V,449458,449758,300,502466
case_084,pre,3,595,REDUCE,PIPE_V,449758,449842,84,502466
case_084,pre,3,596,SUB,PIPE_V,449842,449926,84,502466
case_084,pre,3,597,EXP,PIPE_V,449926,450226,300,502466
case_084,pre,3,598,REDUCE,PIPE_V,450226,450310,84,502466
case_084,pre,3,599,DIV,PIPE_V,450310,450610,300,502466
case_084,pre,3,600,MATMUL,PIPE_M,450610,451198,588,502466
case_084,pre,3,604,MATMUL,PIPE_M,451198,451786,588,502466
case_084,pre,3,1000018808,COPY_OUT,PIPE_MTE3,451198,451340,142,502466
case_084,pre,3,1000018886,COPY_IN,PIPE_MTE2,451198,451200,2,502466
case_084,pre,3,1000018884,COPY_IN,PIPE_MTE2,451200,451343,143,502466
case_084,pre,3,1000018890,COPY_IN,PIPE_MTE2,451343,451479,136,502466
case_084,pre,3,1000018892,COPY_IN,PIPE_MTE2,451479,451593,114,502466
case_084,pre,3,606,DIV,PIPE_V,451786,452086,300,502466
case_084,pre,3,607,REDUCE,PIPE_V,452086,452170,84,502466
case_084,pre,3,608,SUB,PIPE_V,452170,452254,84,502466
case_084,pre,3,609,EXP,PIPE_V,452254,452554,300,502466
case_084,pre,3,610,REDUCE,PIPE_V,452554,452638,84,502466
case_084,pre,3,611,DIV,PIPE_V,452638,452938,300,502466
case_084,pre,3,612,MATMUL,PIPE_M,452938,453526,588,502466
case_084,pre,3,616,MATMUL,PIPE_M,453526,454114,588,502466
case_084,pre,3,1000018818,COPY_OUT,PIPE_MTE3,453526,453668,142,502466
case_084,pre,3,1000018896,COPY_IN,PIPE_MTE2,453526,453528,2,502466
case_084,pre,3,1000018894,COPY_IN,PIPE_MTE2,453528,453671,143,502466
case_084,pre,3,1000018900,COPY_IN,PIPE_MTE2,453671,453807,136,502466
case_084,pre,3,1000018902,COPY_IN,PIPE_MTE2,453807,453921,114,502466
case_084,pre,3,618,DIV,PIPE_V,454114,454414,300,502466
case_084,pre,3,619,REDUCE,PIPE_V,454414,454498,84,502466
case_084,pre,3,620,SUB,PIPE_V,454498,454582,84,502466
case_084,pre,3,621,EXP,PIPE_V,454582,454882,300,502466
case_084,pre,3,622,REDUCE,PIPE_V,454882,454966,84,502466
case_084,pre,3,623,DIV,PIPE_V,454966,455266,300,502466
case_084,pre,3,624,MATMUL,PIPE_M,455266,455854,588,502466
case_084,pre,3,628,MATMUL,PIPE_M,455854,456442,588,502466
case_084,pre,3,1000018828,COPY_OUT,PIPE_MTE3,455854,455996,142,502466
case_084,pre,3,1000018906,COPY_IN,PIPE_MTE2,455854,455856,2,502466
case_084,pre,3,1000018904,COPY_IN,PIPE_MTE2,455856,455999,143,502466
case_084,pre,3,1000018910,COPY_IN,PIPE_MTE2,455999,456135,136,502466
case_084,pre,3,1000018912,COPY_IN,PIPE_MTE2,456135,456249,114,502466
case_084,pre,3,630,DIV,PIPE_V,456442,456742,300,502466
case_084,pre,3,631,REDUCE,PIPE_V,456742,456826,84,502466
case_084,pre,3,632,SUB,PIPE_V,456826,456910,84,502466
case_084,pre,3,633,EXP,PIPE_V,456910,457210,300,502466
case_084,pre,3,634,REDUCE,PIPE_V,457210,457294,84,502466
case_084,pre,3,635,DIV,PIPE_V,457294,457594,300,502466
case_084,pre,3,636,MATMUL,PIPE_M,457594,458182,588,502466
case_084,pre,3,640,MATMUL,PIPE_M,458182,458770,588,502466
case_084,pre,3,1000018838,COPY_OUT,PIPE_MTE3,458182,458324,142,502466
case_084,pre,3,1000018916,COPY_IN,PIPE_MTE2,458182,458184,2,502466
case_084,pre,3,1000018914,COPY_IN,PIPE_MTE2,458184,458327,143,502466
case_084,pre,3,1000018920,COPY_IN,PIPE_MTE2,458327,458463,136,502466
case_084,pre,3,1000018922,COPY_IN,PIPE_MTE2,458463,458577,114,502466
case_084,pre,3,642,DIV,PIPE_V,458770,459070,300,502466
case_084,pre,3,643,REDUCE,PIPE_V,459070,459154,84,502466
case_084,pre,3,644,SUB,PIPE_V,459154,459238,84,502466
case_084,pre,3,645,EXP,PIPE_V,459238,459538,300,502466
case_084,pre,3,646,REDUCE,PIPE_V,459538,459622,84,502466
case_084,pre,3,647,DIV,PIPE_V,459622,459922,300,502466
case_084,pre,3,648,MATMUL,PIPE_M,459922,460510,588,502466
case_084,pre,3,652,MATMUL,PIPE_M,460510,461098,588,502466
case_084,pre,3,1000018848,COPY_OUT,PIPE_MTE3,460510,460652,142,502466
case_084,pre,3,1000018926,COPY_IN,PIPE_MTE2,460510,460512,2,502466
case_084,pre,3,1000018924,COPY_IN,PIPE_MTE2,460512,460655,143,502466
case_084,pre,3,1000018930,COPY_IN,PIPE_MTE2,460655,460791,136,502466
case_084,pre,3,1000018932,COPY_IN,PIPE_MTE2,460791,460905,114,502466
case_084,pre,3,654,DIV,PIPE_V,461098,461398,300,502466
case_084,pre,3,655,REDUCE,PIPE_V,461398,461482,84,502466
case_084,pre,3,656,SUB,PIPE_V,461482,461566,84,502466
case_084,pre,3,657,EXP,PIPE_V,461566,461866,300,502466
case_084,pre,3,658,REDUCE,PIPE_V,461866,461950,84,502466
case_084,pre,3,659,DIV,PIPE_V,461950,462250,300,502466
case_084,pre,3,660,MATMUL,PIPE_M,462250,462838,588,502466
case_084,pre,3,664,MATMUL,PIPE_M,462838,463426,588,502466
case_084,pre,3,1000018858,COPY_OUT,PIPE_MTE3,462838,462980,142,502466
case_084,pre,3,1000018936,COPY_IN,PIPE_MTE2,462838,462840,2,502466
case_084,pre,3,1000018934,COPY_IN,PIPE_MTE2,462840,462983,143,502466
case_084,pre,3,1000018940,COPY_IN,PIPE_MTE2,462983,463119,136,502466
case_084,pre,3,1000018942,COPY_IN,PIPE_MTE2,463119,463233,114,502466
case_084,pre,3,666,DIV,PIPE_V,463426,463726,300,502466
case_084,pre,3,667,REDUCE,PIPE_V,463726,463810,84,502466
case_084,pre,3,668,SUB,PIPE_V,463810,463894,84,502466
case_084,pre,3,669,EXP,PIPE_V,463894,464194,300,502466
case_084,pre,3,670,REDUCE,PIPE_V,464194,464278,84,502466
case_084,pre,3,671,DIV,PIPE_V,464278,464578,300,502466
case_084,pre,3,672,MATMUL,PIPE_M,464578,465166,588,502466
case_084,pre,3,676,MATMUL,PIPE_M,465166,465754,588,502466
case_084,pre,3,1000018868,COPY_OUT,PIPE_MTE3,465166,465308,142,502466
case_084,pre,3,1000018946,COPY_IN,PIPE_MTE2,465166,465168,2,502466
case_084,pre,3,1000018944,COPY_IN,PIPE_MTE2,465168,465311,143,502466
case_084,pre,3,1000018950,COPY_IN,PIPE_MTE2,465311,465447,136,502466
case_084,pre,3,1000018952,COPY_IN,PIPE_MTE2,465447,465561,114,502466
case_084,pre,3,678,DIV,PIPE_V,465754,466054,300,502466
case_084,pre,3,679,REDUCE,PIPE_V,466054,466138,84,502466
case_084,pre,3,680,SUB,PIPE_V,466138,466222,84,502466
case_084,pre,3,681,EXP,PIPE_V,466222,466522,300,502466
case_084,pre,3,682,REDUCE,PIPE_V,466522,466606,84,502466
case_084,pre,3,683,DIV,PIPE_V,466606,466906,300,502466
case_084,pre,3,684,MATMUL,PIPE_M,466906,467494,588,502466
case_084,pre,3,688,MATMUL,PIPE_M,467494,468082,588,502466
case_084,pre,3,1000018878,COPY_OUT,PIPE_MTE3,467494,467636,142,502466
case_084,pre,3,1000018956,COPY_IN,PIPE_MTE2,467494,467496,2,502466
case_084,pre,3,1000018954,COPY_IN,PIPE_MTE2,467496,467639,143,502466
case_084,pre,3,1000018960,COPY_IN,PIPE_MTE2,467639,467775,136,502466
case_084,pre,3,1000018962,COPY_IN,PIPE_MTE2,467775,467889,114,502466
case_084,pre,3,690,DIV,PIPE_V,468082,468382,300,502466
case_084,pre,3,691,REDUCE,PIPE_V,468382,468466,84,502466
case_084,pre,3,692,SUB,PIPE_V,468466,468550,84,502466
case_084,pre,3,693,EXP,PIPE_V,468550,468850,300,502466
case_084,pre,3,694,REDUCE,PIPE_V,468850,468934,84,502466
case_084,pre,3,695,DIV,PIPE_V,468934,469234,300,502466
case_084,pre,3,696,MATMUL,PIPE_M,469234,469822,588,502466
case_084,pre,3,700,MATMUL,PIPE_M,469822,470410,588,502466
case_084,pre,3,1000018888,COPY_OUT,PIPE_MTE3,469822,469964,142,502466
case_084,pre,3,1000018966,COPY_IN,PIPE_MTE2,469822,469824,2,502466
case_084,pre,3,1000018964,COPY_IN,PIPE_MTE2,469824,469967,143,502466
case_084,pre,3,1000018970,COPY_IN,PIPE_MTE2,469967,470103,136,502466
case_084,pre,3,1000018972,COPY_IN,PIPE_MTE2,470103,470217,114,502466
case_084,pre,3,702,DIV,PIPE_V,470410,470710,300,502466
case_084,pre,3,703,REDUCE,PIPE_V,470710,470794,84,502466
case_084,pre,3,704,SUB,PIPE_V,470794,470878,84,502466
case_084,pre,3,705,EXP,PIPE_V,470878,471178,300,502466
case_084,pre,3,706,REDUCE,PIPE_V,471178,471262,84,502466
case_084,pre,3,707,DIV,PIPE_V,471262,471562,300,502466
case_084,pre,3,708,MATMUL,PIPE_M,471562,472150,588,502466
case_084,pre,3,712,MATMUL,PIPE_M,472150,472738,588,502466
case_084,pre,3,1000018898,COPY_OUT,PIPE_MTE3,472150,472292,142,502466
case_084,pre,3,1000018976,COPY_IN,PIPE_MTE2,472150,472152,2,502466
case_084,pre,3,1000018974,COPY_IN,PIPE_MTE2,472152,472295,143,502466
case_084,pre,3,1000018980,COPY_IN,PIPE_MTE2,472295,472431,136,502466
case_084,pre,3,1000018982,COPY_IN,PIPE_MTE2,472431,472545,114,502466
case_084,pre,3,714,DIV,PIPE_V,472738,473038,300,502466
case_084,pre,3,715,REDUCE,PIPE_V,473038,473122,84,502466
case_084,pre,3,716,SUB,PIPE_V,473122,473206,84,502466
case_084,pre,3,717,EXP,PIPE_V,473206,473506,300,502466
case_084,pre,3,718,REDUCE,PIPE_V,473506,473590,84,502466
case_084,pre,3,719,DIV,PIPE_V,473590,473890,300,502466
case_084,pre,3,720,MATMUL,PIPE_M,473890,474478,588,502466
case_084,pre,3,724,MATMUL,PIPE_M,474478,475066,588,502466
case_084,pre,3,1000018908,COPY_OUT,PIPE_MTE3,474478,474620,142,502466
case_084,pre,3,1000018986,COPY_IN,PIPE_MTE2,474478,474480,2,502466
case_084,pre,3,1000018984,COPY_IN,PIPE_MTE2,474480,474623,143,502466
case_084,pre,3,1000018990,COPY_IN,PIPE_MTE2,474623,474759,136,502466
case_084,pre,3,1000018992,COPY_IN,PIPE_MTE2,474759,474873,114,502466
case_084,pre,3,726,DIV,PIPE_V,475066,475366,300,502466
case_084,pre,3,727,REDUCE,PIPE_V,475366,475450,84,502466
case_084,pre,3,728,SUB,PIPE_V,475450,475534,84,502466
case_084,pre,3,729,EXP,PIPE_V,475534,475834,300,502466
case_084,pre,3,730,REDUCE,PIPE_V,475834,475918,84,502466
case_084,pre,3,731,DIV,PIPE_V,475918,476218,300,502466
case_084,pre,3,732,MATMUL,PIPE_M,476218,476806,588,502466
case_084,pre,3,736,MATMUL,PIPE_M,476806,477394,588,502466
case_084,pre,3,1000018918,COPY_OUT,PIPE_MTE3,476806,476948,142,502466
case_084,pre,3,1000018996,COPY_IN,PIPE_MTE2,476806,476808,2,502466
case_084,pre,3,1000018994,COPY_IN,PIPE_MTE2,476808,476951,143,502466
case_084,pre,3,1000019000,COPY_IN,PIPE_MTE2,476951,477087,136,502466
case_084,pre,3,1000019002,COPY_IN,PIPE_MTE2,477087,477201,114,502466
case_084,pre,3,738,DIV,PIPE_V,477394,477694,300,502466
case_084,pre,3,739,REDUCE,PIPE_V,477694,477778,84,502466
case_084,pre,3,740,SUB,PIPE_V,477778,477862,84,502466
case_084,pre,3,741,EXP,PIPE_V,477862,478162,300,502466
case_084,pre,3,742,REDUCE,PIPE_V,478162,478246,84,502466
case_084,pre,3,743,DIV,PIPE_V,478246,478546,300,502466
case_084,pre,3,744,MATMUL,PIPE_M,478546,479134,588,502466
case_084,pre,3,748,MATMUL,PIPE_M,479134,479722,588,502466
case_084,pre,3,1000018928,COPY_OUT,PIPE_MTE3,479134,479276,142,502466
case_084,pre,3,1000019006,COPY_IN,PIPE_MTE2,479134,479136,2,502466
case_084,pre,3,1000019004,COPY_IN,PIPE_MTE2,479136,479279,143,502466
case_084,pre,3,1000019010,COPY_IN,PIPE_MTE2,479279,479415,136,502466
case_084,pre,3,1000019012,COPY_IN,PIPE_MTE2,479415,479529,114,502466
case_084,pre,3,750,DIV,PIPE_V,479722,480022,300,502466
case_084,pre,3,751,REDUCE,PIPE_V,480022,480106,84,502466
case_084,pre,3,752,SUB,PIPE_V,480106,480190,84,502466
case_084,pre,3,753,EXP,PIPE_V,480190,480490,300,502466
case_084,pre,3,754,REDUCE,PIPE_V,480490,480574,84,502466
case_084,pre,3,755,DIV,PIPE_V,480574,480874,300,502466
case_084,pre,3,756,MATMUL,PIPE_M,480874,481462,588,502466
case_084,pre,3,760,MATMUL,PIPE_M,481462,482050,588,502466
case_084,pre,3,1000018938,COPY_OUT,PIPE_MTE3,481462,481604,142,502466
case_084,pre,3,1000019016,COPY_IN,PIPE_MTE2,481462,481464,2,502466
case_084,pre,3,1000019014,COPY_IN,PIPE_MTE2,481464,481607,143,502466
case_084,pre,3,1000019020,COPY_IN,PIPE_MTE2,481607,481724,117,502466
case_084,pre,3,1000019022,COPY_IN,PIPE_MTE2,481724,481776,52,502466
case_084,pre,3,762,DIV,PIPE_V,482050,482350,300,502466
case_084,pre,3,763,REDUCE,PIPE_V,482350,482434,84,502466
case_084,pre,3,764,SUB,PIPE_V,482434,482518,84,502466
case_084,pre,3,765,EXP,PIPE_V,482518,482818,300,502466
case_084,pre,3,766,REDUCE,PIPE_V,482818,482902,84,502466
case_084,pre,3,767,DIV,PIPE_V,482902,483202,300,502466
case_084,pre,3,768,MATMUL,PIPE_M,483202,483790,588,502466
case_084,pre,3,772,MATMUL,PIPE_M,483790,484378,588,502466
case_084,pre,3,1000018948,COPY_OUT,PIPE_MTE3,483790,483913,123,502466
case_084,pre,3,1000019026,COPY_IN,PIPE_MTE2,483790,483792,2,502466
case_084,pre,3,1000019024,COPY_IN,PIPE_MTE2,483792,483915,123,502466
case_084,pre,3,774,DIV,PIPE_V,484378,484678,300,502466
case_084,pre,3,775,REDUCE,PIPE_V,484678,484762,84,502466
case_084,pre,3,776,SUB,PIPE_V,484762,484846,84,502466
case_084,pre,3,777,EXP,PIPE_V,484846,485146,300,502466
case_084,pre,3,778,REDUCE,PIPE_V,485146,485230,84,502466
case_084,pre,3,779,DIV,PIPE_V,485230,485530,300,502466
case_084,pre,3,780,MATMUL,PIPE_M,485530,486118,588,502466
case_084,pre,3,784,MATMUL,PIPE_M,486118,486706,588,502466
case_084,pre,3,1000018958,COPY_OUT,PIPE_MTE3,486118,486170,52,502466
case_084,pre,3,786,DIV,PIPE_V,486706,487006,300,502466
case_084,pre,3,787,REDUCE,PIPE_V,487006,487090,84,502466
case_084,pre,3,788,SUB,PIPE_V,487090,487174,84,502466
case_084,pre,3,789,EXP,PIPE_V,487174,487474,300,502466
case_084,pre,3,790,REDUCE,PIPE_V,487474,487558,84,502466
case_084,pre,3,791,DIV,PIPE_V,487558,487858,300,502466
case_084,pre,3,792,MATMUL,PIPE_M,487858,488446,588,502466
case_084,pre,3,796,MATMUL,PIPE_M,488446,489034,588,502466
case_084,pre,3,1000018968,COPY_OUT,PIPE_MTE3,488446,488498,52,502466
case_084,pre,3,798,DIV,PIPE_V,489034,489334,300,502466
case_084,pre,3,799,REDUCE,PIPE_V,489334,489418,84,502466
case_084,pre,3,800,SUB,PIPE_V,489418,489502,84,502466
case_084,pre,3,801,EXP,PIPE_V,489502,489802,300,502466
case_084,pre,3,802,REDUCE,PIPE_V,489802,489886,84,502466
case_084,pre,3,803,DIV,PIPE_V,489886,490186,300,502466
case_084,pre,3,804,MATMUL,PIPE_M,490186,490774,588,502466
case_084,pre,3,808,MATMUL,PIPE_M,490774,491362,588,502466
case_084,pre,3,1000018978,COPY_OUT,PIPE_MTE3,490774,490826,52,502466
case_084,pre,3,810,DIV,PIPE_V,491362,491662,300,502466
case_084,pre,3,811,REDUCE,PIPE_V,491662,491746,84,502466
case_084,pre,3,812,SUB,PIPE_V,491746,491830,84,502466
case_084,pre,3,813,EXP,PIPE_V,491830,492130,300,502466
case_084,pre,3,814,REDUCE,PIPE_V,492130,492214,84,502466
case_084,pre,3,815,DIV,PIPE_V,492214,492514,300,502466
case_084,pre,3,816,MATMUL,PIPE_M,492514,493102,588,502466
case_084,pre,3,820,MATMUL,PIPE_M,493102,493690,588,502466
case_084,pre,3,1000018988,COPY_OUT,PIPE_MTE3,493102,493154,52,502466
case_084,pre,3,822,DIV,PIPE_V,493690,493990,300,502466
case_084,pre,3,823,REDUCE,PIPE_V,493990,494074,84,502466
case_084,pre,3,824,SUB,PIPE_V,494074,494158,84,502466
case_084,pre,3,825,EXP,PIPE_V,494158,494458,300,502466
case_084,pre,3,826,REDUCE,PIPE_V,494458,494542,84,502466
case_084,pre,3,827,DIV,PIPE_V,494542,494842,300,502466
case_084,pre,3,828,MATMUL,PIPE_M,494842,495430,588,502466
case_084,pre,3,832,MATMUL,PIPE_M,495430,496018,588,502466
case_084,pre,3,1000018998,COPY_OUT,PIPE_MTE3,495430,495482,52,502466
case_084,pre,3,834,DIV,PIPE_V,496018,496318,300,502466
case_084,pre,3,835,REDUCE,PIPE_V,496318,496402,84,502466
case_084,pre,3,836,SUB,PIPE_V,496402,496486,84,502466
case_084,pre,3,837,EXP,PIPE_V,496486,496786,300,502466
case_084,pre,3,838,REDUCE,PIPE_V,496786,496870,84,502466
case_084,pre,3,839,DIV,PIPE_V,496870,497170,300,502466
case_084,pre,3,840,MATMUL,PIPE_M,497170,497758,588,502466
case_084,pre,3,844,MATMUL,PIPE_M,497758,498346,588,502466
case_084,pre,3,1000019008,COPY_OUT,PIPE_MTE3,497758,497810,52,502466
case_084,pre,3,846,DIV,PIPE_V,498346,498646,300,502466
case_084,pre,3,847,REDUCE,PIPE_V,498646,498730,84,502466
case_084,pre,3,848,SUB,PIPE_V,498730,498814,84,502466
case_084,pre,3,849,EXP,PIPE_V,498814,499114,300,502466
case_084,pre,3,850,REDUCE,PIPE_V,499114,499198,84,502466
case_084,pre,3,851,DIV,PIPE_V,499198,499498,300,502466
case_084,pre,3,852,MATMUL,PIPE_M,499498,500086,588,502466
case_084,pre,3,856,MATMUL,PIPE_M,500086,500674,588,502466
case_084,pre,3,1000019018,COPY_OUT,PIPE_MTE3,500086,500138,52,502466
case_084,pre,3,858,DIV,PIPE_V,500674,500974,300,502466
case_084,pre,3,859,REDUCE,PIPE_V,500974,501058,84,502466
case_084,pre,3,860,SUB,PIPE_V,501058,501142,84,502466
case_084,pre,3,861,EXP,PIPE_V,501142,501442,300,502466
case_084,pre,3,862,REDUCE,PIPE_V,501442,501526,84,502466
case_084,pre,3,863,DIV,PIPE_V,501526,501826,300,502466
case_084,pre,3,864,MATMUL,PIPE_M,501826,502414,588,502466
case_084,pre,3,1000019028,COPY_OUT,PIPE_MTE3,502414,502466,52,502466
case_084,pre,4,1000021183,COPY_IN,PIPE_MTE2,0,260,260,502466
case_084,pre,4,1000021185,COPY_IN,PIPE_MTE2,260,520,260,502466
case_084,pre,4,3448,MATMUL,PIPE_M,520,1108,588,502466
case_084,pre,4,1000021189,COPY_IN,PIPE_MTE2,520,525,5,502466
case_084,pre,4,1000021193,COPY_IN,PIPE_MTE2,525,785,260,502466
case_084,pre,4,1000021195,COPY_IN,PIPE_MTE2,785,1045,260,502466
case_084,pre,4,1000021199,COPY_IN,PIPE_MTE2,1045,1050,5,502466
case_084,pre,4,1000021197,COPY_IN,PIPE_MTE2,1050,1310,260,502466
case_084,pre,4,3450,DIV,PIPE_V,1108,1408,300,502466
case_084,pre,4,3460,MATMUL,PIPE_M,1108,1696,588,502466
case_084,pre,4,1000021203,COPY_IN,PIPE_MTE2,1310,1570,260,502466
case_084,pre,4,3451,REDUCE,PIPE_V,1408,1492,84,502466
case_084,pre,4,3452,SUB,PIPE_V,1492,1576,84,502466
case_084,pre,4,1000021205,COPY_IN,PIPE_MTE2,1570,1830,260,502466
case_084,pre,4,3462,DIV,PIPE_V,1696,1996,300,502466
case_084,pre,4,1000021209,COPY_IN,PIPE_MTE2,1830,1835,5,502466
case_084,pre,4,1000021207,COPY_IN,PIPE_MTE2,1835,2095,260,502466
case_084,pre,4,3463,REDUCE,PIPE_V,1996,2080,84,502466
case_084,pre,4,3464,SUB,PIPE_V,2080,2164,84,502466
case_084,pre,4,1000021213,COPY_IN,PIPE_MTE2,2095,2355,260,502466
case_084,pre,4,3465,EXP,PIPE_V,2164,2464,300,502466
case_084,pre,4,1000021215,COPY_IN,PIPE_MTE2,2355,2615,260,502466
case_084,pre,4,3466,REDUCE,PIPE_V,2464,2548,84,502466
case_084,pre,4,3467,DIV,PIPE_V,2548,2848,300,502466
case_084,pre,4,1000021219,COPY_IN,PIPE_MTE2,2615,2620,5,502466
case_084,pre,4,1000021217,COPY_IN,PIPE_MTE2,2620,2887,267,502466
case_084,pre,4,3468,MATMUL,PIPE_M,2848,3436,588,502466
case_084,pre,4,1000021223,COPY_IN,PIPE_MTE2,2887,3192,305,502466
case_084,pre,4,1000021225,COPY_IN,PIPE_MTE2,3192,3462,270,502466
case_084,pre,4,3472,MATMUL,PIPE_M,3436,4024,588,502466
case_084,pre,4,1000021201,COPY_OUT,PIPE_MTE3,3436,3881,445,502466
case_084,pre,4,1000021229,COPY_IN,PIPE_MTE2,3462,3470,8,502466
case_084,pre,4,1000021227,COPY_IN,PIPE_MTE2,3470,3907,437,502466
case_084,pre,4,1000021233,COPY_IN,PIPE_MTE2,3907,4185,278,502466
case_084,pre,4,3474,DIV,PIPE_V,4024,4324,300,502466
case_084,pre,4,1000021235,COPY_IN,PIPE_MTE2,4185,4445,260,502466
case_084,pre,4,3475,REDUCE,PIPE_V,4324,4408,84,502466
case_084,pre,4,3476,SUB,PIPE_V,4408,4492,84,502466
case_084,pre,4,1000021239,COPY_IN,PIPE_MTE2,4445,4450,5,502466
case_084,pre,4,1000021237,COPY_IN,PIPE_MTE2,4450,4710,260,502466
case_084,pre,4,3477,EXP,PIPE_V,4492,4792,300,502466
case_084,pre,4,1000021243,COPY_IN,PIPE_MTE2,4710,4970,260,502466
case_084,pre,4,3478,REDUCE,PIPE_V,4792,4876,84,502466
case_084,pre,4,3479,DIV,PIPE_V,4876,5176,300,502466
case_084,pre,4,1000021245,COPY_IN,PIPE_MTE2,4970,5241,271,502466
case_084,pre,4,3480,MATMUL,PIPE_M,5176,5764,588,502466
case_084,pre,4,1000021249,COPY_IN,PIPE_MTE2,5241,5247,6,502466
case_084,pre,4,1000021247,COPY_IN,PIPE_MTE2,5247,5547,300,502466
case_084,pre,4,1000021253,COPY_IN,PIPE_MTE2,5547,5833,286,502466
case_084,pre,4,3484,MATMUL,PIPE_M,5764,6352,588,502466
case_084,pre,4,1000021211,COPY_OUT,PIPE_MTE3,5764,6210,446,502466
case_084,pre,4,1000021255,COPY_IN,PIPE_MTE2,5833,6262,429,502466
case_084,pre,4,1000021259,COPY_IN,PIPE_MTE2,6262,6268,6,502466
case_084,pre,4,1000021257,COPY_IN,PIPE_MTE2,6268,6540,272,502466
case_084,pre,4,3486,DIV,PIPE_V,6352,6652,300,502466
case_084,pre,4,1000021263,COPY_IN,PIPE_MTE2,6540,6800,260,502466
case_084,pre,4,3487,REDUCE,PIPE_V,6652,6736,84,502466
case_084,pre,4,3488,SUB,PIPE_V,6736,6820,84,502466
case_084,pre,4,1000021265,COPY_IN,PIPE_MTE2,6800,7060,260,502466
case_084,pre,4,3489,EXP,PIPE_V,6820,7120,300,502466
case_084,pre,4,1000021269,COPY_IN,PIPE_MTE2,7060,7065,5,502466
case_084,pre,4,1000021267,COPY_IN,PIPE_MTE2,7065,7325,260,502466
case_084,pre,4,3490,REDUCE,PIPE_V,7120,7204,84,502466
case_084,pre,4,3491,DIV,PIPE_V,7204,7504,300,502466
case_084,pre,4,1000021273,COPY_IN,PIPE_MTE2,7325,7602,277,502466
case_084,pre,4,3492,MATMUL,PIPE_M,7504,8092,588,502466
case_084,pre,4,1000021275,COPY_IN,PIPE_MTE2,7602,7897,295,502466
case_084,pre,4,1000021279,COPY_IN,PIPE_MTE2,7897,7902,5,502466
case_084,pre,4,1000021277,COPY_IN,PIPE_MTE2,7902,8204,302,502466
case_084,pre,4,3496,MATMUL,PIPE_M,8092,8680,588,502466
case_084,pre,4,1000021221,COPY_OUT,PIPE_MTE3,8092,8538,446,502466
case_084,pre,4,1000021283,COPY_IN,PIPE_MTE2,8204,8622,418,502466
case_084,pre,4,1000021285,COPY_IN,PIPE_MTE2,8622,8890,268,502466
case_084,pre,4,3498,DIV,PIPE_V,8680,8980,300,502466
case_084,pre,4,1000021289,COPY_IN,PIPE_MTE2,8890,8895,5,502466
case_084,pre,4,1000021287,COPY_IN,PIPE_MTE2,8895,9155,260,502466
case_084,pre,4,3499,REDUCE,PIPE_V,8980,9064,84,502466
case_084,pre,4,3500,SUB,PIPE_V,9064,9148,84,502466
case_084,pre,4,3501,EXP,PIPE_V,9148,9448,300,502466
case_084,pre,4,1000021293,COPY_IN,PIPE_MTE2,9155,9415,260,502466
case_084,pre,4,1000021295,COPY_IN,PIPE_MTE2,9415,9675,260,502466
case_084,pre,4,3502,REDUCE,PIPE_V,9448,9532,84,502466
case_084,pre,4,3503,DIV,PIPE_V,9532,9832,300,502466
case_084,pre,4,1000021299,COPY_IN,PIPE_MTE2,9675,9680,5,502466
case_084,pre,4,1000021297,COPY_IN,PIPE_MTE2,9680,9962,282,502466
case_084,pre,4,3504,MATMUL,PIPE_M,9832,10420,588,502466
case_084,pre,4,1000021303,COPY_IN,PIPE_MTE2,9962,10252,290,502466
case_084,pre,4,1000021305,COPY_IN,PIPE_MTE2,10252,10568,316,502466
case_084,pre,4,3508,MATMUL,PIPE_M,10420,11008,588,502466
case_084,pre,4,1000021231,COPY_OUT,PIPE_MTE3,10420,10727,307,502466
case_084,pre,4,3510,DIV,PIPE_V,11008,11308,300,502466
case_084,pre,4,3511,REDUCE,PIPE_V,11308,11392,84,502466
case_084,pre,4,3512,SUB,PIPE_V,11392,11476,84,502466
case_084,pre,4,3513,EXP,PIPE_V,11476,11776,300,502466
case_084,pre,4,1000021309,COPY_IN,PIPE_MTE2,11476,11479,3,502466
case_084,pre,4,1000021307,COPY_IN,PIPE_MTE2,11479,11635,156,502466
case_084,pre,4,1000021313,COPY_IN,PIPE_MTE2,11635,11836,201,502466
case_084,pre,4,3514,REDUCE,PIPE_V,11776,11860,84,502466
case_084,pre,4,1000021315,COPY_IN,PIPE_MTE2,11836,12044,208,502466
case_084,pre,4,3515,DIV,PIPE_V,11860,12160,300,502466
case_084,pre,4,3516,MATMUL,PIPE_M,12160,12748,588,502466
case_084,pre,4,3520,MATMUL,PIPE_M,12748,13336,588,502466
case_084,pre,4,1000021241,COPY_OUT,PIPE_MTE3,12748,12904,156,502466
case_084,pre,4,3522,DIV,PIPE_V,13336,13636,300,502466
case_084,pre,4,3523,REDUCE,PIPE_V,13636,13720,84,502466
case_084,pre,4,3524,SUB,PIPE_V,13720,13804,84,502466
case_084,pre,4,3525,EXP,PIPE_V,13804,14104,300,502466
case_084,pre,4,1000021319,COPY_IN,PIPE_MTE2,13804,13807,3,502466
case_084,pre,4,1000021317,COPY_IN,PIPE_MTE2,13807,13963,156,502466
case_084,pre,4,1000021323,COPY_IN,PIPE_MTE2,13963,14164,201,502466
case_084,pre,4,3526,REDUCE,PIPE_V,14104,14188,84,502466
case_084,pre,4,1000021325,COPY_IN,PIPE_MTE2,14164,14372,208,502466
case_084,pre,4,3527,DIV,PIPE_V,14188,14488,300,502466
case_084,pre,4,3528,MATMUL,PIPE_M,14488,15076,588,502466
case_084,pre,4,3532,MATMUL,PIPE_M,15076,15664,588,502466
case_084,pre,4,1000021251,COPY_OUT,PIPE_MTE3,15076,15232,156,502466
case_084,pre,4,3534,DIV,PIPE_V,15664,15964,300,502466
case_084,pre,4,3535,REDUCE,PIPE_V,15964,16048,84,502466
case_084,pre,4,3536,SUB,PIPE_V,16048,16132,84,502466
case_084,pre,4,3537,EXP,PIPE_V,16132,16432,300,502466
case_084,pre,4,1000021329,COPY_IN,PIPE_MTE2,16132,16135,3,502466
case_084,pre,4,1000021327,COPY_IN,PIPE_MTE2,16135,16291,156,502466
case_084,pre,4,1000021333,COPY_IN,PIPE_MTE2,16291,16492,201,502466
case_084,pre,4,3538,REDUCE,PIPE_V,16432,16516,84,502466
case_084,pre,4,1000021335,COPY_IN,PIPE_MTE2,16492,16700,208,502466
case_084,pre,4,3539,DIV,PIPE_V,16516,16816,300,502466
case_084,pre,4,3540,MATMUL,PIPE_M,16816,17404,588,502466
case_084,pre,4,3544,MATMUL,PIPE_M,17404,17992,588,502466
case_084,pre,4,1000021261,COPY_OUT,PIPE_MTE3,17404,17560,156,502466
case_084,pre,4,3546,DIV,PIPE_V,17992,18292,300,502466
case_084,pre,4,3547,REDUCE,PIPE_V,18292,18376,84,502466
case_084,pre,4,3548,SUB,PIPE_V,18376,18460,84,502466
case_084,pre,4,3549,EXP,PIPE_V,18460,18760,300,502466
case_084,pre,4,1000021339,COPY_IN,PIPE_MTE2,18460,18463,3,502466
case_084,pre,4,1000021337,COPY_IN,PIPE_MTE2,18463,18619,156,502466
case_084,pre,4,1000021343,COPY_IN,PIPE_MTE2,18619,18820,201,502466
case_084,pre,4,3550,REDUCE,PIPE_V,18760,18844,84,502466
case_084,pre,4,1000021345,COPY_IN,PIPE_MTE2,18820,19028,208,502466
case_084,pre,4,3551,DIV,PIPE_V,18844,19144,300,502466
case_084,pre,4,3552,MATMUL,PIPE_M,19144,19732,588,502466
case_084,pre,4,3556,MATMUL,PIPE_M,19732,20320,588,502466
case_084,pre,4,1000021271,COPY_OUT,PIPE_MTE3,19732,19888,156,502466
case_084,pre,4,3558,DIV,PIPE_V,20320,20620,300,502466
case_084,pre,4,3559,REDUCE,PIPE_V,20620,20704,84,502466
case_084,pre,4,3560,SUB,PIPE_V,20704,20788,84,502466
case_084,pre,4,3561,EXP,PIPE_V,20788,21088,300,502466
case_084,pre,4,1000021349,COPY_IN,PIPE_MTE2,20788,20791,3,502466
case_084,pre,4,1000021347,COPY_IN,PIPE_MTE2,20791,20947,156,502466
case_084,pre,4,1000021353,COPY_IN,PIPE_MTE2,20947,21148,201,502466
case_084,pre,4,3562,REDUCE,PIPE_V,21088,21172,84,502466
case_084,pre,4,1000021355,COPY_IN,PIPE_MTE2,21148,21356,208,502466
case_084,pre,4,3563,DIV,PIPE_V,21172,21472,300,502466
case_084,pre,4,3564,MATMUL,PIPE_M,21472,22060,588,502466
case_084,pre,4,3568,MATMUL,PIPE_M,22060,22648,588,502466
case_084,pre,4,1000021281,COPY_OUT,PIPE_MTE3,22060,22216,156,502466
case_084,pre,4,3570,DIV,PIPE_V,22648,22948,300,502466
case_084,pre,4,3571,REDUCE,PIPE_V,22948,23032,84,502466
case_084,pre,4,3572,SUB,PIPE_V,23032,23116,84,502466
case_084,pre,4,3573,EXP,PIPE_V,23116,23416,300,502466
case_084,pre,4,1000021359,COPY_IN,PIPE_MTE2,23116,23119,3,502466
case_084,pre,4,1000021357,COPY_IN,PIPE_MTE2,23119,23275,156,502466
case_084,pre,4,1000021363,COPY_IN,PIPE_MTE2,23275,23476,201,502466
case_084,pre,4,3574,REDUCE,PIPE_V,23416,23500,84,502466
case_084,pre,4,1000021365,COPY_IN,PIPE_MTE2,23476,23684,208,502466
case_084,pre,4,3575,DIV,PIPE_V,23500,23800,300,502466
case_084,pre,4,3576,MATMUL,PIPE_M,23800,24388,588,502466
case_084,pre,4,3580,MATMUL,PIPE_M,24388,24976,588,502466
case_084,pre,4,1000021291,COPY_OUT,PIPE_MTE3,24388,24544,156,502466
case_084,pre,4,3582,DIV,PIPE_V,24976,25276,300,502466
case_084,pre,4,3583,REDUCE,PIPE_V,25276,25360,84,502466
case_084,pre,4,3584,SUB,PIPE_V,25360,25444,84,502466
case_084,pre,4,3585,EXP,PIPE_V,25444,25744,300,502466
case_084,pre,4,1000021369,COPY_IN,PIPE_MTE2,25444,25447,3,502466
case_084,pre,4,1000021367,COPY_IN,PIPE_MTE2,25447,25603,156,502466
case_084,pre,4,1000021373,COPY_IN,PIPE_MTE2,25603,25804,201,502466
case_084,pre,4,3586,REDUCE,PIPE_V,25744,25828,84,502466
case_084,pre,4,1000021375,COPY_IN,PIPE_MTE2,25804,26012,208,502466
case_084,pre,4,3587,DIV,PIPE_V,25828,26128,300,502466
case_084,pre,4,3588,MATMUL,PIPE_M,26128,26716,588,502466
case_084,pre,4,3592,MATMUL,PIPE_M,26716,27304,588,502466
case_084,pre,4,1000021301,COPY_OUT,PIPE_MTE3,26716,26872,156,502466
case_084,pre,4,3594,DIV,PIPE_V,27304,27604,300,502466
case_084,pre,4,3595,REDUCE,PIPE_V,27604,27688,84,502466
case_084,pre,4,3596,SUB,PIPE_V,27688,27772,84,502466
case_084,pre,4,3597,EXP,PIPE_V,27772,28072,300,502466
case_084,pre,4,1000021379,COPY_IN,PIPE_MTE2,27772,27775,3,502466
case_084,pre,4,1000021377,COPY_IN,PIPE_MTE2,27775,27931,156,502466
case_084,pre,4,1000021383,COPY_IN,PIPE_MTE2,27931,28132,201,502466
case_084,pre,4,3598,REDUCE,PIPE_V,28072,28156,84,502466
case_084,pre,4,1000021385,COPY_IN,PIPE_MTE2,28132,28340,208,502466
case_084,pre,4,3599,DIV,PIPE_V,28156,28456,300,502466
case_084,pre,4,3600,MATMUL,PIPE_M,28456,29044,588,502466
case_084,pre,4,3604,MATMUL,PIPE_M,29044,29632,588,502466
case_084,pre,4,1000021311,COPY_OUT,PIPE_MTE3,29044,29200,156,502466
case_084,pre,4,3606,DIV,PIPE_V,29632,29932,300,502466
case_084,pre,4,3607,REDUCE,PIPE_V,29932,30016,84,502466
case_084,pre,4,3608,SUB,PIPE_V,30016,30100,84,502466
case_084,pre,4,3609,EXP,PIPE_V,30100,30400,300,502466
case_084,pre,4,1000021389,COPY_IN,PIPE_MTE2,30100,30103,3,502466
case_084,pre,4,1000021387,COPY_IN,PIPE_MTE2,30103,30259,156,502466
case_084,pre,4,1000021393,COPY_IN,PIPE_MTE2,30259,30460,201,502466
case_084,pre,4,3610,REDUCE,PIPE_V,30400,30484,84,502466
case_084,pre,4,1000021395,COPY_IN,PIPE_MTE2,30460,30668,208,502466
case_084,pre,4,3611,DIV,PIPE_V,30484,30784,300,502466
case_084,pre,4,3612,MATMUL,PIPE_M,30784,31372,588,502466
case_084,pre,4,3616,MATMUL,PIPE_M,31372,31960,588,502466
case_084,pre,4,1000021321,COPY_OUT,PIPE_MTE3,31372,31528,156,502466
case_084,pre,4,3618,DIV,PIPE_V,31960,32260,300,502466
case_084,pre,4,3619,REDUCE,PIPE_V,32260,32344,84,502466
case_084,pre,4,3620,SUB,PIPE_V,32344,32428,84,502466
case_084,pre,4,3621,EXP,PIPE_V,32428,32728,300,502466
case_084,pre,4,1000021399,COPY_IN,PIPE_MTE2,32428,32431,3,502466
case_084,pre,4,1000021397,COPY_IN,PIPE_MTE2,32431,32587,156,502466
case_084,pre,4,1000021403,COPY_IN,PIPE_MTE2,32587,32788,201,502466
case_084,pre,4,3622,REDUCE,PIPE_V,32728,32812,84,502466
case_084,pre,4,1000021405,COPY_IN,PIPE_MTE2,32788,32996,208,502466
case_084,pre,4,3623,DIV,PIPE_V,32812,33112,300,502466
case_084,pre,4,3624,MATMUL,PIPE_M,33112,33700,588,502466
case_084,pre,4,3628,MATMUL,PIPE_M,33700,34288,588,502466
case_084,pre,4,1000021331,COPY_OUT,PIPE_MTE3,33700,33856,156,502466
case_084,pre,4,3630,DIV,PIPE_V,34288,34588,300,502466
case_084,pre,4,3631,REDUCE,PIPE_V,34588,34672,84,502466
case_084,pre,4,3632,SUB,PIPE_V,34672,34756,84,502466
case_084,pre,4,3633,EXP,PIPE_V,34756,35056,300,502466
case_084,pre,4,1000021409,COPY_IN,PIPE_MTE2,34756,34759,3,502466
case_084,pre,4,1000021407,COPY_IN,PIPE_MTE2,34759,34915,156,502466
case_084,pre,4,1000021413,COPY_IN,PIPE_MTE2,34915,35116,201,502466
case_084,pre,4,3634,REDUCE,PIPE_V,35056,35140,84,502466
case_084,pre,4,1000021415,COPY_IN,PIPE_MTE2,35116,35324,208,502466
case_084,pre,4,3635,DIV,PIPE_V,35140,35440,300,502466
case_084,pre,4,3636,MATMUL,PIPE_M,35440,36028,588,502466
case_084,pre,4,3640,MATMUL,PIPE_M,36028,36616,588,502466
case_084,pre,4,1000021341,COPY_OUT,PIPE_MTE3,36028,36184,156,502466
case_084,pre,4,3642,DIV,PIPE_V,36616,36916,300,502466
case_084,pre,4,3643,REDUCE,PIPE_V,36916,37000,84,502466
case_084,pre,4,3644,SUB,PIPE_V,37000,37084,84,502466
case_084,pre,4,3645,EXP,PIPE_V,37084,37384,300,502466
case_084,pre,4,1000021419,COPY_IN,PIPE_MTE2,37084,37087,3,502466
case_084,pre,4,1000021417,COPY_IN,PIPE_MTE2,37087,37243,156,502466
case_084,pre,4,1000021423,COPY_IN,PIPE_MTE2,37243,37444,201,502466
case_084,pre,4,3646,REDUCE,PIPE_V,37384,37468,84,502466
case_084,pre,4,1000021425,COPY_IN,PIPE_MTE2,37444,37652,208,502466
case_084,pre,4,3647,DIV,PIPE_V,37468,37768,300,502466
case_084,pre,4,3648,MATMUL,PIPE_M,37768,38356,588,502466
case_084,pre,4,3652,MATMUL,PIPE_M,38356,38944,588,502466
case_084,pre,4,1000021351,COPY_OUT,PIPE_MTE3,38356,38512,156,502466
case_084,pre,4,3654,DIV,PIPE_V,38944,39244,300,502466
case_084,pre,4,3655,REDUCE,PIPE_V,39244,39328,84,502466
case_084,pre,4,3656,SUB,PIPE_V,39328,39412,84,502466
case_084,pre,4,3657,EXP,PIPE_V,39412,39712,300,502466
case_084,pre,4,1000021429,COPY_IN,PIPE_MTE2,39412,39415,3,502466
case_084,pre,4,1000021427,COPY_IN,PIPE_MTE2,39415,39571,156,502466
case_084,pre,4,1000021433,COPY_IN,PIPE_MTE2,39571,39772,201,502466
case_084,pre,4,3658,REDUCE,PIPE_V,39712,39796,84,502466
case_084,pre,4,1000021435,COPY_IN,PIPE_MTE2,39772,39980,208,502466
case_084,pre,4,3659,DIV,PIPE_V,39796,40096,300,502466
case_084,pre,4,3660,MATMUL,PIPE_M,40096,40684,588,502466
case_084,pre,4,3664,MATMUL,PIPE_M,40684,41272,588,502466
case_084,pre,4,1000021361,COPY_OUT,PIPE_MTE3,40684,40840,156,502466
case_084,pre,4,3666,DIV,PIPE_V,41272,41572,300,502466
case_084,pre,4,3667,REDUCE,PIPE_V,41572,41656,84,502466
case_084,pre,4,3668,SUB,PIPE_V,41656,41740,84,502466
case_084,pre,4,3669,EXP,PIPE_V,41740,42040,300,502466
case_084,pre,4,1000021439,COPY_IN,PIPE_MTE2,41740,41743,3,502466
case_084,pre,4,1000021437,COPY_IN,PIPE_MTE2,41743,41899,156,502466
case_084,pre,4,1000021443,COPY_IN,PIPE_MTE2,41899,42100,201,502466
case_084,pre,4,3670,REDUCE,PIPE_V,42040,42124,84,502466
case_084,pre,4,1000021445,COPY_IN,PIPE_MTE2,42100,42308,208,502466
case_084,pre,4,3671,DIV,PIPE_V,42124,42424,300,502466
case_084,pre,4,3672,MATMUL,PIPE_M,42424,43012,588,502466
case_084,pre,4,3676,MATMUL,PIPE_M,43012,43600,588,502466
case_084,pre,4,1000021371,COPY_OUT,PIPE_MTE3,43012,43168,156,502466
case_084,pre,4,3678,DIV,PIPE_V,43600,43900,300,502466
case_084,pre,4,3679,REDUCE,PIPE_V,43900,43984,84,502466
case_084,pre,4,3680,SUB,PIPE_V,43984,44068,84,502466
case_084,pre,4,3681,EXP,PIPE_V,44068,44368,300,502466
case_084,pre,4,1000021449,COPY_IN,PIPE_MTE2,44068,44071,3,502466
case_084,pre,4,1000021447,COPY_IN,PIPE_MTE2,44071,44227,156,502466
case_084,pre,4,1000021453,COPY_IN,PIPE_MTE2,44227,44428,201,502466
case_084,pre,4,3682,REDUCE,PIPE_V,44368,44452,84,502466
case_084,pre,4,1000021455,COPY_IN,PIPE_MTE2,44428,44636,208,502466
case_084,pre,4,3683,DIV,PIPE_V,44452,44752,300,502466
case_084,pre,4,3684,MATMUL,PIPE_M,44752,45340,588,502466
case_084,pre,4,3688,MATMUL,PIPE_M,45340,45928,588,502466
case_084,pre,4,1000021381,COPY_OUT,PIPE_MTE3,45340,45496,156,502466
case_084,pre,4,3690,DIV,PIPE_V,45928,46228,300,502466
case_084,pre,4,3691,REDUCE,PIPE_V,46228,46312,84,502466
case_084,pre,4,3692,SUB,PIPE_V,46312,46396,84,502466
case_084,pre,4,3693,EXP,PIPE_V,46396,46696,300,502466
case_084,pre,4,1000021459,COPY_IN,PIPE_MTE2,46396,46399,3,502466
case_084,pre,4,1000021457,COPY_IN,PIPE_MTE2,46399,46555,156,502466
case_084,pre,4,1000021463,COPY_IN,PIPE_MTE2,46555,46756,201,502466
case_084,pre,4,3694,REDUCE,PIPE_V,46696,46780,84,502466
case_084,pre,4,1000021465,COPY_IN,PIPE_MTE2,46756,46964,208,502466
case_084,pre,4,3695,DIV,PIPE_V,46780,47080,300,502466
case_084,pre,4,3696,MATMUL,PIPE_M,47080,47668,588,502466
case_084,pre,4,3700,MATMUL,PIPE_M,47668,48256,588,502466
case_084,pre,4,1000021391,COPY_OUT,PIPE_MTE3,47668,47824,156,502466
case_084,pre,4,3702,DIV,PIPE_V,48256,48556,300,502466
case_084,pre,4,3703,REDUCE,PIPE_V,48556,48640,84,502466
case_084,pre,4,3704,SUB,PIPE_V,48640,48724,84,502466
case_084,pre,4,3705,EXP,PIPE_V,48724,49024,300,502466
case_084,pre,4,1000021469,COPY_IN,PIPE_MTE2,48724,48727,3,502466
case_084,pre,4,1000021467,COPY_IN,PIPE_MTE2,48727,48883,156,502466
case_084,pre,4,1000021473,COPY_IN,PIPE_MTE2,48883,49084,201,502466
case_084,pre,4,3706,REDUCE,PIPE_V,49024,49108,84,502466
case_084,pre,4,1000021475,COPY_IN,PIPE_MTE2,49084,49292,208,502466
case_084,pre,4,3707,DIV,PIPE_V,49108,49408,300,502466
case_084,pre,4,3708,MATMUL,PIPE_M,49408,49996,588,502466
case_084,pre,4,3712,MATMUL,PIPE_M,49996,50584,588,502466
case_084,pre,4,1000021401,COPY_OUT,PIPE_MTE3,49996,50152,156,502466
case_084,pre,4,3714,DIV,PIPE_V,50584,50884,300,502466
case_084,pre,4,3715,REDUCE,PIPE_V,50884,50968,84,502466
case_084,pre,4,3716,SUB,PIPE_V,50968,51052,84,502466
case_084,pre,4,3717,EXP,PIPE_V,51052,51352,300,502466
case_084,pre,4,1000021479,COPY_IN,PIPE_MTE2,51052,51055,3,502466
case_084,pre,4,1000021477,COPY_IN,PIPE_MTE2,51055,51211,156,502466
case_084,pre,4,1000021483,COPY_IN,PIPE_MTE2,51211,51412,201,502466
case_084,pre,4,3718,REDUCE,PIPE_V,51352,51436,84,502466
case_084,pre,4,1000021485,COPY_IN,PIPE_MTE2,51412,51620,208,502466
case_084,pre,4,3719,DIV,PIPE_V,51436,51736,300,502466
case_084,pre,4,3720,MATMUL,PIPE_M,51736,52324,588,502466
case_084,pre,4,3724,MATMUL,PIPE_M,52324,52912,588,502466
case_084,pre,4,1000021411,COPY_OUT,PIPE_MTE3,52324,52480,156,502466
case_084,pre,4,3726,DIV,PIPE_V,52912,53212,300,502466
case_084,pre,4,3727,REDUCE,PIPE_V,53212,53296,84,502466
case_084,pre,4,3728,SUB,PIPE_V,53296,53380,84,502466
case_084,pre,4,3729,EXP,PIPE_V,53380,53680,300,502466
case_084,pre,4,1000021489,COPY_IN,PIPE_MTE2,53380,53383,3,502466
case_084,pre,4,1000021487,COPY_IN,PIPE_MTE2,53383,53539,156,502466
case_084,pre,4,1000021493,COPY_IN,PIPE_MTE2,53539,53740,201,502466
case_084,pre,4,3730,REDUCE,PIPE_V,53680,53764,84,502466
case_084,pre,4,1000021495,COPY_IN,PIPE_MTE2,53740,53948,208,502466
case_084,pre,4,3731,DIV,PIPE_V,53764,54064,300,502466
case_084,pre,4,3732,MATMUL,PIPE_M,54064,54652,588,502466
case_084,pre,4,3736,MATMUL,PIPE_M,54652,55240,588,502466
case_084,pre,4,1000021421,COPY_OUT,PIPE_MTE3,54652,54808,156,502466
case_084,pre,4,3738,DIV,PIPE_V,55240,55540,300,502466
case_084,pre,4,3739,REDUCE,PIPE_V,55540,55624,84,502466
case_084,pre,4,3740,SUB,PIPE_V,55624,55708,84,502466
case_084,pre,4,3741,EXP,PIPE_V,55708,56008,300,502466
case_084,pre,4,1000021499,COPY_IN,PIPE_MTE2,55708,55711,3,502466
case_084,pre,4,1000021497,COPY_IN,PIPE_MTE2,55711,55867,156,502466
case_084,pre,4,1000021503,COPY_IN,PIPE_MTE2,55867,56068,201,502466
case_084,pre,4,3742,REDUCE,PIPE_V,56008,56092,84,502466
case_084,pre,4,1000021505,COPY_IN,PIPE_MTE2,56068,56276,208,502466
case_084,pre,4,3743,DIV,PIPE_V,56092,56392,300,502466
case_084,pre,4,3744,MATMUL,PIPE_M,56392,56980,588,502466
case_084,pre,4,3748,MATMUL,PIPE_M,56980,57568,588,502466
case_084,pre,4,1000021431,COPY_OUT,PIPE_MTE3,56980,57136,156,502466
case_084,pre,4,3750,DIV,PIPE_V,57568,57868,300,502466
case_084,pre,4,3751,REDUCE,PIPE_V,57868,57952,84,502466
case_084,pre,4,3752,SUB,PIPE_V,57952,58036,84,502466
case_084,pre,4,3753,EXP,PIPE_V,58036,58336,300,502466
case_084,pre,4,1000021509,COPY_IN,PIPE_MTE2,58036,58039,3,502466
case_084,pre,4,1000021507,COPY_IN,PIPE_MTE2,58039,58195,156,502466
case_084,pre,4,1000021513,COPY_IN,PIPE_MTE2,58195,58396,201,502466
case_084,pre,4,3754,REDUCE,PIPE_V,58336,58420,84,502466
case_084,pre,4,1000021515,COPY_IN,PIPE_MTE2,58396,58604,208,502466
case_084,pre,4,3755,DIV,PIPE_V,58420,58720,300,502466
case_084,pre,4,3756,MATMUL,PIPE_M,58720,59308,588,502466
case_084,pre,4,3760,MATMUL,PIPE_M,59308,59896,588,502466
case_084,pre,4,1000021441,COPY_OUT,PIPE_MTE3,59308,59464,156,502466
case_084,pre,4,3762,DIV,PIPE_V,59896,60196,300,502466
case_084,pre,4,3763,REDUCE,PIPE_V,60196,60280,84,502466
case_084,pre,4,3764,SUB,PIPE_V,60280,60364,84,502466
case_084,pre,4,3765,EXP,PIPE_V,60364,60664,300,502466
case_084,pre,4,1000021519,COPY_IN,PIPE_MTE2,60364,60367,3,502466
case_084,pre,4,1000021517,COPY_IN,PIPE_MTE2,60367,60523,156,502466
case_084,pre,4,1000021523,COPY_IN,PIPE_MTE2,60523,60724,201,502466
case_084,pre,4,3766,REDUCE,PIPE_V,60664,60748,84,502466
case_084,pre,4,1000021525,COPY_IN,PIPE_MTE2,60724,60932,208,502466
case_084,pre,4,3767,DIV,PIPE_V,60748,61048,300,502466
case_084,pre,4,3768,MATMUL,PIPE_M,61048,61636,588,502466
case_084,pre,4,3772,MATMUL,PIPE_M,61636,62224,588,502466
case_084,pre,4,1000021451,COPY_OUT,PIPE_MTE3,61636,61792,156,502466
case_084,pre,4,3774,DIV,PIPE_V,62224,62524,300,502466
case_084,pre,4,3775,REDUCE,PIPE_V,62524,62608,84,502466
case_084,pre,4,3776,SUB,PIPE_V,62608,62692,84,502466
case_084,pre,4,3777,EXP,PIPE_V,62692,62992,300,502466
case_084,pre,4,1000021529,COPY_IN,PIPE_MTE2,62692,62695,3,502466
case_084,pre,4,1000021527,COPY_IN,PIPE_MTE2,62695,62851,156,502466
case_084,pre,4,1000021533,COPY_IN,PIPE_MTE2,62851,63052,201,502466
case_084,pre,4,3778,REDUCE,PIPE_V,62992,63076,84,502466
case_084,pre,4,1000021535,COPY_IN,PIPE_MTE2,63052,63260,208,502466
case_084,pre,4,3779,DIV,PIPE_V,63076,63376,300,502466
case_084,pre,4,3780,MATMUL,PIPE_M,63376,63964,588,502466
case_084,pre,4,3784,MATMUL,PIPE_M,63964,64552,588,502466
case_084,pre,4,1000021461,COPY_OUT,PIPE_MTE3,63964,64120,156,502466
case_084,pre,4,3786,DIV,PIPE_V,64552,64852,300,502466
case_084,pre,4,3787,REDUCE,PIPE_V,64852,64936,84,502466
case_084,pre,4,3788,SUB,PIPE_V,64936,65020,84,502466
case_084,pre,4,3789,EXP,PIPE_V,65020,65320,300,502466
case_084,pre,4,1000021539,COPY_IN,PIPE_MTE2,65020,65023,3,502466
case_084,pre,4,1000021537,COPY_IN,PIPE_MTE2,65023,65179,156,502466
case_084,pre,4,1000021543,COPY_IN,PIPE_MTE2,65179,65380,201,502466
case_084,pre,4,3790,REDUCE,PIPE_V,65320,65404,84,502466
case_084,pre,4,1000021545,COPY_IN,PIPE_MTE2,65380,65588,208,502466
case_084,pre,4,3791,DIV,PIPE_V,65404,65704,300,502466
case_084,pre,4,3792,MATMUL,PIPE_M,65704,66292,588,502466
case_084,pre,4,3796,MATMUL,PIPE_M,66292,66880,588,502466
case_084,pre,4,1000021471,COPY_OUT,PIPE_MTE3,66292,66448,156,502466
case_084,pre,4,3798,DIV,PIPE_V,66880,67180,300,502466
case_084,pre,4,3799,REDUCE,PIPE_V,67180,67264,84,502466
case_084,pre,4,3800,SUB,PIPE_V,67264,67348,84,502466
case_084,pre,4,3801,EXP,PIPE_V,67348,67648,300,502466
case_084,pre,4,1000021549,COPY_IN,PIPE_MTE2,67348,67351,3,502466
case_084,pre,4,1000021547,COPY_IN,PIPE_MTE2,67351,67507,156,502466
case_084,pre,4,1000021553,COPY_IN,PIPE_MTE2,67507,67708,201,502466
case_084,pre,4,3802,REDUCE,PIPE_V,67648,67732,84,502466
case_084,pre,4,1000021555,COPY_IN,PIPE_MTE2,67708,67916,208,502466
case_084,pre,4,3803,DIV,PIPE_V,67732,68032,300,502466
case_084,pre,4,3804,MATMUL,PIPE_M,68032,68620,588,502466
case_084,pre,4,3808,MATMUL,PIPE_M,68620,69208,588,502466
case_084,pre,4,1000021481,COPY_OUT,PIPE_MTE3,68620,68776,156,502466
case_084,pre,4,3810,DIV,PIPE_V,69208,69508,300,502466
case_084,pre,4,3811,REDUCE,PIPE_V,69508,69592,84,502466
case_084,pre,4,3812,SUB,PIPE_V,69592,69676,84,502466
case_084,pre,4,3813,EXP,PIPE_V,69676,69976,300,502466
case_084,pre,4,1000021559,COPY_IN,PIPE_MTE2,69676,69679,3,502466
case_084,pre,4,1000021557,COPY_IN,PIPE_MTE2,69679,69835,156,502466
case_084,pre,4,1000021563,COPY_IN,PIPE_MTE2,69835,70036,201,502466
case_084,pre,4,3814,REDUCE,PIPE_V,69976,70060,84,502466
case_084,pre,4,1000021565,COPY_IN,PIPE_MTE2,70036,70244,208,502466
case_084,pre,4,3815,DIV,PIPE_V,70060,70360,300,502466
case_084,pre,4,3816,MATMUL,PIPE_M,70360,70948,588,502466
case_084,pre,4,3820,MATMUL,PIPE_M,70948,71536,588,502466
case_084,pre,4,1000021491,COPY_OUT,PIPE_MTE3,70948,71104,156,502466
case_084,pre,4,3822,DIV,PIPE_V,71536,71836,300,502466
case_084,pre,4,3823,REDUCE,PIPE_V,71836,71920,84,502466
case_084,pre,4,3824,SUB,PIPE_V,71920,72004,84,502466
case_084,pre,4,3825,EXP,PIPE_V,72004,72304,300,502466
case_084,pre,4,1000021569,COPY_IN,PIPE_MTE2,72004,72007,3,502466
case_084,pre,4,1000021567,COPY_IN,PIPE_MTE2,72007,72163,156,502466
case_084,pre,4,1000021573,COPY_IN,PIPE_MTE2,72163,72364,201,502466
case_084,pre,4,3826,REDUCE,PIPE_V,72304,72388,84,502466
case_084,pre,4,1000021575,COPY_IN,PIPE_MTE2,72364,72572,208,502466
case_084,pre,4,3827,DIV,PIPE_V,72388,72688,300,502466
case_084,pre,4,3828,MATMUL,PIPE_M,72688,73276,588,502466
case_084,pre,4,3832,MATMUL,PIPE_M,73276,73864,588,502466
case_084,pre,4,1000021501,COPY_OUT,PIPE_MTE3,73276,73432,156,502466
case_084,pre,4,3834,DIV,PIPE_V,73864,74164,300,502466
case_084,pre,4,3835,REDUCE,PIPE_V,74164,74248,84,502466
case_084,pre,4,3836,SUB,PIPE_V,74248,74332,84,502466
case_084,pre,4,3837,EXP,PIPE_V,74332,74632,300,502466
case_084,pre,4,1000021579,COPY_IN,PIPE_MTE2,74332,74335,3,502466
case_084,pre,4,1000021577,COPY_IN,PIPE_MTE2,74335,74491,156,502466
case_084,pre,4,1000021583,COPY_IN,PIPE_MTE2,74491,74692,201,502466
case_084,pre,4,3838,REDUCE,PIPE_V,74632,74716,84,502466
case_084,pre,4,1000021585,COPY_IN,PIPE_MTE2,74692,74900,208,502466
case_084,pre,4,3839,DIV,PIPE_V,74716,75016,300,502466
case_084,pre,4,3840,MATMUL,PIPE_M,75016,75604,588,502466
case_084,pre,4,3844,MATMUL,PIPE_M,75604,76192,588,502466
case_084,pre,4,1000021511,COPY_OUT,PIPE_MTE3,75604,75760,156,502466
case_084,pre,4,3846,DIV,PIPE_V,76192,76492,300,502466
case_084,pre,4,3847,REDUCE,PIPE_V,76492,76576,84,502466
case_084,pre,4,3848,SUB,PIPE_V,76576,76660,84,502466
case_084,pre,4,3849,EXP,PIPE_V,76660,76960,300,502466
case_084,pre,4,1000021589,COPY_IN,PIPE_MTE2,76660,76663,3,502466
case_084,pre,4,1000021587,COPY_IN,PIPE_MTE2,76663,76819,156,502466
case_084,pre,4,1000021593,COPY_IN,PIPE_MTE2,76819,77020,201,502466
case_084,pre,4,3850,REDUCE,PIPE_V,76960,77044,84,502466
case_084,pre,4,1000021595,COPY_IN,PIPE_MTE2,77020,77228,208,502466
case_084,pre,4,3851,DIV,PIPE_V,77044,77344,300,502466
case_084,pre,4,3852,MATMUL,PIPE_M,77344,77932,588,502466
case_084,pre,4,3856,MATMUL,PIPE_M,77932,78520,588,502466
case_084,pre,4,1000021521,COPY_OUT,PIPE_MTE3,77932,78088,156,502466
case_084,pre,4,3858,DIV,PIPE_V,78520,78820,300,502466
case_084,pre,4,3859,REDUCE,PIPE_V,78820,78904,84,502466
case_084,pre,4,3860,SUB,PIPE_V,78904,78988,84,502466
case_084,pre,4,3861,EXP,PIPE_V,78988,79288,300,502466
case_084,pre,4,1000021599,COPY_IN,PIPE_MTE2,78988,78991,3,502466
case_084,pre,4,1000021597,COPY_IN,PIPE_MTE2,78991,79147,156,502466
case_084,pre,4,1000021603,COPY_IN,PIPE_MTE2,79147,79348,201,502466
case_084,pre,4,3862,REDUCE,PIPE_V,79288,79372,84,502466
case_084,pre,4,1000021605,COPY_IN,PIPE_MTE2,79348,79556,208,502466
case_084,pre,4,3863,DIV,PIPE_V,79372,79672,300,502466
case_084,pre,4,3864,MATMUL,PIPE_M,79672,80260,588,502466
case_084,pre,4,3868,MATMUL,PIPE_M,80260,80848,588,502466
case_084,pre,4,1000021531,COPY_OUT,PIPE_MTE3,80260,80416,156,502466
case_084,pre,4,3870,DIV,PIPE_V,80848,81148,300,502466
case_084,pre,4,3871,REDUCE,PIPE_V,81148,81232,84,502466
case_084,pre,4,3872,SUB,PIPE_V,81232,81316,84,502466
case_084,pre,4,3873,EXP,PIPE_V,81316,81616,300,502466
case_084,pre,4,1000021609,COPY_IN,PIPE_MTE2,81316,81319,3,502466
case_084,pre,4,1000021607,COPY_IN,PIPE_MTE2,81319,81475,156,502466
case_084,pre,4,1000021613,COPY_IN,PIPE_MTE2,81475,81676,201,502466
case_084,pre,4,3874,REDUCE,PIPE_V,81616,81700,84,502466
case_084,pre,4,1000021615,COPY_IN,PIPE_MTE2,81676,81884,208,502466
case_084,pre,4,3875,DIV,PIPE_V,81700,82000,300,502466
case_084,pre,4,3876,MATMUL,PIPE_M,82000,82588,588,502466
case_084,pre,4,3880,MATMUL,PIPE_M,82588,83176,588,502466
case_084,pre,4,1000021541,COPY_OUT,PIPE_MTE3,82588,82744,156,502466
case_084,pre,4,3882,DIV,PIPE_V,83176,83476,300,502466
case_084,pre,4,3883,REDUCE,PIPE_V,83476,83560,84,502466
case_084,pre,4,3884,SUB,PIPE_V,83560,83644,84,502466
case_084,pre,4,3885,EXP,PIPE_V,83644,83944,300,502466
case_084,pre,4,1000021619,COPY_IN,PIPE_MTE2,83644,83647,3,502466
case_084,pre,4,1000021617,COPY_IN,PIPE_MTE2,83647,83803,156,502466
case_084,pre,4,1000021623,COPY_IN,PIPE_MTE2,83803,84004,201,502466
case_084,pre,4,3886,REDUCE,PIPE_V,83944,84028,84,502466
case_084,pre,4,1000021625,COPY_IN,PIPE_MTE2,84004,84212,208,502466
case_084,pre,4,3887,DIV,PIPE_V,84028,84328,300,502466
case_084,pre,4,3888,MATMUL,PIPE_M,84328,84916,588,502466
case_084,pre,4,3892,MATMUL,PIPE_M,84916,85504,588,502466
case_084,pre,4,1000021551,COPY_OUT,PIPE_MTE3,84916,85072,156,502466
case_084,pre,4,3894,DIV,PIPE_V,85504,85804,300,502466
case_084,pre,4,3895,REDUCE,PIPE_V,85804,85888,84,502466
case_084,pre,4,3896,SUB,PIPE_V,85888,85972,84,502466
case_084,pre,4,3897,EXP,PIPE_V,85972,86272,300,502466
case_084,pre,4,1000021629,COPY_IN,PIPE_MTE2,85972,85975,3,502466
case_084,pre,4,1000021627,COPY_IN,PIPE_MTE2,85975,86131,156,502466
case_084,pre,4,1000021633,COPY_IN,PIPE_MTE2,86131,86332,201,502466
case_084,pre,4,3898,REDUCE,PIPE_V,86272,86356,84,502466
case_084,pre,4,1000021635,COPY_IN,PIPE_MTE2,86332,86540,208,502466
case_084,pre,4,3899,DIV,PIPE_V,86356,86656,300,502466
case_084,pre,4,3900,MATMUL,PIPE_M,86656,87244,588,502466
case_084,pre,4,3904,MATMUL,PIPE_M,87244,87832,588,502466
case_084,pre,4,1000021561,COPY_OUT,PIPE_MTE3,87244,87400,156,502466
case_084,pre,4,3906,DIV,PIPE_V,87832,88132,300,502466
case_084,pre,4,3907,REDUCE,PIPE_V,88132,88216,84,502466
case_084,pre,4,3908,SUB,PIPE_V,88216,88300,84,502466
case_084,pre,4,3909,EXP,PIPE_V,88300,88600,300,502466
case_084,pre,4,1000021639,COPY_IN,PIPE_MTE2,88300,88303,3,502466
case_084,pre,4,1000021637,COPY_IN,PIPE_MTE2,88303,88459,156,502466
case_084,pre,4,1000021643,COPY_IN,PIPE_MTE2,88459,88660,201,502466
case_084,pre,4,3910,REDUCE,PIPE_V,88600,88684,84,502466
case_084,pre,4,1000021645,COPY_IN,PIPE_MTE2,88660,88868,208,502466
case_084,pre,4,3911,DIV,PIPE_V,88684,88984,300,502466
case_084,pre,4,3912,MATMUL,PIPE_M,88984,89572,588,502466
case_084,pre,4,3916,MATMUL,PIPE_M,89572,90160,588,502466
case_084,pre,4,1000021571,COPY_OUT,PIPE_MTE3,89572,89728,156,502466
case_084,pre,4,3918,DIV,PIPE_V,90160,90460,300,502466
case_084,pre,4,3919,REDUCE,PIPE_V,90460,90544,84,502466
case_084,pre,4,3920,SUB,PIPE_V,90544,90628,84,502466
case_084,pre,4,3921,EXP,PIPE_V,90628,90928,300,502466
case_084,pre,4,1000021649,COPY_IN,PIPE_MTE2,90628,90631,3,502466
case_084,pre,4,1000021647,COPY_IN,PIPE_MTE2,90631,90787,156,502466
case_084,pre,4,1000021653,COPY_IN,PIPE_MTE2,90787,90988,201,502466
case_084,pre,4,3922,REDUCE,PIPE_V,90928,91012,84,502466
case_084,pre,4,1000021655,COPY_IN,PIPE_MTE2,90988,91196,208,502466
case_084,pre,4,3923,DIV,PIPE_V,91012,91312,300,502466
case_084,pre,4,3924,MATMUL,PIPE_M,91312,91900,588,502466
case_084,pre,4,3928,MATMUL,PIPE_M,91900,92488,588,502466
case_084,pre,4,1000021581,COPY_OUT,PIPE_MTE3,91900,92056,156,502466
case_084,pre,4,3930,DIV,PIPE_V,92488,92788,300,502466
case_084,pre,4,3931,REDUCE,PIPE_V,92788,92872,84,502466
case_084,pre,4,3932,SUB,PIPE_V,92872,92956,84,502466
case_084,pre,4,3933,EXP,PIPE_V,92956,93256,300,502466
case_084,pre,4,1000021659,COPY_IN,PIPE_MTE2,92956,92959,3,502466
case_084,pre,4,1000021657,COPY_IN,PIPE_MTE2,92959,93115,156,502466
case_084,pre,4,1000021663,COPY_IN,PIPE_MTE2,93115,93316,201,502466
case_084,pre,4,3934,REDUCE,PIPE_V,93256,93340,84,502466
case_084,pre,4,1000021665,COPY_IN,PIPE_MTE2,93316,93524,208,502466
case_084,pre,4,3935,DIV,PIPE_V,93340,93640,300,502466
case_084,pre,4,3936,MATMUL,PIPE_M,93640,94228,588,502466
case_084,pre,4,3940,MATMUL,PIPE_M,94228,94816,588,502466
case_084,pre,4,1000021591,COPY_OUT,PIPE_MTE3,94228,94384,156,502466
case_084,pre,4,3942,DIV,PIPE_V,94816,95116,300,502466
case_084,pre,4,3943,REDUCE,PIPE_V,95116,95200,84,502466
case_084,pre,4,3944,SUB,PIPE_V,95200,95284,84,502466
case_084,pre,4,3945,EXP,PIPE_V,95284,95584,300,502466
case_084,pre,4,1000021669,COPY_IN,PIPE_MTE2,95284,95287,3,502466
case_084,pre,4,1000021667,COPY_IN,PIPE_MTE2,95287,95443,156,502466
case_084,pre,4,1000021673,COPY_IN,PIPE_MTE2,95443,95644,201,502466
case_084,pre,4,3946,REDUCE,PIPE_V,95584,95668,84,502466
case_084,pre,4,1000021675,COPY_IN,PIPE_MTE2,95644,95852,208,502466
case_084,pre,4,3947,DIV,PIPE_V,95668,95968,300,502466
case_084,pre,4,3948,MATMUL,PIPE_M,95968,96556,588,502466
case_084,pre,4,3952,MATMUL,PIPE_M,96556,97144,588,502466
case_084,pre,4,1000021601,COPY_OUT,PIPE_MTE3,96556,96712,156,502466
case_084,pre,4,3954,DIV,PIPE_V,97144,97444,300,502466
case_084,pre,4,3955,REDUCE,PIPE_V,97444,97528,84,502466
case_084,pre,4,3956,SUB,PIPE_V,97528,97612,84,502466
case_084,pre,4,3957,EXP,PIPE_V,97612,97912,300,502466
case_084,pre,4,1000021679,COPY_IN,PIPE_MTE2,97612,97615,3,502466
case_084,pre,4,1000021677,COPY_IN,PIPE_MTE2,97615,97771,156,502466
case_084,pre,4,1000021683,COPY_IN,PIPE_MTE2,97771,97972,201,502466
case_084,pre,4,3958,REDUCE,PIPE_V,97912,97996,84,502466
case_084,pre,4,1000021685,COPY_IN,PIPE_MTE2,97972,98180,208,502466
case_084,pre,4,3959,DIV,PIPE_V,97996,98296,300,502466
case_084,pre,4,3960,MATMUL,PIPE_M,98296,98884,588,502466
case_084,pre,4,3964,MATMUL,PIPE_M,98884,99472,588,502466
case_084,pre,4,1000021611,COPY_OUT,PIPE_MTE3,98884,99040,156,502466
case_084,pre,4,3966,DIV,PIPE_V,99472,99772,300,502466
case_084,pre,4,3967,REDUCE,PIPE_V,99772,99856,84,502466
case_084,pre,4,3968,SUB,PIPE_V,99856,99940,84,502466
case_084,pre,4,3969,EXP,PIPE_V,99940,100240,300,502466
case_084,pre,4,1000021689,COPY_IN,PIPE_MTE2,99940,99943,3,502466
case_084,pre,4,1000021687,COPY_IN,PIPE_MTE2,99943,100099,156,502466
case_084,pre,4,1000021693,COPY_IN,PIPE_MTE2,100099,100300,201,502466
case_084,pre,4,3970,REDUCE,PIPE_V,100240,100324,84,502466
case_084,pre,4,1000021695,COPY_IN,PIPE_MTE2,100300,100508,208,502466
case_084,pre,4,3971,DIV,PIPE_V,100324,100624,300,502466
case_084,pre,4,3972,MATMUL,PIPE_M,100624,101212,588,502466
case_084,pre,4,3976,MATMUL,PIPE_M,101212,101800,588,502466
case_084,pre,4,1000021621,COPY_OUT,PIPE_MTE3,101212,101368,156,502466
case_084,pre,4,3978,DIV,PIPE_V,101800,102100,300,502466
case_084,pre,4,3979,REDUCE,PIPE_V,102100,102184,84,502466
case_084,pre,4,3980,SUB,PIPE_V,102184,102268,84,502466
case_084,pre,4,3981,EXP,PIPE_V,102268,102568,300,502466
case_084,pre,4,1000021699,COPY_IN,PIPE_MTE2,102268,102271,3,502466
case_084,pre,4,1000021697,COPY_IN,PIPE_MTE2,102271,102427,156,502466
case_084,pre,4,1000021703,COPY_IN,PIPE_MTE2,102427,102628,201,502466
case_084,pre,4,3982,REDUCE,PIPE_V,102568,102652,84,502466
case_084,pre,4,1000021705,COPY_IN,PIPE_MTE2,102628,102836,208,502466
case_084,pre,4,3983,DIV,PIPE_V,102652,102952,300,502466
case_084,pre,4,3984,MATMUL,PIPE_M,102952,103540,588,502466
case_084,pre,4,3988,MATMUL,PIPE_M,103540,104128,588,502466
case_084,pre,4,1000021631,COPY_OUT,PIPE_MTE3,103540,103696,156,502466
case_084,pre,4,3990,DIV,PIPE_V,104128,104428,300,502466
case_084,pre,4,3991,REDUCE,PIPE_V,104428,104512,84,502466
case_084,pre,4,3992,SUB,PIPE_V,104512,104596,84,502466
case_084,pre,4,3993,EXP,PIPE_V,104596,104896,300,502466
case_084,pre,4,1000021709,COPY_IN,PIPE_MTE2,104596,104599,3,502466
case_084,pre,4,1000021707,COPY_IN,PIPE_MTE2,104599,104755,156,502466
case_084,pre,4,1000021713,COPY_IN,PIPE_MTE2,104755,104956,201,502466
case_084,pre,4,3994,REDUCE,PIPE_V,104896,104980,84,502466
case_084,pre,4,1000021715,COPY_IN,PIPE_MTE2,104956,105164,208,502466
case_084,pre,4,3995,DIV,PIPE_V,104980,105280,300,502466
case_084,pre,4,3996,MATMUL,PIPE_M,105280,105868,588,502466
case_084,pre,4,4000,MATMUL,PIPE_M,105868,106456,588,502466
case_084,pre,4,1000021641,COPY_OUT,PIPE_MTE3,105868,106024,156,502466
case_084,pre,4,4002,DIV,PIPE_V,106456,106756,300,502466
case_084,pre,4,4003,REDUCE,PIPE_V,106756,106840,84,502466
case_084,pre,4,4004,SUB,PIPE_V,106840,106924,84,502466
case_084,pre,4,4005,EXP,PIPE_V,106924,107224,300,502466
case_084,pre,4,1000021719,COPY_IN,PIPE_MTE2,106924,106927,3,502466
case_084,pre,4,1000021717,COPY_IN,PIPE_MTE2,106927,107083,156,502466
case_084,pre,4,1000021723,COPY_IN,PIPE_MTE2,107083,107284,201,502466
case_084,pre,4,4006,REDUCE,PIPE_V,107224,107308,84,502466
case_084,pre,4,1000021725,COPY_IN,PIPE_MTE2,107284,107492,208,502466
case_084,pre,4,4007,DIV,PIPE_V,107308,107608,300,502466
case_084,pre,4,4008,MATMUL,PIPE_M,107608,108196,588,502466
case_084,pre,4,4012,MATMUL,PIPE_M,108196,108784,588,502466
case_084,pre,4,1000021651,COPY_OUT,PIPE_MTE3,108196,108352,156,502466
case_084,pre,4,4014,DIV,PIPE_V,108784,109084,300,502466
case_084,pre,4,4015,REDUCE,PIPE_V,109084,109168,84,502466
case_084,pre,4,4016,SUB,PIPE_V,109168,109252,84,502466
case_084,pre,4,4017,EXP,PIPE_V,109252,109552,300,502466
case_084,pre,4,1000021729,COPY_IN,PIPE_MTE2,109252,109255,3,502466
case_084,pre,4,1000021727,COPY_IN,PIPE_MTE2,109255,109411,156,502466
case_084,pre,4,1000021733,COPY_IN,PIPE_MTE2,109411,109612,201,502466
case_084,pre,4,4018,REDUCE,PIPE_V,109552,109636,84,502466
case_084,pre,4,1000021735,COPY_IN,PIPE_MTE2,109612,109820,208,502466
case_084,pre,4,4019,DIV,PIPE_V,109636,109936,300,502466
case_084,pre,4,4020,MATMUL,PIPE_M,109936,110524,588,502466
case_084,pre,4,4024,MATMUL,PIPE_M,110524,111112,588,502466
case_084,pre,4,1000021661,COPY_OUT,PIPE_MTE3,110524,110680,156,502466
case_084,pre,4,4026,DIV,PIPE_V,111112,111412,300,502466
case_084,pre,4,4027,REDUCE,PIPE_V,111412,111496,84,502466
case_084,pre,4,4028,SUB,PIPE_V,111496,111580,84,502466
case_084,pre,4,4029,EXP,PIPE_V,111580,111880,300,502466
case_084,pre,4,1000021739,COPY_IN,PIPE_MTE2,111580,111583,3,502466
case_084,pre,4,1000021737,COPY_IN,PIPE_MTE2,111583,111739,156,502466
case_084,pre,4,1000021743,COPY_IN,PIPE_MTE2,111739,111940,201,502466
case_084,pre,4,4030,REDUCE,PIPE_V,111880,111964,84,502466
case_084,pre,4,1000021745,COPY_IN,PIPE_MTE2,111940,112148,208,502466
case_084,pre,4,4031,DIV,PIPE_V,111964,112264,300,502466
case_084,pre,4,4032,MATMUL,PIPE_M,112264,112852,588,502466
case_084,pre,4,4036,MATMUL,PIPE_M,112852,113440,588,502466
case_084,pre,4,1000021671,COPY_OUT,PIPE_MTE3,112852,113008,156,502466
case_084,pre,4,4038,DIV,PIPE_V,113440,113740,300,502466
case_084,pre,4,4039,REDUCE,PIPE_V,113740,113824,84,502466
case_084,pre,4,4040,SUB,PIPE_V,113824,113908,84,502466
case_084,pre,4,4041,EXP,PIPE_V,113908,114208,300,502466
case_084,pre,4,1000021749,COPY_IN,PIPE_MTE2,113908,113911,3,502466
case_084,pre,4,1000021747,COPY_IN,PIPE_MTE2,113911,114067,156,502466
case_084,pre,4,1000021753,COPY_IN,PIPE_MTE2,114067,114268,201,502466
case_084,pre,4,4042,REDUCE,PIPE_V,114208,114292,84,502466
case_084,pre,4,1000021755,COPY_IN,PIPE_MTE2,114268,114476,208,502466
case_084,pre,4,4043,DIV,PIPE_V,114292,114592,300,502466
case_084,pre,4,4044,MATMUL,PIPE_M,114592,115180,588,502466
case_084,pre,4,4048,MATMUL,PIPE_M,115180,115768,588,502466
case_084,pre,4,1000021681,COPY_OUT,PIPE_MTE3,115180,115336,156,502466
case_084,pre,4,4050,DIV,PIPE_V,115768,116068,300,502466
case_084,pre,4,4051,REDUCE,PIPE_V,116068,116152,84,502466
case_084,pre,4,4052,SUB,PIPE_V,116152,116236,84,502466
case_084,pre,4,4053,EXP,PIPE_V,116236,116536,300,502466
case_084,pre,4,1000021759,COPY_IN,PIPE_MTE2,116236,116239,3,502466
case_084,pre,4,1000021757,COPY_IN,PIPE_MTE2,116239,116395,156,502466
case_084,pre,4,1000021763,COPY_IN,PIPE_MTE2,116395,116596,201,502466
case_084,pre,4,4054,REDUCE,PIPE_V,116536,116620,84,502466
case_084,pre,4,1000021765,COPY_IN,PIPE_MTE2,116596,116804,208,502466
case_084,pre,4,4055,DIV,PIPE_V,116620,116920,300,502466
case_084,pre,4,4056,MATMUL,PIPE_M,116920,117508,588,502466
case_084,pre,4,4060,MATMUL,PIPE_M,117508,118096,588,502466
case_084,pre,4,1000021691,COPY_OUT,PIPE_MTE3,117508,117664,156,502466
case_084,pre,4,4062,DIV,PIPE_V,118096,118396,300,502466
case_084,pre,4,4063,REDUCE,PIPE_V,118396,118480,84,502466
case_084,pre,4,4064,SUB,PIPE_V,118480,118564,84,502466
case_084,pre,4,4065,EXP,PIPE_V,118564,118864,300,502466
case_084,pre,4,1000021769,COPY_IN,PIPE_MTE2,118564,118567,3,502466
case_084,pre,4,1000021767,COPY_IN,PIPE_MTE2,118567,118723,156,502466
case_084,pre,4,1000021773,COPY_IN,PIPE_MTE2,118723,118924,201,502466
case_084,pre,4,4066,REDUCE,PIPE_V,118864,118948,84,502466
case_084,pre,4,1000021775,COPY_IN,PIPE_MTE2,118924,119132,208,502466
case_084,pre,4,4067,DIV,PIPE_V,118948,119248,300,502466
case_084,pre,4,4068,MATMUL,PIPE_M,119248,119836,588,502466
case_084,pre,4,4072,MATMUL,PIPE_M,119836,120424,588,502466
case_084,pre,4,1000021701,COPY_OUT,PIPE_MTE3,119836,119992,156,502466
case_084,pre,4,4074,DIV,PIPE_V,120424,120724,300,502466
case_084,pre,4,4075,REDUCE,PIPE_V,120724,120808,84,502466
case_084,pre,4,4076,SUB,PIPE_V,120808,120892,84,502466
case_084,pre,4,4077,EXP,PIPE_V,120892,121192,300,502466
case_084,pre,4,1000021779,COPY_IN,PIPE_MTE2,120892,120895,3,502466
case_084,pre,4,1000021777,COPY_IN,PIPE_MTE2,120895,121051,156,502466
case_084,pre,4,1000021783,COPY_IN,PIPE_MTE2,121051,121252,201,502466
case_084,pre,4,4078,REDUCE,PIPE_V,121192,121276,84,502466
case_084,pre,4,1000021785,COPY_IN,PIPE_MTE2,121252,121460,208,502466
case_084,pre,4,4079,DIV,PIPE_V,121276,121576,300,502466
case_084,pre,4,4080,MATMUL,PIPE_M,121576,122164,588,502466
case_084,pre,4,4084,MATMUL,PIPE_M,122164,122752,588,502466
case_084,pre,4,1000021711,COPY_OUT,PIPE_MTE3,122164,122320,156,502466
case_084,pre,4,4086,DIV,PIPE_V,122752,123052,300,502466
case_084,pre,4,4087,REDUCE,PIPE_V,123052,123136,84,502466
case_084,pre,4,4088,SUB,PIPE_V,123136,123220,84,502466
case_084,pre,4,4089,EXP,PIPE_V,123220,123520,300,502466
case_084,pre,4,1000021789,COPY_IN,PIPE_MTE2,123220,123223,3,502466
case_084,pre,4,1000021787,COPY_IN,PIPE_MTE2,123223,123379,156,502466
case_084,pre,4,1000021793,COPY_IN,PIPE_MTE2,123379,123580,201,502466
case_084,pre,4,4090,REDUCE,PIPE_V,123520,123604,84,502466
case_084,pre,4,1000021795,COPY_IN,PIPE_MTE2,123580,123788,208,502466
case_084,pre,4,4091,DIV,PIPE_V,123604,123904,300,502466
case_084,pre,4,4092,MATMUL,PIPE_M,123904,124492,588,502466
case_084,pre,4,4096,MATMUL,PIPE_M,124492,125080,588,502466
case_084,pre,4,1000021721,COPY_OUT,PIPE_MTE3,124492,124648,156,502466
case_084,pre,4,4098,DIV,PIPE_V,125080,125380,300,502466
case_084,pre,4,4099,REDUCE,PIPE_V,125380,125464,84,502466
case_084,pre,4,4100,SUB,PIPE_V,125464,125548,84,502466
case_084,pre,4,4101,EXP,PIPE_V,125548,125848,300,502466
case_084,pre,4,1000021799,COPY_IN,PIPE_MTE2,125548,125551,3,502466
case_084,pre,4,1000021797,COPY_IN,PIPE_MTE2,125551,125707,156,502466
case_084,pre,4,1000021803,COPY_IN,PIPE_MTE2,125707,125908,201,502466
case_084,pre,4,4102,REDUCE,PIPE_V,125848,125932,84,502466
case_084,pre,4,1000021805,COPY_IN,PIPE_MTE2,125908,126116,208,502466
case_084,pre,4,4103,DIV,PIPE_V,125932,126232,300,502466
case_084,pre,4,4104,MATMUL,PIPE_M,126232,126820,588,502466
case_084,pre,4,4108,MATMUL,PIPE_M,126820,127408,588,502466
case_084,pre,4,1000021731,COPY_OUT,PIPE_MTE3,126820,126976,156,502466
case_084,pre,4,4110,DIV,PIPE_V,127408,127708,300,502466
case_084,pre,4,4111,REDUCE,PIPE_V,127708,127792,84,502466
case_084,pre,4,4112,SUB,PIPE_V,127792,127876,84,502466
case_084,pre,4,4113,EXP,PIPE_V,127876,128176,300,502466
case_084,pre,4,1000021809,COPY_IN,PIPE_MTE2,127876,127879,3,502466
case_084,pre,4,1000021807,COPY_IN,PIPE_MTE2,127879,128035,156,502466
case_084,pre,4,1000021813,COPY_IN,PIPE_MTE2,128035,128236,201,502466
case_084,pre,4,4114,REDUCE,PIPE_V,128176,128260,84,502466
case_084,pre,4,1000021815,COPY_IN,PIPE_MTE2,128236,128444,208,502466
case_084,pre,4,4115,DIV,PIPE_V,128260,128560,300,502466
case_084,pre,4,4116,MATMUL,PIPE_M,128560,129148,588,502466
case_084,pre,4,4120,MATMUL,PIPE_M,129148,129736,588,502466
case_084,pre,4,1000021741,COPY_OUT,PIPE_MTE3,129148,129304,156,502466
case_084,pre,4,4122,DIV,PIPE_V,129736,130036,300,502466
case_084,pre,4,4123,REDUCE,PIPE_V,130036,130120,84,502466
case_084,pre,4,4124,SUB,PIPE_V,130120,130204,84,502466
case_084,pre,4,4125,EXP,PIPE_V,130204,130504,300,502466
case_084,pre,4,1000021819,COPY_IN,PIPE_MTE2,130204,130207,3,502466
case_084,pre,4,1000021817,COPY_IN,PIPE_MTE2,130207,130363,156,502466
case_084,pre,4,1000021823,COPY_IN,PIPE_MTE2,130363,130564,201,502466
case_084,pre,4,4126,REDUCE,PIPE_V,130504,130588,84,502466
case_084,pre,4,1000021825,COPY_IN,PIPE_MTE2,130564,130772,208,502466
case_084,pre,4,4127,DIV,PIPE_V,130588,130888,300,502466
case_084,pre,4,4128,MATMUL,PIPE_M,130888,131476,588,502466
case_084,pre,4,4132,MATMUL,PIPE_M,131476,132064,588,502466
case_084,pre,4,1000021751,COPY_OUT,PIPE_MTE3,131476,131632,156,502466
case_084,pre,4,4134,DIV,PIPE_V,132064,132364,300,502466
case_084,pre,4,4135,REDUCE,PIPE_V,132364,132448,84,502466
case_084,pre,4,4136,SUB,PIPE_V,132448,132532,84,502466
case_084,pre,4,4137,EXP,PIPE_V,132532,132832,300,502466
case_084,pre,4,1000021829,COPY_IN,PIPE_MTE2,132532,132535,3,502466
case_084,pre,4,1000021827,COPY_IN,PIPE_MTE2,132535,132691,156,502466
case_084,pre,4,1000021833,COPY_IN,PIPE_MTE2,132691,132892,201,502466
case_084,pre,4,4138,REDUCE,PIPE_V,132832,132916,84,502466
case_084,pre,4,1000021835,COPY_IN,PIPE_MTE2,132892,133100,208,502466
case_084,pre,4,4139,DIV,PIPE_V,132916,133216,300,502466
case_084,pre,4,4140,MATMUL,PIPE_M,133216,133804,588,502466
case_084,pre,4,4144,MATMUL,PIPE_M,133804,134392,588,502466
case_084,pre,4,1000021761,COPY_OUT,PIPE_MTE3,133804,133960,156,502466
case_084,pre,4,4146,DIV,PIPE_V,134392,134692,300,502466
case_084,pre,4,4147,REDUCE,PIPE_V,134692,134776,84,502466
case_084,pre,4,4148,SUB,PIPE_V,134776,134860,84,502466
case_084,pre,4,4149,EXP,PIPE_V,134860,135160,300,502466
case_084,pre,4,1000021839,COPY_IN,PIPE_MTE2,134860,134863,3,502466
case_084,pre,4,1000021837,COPY_IN,PIPE_MTE2,134863,135019,156,502466
case_084,pre,4,1000021843,COPY_IN,PIPE_MTE2,135019,135220,201,502466
case_084,pre,4,4150,REDUCE,PIPE_V,135160,135244,84,502466
case_084,pre,4,1000021845,COPY_IN,PIPE_MTE2,135220,135428,208,502466
case_084,pre,4,4151,DIV,PIPE_V,135244,135544,300,502466
case_084,pre,4,4152,MATMUL,PIPE_M,135544,136132,588,502466
case_084,pre,4,4156,MATMUL,PIPE_M,136132,136720,588,502466
case_084,pre,4,1000021771,COPY_OUT,PIPE_MTE3,136132,136288,156,502466
case_084,pre,4,4158,DIV,PIPE_V,136720,137020,300,502466
case_084,pre,4,4159,REDUCE,PIPE_V,137020,137104,84,502466
case_084,pre,4,4160,SUB,PIPE_V,137104,137188,84,502466
case_084,pre,4,4161,EXP,PIPE_V,137188,137488,300,502466
case_084,pre,4,1000021849,COPY_IN,PIPE_MTE2,137188,137191,3,502466
case_084,pre,4,1000021847,COPY_IN,PIPE_MTE2,137191,137347,156,502466
case_084,pre,4,1000021853,COPY_IN,PIPE_MTE2,137347,137548,201,502466
case_084,pre,4,4162,REDUCE,PIPE_V,137488,137572,84,502466
case_084,pre,4,1000021855,COPY_IN,PIPE_MTE2,137548,137756,208,502466
case_084,pre,4,4163,DIV,PIPE_V,137572,137872,300,502466
case_084,pre,4,4164,MATMUL,PIPE_M,137872,138460,588,502466
case_084,pre,4,4168,MATMUL,PIPE_M,138460,139048,588,502466
case_084,pre,4,1000021781,COPY_OUT,PIPE_MTE3,138460,138616,156,502466
case_084,pre,4,4170,DIV,PIPE_V,139048,139348,300,502466
case_084,pre,4,4171,REDUCE,PIPE_V,139348,139432,84,502466
case_084,pre,4,4172,SUB,PIPE_V,139432,139516,84,502466
case_084,pre,4,4173,EXP,PIPE_V,139516,139816,300,502466
case_084,pre,4,1000021859,COPY_IN,PIPE_MTE2,139516,139519,3,502466
case_084,pre,4,1000021857,COPY_IN,PIPE_MTE2,139519,139675,156,502466
case_084,pre,4,1000021863,COPY_IN,PIPE_MTE2,139675,139876,201,502466
case_084,pre,4,4174,REDUCE,PIPE_V,139816,139900,84,502466
case_084,pre,4,1000021865,COPY_IN,PIPE_MTE2,139876,140084,208,502466
case_084,pre,4,4175,DIV,PIPE_V,139900,140200,300,502466
case_084,pre,4,4176,MATMUL,PIPE_M,140200,140788,588,502466
case_084,pre,4,4180,MATMUL,PIPE_M,140788,141376,588,502466
case_084,pre,4,1000021791,COPY_OUT,PIPE_MTE3,140788,140944,156,502466
case_084,pre,4,4182,DIV,PIPE_V,141376,141676,300,502466
case_084,pre,4,4183,REDUCE,PIPE_V,141676,141760,84,502466
case_084,pre,4,4184,SUB,PIPE_V,141760,141844,84,502466
case_084,pre,4,4185,EXP,PIPE_V,141844,142144,300,502466
case_084,pre,4,1000021869,COPY_IN,PIPE_MTE2,141844,141847,3,502466
case_084,pre,4,1000021867,COPY_IN,PIPE_MTE2,141847,142003,156,502466
case_084,pre,4,1000021873,COPY_IN,PIPE_MTE2,142003,142204,201,502466
case_084,pre,4,4186,REDUCE,PIPE_V,142144,142228,84,502466
case_084,pre,4,1000021875,COPY_IN,PIPE_MTE2,142204,142412,208,502466
case_084,pre,4,4187,DIV,PIPE_V,142228,142528,300,502466
case_084,pre,4,4188,MATMUL,PIPE_M,142528,143116,588,502466
case_084,pre,4,4192,MATMUL,PIPE_M,143116,143704,588,502466
case_084,pre,4,1000021801,COPY_OUT,PIPE_MTE3,143116,143272,156,502466
case_084,pre,4,4194,DIV,PIPE_V,143704,144004,300,502466
case_084,pre,4,4195,REDUCE,PIPE_V,144004,144088,84,502466
case_084,pre,4,4196,SUB,PIPE_V,144088,144172,84,502466
case_084,pre,4,4197,EXP,PIPE_V,144172,144472,300,502466
case_084,pre,4,1000021879,COPY_IN,PIPE_MTE2,144172,144175,3,502466
case_084,pre,4,1000021877,COPY_IN,PIPE_MTE2,144175,144331,156,502466
case_084,pre,4,1000021883,COPY_IN,PIPE_MTE2,144331,144532,201,502466
case_084,pre,4,4198,REDUCE,PIPE_V,144472,144556,84,502466
case_084,pre,4,1000021885,COPY_IN,PIPE_MTE2,144532,144740,208,502466
case_084,pre,4,4199,DIV,PIPE_V,144556,144856,300,502466
case_084,pre,4,4200,MATMUL,PIPE_M,144856,145444,588,502466
case_084,pre,4,4204,MATMUL,PIPE_M,145444,146032,588,502466
case_084,pre,4,1000021811,COPY_OUT,PIPE_MTE3,145444,145600,156,502466
case_084,pre,4,4206,DIV,PIPE_V,146032,146332,300,502466
case_084,pre,4,4207,REDUCE,PIPE_V,146332,146416,84,502466
case_084,pre,4,4208,SUB,PIPE_V,146416,146500,84,502466
case_084,pre,4,4209,EXP,PIPE_V,146500,146800,300,502466
case_084,pre,4,1000021889,COPY_IN,PIPE_MTE2,146500,146503,3,502466
case_084,pre,4,1000021887,COPY_IN,PIPE_MTE2,146503,146659,156,502466
case_084,pre,4,1000021893,COPY_IN,PIPE_MTE2,146659,146860,201,502466
case_084,pre,4,4210,REDUCE,PIPE_V,146800,146884,84,502466
case_084,pre,4,1000021895,COPY_IN,PIPE_MTE2,146860,147068,208,502466
case_084,pre,4,4211,DIV,PIPE_V,146884,147184,300,502466
case_084,pre,4,4212,MATMUL,PIPE_M,147184,147772,588,502466
case_084,pre,4,4216,MATMUL,PIPE_M,147772,148360,588,502466
case_084,pre,4,1000021821,COPY_OUT,PIPE_MTE3,147772,147928,156,502466
case_084,pre,4,4218,DIV,PIPE_V,148360,148660,300,502466
case_084,pre,4,4219,REDUCE,PIPE_V,148660,148744,84,502466
case_084,pre,4,4220,SUB,PIPE_V,148744,148828,84,502466
case_084,pre,4,4221,EXP,PIPE_V,148828,149128,300,502466
case_084,pre,4,1000021899,COPY_IN,PIPE_MTE2,148828,148831,3,502466
case_084,pre,4,1000021897,COPY_IN,PIPE_MTE2,148831,148987,156,502466
case_084,pre,4,1000020473,COPY_IN,PIPE_MTE2,148987,149188,201,502466
case_084,pre,4,4222,REDUCE,PIPE_V,149128,149212,84,502466
case_084,pre,4,1000020475,COPY_IN,PIPE_MTE2,149188,149352,164,502466
case_084,pre,4,4223,DIV,PIPE_V,149212,149512,300,502466
case_084,pre,4,4224,MATMUL,PIPE_M,149512,150100,588,502466
case_084,pre,4,4228,MATMUL,PIPE_M,150100,150688,588,502466
case_084,pre,4,1000021831,COPY_OUT,PIPE_MTE3,150100,150256,156,502466
case_084,pre,4,4230,DIV,PIPE_V,150688,150988,300,502466
case_084,pre,4,4231,REDUCE,PIPE_V,150988,151072,84,502466
case_084,pre,4,4232,SUB,PIPE_V,151072,151156,84,502466
case_084,pre,4,4233,EXP,PIPE_V,151156,151456,300,502466
case_084,pre,4,1000020479,COPY_IN,PIPE_MTE2,151156,151159,3,502466
case_084,pre,4,1000020477,COPY_IN,PIPE_MTE2,151159,151315,156,502466
case_084,pre,4,1000020483,COPY_IN,PIPE_MTE2,151315,151471,156,502466
case_084,pre,4,4234,REDUCE,PIPE_V,151456,151540,84,502466
case_084,pre,4,1000020485,COPY_IN,PIPE_MTE2,151471,151627,156,502466
case_084,pre,4,4235,DIV,PIPE_V,151540,151840,300,502466
case_084,pre,4,4236,MATMUL,PIPE_M,151840,152428,588,502466
case_084,pre,4,4240,MATMUL,PIPE_M,152428,153016,588,502466
case_084,pre,4,1000021841,COPY_OUT,PIPE_MTE3,152428,152584,156,502466
case_084,pre,4,4242,DIV,PIPE_V,153016,153316,300,502466
case_084,pre,4,4243,REDUCE,PIPE_V,153316,153400,84,502466
case_084,pre,4,4244,SUB,PIPE_V,153400,153484,84,502466
case_084,pre,4,4245,EXP,PIPE_V,153484,153784,300,502466
case_084,pre,4,1000020489,COPY_IN,PIPE_MTE2,153484,153486,2,502466
case_084,pre,4,1000020487,COPY_IN,PIPE_MTE2,153486,153590,104,502466
case_084,pre,4,1000020493,COPY_IN,PIPE_MTE2,153590,153694,104,502466
case_084,pre,4,1000020495,COPY_IN,PIPE_MTE2,153694,153798,104,502466
case_084,pre,4,4246,REDUCE,PIPE_V,153784,153868,84,502466
case_084,pre,4,4247,DIV,PIPE_V,153868,154168,300,502466
case_084,pre,4,4248,MATMUL,PIPE_M,154168,154756,588,502466
case_084,pre,4,4252,MATMUL,PIPE_M,154756,155344,588,502466
case_084,pre,4,1000021851,COPY_OUT,PIPE_MTE3,154756,154912,156,502466
case_084,pre,4,4254,DIV,PIPE_V,155344,155644,300,502466
case_084,pre,4,4255,REDUCE,PIPE_V,155644,155728,84,502466
case_084,pre,4,4256,SUB,PIPE_V,155728,155812,84,502466
case_084,pre,4,4257,EXP,PIPE_V,155812,156112,300,502466
case_084,pre,4,1000020499,COPY_IN,PIPE_MTE2,155812,155814,2,502466
case_084,pre,4,1000020497,COPY_IN,PIPE_MTE2,155814,155918,104,502466
case_084,pre,4,1000020503,COPY_IN,PIPE_MTE2,155918,156022,104,502466
case_084,pre,4,1000020505,COPY_IN,PIPE_MTE2,156022,156126,104,502466
case_084,pre,4,4258,REDUCE,PIPE_V,156112,156196,84,502466
case_084,pre,4,4259,DIV,PIPE_V,156196,156496,300,502466
case_084,pre,4,4260,MATMUL,PIPE_M,156496,157084,588,502466
case_084,pre,4,4264,MATMUL,PIPE_M,157084,157672,588,502466
case_084,pre,4,1000021861,COPY_OUT,PIPE_MTE3,157084,157240,156,502466
case_084,pre,4,4266,DIV,PIPE_V,157672,157972,300,502466
case_084,pre,4,4267,REDUCE,PIPE_V,157972,158056,84,502466
case_084,pre,4,4268,SUB,PIPE_V,158056,158140,84,502466
case_084,pre,4,4269,EXP,PIPE_V,158140,158440,300,502466
case_084,pre,4,1000020509,COPY_IN,PIPE_MTE2,158140,158142,2,502466
case_084,pre,4,1000020507,COPY_IN,PIPE_MTE2,158142,158246,104,502466
case_084,pre,4,1000020513,COPY_IN,PIPE_MTE2,158246,158350,104,502466
case_084,pre,4,1000020515,COPY_IN,PIPE_MTE2,158350,158454,104,502466
case_084,pre,4,4270,REDUCE,PIPE_V,158440,158524,84,502466
case_084,pre,4,4271,DIV,PIPE_V,158524,158824,300,502466
case_084,pre,4,4272,MATMUL,PIPE_M,158824,159412,588,502466
case_084,pre,4,4276,MATMUL,PIPE_M,159412,160000,588,502466
case_084,pre,4,1000021871,COPY_OUT,PIPE_MTE3,159412,159568,156,502466
case_084,pre,4,4278,DIV,PIPE_V,160000,160300,300,502466
case_084,pre,4,4279,REDUCE,PIPE_V,160300,160384,84,502466
case_084,pre,4,4280,SUB,PIPE_V,160384,160468,84,502466
case_084,pre,4,4281,EXP,PIPE_V,160468,160768,300,502466
case_084,pre,4,1000020519,COPY_IN,PIPE_MTE2,160468,160470,2,502466
case_084,pre,4,1000020517,COPY_IN,PIPE_MTE2,160470,160574,104,502466
case_084,pre,4,1000020523,COPY_IN,PIPE_MTE2,160574,160678,104,502466
case_084,pre,4,1000020525,COPY_IN,PIPE_MTE2,160678,160782,104,502466
case_084,pre,4,4282,REDUCE,PIPE_V,160768,160852,84,502466
case_084,pre,4,4283,DIV,PIPE_V,160852,161152,300,502466
case_084,pre,4,4284,MATMUL,PIPE_M,161152,161740,588,502466
case_084,pre,4,4288,MATMUL,PIPE_M,161740,162328,588,502466
case_084,pre,4,1000021881,COPY_OUT,PIPE_MTE3,161740,161896,156,502466
case_084,pre,4,4290,DIV,PIPE_V,162328,162628,300,502466
case_084,pre,4,4291,REDUCE,PIPE_V,162628,162712,84,502466
case_084,pre,4,4292,SUB,PIPE_V,162712,162796,84,502466
case_084,pre,4,4293,EXP,PIPE_V,162796,163096,300,502466
case_084,pre,4,1000020529,COPY_IN,PIPE_MTE2,162796,162798,2,502466
case_084,pre,4,1000020527,COPY_IN,PIPE_MTE2,162798,162902,104,502466
case_084,pre,4,1000020533,COPY_IN,PIPE_MTE2,162902,163006,104,502466
case_084,pre,4,1000020535,COPY_IN,PIPE_MTE2,163006,163110,104,502466
case_084,pre,4,4294,REDUCE,PIPE_V,163096,163180,84,502466
case_084,pre,4,4295,DIV,PIPE_V,163180,163480,300,502466
case_084,pre,4,4296,MATMUL,PIPE_M,163480,164068,588,502466
case_084,pre,4,4300,MATMUL,PIPE_M,164068,164656,588,502466
case_084,pre,4,1000021891,COPY_OUT,PIPE_MTE3,164068,164224,156,502466
case_084,pre,4,4302,DIV,PIPE_V,164656,164956,300,502466
case_084,pre,4,4303,REDUCE,PIPE_V,164956,165040,84,502466
case_084,pre,4,4304,SUB,PIPE_V,165040,165124,84,502466
case_084,pre,4,4305,EXP,PIPE_V,165124,165424,300,502466
case_084,pre,4,1000020539,COPY_IN,PIPE_MTE2,165124,165126,2,502466
case_084,pre,4,1000020537,COPY_IN,PIPE_MTE2,165126,165230,104,502466
case_084,pre,4,1000020543,COPY_IN,PIPE_MTE2,165230,165334,104,502466
case_084,pre,4,1000020545,COPY_IN,PIPE_MTE2,165334,165438,104,502466
case_084,pre,4,4306,REDUCE,PIPE_V,165424,165508,84,502466
case_084,pre,4,4307,DIV,PIPE_V,165508,165808,300,502466
case_084,pre,4,4308,MATMUL,PIPE_M,165808,166396,588,502466
case_084,pre,4,2596,MATMUL,PIPE_M,166396,166984,588,502466
case_084,pre,4,1000021901,COPY_OUT,PIPE_MTE3,166396,166552,156,502466
case_084,pre,4,2598,DIV,PIPE_V,166984,167284,300,502466
case_084,pre,4,2599,REDUCE,PIPE_V,167284,167368,84,502466
case_084,pre,4,2600,SUB,PIPE_V,167368,167452,84,502466
case_084,pre,4,2601,EXP,PIPE_V,167452,167752,300,502466
case_084,pre,4,1000020549,COPY_IN,PIPE_MTE2,167452,167455,3,502466
case_084,pre,4,1000020547,COPY_IN,PIPE_MTE2,167455,167611,156,502466
case_084,pre,4,1000020553,COPY_IN,PIPE_MTE2,167611,167767,156,502466
case_084,pre,4,2602,REDUCE,PIPE_V,167752,167836,84,502466
case_084,pre,4,1000020555,COPY_IN,PIPE_MTE2,167767,167923,156,502466
case_084,pre,4,2603,DIV,PIPE_V,167836,168136,300,502466
case_084,pre,4,2604,MATMUL,PIPE_M,168136,168724,588,502466
case_084,pre,4,2608,MATMUL,PIPE_M,168724,169312,588,502466
case_084,pre,4,1000020481,COPY_OUT,PIPE_MTE3,168724,168997,273,502466
case_084,pre,4,2610,DIV,PIPE_V,169312,169612,300,502466
case_084,pre,4,2611,REDUCE,PIPE_V,169612,169696,84,502466
case_084,pre,4,2612,SUB,PIPE_V,169696,169780,84,502466
case_084,pre,4,2613,EXP,PIPE_V,169780,170080,300,502466
case_084,pre,4,1000020559,COPY_IN,PIPE_MTE2,169780,169783,3,502466
case_084,pre,4,1000020557,COPY_IN,PIPE_MTE2,169783,169945,162,502466
case_084,pre,4,1000020563,COPY_IN,PIPE_MTE2,169945,170121,176,502466
case_084,pre,4,2614,REDUCE,PIPE_V,170080,170164,84,502466
case_084,pre,4,1000020565,COPY_IN,PIPE_MTE2,170121,170277,156,502466
case_084,pre,4,2615,DIV,PIPE_V,170164,170464,300,502466
case_084,pre,4,2616,MATMUL,PIPE_M,170464,171052,588,502466
case_084,pre,4,2620,MATMUL,PIPE_M,171052,171640,588,502466
case_084,pre,4,1000020491,COPY_OUT,PIPE_MTE3,171052,171193,141,502466
case_084,pre,4,2622,DIV,PIPE_V,171640,171940,300,502466
case_084,pre,4,2623,REDUCE,PIPE_V,171940,172024,84,502466
case_084,pre,4,2624,SUB,PIPE_V,172024,172108,84,502466
case_084,pre,4,2625,EXP,PIPE_V,172108,172408,300,502466
case_084,pre,4,1000020569,COPY_IN,PIPE_MTE2,172108,172110,2,502466
case_084,pre,4,1000020567,COPY_IN,PIPE_MTE2,172110,172219,109,502466
case_084,pre,4,1000020573,COPY_IN,PIPE_MTE2,172219,172430,211,502466
case_084,pre,4,2626,REDUCE,PIPE_V,172408,172492,84,502466
case_084,pre,4,1000020575,COPY_IN,PIPE_MTE2,172430,172672,242,502466
case_084,pre,4,2627,DIV,PIPE_V,172492,172792,300,502466
case_084,pre,4,2628,MATMUL,PIPE_M,172792,173380,588,502466
case_084,pre,4,2632,MATMUL,PIPE_M,173380,173968,588,502466
case_084,pre,4,1000020501,COPY_OUT,PIPE_MTE3,173380,173521,141,502466
case_084,pre,4,2634,DIV,PIPE_V,173968,174268,300,502466
case_084,pre,4,2635,REDUCE,PIPE_V,174268,174352,84,502466
case_084,pre,4,2636,SUB,PIPE_V,174352,174436,84,502466
case_084,pre,4,2637,EXP,PIPE_V,174436,174736,300,502466
case_084,pre,4,1000020579,COPY_IN,PIPE_MTE2,174436,174438,2,502466
case_084,pre,4,1000020577,COPY_IN,PIPE_MTE2,174438,174547,109,502466
case_084,pre,4,1000020583,COPY_IN,PIPE_MTE2,174547,174758,211,502466
case_084,pre,4,2638,REDUCE,PIPE_V,174736,174820,84,502466
case_084,pre,4,1000020585,COPY_IN,PIPE_MTE2,174758,175000,242,502466
case_084,pre,4,2639,DIV,PIPE_V,174820,175120,300,502466
case_084,pre,4,2640,MATMUL,PIPE_M,175120,175708,588,502466
case_084,pre,4,2644,MATMUL,PIPE_M,175708,176296,588,502466
case_084,pre,4,1000020511,COPY_OUT,PIPE_MTE3,175708,175849,141,502466
case_084,pre,4,2646,DIV,PIPE_V,176296,176596,300,502466
case_084,pre,4,2647,REDUCE,PIPE_V,176596,176680,84,502466
case_084,pre,4,2648,SUB,PIPE_V,176680,176764,84,502466
case_084,pre,4,2649,EXP,PIPE_V,176764,177064,300,502466
case_084,pre,4,1000020589,COPY_IN,PIPE_MTE2,176764,176766,2,502466
case_084,pre,4,1000020587,COPY_IN,PIPE_MTE2,176766,176875,109,502466
case_084,pre,4,1000020593,COPY_IN,PIPE_MTE2,176875,177086,211,502466
case_084,pre,4,2650,REDUCE,PIPE_V,177064,177148,84,502466
case_084,pre,4,1000020595,COPY_IN,PIPE_MTE2,177086,177328,242,502466
case_084,pre,4,2651,DIV,PIPE_V,177148,177448,300,502466
case_084,pre,4,2652,MATMUL,PIPE_M,177448,178036,588,502466
case_084,pre,4,2656,MATMUL,PIPE_M,178036,178624,588,502466
case_084,pre,4,1000020521,COPY_OUT,PIPE_MTE3,178036,178177,141,502466
case_084,pre,4,2658,DIV,PIPE_V,178624,178924,300,502466
case_084,pre,4,2659,REDUCE,PIPE_V,178924,179008,84,502466
case_084,pre,4,2660,SUB,PIPE_V,179008,179092,84,502466
case_084,pre,4,2661,EXP,PIPE_V,179092,179392,300,502466
case_084,pre,4,1000020599,COPY_IN,PIPE_MTE2,179092,179094,2,502466
case_084,pre,4,1000020597,COPY_IN,PIPE_MTE2,179094,179203,109,502466
case_084,pre,4,1000020603,COPY_IN,PIPE_MTE2,179203,179414,211,502466
case_084,pre,4,2662,REDUCE,PIPE_V,179392,179476,84,502466
case_084,pre,4,1000020605,COPY_IN,PIPE_MTE2,179414,179656,242,502466
case_084,pre,4,2663,DIV,PIPE_V,179476,179776,300,502466
case_084,pre,4,2664,MATMUL,PIPE_M,179776,180364,588,502466
case_084,pre,4,2668,MATMUL,PIPE_M,180364,180952,588,502466
case_084,pre,4,1000020531,COPY_OUT,PIPE_MTE3,180364,180505,141,502466
case_084,pre,4,2670,DIV,PIPE_V,180952,181252,300,502466
case_084,pre,4,2671,REDUCE,PIPE_V,181252,181336,84,502466
case_084,pre,4,2672,SUB,PIPE_V,181336,181420,84,502466
case_084,pre,4,2673,EXP,PIPE_V,181420,181720,300,502466
case_084,pre,4,1000020609,COPY_IN,PIPE_MTE2,181420,181422,2,502466
case_084,pre,4,1000020607,COPY_IN,PIPE_MTE2,181422,181531,109,502466
case_084,pre,4,1000020613,COPY_IN,PIPE_MTE2,181531,181742,211,502466
case_084,pre,4,2674,REDUCE,PIPE_V,181720,181804,84,502466
case_084,pre,4,1000020615,COPY_IN,PIPE_MTE2,181742,181984,242,502466
case_084,pre,4,2675,DIV,PIPE_V,181804,182104,300,502466
case_084,pre,4,2676,MATMUL,PIPE_M,182104,182692,588,502466
case_084,pre,4,2680,MATMUL,PIPE_M,182692,183280,588,502466
case_084,pre,4,1000020541,COPY_OUT,PIPE_MTE3,182692,182833,141,502466
case_084,pre,4,2682,DIV,PIPE_V,183280,183580,300,502466
case_084,pre,4,2683,REDUCE,PIPE_V,183580,183664,84,502466
case_084,pre,4,2684,SUB,PIPE_V,183664,183748,84,502466
case_084,pre,4,2685,EXP,PIPE_V,183748,184048,300,502466
case_084,pre,4,1000020619,COPY_IN,PIPE_MTE2,183748,183750,2,502466
case_084,pre,4,1000020617,COPY_IN,PIPE_MTE2,183750,183859,109,502466
case_084,pre,4,1000020623,COPY_IN,PIPE_MTE2,183859,184070,211,502466
case_084,pre,4,2686,REDUCE,PIPE_V,184048,184132,84,502466
case_084,pre,4,1000020625,COPY_IN,PIPE_MTE2,184070,184312,242,502466
case_084,pre,4,2687,DIV,PIPE_V,184132,184432,300,502466
case_084,pre,4,2688,MATMUL,PIPE_M,184432,185020,588,502466
case_084,pre,4,2692,MATMUL,PIPE_M,185020,185608,588,502466
case_084,pre,4,1000020551,COPY_OUT,PIPE_MTE3,185020,185161,141,502466
case_084,pre,4,2694,DIV,PIPE_V,185608,185908,300,502466
case_084,pre,4,2695,REDUCE,PIPE_V,185908,185992,84,502466
case_084,pre,4,2696,SUB,PIPE_V,185992,186076,84,502466
case_084,pre,4,2697,EXP,PIPE_V,186076,186376,300,502466
case_084,pre,4,1000020629,COPY_IN,PIPE_MTE2,186076,186078,2,502466
case_084,pre,4,1000020627,COPY_IN,PIPE_MTE2,186078,186187,109,502466
case_084,pre,4,1000020633,COPY_IN,PIPE_MTE2,186187,186398,211,502466
case_084,pre,4,2698,REDUCE,PIPE_V,186376,186460,84,502466
case_084,pre,4,1000020635,COPY_IN,PIPE_MTE2,186398,186640,242,502466
case_084,pre,4,2699,DIV,PIPE_V,186460,186760,300,502466
case_084,pre,4,2700,MATMUL,PIPE_M,186760,187348,588,502466
case_084,pre,4,2704,MATMUL,PIPE_M,187348,187936,588,502466
case_084,pre,4,1000020561,COPY_OUT,PIPE_MTE3,187348,187489,141,502466
case_084,pre,4,2706,DIV,PIPE_V,187936,188236,300,502466
case_084,pre,4,2707,REDUCE,PIPE_V,188236,188320,84,502466
case_084,pre,4,2708,SUB,PIPE_V,188320,188404,84,502466
case_084,pre,4,2709,EXP,PIPE_V,188404,188704,300,502466
case_084,pre,4,1000020639,COPY_IN,PIPE_MTE2,188404,188406,2,502466
case_084,pre,4,1000020637,COPY_IN,PIPE_MTE2,188406,188515,109,502466
case_084,pre,4,1000020643,COPY_IN,PIPE_MTE2,188515,188726,211,502466
case_084,pre,4,2710,REDUCE,PIPE_V,188704,188788,84,502466
case_084,pre,4,1000020645,COPY_IN,PIPE_MTE2,188726,188968,242,502466
case_084,pre,4,2711,DIV,PIPE_V,188788,189088,300,502466
case_084,pre,4,2712,MATMUL,PIPE_M,189088,189676,588,502466
case_084,pre,4,2716,MATMUL,PIPE_M,189676,190264,588,502466
case_084,pre,4,1000020571,COPY_OUT,PIPE_MTE3,189676,189817,141,502466
case_084,pre,4,2718,DIV,PIPE_V,190264,190564,300,502466
case_084,pre,4,2719,REDUCE,PIPE_V,190564,190648,84,502466
case_084,pre,4,2720,SUB,PIPE_V,190648,190732,84,502466
case_084,pre,4,2721,EXP,PIPE_V,190732,191032,300,502466
case_084,pre,4,1000020649,COPY_IN,PIPE_MTE2,190732,190734,2,502466
case_084,pre,4,1000020647,COPY_IN,PIPE_MTE2,190734,190843,109,502466
case_084,pre,4,1000020653,COPY_IN,PIPE_MTE2,190843,191054,211,502466
case_084,pre,4,2722,REDUCE,PIPE_V,191032,191116,84,502466
case_084,pre,4,1000020655,COPY_IN,PIPE_MTE2,191054,191296,242,502466
case_084,pre,4,2723,DIV,PIPE_V,191116,191416,300,502466
case_084,pre,4,2724,MATMUL,PIPE_M,191416,192004,588,502466
case_084,pre,4,2728,MATMUL,PIPE_M,192004,192592,588,502466
case_084,pre,4,1000020581,COPY_OUT,PIPE_MTE3,192004,192145,141,502466
case_084,pre,4,2730,DIV,PIPE_V,192592,192892,300,502466
case_084,pre,4,2731,REDUCE,PIPE_V,192892,192976,84,502466
case_084,pre,4,2732,SUB,PIPE_V,192976,193060,84,502466
case_084,pre,4,2733,EXP,PIPE_V,193060,193360,300,502466
case_084,pre,4,1000020659,COPY_IN,PIPE_MTE2,193060,193062,2,502466
case_084,pre,4,1000020657,COPY_IN,PIPE_MTE2,193062,193171,109,502466
case_084,pre,4,1000020663,COPY_IN,PIPE_MTE2,193171,193382,211,502466
case_084,pre,4,2734,REDUCE,PIPE_V,193360,193444,84,502466
case_084,pre,4,1000020665,COPY_IN,PIPE_MTE2,193382,193624,242,502466
case_084,pre,4,2735,DIV,PIPE_V,193444,193744,300,502466
case_084,pre,4,2736,MATMUL,PIPE_M,193744,194332,588,502466
case_084,pre,4,2740,MATMUL,PIPE_M,194332,194920,588,502466
case_084,pre,4,1000020591,COPY_OUT,PIPE_MTE3,194332,194473,141,502466
case_084,pre,4,2742,DIV,PIPE_V,194920,195220,300,502466
case_084,pre,4,2743,REDUCE,PIPE_V,195220,195304,84,502466
case_084,pre,4,2744,SUB,PIPE_V,195304,195388,84,502466
case_084,pre,4,2745,EXP,PIPE_V,195388,195688,300,502466
case_084,pre,4,1000020669,COPY_IN,PIPE_MTE2,195388,195390,2,502466
case_084,pre,4,1000020667,COPY_IN,PIPE_MTE2,195390,195499,109,502466
case_084,pre,4,1000020673,COPY_IN,PIPE_MTE2,195499,195710,211,502466
case_084,pre,4,2746,REDUCE,PIPE_V,195688,195772,84,502466
case_084,pre,4,1000020675,COPY_IN,PIPE_MTE2,195710,195952,242,502466
case_084,pre,4,2747,DIV,PIPE_V,195772,196072,300,502466
case_084,pre,4,2748,MATMUL,PIPE_M,196072,196660,588,502466
case_084,pre,4,2752,MATMUL,PIPE_M,196660,197248,588,502466
case_084,pre,4,1000020601,COPY_OUT,PIPE_MTE3,196660,196801,141,502466
case_084,pre,4,2754,DIV,PIPE_V,197248,197548,300,502466
case_084,pre,4,2755,REDUCE,PIPE_V,197548,197632,84,502466
case_084,pre,4,2756,SUB,PIPE_V,197632,197716,84,502466
case_084,pre,4,2757,EXP,PIPE_V,197716,198016,300,502466
case_084,pre,4,1000020679,COPY_IN,PIPE_MTE2,197716,197718,2,502466
case_084,pre,4,1000020677,COPY_IN,PIPE_MTE2,197718,197827,109,502466
case_084,pre,4,1000020683,COPY_IN,PIPE_MTE2,197827,198038,211,502466
case_084,pre,4,2758,REDUCE,PIPE_V,198016,198100,84,502466
case_084,pre,4,1000020685,COPY_IN,PIPE_MTE2,198038,198280,242,502466
case_084,pre,4,2759,DIV,PIPE_V,198100,198400,300,502466
case_084,pre,4,2760,MATMUL,PIPE_M,198400,198988,588,502466
case_084,pre,4,2764,MATMUL,PIPE_M,198988,199576,588,502466
case_084,pre,4,1000020611,COPY_OUT,PIPE_MTE3,198988,199129,141,502466
case_084,pre,4,2766,DIV,PIPE_V,199576,199876,300,502466
case_084,pre,4,2767,REDUCE,PIPE_V,199876,199960,84,502466
case_084,pre,4,2768,SUB,PIPE_V,199960,200044,84,502466
case_084,pre,4,2769,EXP,PIPE_V,200044,200344,300,502466
case_084,pre,4,1000020689,COPY_IN,PIPE_MTE2,200044,200046,2,502466
case_084,pre,4,1000020687,COPY_IN,PIPE_MTE2,200046,200155,109,502466
case_084,pre,4,1000020693,COPY_IN,PIPE_MTE2,200155,200366,211,502466
case_084,pre,4,2770,REDUCE,PIPE_V,200344,200428,84,502466
case_084,pre,4,1000020695,COPY_IN,PIPE_MTE2,200366,200608,242,502466
case_084,pre,4,2771,DIV,PIPE_V,200428,200728,300,502466
case_084,pre,4,2772,MATMUL,PIPE_M,200728,201316,588,502466
case_084,pre,4,2776,MATMUL,PIPE_M,201316,201904,588,502466
case_084,pre,4,1000020621,COPY_OUT,PIPE_MTE3,201316,201457,141,502466
case_084,pre,4,2778,DIV,PIPE_V,201904,202204,300,502466
case_084,pre,4,2779,REDUCE,PIPE_V,202204,202288,84,502466
case_084,pre,4,2780,SUB,PIPE_V,202288,202372,84,502466
case_084,pre,4,2781,EXP,PIPE_V,202372,202672,300,502466
case_084,pre,4,1000020699,COPY_IN,PIPE_MTE2,202372,202374,2,502466
case_084,pre,4,1000020697,COPY_IN,PIPE_MTE2,202374,202483,109,502466
case_084,pre,4,1000020703,COPY_IN,PIPE_MTE2,202483,202694,211,502466
case_084,pre,4,2782,REDUCE,PIPE_V,202672,202756,84,502466
case_084,pre,4,1000020705,COPY_IN,PIPE_MTE2,202694,202936,242,502466
case_084,pre,4,2783,DIV,PIPE_V,202756,203056,300,502466
case_084,pre,4,2784,MATMUL,PIPE_M,203056,203644,588,502466
case_084,pre,4,2788,MATMUL,PIPE_M,203644,204232,588,502466
case_084,pre,4,1000020631,COPY_OUT,PIPE_MTE3,203644,203785,141,502466
case_084,pre,4,2790,DIV,PIPE_V,204232,204532,300,502466
case_084,pre,4,2791,REDUCE,PIPE_V,204532,204616,84,502466
case_084,pre,4,2792,SUB,PIPE_V,204616,204700,84,502466
case_084,pre,4,2793,EXP,PIPE_V,204700,205000,300,502466
case_084,pre,4,1000020709,COPY_IN,PIPE_MTE2,204700,204702,2,502466
case_084,pre,4,1000020707,COPY_IN,PIPE_MTE2,204702,204811,109,502466
case_084,pre,4,1000020713,COPY_IN,PIPE_MTE2,204811,205022,211,502466
case_084,pre,4,2794,REDUCE,PIPE_V,205000,205084,84,502466
case_084,pre,4,1000020715,COPY_IN,PIPE_MTE2,205022,205264,242,502466
case_084,pre,4,2795,DIV,PIPE_V,205084,205384,300,502466
case_084,pre,4,2796,MATMUL,PIPE_M,205384,205972,588,502466
case_084,pre,4,2800,MATMUL,PIPE_M,205972,206560,588,502466
case_084,pre,4,1000020641,COPY_OUT,PIPE_MTE3,205972,206113,141,502466
case_084,pre,4,2802,DIV,PIPE_V,206560,206860,300,502466
case_084,pre,4,2803,REDUCE,PIPE_V,206860,206944,84,502466
case_084,pre,4,2804,SUB,PIPE_V,206944,207028,84,502466
case_084,pre,4,2805,EXP,PIPE_V,207028,207328,300,502466
case_084,pre,4,1000020719,COPY_IN,PIPE_MTE2,207028,207030,2,502466
case_084,pre,4,1000020717,COPY_IN,PIPE_MTE2,207030,207139,109,502466
case_084,pre,4,1000020723,COPY_IN,PIPE_MTE2,207139,207350,211,502466
case_084,pre,4,2806,REDUCE,PIPE_V,207328,207412,84,502466
case_084,pre,4,1000020725,COPY_IN,PIPE_MTE2,207350,207592,242,502466
case_084,pre,4,2807,DIV,PIPE_V,207412,207712,300,502466
case_084,pre,4,2808,MATMUL,PIPE_M,207712,208300,588,502466
case_084,pre,4,2812,MATMUL,PIPE_M,208300,208888,588,502466
case_084,pre,4,1000020651,COPY_OUT,PIPE_MTE3,208300,208441,141,502466
case_084,pre,4,2814,DIV,PIPE_V,208888,209188,300,502466
case_084,pre,4,2815,REDUCE,PIPE_V,209188,209272,84,502466
case_084,pre,4,2816,SUB,PIPE_V,209272,209356,84,502466
case_084,pre,4,2817,EXP,PIPE_V,209356,209656,300,502466
case_084,pre,4,1000020729,COPY_IN,PIPE_MTE2,209356,209358,2,502466
case_084,pre,4,1000020727,COPY_IN,PIPE_MTE2,209358,209467,109,502466
case_084,pre,4,1000020733,COPY_IN,PIPE_MTE2,209467,209678,211,502466
case_084,pre,4,2818,REDUCE,PIPE_V,209656,209740,84,502466
case_084,pre,4,1000020735,COPY_IN,PIPE_MTE2,209678,209920,242,502466
case_084,pre,4,2819,DIV,PIPE_V,209740,210040,300,502466
case_084,pre,4,2820,MATMUL,PIPE_M,210040,210628,588,502466
case_084,pre,4,2824,MATMUL,PIPE_M,210628,211216,588,502466
case_084,pre,4,1000020661,COPY_OUT,PIPE_MTE3,210628,210769,141,502466
case_084,pre,4,2826,DIV,PIPE_V,211216,211516,300,502466
case_084,pre,4,2827,REDUCE,PIPE_V,211516,211600,84,502466
case_084,pre,4,2828,SUB,PIPE_V,211600,211684,84,502466
case_084,pre,4,2829,EXP,PIPE_V,211684,211984,300,502466
case_084,pre,4,1000020739,COPY_IN,PIPE_MTE2,211684,211686,2,502466
case_084,pre,4,1000020737,COPY_IN,PIPE_MTE2,211686,211795,109,502466
case_084,pre,4,1000020743,COPY_IN,PIPE_MTE2,211795,212006,211,502466
case_084,pre,4,2830,REDUCE,PIPE_V,211984,212068,84,502466
case_084,pre,4,1000020745,COPY_IN,PIPE_MTE2,212006,212248,242,502466
case_084,pre,4,2831,DIV,PIPE_V,212068,212368,300,502466
case_084,pre,4,2832,MATMUL,PIPE_M,212368,212956,588,502466
case_084,pre,4,2836,MATMUL,PIPE_M,212956,213544,588,502466
case_084,pre,4,1000020671,COPY_OUT,PIPE_MTE3,212956,213097,141,502466
case_084,pre,4,2838,DIV,PIPE_V,213544,213844,300,502466
case_084,pre,4,2839,REDUCE,PIPE_V,213844,213928,84,502466
case_084,pre,4,2840,SUB,PIPE_V,213928,214012,84,502466
case_084,pre,4,2841,EXP,PIPE_V,214012,214312,300,502466
case_084,pre,4,1000020749,COPY_IN,PIPE_MTE2,214012,214014,2,502466
case_084,pre,4,1000020747,COPY_IN,PIPE_MTE2,214014,214123,109,502466
case_084,pre,4,1000020753,COPY_IN,PIPE_MTE2,214123,214334,211,502466
case_084,pre,4,2842,REDUCE,PIPE_V,214312,214396,84,502466
case_084,pre,4,1000020755,COPY_IN,PIPE_MTE2,214334,214576,242,502466
case_084,pre,4,2843,DIV,PIPE_V,214396,214696,300,502466
case_084,pre,4,2844,MATMUL,PIPE_M,214696,215284,588,502466
case_084,pre,4,2848,MATMUL,PIPE_M,215284,215872,588,502466
case_084,pre,4,1000020681,COPY_OUT,PIPE_MTE3,215284,215425,141,502466
case_084,pre,4,2850,DIV,PIPE_V,215872,216172,300,502466
case_084,pre,4,2851,REDUCE,PIPE_V,216172,216256,84,502466
case_084,pre,4,2852,SUB,PIPE_V,216256,216340,84,502466
case_084,pre,4,2853,EXP,PIPE_V,216340,216640,300,502466
case_084,pre,4,1000020759,COPY_IN,PIPE_MTE2,216340,216342,2,502466
case_084,pre,4,1000020757,COPY_IN,PIPE_MTE2,216342,216451,109,502466
case_084,pre,4,1000020763,COPY_IN,PIPE_MTE2,216451,216662,211,502466
case_084,pre,4,2854,REDUCE,PIPE_V,216640,216724,84,502466
case_084,pre,4,1000020765,COPY_IN,PIPE_MTE2,216662,216904,242,502466
case_084,pre,4,2855,DIV,PIPE_V,216724,217024,300,502466
case_084,pre,4,2856,MATMUL,PIPE_M,217024,217612,588,502466
case_084,pre,4,2860,MATMUL,PIPE_M,217612,218200,588,502466
case_084,pre,4,1000020691,COPY_OUT,PIPE_MTE3,217612,217753,141,502466
case_084,pre,4,2862,DIV,PIPE_V,218200,218500,300,502466
case_084,pre,4,2863,REDUCE,PIPE_V,218500,218584,84,502466
case_084,pre,4,2864,SUB,PIPE_V,218584,218668,84,502466
case_084,pre,4,2865,EXP,PIPE_V,218668,218968,300,502466
case_084,pre,4,1000020769,COPY_IN,PIPE_MTE2,218668,218670,2,502466
case_084,pre,4,1000020767,COPY_IN,PIPE_MTE2,218670,218779,109,502466
case_084,pre,4,1000020773,COPY_IN,PIPE_MTE2,218779,218990,211,502466
case_084,pre,4,2866,REDUCE,PIPE_V,218968,219052,84,502466
case_084,pre,4,1000020775,COPY_IN,PIPE_MTE2,218990,219232,242,502466
case_084,pre,4,2867,DIV,PIPE_V,219052,219352,300,502466
case_084,pre,4,2868,MATMUL,PIPE_M,219352,219940,588,502466
case_084,pre,4,2872,MATMUL,PIPE_M,219940,220528,588,502466
case_084,pre,4,1000020701,COPY_OUT,PIPE_MTE3,219940,220081,141,502466
case_084,pre,4,2874,DIV,PIPE_V,220528,220828,300,502466
case_084,pre,4,2875,REDUCE,PIPE_V,220828,220912,84,502466
case_084,pre,4,2876,SUB,PIPE_V,220912,220996,84,502466
case_084,pre,4,2877,EXP,PIPE_V,220996,221296,300,502466
case_084,pre,4,1000020779,COPY_IN,PIPE_MTE2,220996,220998,2,502466
case_084,pre,4,1000020777,COPY_IN,PIPE_MTE2,220998,221107,109,502466
case_084,pre,4,1000020783,COPY_IN,PIPE_MTE2,221107,221318,211,502466
case_084,pre,4,2878,REDUCE,PIPE_V,221296,221380,84,502466
case_084,pre,4,1000020785,COPY_IN,PIPE_MTE2,221318,221560,242,502466
case_084,pre,4,2879,DIV,PIPE_V,221380,221680,300,502466
case_084,pre,4,2880,MATMUL,PIPE_M,221680,222268,588,502466
case_084,pre,4,2884,MATMUL,PIPE_M,222268,222856,588,502466
case_084,pre,4,1000020711,COPY_OUT,PIPE_MTE3,222268,222409,141,502466
case_084,pre,4,2886,DIV,PIPE_V,222856,223156,300,502466
case_084,pre,4,2887,REDUCE,PIPE_V,223156,223240,84,502466
case_084,pre,4,2888,SUB,PIPE_V,223240,223324,84,502466
case_084,pre,4,2889,EXP,PIPE_V,223324,223624,300,502466
case_084,pre,4,1000020789,COPY_IN,PIPE_MTE2,223324,223326,2,502466
case_084,pre,4,1000020787,COPY_IN,PIPE_MTE2,223326,223435,109,502466
case_084,pre,4,1000020793,COPY_IN,PIPE_MTE2,223435,223646,211,502466
case_084,pre,4,2890,REDUCE,PIPE_V,223624,223708,84,502466
case_084,pre,4,1000020795,COPY_IN,PIPE_MTE2,223646,223888,242,502466
case_084,pre,4,2891,DIV,PIPE_V,223708,224008,300,502466
case_084,pre,4,2892,MATMUL,PIPE_M,224008,224596,588,502466
case_084,pre,4,2896,MATMUL,PIPE_M,224596,225184,588,502466
case_084,pre,4,1000020721,COPY_OUT,PIPE_MTE3,224596,224737,141,502466
case_084,pre,4,2898,DIV,PIPE_V,225184,225484,300,502466
case_084,pre,4,2899,REDUCE,PIPE_V,225484,225568,84,502466
case_084,pre,4,2900,SUB,PIPE_V,225568,225652,84,502466
case_084,pre,4,2901,EXP,PIPE_V,225652,225952,300,502466
case_084,pre,4,1000020799,COPY_IN,PIPE_MTE2,225652,225654,2,502466
case_084,pre,4,1000020797,COPY_IN,PIPE_MTE2,225654,225763,109,502466
case_084,pre,4,1000020803,COPY_IN,PIPE_MTE2,225763,225974,211,502466
case_084,pre,4,2902,REDUCE,PIPE_V,225952,226036,84,502466
case_084,pre,4,1000020805,COPY_IN,PIPE_MTE2,225974,226216,242,502466
case_084,pre,4,2903,DIV,PIPE_V,226036,226336,300,502466
case_084,pre,4,2904,MATMUL,PIPE_M,226336,226924,588,502466
case_084,pre,4,2908,MATMUL,PIPE_M,226924,227512,588,502466
case_084,pre,4,1000020731,COPY_OUT,PIPE_MTE3,226924,227065,141,502466
case_084,pre,4,2910,DIV,PIPE_V,227512,227812,300,502466
case_084,pre,4,2911,REDUCE,PIPE_V,227812,227896,84,502466
case_084,pre,4,2912,SUB,PIPE_V,227896,227980,84,502466
case_084,pre,4,2913,EXP,PIPE_V,227980,228280,300,502466
case_084,pre,4,1000020809,COPY_IN,PIPE_MTE2,227980,227982,2,502466
case_084,pre,4,1000020807,COPY_IN,PIPE_MTE2,227982,228091,109,502466
case_084,pre,4,1000020813,COPY_IN,PIPE_MTE2,228091,228302,211,502466
case_084,pre,4,2914,REDUCE,PIPE_V,228280,228364,84,502466
case_084,pre,4,1000020815,COPY_IN,PIPE_MTE2,228302,228544,242,502466
case_084,pre,4,2915,DIV,PIPE_V,228364,228664,300,502466
case_084,pre,4,2916,MATMUL,PIPE_M,228664,229252,588,502466
case_084,pre,4,2920,MATMUL,PIPE_M,229252,229840,588,502466
case_084,pre,4,1000020741,COPY_OUT,PIPE_MTE3,229252,229393,141,502466
case_084,pre,4,2922,DIV,PIPE_V,229840,230140,300,502466
case_084,pre,4,2923,REDUCE,PIPE_V,230140,230224,84,502466
case_084,pre,4,2924,SUB,PIPE_V,230224,230308,84,502466
case_084,pre,4,2925,EXP,PIPE_V,230308,230608,300,502466
case_084,pre,4,1000020819,COPY_IN,PIPE_MTE2,230308,230310,2,502466
case_084,pre,4,1000020817,COPY_IN,PIPE_MTE2,230310,230419,109,502466
case_084,pre,4,1000020823,COPY_IN,PIPE_MTE2,230419,230630,211,502466
case_084,pre,4,2926,REDUCE,PIPE_V,230608,230692,84,502466
case_084,pre,4,1000020825,COPY_IN,PIPE_MTE2,230630,230872,242,502466
case_084,pre,4,2927,DIV,PIPE_V,230692,230992,300,502466
case_084,pre,4,2928,MATMUL,PIPE_M,230992,231580,588,502466
case_084,pre,4,2932,MATMUL,PIPE_M,231580,232168,588,502466
case_084,pre,4,1000020751,COPY_OUT,PIPE_MTE3,231580,231721,141,502466
case_084,pre,4,2934,DIV,PIPE_V,232168,232468,300,502466
case_084,pre,4,2935,REDUCE,PIPE_V,232468,232552,84,502466
case_084,pre,4,2936,SUB,PIPE_V,232552,232636,84,502466
case_084,pre,4,2937,EXP,PIPE_V,232636,232936,300,502466
case_084,pre,4,1000020829,COPY_IN,PIPE_MTE2,232636,232638,2,502466
case_084,pre,4,1000020827,COPY_IN,PIPE_MTE2,232638,232747,109,502466
case_084,pre,4,1000020833,COPY_IN,PIPE_MTE2,232747,232958,211,502466
case_084,pre,4,2938,REDUCE,PIPE_V,232936,233020,84,502466
case_084,pre,4,1000020835,COPY_IN,PIPE_MTE2,232958,233200,242,502466
case_084,pre,4,2939,DIV,PIPE_V,233020,233320,300,502466
case_084,pre,4,2940,MATMUL,PIPE_M,233320,233908,588,502466
case_084,pre,4,2944,MATMUL,PIPE_M,233908,234496,588,502466
case_084,pre,4,1000020761,COPY_OUT,PIPE_MTE3,233908,234049,141,502466
case_084,pre,4,2946,DIV,PIPE_V,234496,234796,300,502466
case_084,pre,4,2947,REDUCE,PIPE_V,234796,234880,84,502466
case_084,pre,4,2948,SUB,PIPE_V,234880,234964,84,502466
case_084,pre,4,2949,EXP,PIPE_V,234964,235264,300,502466
case_084,pre,4,1000020839,COPY_IN,PIPE_MTE2,234964,234966,2,502466
case_084,pre,4,1000020837,COPY_IN,PIPE_MTE2,234966,235075,109,502466
case_084,pre,4,1000020843,COPY_IN,PIPE_MTE2,235075,235286,211,502466
case_084,pre,4,2950,REDUCE,PIPE_V,235264,235348,84,502466
case_084,pre,4,1000020845,COPY_IN,PIPE_MTE2,235286,235528,242,502466
case_084,pre,4,2951,DIV,PIPE_V,235348,235648,300,502466
case_084,pre,4,2952,MATMUL,PIPE_M,235648,236236,588,502466
case_084,pre,4,2956,MATMUL,PIPE_M,236236,236824,588,502466
case_084,pre,4,1000020771,COPY_OUT,PIPE_MTE3,236236,236377,141,502466
case_084,pre,4,2958,DIV,PIPE_V,236824,237124,300,502466
case_084,pre,4,2959,REDUCE,PIPE_V,237124,237208,84,502466
case_084,pre,4,2960,SUB,PIPE_V,237208,237292,84,502466
case_084,pre,4,2961,EXP,PIPE_V,237292,237592,300,502466
case_084,pre,4,1000020849,COPY_IN,PIPE_MTE2,237292,237294,2,502466
case_084,pre,4,1000020847,COPY_IN,PIPE_MTE2,237294,237403,109,502466
case_084,pre,4,1000020853,COPY_IN,PIPE_MTE2,237403,237614,211,502466
case_084,pre,4,2962,REDUCE,PIPE_V,237592,237676,84,502466
case_084,pre,4,1000020855,COPY_IN,PIPE_MTE2,237614,237856,242,502466
case_084,pre,4,2963,DIV,PIPE_V,237676,237976,300,502466
case_084,pre,4,2964,MATMUL,PIPE_M,237976,238564,588,502466
case_084,pre,4,2968,MATMUL,PIPE_M,238564,239152,588,502466
case_084,pre,4,1000020781,COPY_OUT,PIPE_MTE3,238564,238705,141,502466
case_084,pre,4,2970,DIV,PIPE_V,239152,239452,300,502466
case_084,pre,4,2971,REDUCE,PIPE_V,239452,239536,84,502466
case_084,pre,4,2972,SUB,PIPE_V,239536,239620,84,502466
case_084,pre,4,2973,EXP,PIPE_V,239620,239920,300,502466
case_084,pre,4,1000020859,COPY_IN,PIPE_MTE2,239620,239622,2,502466
case_084,pre,4,1000020857,COPY_IN,PIPE_MTE2,239622,239731,109,502466
case_084,pre,4,1000020863,COPY_IN,PIPE_MTE2,239731,239942,211,502466
case_084,pre,4,2974,REDUCE,PIPE_V,239920,240004,84,502466
case_084,pre,4,1000020865,COPY_IN,PIPE_MTE2,239942,240184,242,502466
case_084,pre,4,2975,DIV,PIPE_V,240004,240304,300,502466
case_084,pre,4,2976,MATMUL,PIPE_M,240304,240892,588,502466
case_084,pre,4,2980,MATMUL,PIPE_M,240892,241480,588,502466
case_084,pre,4,1000020791,COPY_OUT,PIPE_MTE3,240892,241033,141,502466
case_084,pre,4,2982,DIV,PIPE_V,241480,241780,300,502466
case_084,pre,4,2983,REDUCE,PIPE_V,241780,241864,84,502466
case_084,pre,4,2984,SUB,PIPE_V,241864,241948,84,502466
case_084,pre,4,2985,EXP,PIPE_V,241948,242248,300,502466
case_084,pre,4,1000020869,COPY_IN,PIPE_MTE2,241948,241950,2,502466
case_084,pre,4,1000020867,COPY_IN,PIPE_MTE2,241950,242059,109,502466
case_084,pre,4,1000020873,COPY_IN,PIPE_MTE2,242059,242270,211,502466
case_084,pre,4,2986,REDUCE,PIPE_V,242248,242332,84,502466
case_084,pre,4,1000020875,COPY_IN,PIPE_MTE2,242270,242512,242,502466
case_084,pre,4,2987,DIV,PIPE_V,242332,242632,300,502466
case_084,pre,4,2988,MATMUL,PIPE_M,242632,243220,588,502466
case_084,pre,4,2992,MATMUL,PIPE_M,243220,243808,588,502466
case_084,pre,4,1000020801,COPY_OUT,PIPE_MTE3,243220,243361,141,502466
case_084,pre,4,2994,DIV,PIPE_V,243808,244108,300,502466
case_084,pre,4,2995,REDUCE,PIPE_V,244108,244192,84,502466
case_084,pre,4,2996,SUB,PIPE_V,244192,244276,84,502466
case_084,pre,4,2997,EXP,PIPE_V,244276,244576,300,502466
case_084,pre,4,1000020879,COPY_IN,PIPE_MTE2,244276,244278,2,502466
case_084,pre,4,1000020877,COPY_IN,PIPE_MTE2,244278,244387,109,502466
case_084,pre,4,1000020883,COPY_IN,PIPE_MTE2,244387,244598,211,502466
case_084,pre,4,2998,REDUCE,PIPE_V,244576,244660,84,502466
case_084,pre,4,1000020885,COPY_IN,PIPE_MTE2,244598,244840,242,502466
case_084,pre,4,2999,DIV,PIPE_V,244660,244960,300,502466
case_084,pre,4,3000,MATMUL,PIPE_M,244960,245548,588,502466
case_084,pre,4,3004,MATMUL,PIPE_M,245548,246136,588,502466
case_084,pre,4,1000020811,COPY_OUT,PIPE_MTE3,245548,245689,141,502466
case_084,pre,4,3006,DIV,PIPE_V,246136,246436,300,502466
case_084,pre,4,3007,REDUCE,PIPE_V,246436,246520,84,502466
case_084,pre,4,3008,SUB,PIPE_V,246520,246604,84,502466
case_084,pre,4,3009,EXP,PIPE_V,246604,246904,300,502466
case_084,pre,4,1000020889,COPY_IN,PIPE_MTE2,246604,246606,2,502466
case_084,pre,4,1000020887,COPY_IN,PIPE_MTE2,246606,246715,109,502466
case_084,pre,4,1000020893,COPY_IN,PIPE_MTE2,246715,246926,211,502466
case_084,pre,4,3010,REDUCE,PIPE_V,246904,246988,84,502466
case_084,pre,4,1000020895,COPY_IN,PIPE_MTE2,246926,247168,242,502466
case_084,pre,4,3011,DIV,PIPE_V,246988,247288,300,502466
case_084,pre,4,3012,MATMUL,PIPE_M,247288,247876,588,502466
case_084,pre,4,3016,MATMUL,PIPE_M,247876,248464,588,502466
case_084,pre,4,1000020821,COPY_OUT,PIPE_MTE3,247876,248017,141,502466
case_084,pre,4,3018,DIV,PIPE_V,248464,248764,300,502466
case_084,pre,4,3019,REDUCE,PIPE_V,248764,248848,84,502466
case_084,pre,4,3020,SUB,PIPE_V,248848,248932,84,502466
case_084,pre,4,3021,EXP,PIPE_V,248932,249232,300,502466
case_084,pre,4,1000020899,COPY_IN,PIPE_MTE2,248932,248934,2,502466
case_084,pre,4,1000020897,COPY_IN,PIPE_MTE2,248934,249043,109,502466
case_084,pre,4,1000020903,COPY_IN,PIPE_MTE2,249043,249254,211,502466
case_084,pre,4,3022,REDUCE,PIPE_V,249232,249316,84,502466
case_084,pre,4,1000020905,COPY_IN,PIPE_MTE2,249254,249496,242,502466
case_084,pre,4,3023,DIV,PIPE_V,249316,249616,300,502466
case_084,pre,4,3024,MATMUL,PIPE_M,249616,250204,588,502466
case_084,pre,4,3028,MATMUL,PIPE_M,250204,250792,588,502466
case_084,pre,4,1000020831,COPY_OUT,PIPE_MTE3,250204,250345,141,502466
case_084,pre,4,3030,DIV,PIPE_V,250792,251092,300,502466
case_084,pre,4,3031,REDUCE,PIPE_V,251092,251176,84,502466
case_084,pre,4,3032,SUB,PIPE_V,251176,251260,84,502466
case_084,pre,4,3033,EXP,PIPE_V,251260,251560,300,502466
case_084,pre,4,1000020909,COPY_IN,PIPE_MTE2,251260,251262,2,502466
case_084,pre,4,1000020907,COPY_IN,PIPE_MTE2,251262,251371,109,502466
case_084,pre,4,1000020913,COPY_IN,PIPE_MTE2,251371,251582,211,502466
case_084,pre,4,3034,REDUCE,PIPE_V,251560,251644,84,502466
case_084,pre,4,1000020915,COPY_IN,PIPE_MTE2,251582,251824,242,502466
case_084,pre,4,3035,DIV,PIPE_V,251644,251944,300,502466
case_084,pre,4,3036,MATMUL,PIPE_M,251944,252532,588,502466
case_084,pre,4,3040,MATMUL,PIPE_M,252532,253120,588,502466
case_084,pre,4,1000020841,COPY_OUT,PIPE_MTE3,252532,252673,141,502466
case_084,pre,4,3042,DIV,PIPE_V,253120,253420,300,502466
case_084,pre,4,3043,REDUCE,PIPE_V,253420,253504,84,502466
case_084,pre,4,3044,SUB,PIPE_V,253504,253588,84,502466
case_084,pre,4,3045,EXP,PIPE_V,253588,253888,300,502466
case_084,pre,4,1000020919,COPY_IN,PIPE_MTE2,253588,253590,2,502466
case_084,pre,4,1000020917,COPY_IN,PIPE_MTE2,253590,253699,109,502466
case_084,pre,4,1000020923,COPY_IN,PIPE_MTE2,253699,253910,211,502466
case_084,pre,4,3046,REDUCE,PIPE_V,253888,253972,84,502466
case_084,pre,4,1000020925,COPY_IN,PIPE_MTE2,253910,254152,242,502466
case_084,pre,4,3047,DIV,PIPE_V,253972,254272,300,502466
case_084,pre,4,3048,MATMUL,PIPE_M,254272,254860,588,502466
case_084,pre,4,3052,MATMUL,PIPE_M,254860,255448,588,502466
case_084,pre,4,1000020851,COPY_OUT,PIPE_MTE3,254860,255001,141,502466
case_084,pre,4,3054,DIV,PIPE_V,255448,255748,300,502466
case_084,pre,4,3055,REDUCE,PIPE_V,255748,255832,84,502466
case_084,pre,4,3056,SUB,PIPE_V,255832,255916,84,502466
case_084,pre,4,3057,EXP,PIPE_V,255916,256216,300,502466
case_084,pre,4,1000020929,COPY_IN,PIPE_MTE2,255916,255918,2,502466
case_084,pre,4,1000020927,COPY_IN,PIPE_MTE2,255918,256027,109,502466
case_084,pre,4,1000020933,COPY_IN,PIPE_MTE2,256027,256238,211,502466
case_084,pre,4,3058,REDUCE,PIPE_V,256216,256300,84,502466
case_084,pre,4,1000020935,COPY_IN,PIPE_MTE2,256238,256480,242,502466
case_084,pre,4,3059,DIV,PIPE_V,256300,256600,300,502466
case_084,pre,4,3060,MATMUL,PIPE_M,256600,257188,588,502466
case_084,pre,4,3064,MATMUL,PIPE_M,257188,257776,588,502466
case_084,pre,4,1000020861,COPY_OUT,PIPE_MTE3,257188,257329,141,502466
case_084,pre,4,3066,DIV,PIPE_V,257776,258076,300,502466
case_084,pre,4,3067,REDUCE,PIPE_V,258076,258160,84,502466
case_084,pre,4,3068,SUB,PIPE_V,258160,258244,84,502466
case_084,pre,4,3069,EXP,PIPE_V,258244,258544,300,502466
case_084,pre,4,1000020939,COPY_IN,PIPE_MTE2,258244,258246,2,502466
case_084,pre,4,1000020937,COPY_IN,PIPE_MTE2,258246,258355,109,502466
case_084,pre,4,1000020943,COPY_IN,PIPE_MTE2,258355,258566,211,502466
case_084,pre,4,3070,REDUCE,PIPE_V,258544,258628,84,502466
case_084,pre,4,1000020945,COPY_IN,PIPE_MTE2,258566,258808,242,502466
case_084,pre,4,3071,DIV,PIPE_V,258628,258928,300,502466
case_084,pre,4,3072,MATMUL,PIPE_M,258928,259516,588,502466
case_084,pre,4,3076,MATMUL,PIPE_M,259516,260104,588,502466
case_084,pre,4,1000020871,COPY_OUT,PIPE_MTE3,259516,259657,141,502466
case_084,pre,4,3078,DIV,PIPE_V,260104,260404,300,502466
case_084,pre,4,3079,REDUCE,PIPE_V,260404,260488,84,502466
case_084,pre,4,3080,SUB,PIPE_V,260488,260572,84,502466
case_084,pre,4,3081,EXP,PIPE_V,260572,260872,300,502466
case_084,pre,4,1000020949,COPY_IN,PIPE_MTE2,260572,260574,2,502466
case_084,pre,4,1000020947,COPY_IN,PIPE_MTE2,260574,260683,109,502466
case_084,pre,4,1000020953,COPY_IN,PIPE_MTE2,260683,260894,211,502466
case_084,pre,4,3082,REDUCE,PIPE_V,260872,260956,84,502466
case_084,pre,4,1000020955,COPY_IN,PIPE_MTE2,260894,261136,242,502466
case_084,pre,4,3083,DIV,PIPE_V,260956,261256,300,502466
case_084,pre,4,3084,MATMUL,PIPE_M,261256,261844,588,502466
case_084,pre,4,3088,MATMUL,PIPE_M,261844,262432,588,502466
case_084,pre,4,1000020881,COPY_OUT,PIPE_MTE3,261844,261985,141,502466
case_084,pre,4,3090,DIV,PIPE_V,262432,262732,300,502466
case_084,pre,4,3091,REDUCE,PIPE_V,262732,262816,84,502466
case_084,pre,4,3092,SUB,PIPE_V,262816,262900,84,502466
case_084,pre,4,3093,EXP,PIPE_V,262900,263200,300,502466
case_084,pre,4,1000020959,COPY_IN,PIPE_MTE2,262900,262902,2,502466
case_084,pre,4,1000020957,COPY_IN,PIPE_MTE2,262902,263011,109,502466
case_084,pre,4,1000020963,COPY_IN,PIPE_MTE2,263011,263222,211,502466
case_084,pre,4,3094,REDUCE,PIPE_V,263200,263284,84,502466
case_084,pre,4,1000020965,COPY_IN,PIPE_MTE2,263222,263464,242,502466
case_084,pre,4,3095,DIV,PIPE_V,263284,263584,300,502466
case_084,pre,4,3096,MATMUL,PIPE_M,263584,264172,588,502466
case_084,pre,4,3100,MATMUL,PIPE_M,264172,264760,588,502466
case_084,pre,4,1000020891,COPY_OUT,PIPE_MTE3,264172,264313,141,502466
case_084,pre,4,3102,DIV,PIPE_V,264760,265060,300,502466
case_084,pre,4,3103,REDUCE,PIPE_V,265060,265144,84,502466
case_084,pre,4,3104,SUB,PIPE_V,265144,265228,84,502466
case_084,pre,4,3105,EXP,PIPE_V,265228,265528,300,502466
case_084,pre,4,1000020969,COPY_IN,PIPE_MTE2,265228,265230,2,502466
case_084,pre,4,1000020967,COPY_IN,PIPE_MTE2,265230,265339,109,502466
case_084,pre,4,1000020973,COPY_IN,PIPE_MTE2,265339,265550,211,502466
case_084,pre,4,3106,REDUCE,PIPE_V,265528,265612,84,502466
case_084,pre,4,1000020975,COPY_IN,PIPE_MTE2,265550,265792,242,502466
case_084,pre,4,3107,DIV,PIPE_V,265612,265912,300,502466
case_084,pre,4,3108,MATMUL,PIPE_M,265912,266500,588,502466
case_084,pre,4,3112,MATMUL,PIPE_M,266500,267088,588,502466
case_084,pre,4,1000020901,COPY_OUT,PIPE_MTE3,266500,266641,141,502466
case_084,pre,4,3114,DIV,PIPE_V,267088,267388,300,502466
case_084,pre,4,3115,REDUCE,PIPE_V,267388,267472,84,502466
case_084,pre,4,3116,SUB,PIPE_V,267472,267556,84,502466
case_084,pre,4,3117,EXP,PIPE_V,267556,267856,300,502466
case_084,pre,4,1000020979,COPY_IN,PIPE_MTE2,267556,267558,2,502466
case_084,pre,4,1000020977,COPY_IN,PIPE_MTE2,267558,267667,109,502466
case_084,pre,4,1000020983,COPY_IN,PIPE_MTE2,267667,267878,211,502466
case_084,pre,4,3118,REDUCE,PIPE_V,267856,267940,84,502466
case_084,pre,4,1000020985,COPY_IN,PIPE_MTE2,267878,268120,242,502466
case_084,pre,4,3119,DIV,PIPE_V,267940,268240,300,502466
case_084,pre,4,3120,MATMUL,PIPE_M,268240,268828,588,502466
case_084,pre,4,3124,MATMUL,PIPE_M,268828,269416,588,502466
case_084,pre,4,1000020911,COPY_OUT,PIPE_MTE3,268828,268969,141,502466
case_084,pre,4,3126,DIV,PIPE_V,269416,269716,300,502466
case_084,pre,4,3127,REDUCE,PIPE_V,269716,269800,84,502466
case_084,pre,4,3128,SUB,PIPE_V,269800,269884,84,502466
case_084,pre,4,3129,EXP,PIPE_V,269884,270184,300,502466
case_084,pre,4,1000020989,COPY_IN,PIPE_MTE2,269884,269886,2,502466
case_084,pre,4,1000020987,COPY_IN,PIPE_MTE2,269886,269995,109,502466
case_084,pre,4,1000020993,COPY_IN,PIPE_MTE2,269995,270206,211,502466
case_084,pre,4,3130,REDUCE,PIPE_V,270184,270268,84,502466
case_084,pre,4,1000020995,COPY_IN,PIPE_MTE2,270206,270448,242,502466
case_084,pre,4,3131,DIV,PIPE_V,270268,270568,300,502466
case_084,pre,4,3132,MATMUL,PIPE_M,270568,271156,588,502466
case_084,pre,4,3136,MATMUL,PIPE_M,271156,271744,588,502466
case_084,pre,4,1000020921,COPY_OUT,PIPE_MTE3,271156,271297,141,502466
case_084,pre,4,3138,DIV,PIPE_V,271744,272044,300,502466
case_084,pre,4,3139,REDUCE,PIPE_V,272044,272128,84,502466
case_084,pre,4,3140,SUB,PIPE_V,272128,272212,84,502466
case_084,pre,4,3141,EXP,PIPE_V,272212,272512,300,502466
case_084,pre,4,1000020999,COPY_IN,PIPE_MTE2,272212,272214,2,502466
case_084,pre,4,1000020997,COPY_IN,PIPE_MTE2,272214,272323,109,502466
case_084,pre,4,1000021003,COPY_IN,PIPE_MTE2,272323,272534,211,502466
case_084,pre,4,3142,REDUCE,PIPE_V,272512,272596,84,502466
case_084,pre,4,1000021005,COPY_IN,PIPE_MTE2,272534,272776,242,502466
case_084,pre,4,3143,DIV,PIPE_V,272596,272896,300,502466
case_084,pre,4,3144,MATMUL,PIPE_M,272896,273484,588,502466
case_084,pre,4,3148,MATMUL,PIPE_M,273484,274072,588,502466
case_084,pre,4,1000020931,COPY_OUT,PIPE_MTE3,273484,273625,141,502466
case_084,pre,4,3150,DIV,PIPE_V,274072,274372,300,502466
case_084,pre,4,3151,REDUCE,PIPE_V,274372,274456,84,502466
case_084,pre,4,3152,SUB,PIPE_V,274456,274540,84,502466
case_084,pre,4,3153,EXP,PIPE_V,274540,274840,300,502466
case_084,pre,4,1000021009,COPY_IN,PIPE_MTE2,274540,274542,2,502466
case_084,pre,4,1000021007,COPY_IN,PIPE_MTE2,274542,274651,109,502466
case_084,pre,4,1000021013,COPY_IN,PIPE_MTE2,274651,274862,211,502466
case_084,pre,4,3154,REDUCE,PIPE_V,274840,274924,84,502466
case_084,pre,4,1000021015,COPY_IN,PIPE_MTE2,274862,275104,242,502466
case_084,pre,4,3155,DIV,PIPE_V,274924,275224,300,502466
case_084,pre,4,3156,MATMUL,PIPE_M,275224,275812,588,502466
case_084,pre,4,3160,MATMUL,PIPE_M,275812,276400,588,502466
case_084,pre,4,1000020941,COPY_OUT,PIPE_MTE3,275812,275953,141,502466
case_084,pre,4,3162,DIV,PIPE_V,276400,276700,300,502466
case_084,pre,4,3163,REDUCE,PIPE_V,276700,276784,84,502466
case_084,pre,4,3164,SUB,PIPE_V,276784,276868,84,502466
case_084,pre,4,3165,EXP,PIPE_V,276868,277168,300,502466
case_084,pre,4,1000021019,COPY_IN,PIPE_MTE2,276868,276870,2,502466
case_084,pre,4,1000021017,COPY_IN,PIPE_MTE2,276870,276979,109,502466
case_084,pre,4,1000021023,COPY_IN,PIPE_MTE2,276979,277190,211,502466
case_084,pre,4,3166,REDUCE,PIPE_V,277168,277252,84,502466
case_084,pre,4,1000021025,COPY_IN,PIPE_MTE2,277190,277432,242,502466
case_084,pre,4,3167,DIV,PIPE_V,277252,277552,300,502466
case_084,pre,4,3168,MATMUL,PIPE_M,277552,278140,588,502466
case_084,pre,4,3172,MATMUL,PIPE_M,278140,278728,588,502466
case_084,pre,4,1000020951,COPY_OUT,PIPE_MTE3,278140,278281,141,502466
case_084,pre,4,3174,DIV,PIPE_V,278728,279028,300,502466
case_084,pre,4,3175,REDUCE,PIPE_V,279028,279112,84,502466
case_084,pre,4,3176,SUB,PIPE_V,279112,279196,84,502466
case_084,pre,4,3177,EXP,PIPE_V,279196,279496,300,502466
case_084,pre,4,1000021029,COPY_IN,PIPE_MTE2,279196,279198,2,502466
case_084,pre,4,1000021027,COPY_IN,PIPE_MTE2,279198,279307,109,502466
case_084,pre,4,1000021033,COPY_IN,PIPE_MTE2,279307,279518,211,502466
case_084,pre,4,3178,REDUCE,PIPE_V,279496,279580,84,502466
case_084,pre,4,1000021035,COPY_IN,PIPE_MTE2,279518,279760,242,502466
case_084,pre,4,3179,DIV,PIPE_V,279580,279880,300,502466
case_084,pre,4,3180,MATMUL,PIPE_M,279880,280468,588,502466
case_084,pre,4,3184,MATMUL,PIPE_M,280468,281056,588,502466
case_084,pre,4,1000020961,COPY_OUT,PIPE_MTE3,280468,280609,141,502466
case_084,pre,4,3186,DIV,PIPE_V,281056,281356,300,502466
case_084,pre,4,3187,REDUCE,PIPE_V,281356,281440,84,502466
case_084,pre,4,3188,SUB,PIPE_V,281440,281524,84,502466
case_084,pre,4,3189,EXP,PIPE_V,281524,281824,300,502466
case_084,pre,4,1000021039,COPY_IN,PIPE_MTE2,281524,281526,2,502466
case_084,pre,4,1000021037,COPY_IN,PIPE_MTE2,281526,281635,109,502466
case_084,pre,4,1000021043,COPY_IN,PIPE_MTE2,281635,281846,211,502466
case_084,pre,4,3190,REDUCE,PIPE_V,281824,281908,84,502466
case_084,pre,4,1000021045,COPY_IN,PIPE_MTE2,281846,282088,242,502466
case_084,pre,4,3191,DIV,PIPE_V,281908,282208,300,502466
case_084,pre,4,3192,MATMUL,PIPE_M,282208,282796,588,502466
case_084,pre,4,3196,MATMUL,PIPE_M,282796,283384,588,502466
case_084,pre,4,1000020971,COPY_OUT,PIPE_MTE3,282796,282937,141,502466
case_084,pre,4,3198,DIV,PIPE_V,283384,283684,300,502466
case_084,pre,4,3199,REDUCE,PIPE_V,283684,283768,84,502466
case_084,pre,4,3200,SUB,PIPE_V,283768,283852,84,502466
case_084,pre,4,3201,EXP,PIPE_V,283852,284152,300,502466
case_084,pre,4,1000021049,COPY_IN,PIPE_MTE2,283852,283854,2,502466
case_084,pre,4,1000021047,COPY_IN,PIPE_MTE2,283854,283963,109,502466
case_084,pre,4,1000021053,COPY_IN,PIPE_MTE2,283963,284174,211,502466
case_084,pre,4,3202,REDUCE,PIPE_V,284152,284236,84,502466
case_084,pre,4,1000021055,COPY_IN,PIPE_MTE2,284174,284416,242,502466
case_084,pre,4,3203,DIV,PIPE_V,284236,284536,300,502466
case_084,pre,4,3204,MATMUL,PIPE_M,284536,285124,588,502466
case_084,pre,4,3208,MATMUL,PIPE_M,285124,285712,588,502466
case_084,pre,4,1000020981,COPY_OUT,PIPE_MTE3,285124,285265,141,502466
case_084,pre,4,3210,DIV,PIPE_V,285712,286012,300,502466
case_084,pre,4,3211,REDUCE,PIPE_V,286012,286096,84,502466
case_084,pre,4,3212,SUB,PIPE_V,286096,286180,84,502466
case_084,pre,4,3213,EXP,PIPE_V,286180,286480,300,502466
case_084,pre,4,1000021059,COPY_IN,PIPE_MTE2,286180,286182,2,502466
case_084,pre,4,1000021057,COPY_IN,PIPE_MTE2,286182,286291,109,502466
case_084,pre,4,1000021063,COPY_IN,PIPE_MTE2,286291,286502,211,502466
case_084,pre,4,3214,REDUCE,PIPE_V,286480,286564,84,502466
case_084,pre,4,1000021065,COPY_IN,PIPE_MTE2,286502,286744,242,502466
case_084,pre,4,3215,DIV,PIPE_V,286564,286864,300,502466
case_084,pre,4,3216,MATMUL,PIPE_M,286864,287452,588,502466
case_084,pre,4,3220,MATMUL,PIPE_M,287452,288040,588,502466
case_084,pre,4,1000020991,COPY_OUT,PIPE_MTE3,287452,287593,141,502466
case_084,pre,4,3222,DIV,PIPE_V,288040,288340,300,502466
case_084,pre,4,3223,REDUCE,PIPE_V,288340,288424,84,502466
case_084,pre,4,3224,SUB,PIPE_V,288424,288508,84,502466
case_084,pre,4,3225,EXP,PIPE_V,288508,288808,300,502466
case_084,pre,4,1000021069,COPY_IN,PIPE_MTE2,288508,288510,2,502466
case_084,pre,4,1000021067,COPY_IN,PIPE_MTE2,288510,288619,109,502466
case_084,pre,4,1000021073,COPY_IN,PIPE_MTE2,288619,288830,211,502466
case_084,pre,4,3226,REDUCE,PIPE_V,288808,288892,84,502466
case_084,pre,4,1000021075,COPY_IN,PIPE_MTE2,288830,289072,242,502466
case_084,pre,4,3227,DIV,PIPE_V,288892,289192,300,502466
case_084,pre,4,3228,MATMUL,PIPE_M,289192,289780,588,502466
case_084,pre,4,3232,MATMUL,PIPE_M,289780,290368,588,502466
case_084,pre,4,1000021001,COPY_OUT,PIPE_MTE3,289780,289921,141,502466
case_084,pre,4,3234,DIV,PIPE_V,290368,290668,300,502466
case_084,pre,4,3235,REDUCE,PIPE_V,290668,290752,84,502466
case_084,pre,4,3236,SUB,PIPE_V,290752,290836,84,502466
case_084,pre,4,3237,EXP,PIPE_V,290836,291136,300,502466
case_084,pre,4,1000021079,COPY_IN,PIPE_MTE2,290836,290838,2,502466
case_084,pre,4,1000021077,COPY_IN,PIPE_MTE2,290838,290947,109,502466
case_084,pre,4,1000021083,COPY_IN,PIPE_MTE2,290947,291158,211,502466
case_084,pre,4,3238,REDUCE,PIPE_V,291136,291220,84,502466
case_084,pre,4,1000021085,COPY_IN,PIPE_MTE2,291158,291400,242,502466
case_084,pre,4,3239,DIV,PIPE_V,291220,291520,300,502466
case_084,pre,4,3240,MATMUL,PIPE_M,291520,292108,588,502466
case_084,pre,4,3244,MATMUL,PIPE_M,292108,292696,588,502466
case_084,pre,4,1000021011,COPY_OUT,PIPE_MTE3,292108,292249,141,502466
case_084,pre,4,3246,DIV,PIPE_V,292696,292996,300,502466
case_084,pre,4,3247,REDUCE,PIPE_V,292996,293080,84,502466
case_084,pre,4,3248,SUB,PIPE_V,293080,293164,84,502466
case_084,pre,4,3249,EXP,PIPE_V,293164,293464,300,502466
case_084,pre,4,1000021089,COPY_IN,PIPE_MTE2,293164,293166,2,502466
case_084,pre,4,1000021087,COPY_IN,PIPE_MTE2,293166,293275,109,502466
case_084,pre,4,1000021093,COPY_IN,PIPE_MTE2,293275,293486,211,502466
case_084,pre,4,3250,REDUCE,PIPE_V,293464,293548,84,502466
case_084,pre,4,1000021095,COPY_IN,PIPE_MTE2,293486,293728,242,502466
case_084,pre,4,3251,DIV,PIPE_V,293548,293848,300,502466
case_084,pre,4,3252,MATMUL,PIPE_M,293848,294436,588,502466
case_084,pre,4,3256,MATMUL,PIPE_M,294436,295024,588,502466
case_084,pre,4,1000021021,COPY_OUT,PIPE_MTE3,294436,294577,141,502466
case_084,pre,4,3258,DIV,PIPE_V,295024,295324,300,502466
case_084,pre,4,3259,REDUCE,PIPE_V,295324,295408,84,502466
case_084,pre,4,3260,SUB,PIPE_V,295408,295492,84,502466
case_084,pre,4,3261,EXP,PIPE_V,295492,295792,300,502466
case_084,pre,4,1000021099,COPY_IN,PIPE_MTE2,295492,295494,2,502466
case_084,pre,4,1000021097,COPY_IN,PIPE_MTE2,295494,295603,109,502466
case_084,pre,4,1000021103,COPY_IN,PIPE_MTE2,295603,295814,211,502466
case_084,pre,4,3262,REDUCE,PIPE_V,295792,295876,84,502466
case_084,pre,4,1000021105,COPY_IN,PIPE_MTE2,295814,296056,242,502466
case_084,pre,4,3263,DIV,PIPE_V,295876,296176,300,502466
case_084,pre,4,3264,MATMUL,PIPE_M,296176,296764,588,502466
case_084,pre,4,3268,MATMUL,PIPE_M,296764,297352,588,502466
case_084,pre,4,1000021031,COPY_OUT,PIPE_MTE3,296764,296905,141,502466
case_084,pre,4,3270,DIV,PIPE_V,297352,297652,300,502466
case_084,pre,4,3271,REDUCE,PIPE_V,297652,297736,84,502466
case_084,pre,4,3272,SUB,PIPE_V,297736,297820,84,502466
case_084,pre,4,3273,EXP,PIPE_V,297820,298120,300,502466
case_084,pre,4,1000021109,COPY_IN,PIPE_MTE2,297820,297822,2,502466
case_084,pre,4,1000021107,COPY_IN,PIPE_MTE2,297822,297931,109,502466
case_084,pre,4,1000021113,COPY_IN,PIPE_MTE2,297931,298142,211,502466
case_084,pre,4,3274,REDUCE,PIPE_V,298120,298204,84,502466
case_084,pre,4,1000021115,COPY_IN,PIPE_MTE2,298142,298384,242,502466
case_084,pre,4,3275,DIV,PIPE_V,298204,298504,300,502466
case_084,pre,4,3276,MATMUL,PIPE_M,298504,299092,588,502466
case_084,pre,4,3280,MATMUL,PIPE_M,299092,299680,588,502466
case_084,pre,4,1000021041,COPY_OUT,PIPE_MTE3,299092,299233,141,502466
case_084,pre,4,3282,DIV,PIPE_V,299680,299980,300,502466
case_084,pre,4,3283,REDUCE,PIPE_V,299980,300064,84,502466
case_084,pre,4,3284,SUB,PIPE_V,300064,300148,84,502466
case_084,pre,4,3285,EXP,PIPE_V,300148,300448,300,502466
case_084,pre,4,1000021119,COPY_IN,PIPE_MTE2,300148,300150,2,502466
case_084,pre,4,1000021117,COPY_IN,PIPE_MTE2,300150,300259,109,502466
case_084,pre,4,1000021123,COPY_IN,PIPE_MTE2,300259,300470,211,502466
case_084,pre,4,3286,REDUCE,PIPE_V,300448,300532,84,502466
case_084,pre,4,1000021125,COPY_IN,PIPE_MTE2,300470,300712,242,502466
case_084,pre,4,3287,DIV,PIPE_V,300532,300832,300,502466
case_084,pre,4,3288,MATMUL,PIPE_M,300832,301420,588,502466
case_084,pre,4,3292,MATMUL,PIPE_M,301420,302008,588,502466
case_084,pre,4,1000021051,COPY_OUT,PIPE_MTE3,301420,301561,141,502466
case_084,pre,4,3294,DIV,PIPE_V,302008,302308,300,502466
case_084,pre,4,3295,REDUCE,PIPE_V,302308,302392,84,502466
case_084,pre,4,3296,SUB,PIPE_V,302392,302476,84,502466
case_084,pre,4,3297,EXP,PIPE_V,302476,302776,300,502466
case_084,pre,4,1000021129,COPY_IN,PIPE_MTE2,302476,302478,2,502466
case_084,pre,4,1000021127,COPY_IN,PIPE_MTE2,302478,302587,109,502466
case_084,pre,4,1000021133,COPY_IN,PIPE_MTE2,302587,302798,211,502466
case_084,pre,4,3298,REDUCE,PIPE_V,302776,302860,84,502466
case_084,pre,4,1000021135,COPY_IN,PIPE_MTE2,302798,303040,242,502466
case_084,pre,4,3299,DIV,PIPE_V,302860,303160,300,502466
case_084,pre,4,3300,MATMUL,PIPE_M,303160,303748,588,502466
case_084,pre,4,3304,MATMUL,PIPE_M,303748,304336,588,502466
case_084,pre,4,1000021061,COPY_OUT,PIPE_MTE3,303748,303889,141,502466
case_084,pre,4,3306,DIV,PIPE_V,304336,304636,300,502466
case_084,pre,4,3307,REDUCE,PIPE_V,304636,304720,84,502466
case_084,pre,4,3308,SUB,PIPE_V,304720,304804,84,502466
case_084,pre,4,3309,EXP,PIPE_V,304804,305104,300,502466
case_084,pre,4,1000021139,COPY_IN,PIPE_MTE2,304804,304806,2,502466
case_084,pre,4,1000021137,COPY_IN,PIPE_MTE2,304806,304915,109,502466
case_084,pre,4,1000021143,COPY_IN,PIPE_MTE2,304915,305126,211,502466
case_084,pre,4,3310,REDUCE,PIPE_V,305104,305188,84,502466
case_084,pre,4,1000021145,COPY_IN,PIPE_MTE2,305126,305368,242,502466
case_084,pre,4,3311,DIV,PIPE_V,305188,305488,300,502466
case_084,pre,4,3312,MATMUL,PIPE_M,305488,306076,588,502466
case_084,pre,4,3316,MATMUL,PIPE_M,306076,306664,588,502466
case_084,pre,4,1000021071,COPY_OUT,PIPE_MTE3,306076,306217,141,502466
case_084,pre,4,3318,DIV,PIPE_V,306664,306964,300,502466
case_084,pre,4,3319,REDUCE,PIPE_V,306964,307048,84,502466
case_084,pre,4,3320,SUB,PIPE_V,307048,307132,84,502466
case_084,pre,4,3321,EXP,PIPE_V,307132,307432,300,502466
case_084,pre,4,1000021149,COPY_IN,PIPE_MTE2,307132,307134,2,502466
case_084,pre,4,1000021147,COPY_IN,PIPE_MTE2,307134,307243,109,502466
case_084,pre,4,1000021153,COPY_IN,PIPE_MTE2,307243,307454,211,502466
case_084,pre,4,3322,REDUCE,PIPE_V,307432,307516,84,502466
case_084,pre,4,1000021155,COPY_IN,PIPE_MTE2,307454,307696,242,502466
case_084,pre,4,3323,DIV,PIPE_V,307516,307816,300,502466
case_084,pre,4,3324,MATMUL,PIPE_M,307816,308404,588,502466
case_084,pre,4,3328,MATMUL,PIPE_M,308404,308992,588,502466
case_084,pre,4,1000021081,COPY_OUT,PIPE_MTE3,308404,308545,141,502466
case_084,pre,4,3330,DIV,PIPE_V,308992,309292,300,502466
case_084,pre,4,3331,REDUCE,PIPE_V,309292,309376,84,502466
case_084,pre,4,3332,SUB,PIPE_V,309376,309460,84,502466
case_084,pre,4,3333,EXP,PIPE_V,309460,309760,300,502466
case_084,pre,4,1000021159,COPY_IN,PIPE_MTE2,309460,309462,2,502466
case_084,pre,4,1000021157,COPY_IN,PIPE_MTE2,309462,309571,109,502466
case_084,pre,4,1000021163,COPY_IN,PIPE_MTE2,309571,309782,211,502466
case_084,pre,4,3334,REDUCE,PIPE_V,309760,309844,84,502466
case_084,pre,4,1000021165,COPY_IN,PIPE_MTE2,309782,310024,242,502466
case_084,pre,4,3335,DIV,PIPE_V,309844,310144,300,502466
case_084,pre,4,3336,MATMUL,PIPE_M,310144,310732,588,502466
case_084,pre,4,3340,MATMUL,PIPE_M,310732,311320,588,502466
case_084,pre,4,1000021091,COPY_OUT,PIPE_MTE3,310732,310873,141,502466
case_084,pre,4,3342,DIV,PIPE_V,311320,311620,300,502466
case_084,pre,4,3343,REDUCE,PIPE_V,311620,311704,84,502466
case_084,pre,4,3344,SUB,PIPE_V,311704,311788,84,502466
case_084,pre,4,3345,EXP,PIPE_V,311788,312088,300,502466
case_084,pre,4,1000021169,COPY_IN,PIPE_MTE2,311788,311790,2,502466
case_084,pre,4,1000021167,COPY_IN,PIPE_MTE2,311790,311899,109,502466
case_084,pre,4,1000021173,COPY_IN,PIPE_MTE2,311899,312110,211,502466
case_084,pre,4,3346,REDUCE,PIPE_V,312088,312172,84,502466
case_084,pre,4,1000021175,COPY_IN,PIPE_MTE2,312110,312352,242,502466
case_084,pre,4,3347,DIV,PIPE_V,312172,312472,300,502466
case_084,pre,4,3348,MATMUL,PIPE_M,312472,313060,588,502466
case_084,pre,4,3352,MATMUL,PIPE_M,313060,313648,588,502466
case_084,pre,4,1000021101,COPY_OUT,PIPE_MTE3,313060,313201,141,502466
case_084,pre,4,3354,DIV,PIPE_V,313648,313948,300,502466
case_084,pre,4,3355,REDUCE,PIPE_V,313948,314032,84,502466
case_084,pre,4,3356,SUB,PIPE_V,314032,314116,84,502466
case_084,pre,4,3357,EXP,PIPE_V,314116,314416,300,502466
case_084,pre,4,1000021179,COPY_IN,PIPE_MTE2,314116,314118,2,502466
case_084,pre,4,1000021177,COPY_IN,PIPE_MTE2,314118,314227,109,502466
case_084,pre,4,1000021187,COPY_IN,PIPE_MTE2,314227,314438,211,502466
case_084,pre,4,3358,REDUCE,PIPE_V,314416,314500,84,502466
case_084,pre,4,1000020460,COPY_IN,PIPE_MTE2,314438,314680,242,502466
case_084,pre,4,3359,DIV,PIPE_V,314500,314800,300,502466
case_084,pre,4,1000020462,COPY_IN,PIPE_MTE2,314680,314836,156,502466
case_084,pre,4,3360,MATMUL,PIPE_M,314800,315388,588,502466
case_084,pre,4,3364,MATMUL,PIPE_M,315388,315976,588,502466
case_084,pre,4,1000021111,COPY_OUT,PIPE_MTE3,315388,315529,141,502466
case_084,pre,4,3366,DIV,PIPE_V,315976,316276,300,502466
case_084,pre,4,3367,REDUCE,PIPE_V,316276,316360,84,502466
case_084,pre,4,3368,SUB,PIPE_V,316360,316444,84,502466
case_084,pre,4,3369,EXP,PIPE_V,316444,316744,300,502466
case_084,pre,4,3370,REDUCE,PIPE_V,316744,316828,84,502466
case_084,pre,4,3371,DIV,PIPE_V,316828,317128,300,502466
case_084,pre,4,3372,MATMUL,PIPE_M,317128,317716,588,502466
case_084,pre,4,1000020466,COPY_IN,PIPE_MTE2,317128,317129,1,502466
case_084,pre,4,1000019030,COPY_IN,PIPE_MTE2,317129,317181,52,502466
case_084,pre,4,1000019032,COPY_IN,PIPE_MTE2,317181,317233,52,502466
case_084,pre,4,3376,MATMUL,PIPE_M,317716,318304,588,502466
case_084,pre,4,1000021121,COPY_OUT,PIPE_MTE3,317716,317857,141,502466
case_084,pre,4,3378,DIV,PIPE_V,318304,318604,300,502466
case_084,pre,4,3379,REDUCE,PIPE_V,318604,318688,84,502466
case_084,pre,4,3380,SUB,PIPE_V,318688,318772,84,502466
case_084,pre,4,3381,EXP,PIPE_V,318772,319072,300,502466
case_084,pre,4,1000019036,COPY_IN,PIPE_MTE2,318772,318773,1,502466
case_084,pre,4,1000019034,COPY_IN,PIPE_MTE2,318773,318825,52,502466
case_084,pre,4,1000019040,COPY_IN,PIPE_MTE2,318825,318886,61,502466
case_084,pre,4,1000019042,COPY_IN,PIPE_MTE2,318886,318981,95,502466
case_084,pre,4,3382,REDUCE,PIPE_V,319072,319156,84,502466
case_084,pre,4,3383,DIV,PIPE_V,319156,319456,300,502466
case_084,pre,4,3384,MATMUL,PIPE_M,319456,320044,588,502466
case_084,pre,4,3388,MATMUL,PIPE_M,320044,320632,588,502466
case_084,pre,4,1000021131,COPY_OUT,PIPE_MTE3,320044,320237,193,502466
case_084,pre,4,3390,DIV,PIPE_V,320632,320932,300,502466
case_084,pre,4,3391,REDUCE,PIPE_V,320932,321016,84,502466
case_084,pre,4,3392,SUB,PIPE_V,321016,321100,84,502466
case_084,pre,4,3393,EXP,PIPE_V,321100,321400,300,502466
case_084,pre,4,1000019046,COPY_IN,PIPE_MTE2,321100,321101,1,502466
case_084,pre,4,1000019044,COPY_IN,PIPE_MTE2,321101,321153,52,502466
case_084,pre,4,1000019050,COPY_IN,PIPE_MTE2,321153,321214,61,502466
case_084,pre,4,1000019052,COPY_IN,PIPE_MTE2,321214,321309,95,502466
case_084,pre,4,3394,REDUCE,PIPE_V,321400,321484,84,502466
case_084,pre,4,3395,DIV,PIPE_V,321484,321784,300,502466
case_084,pre,4,3396,MATMUL,PIPE_M,321784,322372,588,502466
case_084,pre,4,3400,MATMUL,PIPE_M,322372,322960,588,502466
case_084,pre,4,1000021141,COPY_OUT,PIPE_MTE3,322372,322565,193,502466
case_084,pre,4,3402,DIV,PIPE_V,322960,323260,300,502466
case_084,pre,4,3403,REDUCE,PIPE_V,323260,323344,84,502466
case_084,pre,4,3404,SUB,PIPE_V,323344,323428,84,502466
case_084,pre,4,3405,EXP,PIPE_V,323428,323728,300,502466
case_084,pre,4,1000019056,COPY_IN,PIPE_MTE2,323428,323429,1,502466
case_084,pre,4,1000019054,COPY_IN,PIPE_MTE2,323429,323481,52,502466
case_084,pre,4,1000019060,COPY_IN,PIPE_MTE2,323481,323542,61,502466
case_084,pre,4,1000019062,COPY_IN,PIPE_MTE2,323542,323637,95,502466
case_084,pre,4,3406,REDUCE,PIPE_V,323728,323812,84,502466
case_084,pre,4,3407,DIV,PIPE_V,323812,324112,300,502466
case_084,pre,4,3408,MATMUL,PIPE_M,324112,324700,588,502466
case_084,pre,4,3412,MATMUL,PIPE_M,324700,325288,588,502466
case_084,pre,4,1000021151,COPY_OUT,PIPE_MTE3,324700,324893,193,502466
case_084,pre,4,3414,DIV,PIPE_V,325288,325588,300,502466
case_084,pre,4,3415,REDUCE,PIPE_V,325588,325672,84,502466
case_084,pre,4,3416,SUB,PIPE_V,325672,325756,84,502466
case_084,pre,4,3417,EXP,PIPE_V,325756,326056,300,502466
case_084,pre,4,1000019066,COPY_IN,PIPE_MTE2,325756,325757,1,502466
case_084,pre,4,1000019064,COPY_IN,PIPE_MTE2,325757,325809,52,502466
case_084,pre,4,1000019070,COPY_IN,PIPE_MTE2,325809,325870,61,502466
case_084,pre,4,1000019072,COPY_IN,PIPE_MTE2,325870,325965,95,502466
case_084,pre,4,3418,REDUCE,PIPE_V,326056,326140,84,502466
case_084,pre,4,3419,DIV,PIPE_V,326140,326440,300,502466
case_084,pre,4,3420,MATMUL,PIPE_M,326440,327028,588,502466
case_084,pre,4,3424,MATMUL,PIPE_M,327028,327616,588,502466
case_084,pre,4,1000021161,COPY_OUT,PIPE_MTE3,327028,327221,193,502466
case_084,pre,4,3426,DIV,PIPE_V,327616,327916,300,502466
case_084,pre,4,3427,REDUCE,PIPE_V,327916,328000,84,502466
case_084,pre,4,3428,SUB,PIPE_V,328000,328084,84,502466
case_084,pre,4,3429,EXP,PIPE_V,328084,328384,300,502466
case_084,pre,4,1000019076,COPY_IN,PIPE_MTE2,328084,328085,1,502466
case_084,pre,4,1000019074,COPY_IN,PIPE_MTE2,328085,328137,52,502466
case_084,pre,4,1000019080,COPY_IN,PIPE_MTE2,328137,328198,61,502466
case_084,pre,4,1000019082,COPY_IN,PIPE_MTE2,328198,328293,95,502466
case_084,pre,4,3430,REDUCE,PIPE_V,328384,328468,84,502466
case_084,pre,4,3431,DIV,PIPE_V,328468,328768,300,502466
case_084,pre,4,3432,MATMUL,PIPE_M,328768,329356,588,502466
case_084,pre,4,3436,MATMUL,PIPE_M,329356,329944,588,502466
case_084,pre,4,1000021171,COPY_OUT,PIPE_MTE3,329356,329549,193,502466
case_084,pre,4,3438,DIV,PIPE_V,329944,330244,300,502466
case_084,pre,4,3439,REDUCE,PIPE_V,330244,330328,84,502466
case_084,pre,4,3440,SUB,PIPE_V,330328,330412,84,502466
case_084,pre,4,3441,EXP,PIPE_V,330412,330712,300,502466
case_084,pre,4,1000019086,COPY_IN,PIPE_MTE2,330412,330413,1,502466
case_084,pre,4,1000019084,COPY_IN,PIPE_MTE2,330413,330465,52,502466
case_084,pre,4,1000019090,COPY_IN,PIPE_MTE2,330465,330526,61,502466
case_084,pre,4,1000019092,COPY_IN,PIPE_MTE2,330526,330621,95,502466
case_084,pre,4,3442,REDUCE,PIPE_V,330712,330796,84,502466
case_084,pre,4,3443,DIV,PIPE_V,330796,331096,300,502466
case_084,pre,4,3444,MATMUL,PIPE_M,331096,331684,588,502466
case_084,pre,4,3453,EXP,PIPE_V,331096,331396,300,502466
case_084,pre,4,3454,REDUCE,PIPE_V,331396,331480,84,502466
case_084,pre,4,3455,DIV,PIPE_V,331480,331780,300,502466
case_084,pre,4,1000019096,COPY_IN,PIPE_MTE2,331684,331689,5,502466
case_084,pre,4,1000021181,COPY_OUT,PIPE_MTE3,331684,331941,257,502466
case_084,pre,4,1000019094,COPY_IN,PIPE_MTE2,331689,331944,255,502466
case_084,pre,4,3456,MATMUL,PIPE_M,331780,332368,588,502466
case_084,pre,4,1000019100,COPY_IN,PIPE_MTE2,331944,332087,143,502466
case_084,pre,4,1000019102,COPY_IN,PIPE_MTE2,332087,332191,104,502466
case_084,pre,4,2584,MATMUL,PIPE_M,332368,332956,588,502466
case_084,pre,4,1000021191,COPY_OUT,PIPE_MTE3,332368,332420,52,502466
case_084,pre,4,868,MATMUL,PIPE_M,332956,333544,588,502466
case_084,pre,4,2586,DIV,PIPE_V,332956,333256,300,502466
case_084,pre,4,2587,REDUCE,PIPE_V,333256,333340,84,502466
case_084,pre,4,2588,SUB,PIPE_V,333340,333424,84,502466
case_084,pre,4,1000020468,COPY_OUT,PIPE_MTE3,333424,333501,77,502466
case_084,pre,4,1000019106,COPY_IN,PIPE_MTE2,333501,333502,1,502466
case_084,pre,4,1000019104,COPY_IN,PIPE_MTE2,333502,333554,52,502466
case_084,pre,4,870,DIV,PIPE_V,333544,333844,300,502466
case_084,pre,4,1000019110,COPY_IN,PIPE_MTE2,333554,333620,66,502466
case_084,pre,4,1000019112,COPY_IN,PIPE_MTE2,333620,333724,104,502466
case_084,pre,4,871,REDUCE,PIPE_V,333844,333928,84,502466
case_084,pre,4,872,SUB,PIPE_V,333928,334012,84,502466
case_084,pre,4,873,EXP,PIPE_V,334012,334312,300,502466
case_084,pre,4,874,REDUCE,PIPE_V,334312,334396,84,502466
case_084,pre,4,875,DIV,PIPE_V,334396,334696,300,502466
case_084,pre,4,876,MATMUL,PIPE_M,334696,335284,588,502466
case_084,pre,4,880,MATMUL,PIPE_M,335284,335872,588,502466
case_084,pre,4,1000019038,COPY_OUT,PIPE_MTE3,335284,335492,208,502466
case_084,pre,4,1000019116,COPY_IN,PIPE_MTE2,335284,335288,4,502466
case_084,pre,4,1000019114,COPY_IN,PIPE_MTE2,335288,335494,206,502466
case_084,pre,4,1000019120,COPY_IN,PIPE_MTE2,335494,335598,104,502466
case_084,pre,4,1000019122,COPY_IN,PIPE_MTE2,335598,335702,104,502466
case_084,pre,4,882,DIV,PIPE_V,335872,336172,300,502466
case_084,pre,4,883,REDUCE,PIPE_V,336172,336256,84,502466
case_084,pre,4,884,SUB,PIPE_V,336256,336340,84,502466
case_084,pre,4,885,EXP,PIPE_V,336340,336640,300,502466
case_084,pre,4,886,REDUCE,PIPE_V,336640,336724,84,502466
case_084,pre,4,887,DIV,PIPE_V,336724,337024,300,502466
case_084,pre,4,888,MATMUL,PIPE_M,337024,337612,588,502466
case_084,pre,4,892,MATMUL,PIPE_M,337612,338200,588,502466
case_084,pre,4,1000019048,COPY_OUT,PIPE_MTE3,337612,337820,208,502466
case_084,pre,4,1000019126,COPY_IN,PIPE_MTE2,337612,337616,4,502466
case_084,pre,4,1000019124,COPY_IN,PIPE_MTE2,337616,337822,206,502466
case_084,pre,4,1000019130,COPY_IN,PIPE_MTE2,337822,337926,104,502466
case_084,pre,4,1000019132,COPY_IN,PIPE_MTE2,337926,338030,104,502466
case_084,pre,4,894,DIV,PIPE_V,338200,338500,300,502466
case_084,pre,4,895,REDUCE,PIPE_V,338500,338584,84,502466
case_084,pre,4,896,SUB,PIPE_V,338584,338668,84,502466
case_084,pre,4,897,EXP,PIPE_V,338668,338968,300,502466
case_084,pre,4,898,REDUCE,PIPE_V,338968,339052,84,502466
case_084,pre,4,899,DIV,PIPE_V,339052,339352,300,502466
case_084,pre,4,900,MATMUL,PIPE_M,339352,339940,588,502466
case_084,pre,4,904,MATMUL,PIPE_M,339940,340528,588,502466
case_084,pre,4,1000019058,COPY_OUT,PIPE_MTE3,339940,340148,208,502466
case_084,pre,4,1000019136,COPY_IN,PIPE_MTE2,339940,339944,4,502466
case_084,pre,4,1000019134,COPY_IN,PIPE_MTE2,339944,340150,206,502466
case_084,pre,4,1000019140,COPY_IN,PIPE_MTE2,340150,340254,104,502466
case_084,pre,4,1000019142,COPY_IN,PIPE_MTE2,340254,340358,104,502466
case_084,pre,4,906,DIV,PIPE_V,340528,340828,300,502466
case_084,pre,4,907,REDUCE,PIPE_V,340828,340912,84,502466
case_084,pre,4,908,SUB,PIPE_V,340912,340996,84,502466
case_084,pre,4,909,EXP,PIPE_V,340996,341296,300,502466
case_084,pre,4,910,REDUCE,PIPE_V,341296,341380,84,502466
case_084,pre,4,911,DIV,PIPE_V,341380,341680,300,502466
case_084,pre,4,912,MATMUL,PIPE_M,341680,342268,588,502466
case_084,pre,4,916,MATMUL,PIPE_M,342268,342856,588,502466
case_084,pre,4,1000019068,COPY_OUT,PIPE_MTE3,342268,342476,208,502466
case_084,pre,4,1000019146,COPY_IN,PIPE_MTE2,342268,342272,4,502466
case_084,pre,4,1000019144,COPY_IN,PIPE_MTE2,342272,342478,206,502466
case_084,pre,4,1000019150,COPY_IN,PIPE_MTE2,342478,342582,104,502466
case_084,pre,4,1000019152,COPY_IN,PIPE_MTE2,342582,342686,104,502466
case_084,pre,4,918,DIV,PIPE_V,342856,343156,300,502466
case_084,pre,4,919,REDUCE,PIPE_V,343156,343240,84,502466
case_084,pre,4,920,SUB,PIPE_V,343240,343324,84,502466
case_084,pre,4,921,EXP,PIPE_V,343324,343624,300,502466
case_084,pre,4,922,REDUCE,PIPE_V,343624,343708,84,502466
case_084,pre,4,923,DIV,PIPE_V,343708,344008,300,502466
case_084,pre,4,924,MATMUL,PIPE_M,344008,344596,588,502466
case_084,pre,4,928,MATMUL,PIPE_M,344596,345184,588,502466
case_084,pre,4,1000019078,COPY_OUT,PIPE_MTE3,344596,344804,208,502466
case_084,pre,4,1000019156,COPY_IN,PIPE_MTE2,344596,344600,4,502466
case_084,pre,4,1000019154,COPY_IN,PIPE_MTE2,344600,344806,206,502466
case_084,pre,4,1000019160,COPY_IN,PIPE_MTE2,344806,344910,104,502466
case_084,pre,4,1000019162,COPY_IN,PIPE_MTE2,344910,345014,104,502466
case_084,pre,4,930,DIV,PIPE_V,345184,345484,300,502466
case_084,pre,4,931,REDUCE,PIPE_V,345484,345568,84,502466
case_084,pre,4,932,SUB,PIPE_V,345568,345652,84,502466
case_084,pre,4,933,EXP,PIPE_V,345652,345952,300,502466
case_084,pre,4,934,REDUCE,PIPE_V,345952,346036,84,502466
case_084,pre,4,935,DIV,PIPE_V,346036,346336,300,502466
case_084,pre,4,936,MATMUL,PIPE_M,346336,346924,588,502466
case_084,pre,4,940,MATMUL,PIPE_M,346924,347512,588,502466
case_084,pre,4,1000019088,COPY_OUT,PIPE_MTE3,346924,347132,208,502466
case_084,pre,4,1000019166,COPY_IN,PIPE_MTE2,346924,346928,4,502466
case_084,pre,4,1000019164,COPY_IN,PIPE_MTE2,346928,347134,206,502466
case_084,pre,4,1000019170,COPY_IN,PIPE_MTE2,347134,347238,104,502466
case_084,pre,4,1000019172,COPY_IN,PIPE_MTE2,347238,347342,104,502466
case_084,pre,4,942,DIV,PIPE_V,347512,347812,300,502466
case_084,pre,4,943,REDUCE,PIPE_V,347812,347896,84,502466
case_084,pre,4,944,SUB,PIPE_V,347896,347980,84,502466
case_084,pre,4,945,EXP,PIPE_V,347980,348280,300,502466
case_084,pre,4,946,REDUCE,PIPE_V,348280,348364,84,502466
case_084,pre,4,947,DIV,PIPE_V,348364,348664,300,502466
case_084,pre,4,948,MATMUL,PIPE_M,348664,349252,588,502466
case_084,pre,4,952,MATMUL,PIPE_M,349252,349840,588,502466
case_084,pre,4,1000019098,COPY_OUT,PIPE_MTE3,349252,349460,208,502466
case_084,pre,4,1000019176,COPY_IN,PIPE_MTE2,349252,349256,4,502466
case_084,pre,4,1000019174,COPY_IN,PIPE_MTE2,349256,349462,206,502466
case_084,pre,4,1000019180,COPY_IN,PIPE_MTE2,349462,349566,104,502466
case_084,pre,4,1000019182,COPY_IN,PIPE_MTE2,349566,349670,104,502466
case_084,pre,4,954,DIV,PIPE_V,349840,350140,300,502466
case_084,pre,4,955,REDUCE,PIPE_V,350140,350224,84,502466
case_084,pre,4,956,SUB,PIPE_V,350224,350308,84,502466
case_084,pre,4,957,EXP,PIPE_V,350308,350608,300,502466
case_084,pre,4,958,REDUCE,PIPE_V,350608,350692,84,502466
case_084,pre,4,959,DIV,PIPE_V,350692,350992,300,502466
case_084,pre,4,960,MATMUL,PIPE_M,350992,351580,588,502466
case_084,pre,4,964,MATMUL,PIPE_M,351580,352168,588,502466
case_084,pre,4,1000019108,COPY_OUT,PIPE_MTE3,351580,351788,208,502466
case_084,pre,4,1000019186,COPY_IN,PIPE_MTE2,351580,351584,4,502466
case_084,pre,4,1000019184,COPY_IN,PIPE_MTE2,351584,351790,206,502466
case_084,pre,4,1000019190,COPY_IN,PIPE_MTE2,351790,351894,104,502466
case_084,pre,4,1000019192,COPY_IN,PIPE_MTE2,351894,351998,104,502466
case_084,pre,4,966,DIV,PIPE_V,352168,352468,300,502466
case_084,pre,4,967,REDUCE,PIPE_V,352468,352552,84,502466
case_084,pre,4,968,SUB,PIPE_V,352552,352636,84,502466
case_084,pre,4,969,EXP,PIPE_V,352636,352936,300,502466
case_084,pre,4,970,REDUCE,PIPE_V,352936,353020,84,502466
case_084,pre,4,971,DIV,PIPE_V,353020,353320,300,502466
case_084,pre,4,972,MATMUL,PIPE_M,353320,353908,588,502466
case_084,pre,4,976,MATMUL,PIPE_M,353908,354496,588,502466
case_084,pre,4,1000019118,COPY_OUT,PIPE_MTE3,353908,354116,208,502466
case_084,pre,4,1000019196,COPY_IN,PIPE_MTE2,353908,353912,4,502466
case_084,pre,4,1000019194,COPY_IN,PIPE_MTE2,353912,354118,206,502466
case_084,pre,4,1000019200,COPY_IN,PIPE_MTE2,354118,354222,104,502466
case_084,pre,4,1000019202,COPY_IN,PIPE_MTE2,354222,354326,104,502466
case_084,pre,4,978,DIV,PIPE_V,354496,354796,300,502466
case_084,pre,4,979,REDUCE,PIPE_V,354796,354880,84,502466
case_084,pre,4,980,SUB,PIPE_V,354880,354964,84,502466
case_084,pre,4,981,EXP,PIPE_V,354964,355264,300,502466
case_084,pre,4,982,REDUCE,PIPE_V,355264,355348,84,502466
case_084,pre,4,983,DIV,PIPE_V,355348,355648,300,502466
case_084,pre,4,984,MATMUL,PIPE_M,355648,356236,588,502466
case_084,pre,4,988,MATMUL,PIPE_M,356236,356824,588,502466
case_084,pre,4,1000019128,COPY_OUT,PIPE_MTE3,356236,356444,208,502466
case_084,pre,4,1000019206,COPY_IN,PIPE_MTE2,356236,356240,4,502466
case_084,pre,4,1000019204,COPY_IN,PIPE_MTE2,356240,356446,206,502466
case_084,pre,4,1000019210,COPY_IN,PIPE_MTE2,356446,356550,104,502466
case_084,pre,4,1000019212,COPY_IN,PIPE_MTE2,356550,356654,104,502466
case_084,pre,4,990,DIV,PIPE_V,356824,357124,300,502466
case_084,pre,4,991,REDUCE,PIPE_V,357124,357208,84,502466
case_084,pre,4,992,SUB,PIPE_V,357208,357292,84,502466
case_084,pre,4,993,EXP,PIPE_V,357292,357592,300,502466
case_084,pre,4,994,REDUCE,PIPE_V,357592,357676,84,502466
case_084,pre,4,995,DIV,PIPE_V,357676,357976,300,502466
case_084,pre,4,996,MATMUL,PIPE_M,357976,358564,588,502466
case_084,pre,4,1000,MATMUL,PIPE_M,358564,359152,588,502466
case_084,pre,4,1000019138,COPY_OUT,PIPE_MTE3,358564,358772,208,502466
case_084,pre,4,1000019216,COPY_IN,PIPE_MTE2,358564,358568,4,502466
case_084,pre,4,1000019214,COPY_IN,PIPE_MTE2,358568,358774,206,502466
case_084,pre,4,1000019220,COPY_IN,PIPE_MTE2,358774,358878,104,502466
case_084,pre,4,1000019222,COPY_IN,PIPE_MTE2,358878,358982,104,502466
case_084,pre,4,1002,DIV,PIPE_V,359152,359452,300,502466
case_084,pre,4,1003,REDUCE,PIPE_V,359452,359536,84,502466
case_084,pre,4,1004,SUB,PIPE_V,359536,359620,84,502466
case_084,pre,4,1005,EXP,PIPE_V,359620,359920,300,502466
case_084,pre,4,1006,REDUCE,PIPE_V,359920,360004,84,502466
case_084,pre,4,1007,DIV,PIPE_V,360004,360304,300,502466
case_084,pre,4,1008,MATMUL,PIPE_M,360304,360892,588,502466
case_084,pre,4,1012,MATMUL,PIPE_M,360892,361480,588,502466
case_084,pre,4,1000019148,COPY_OUT,PIPE_MTE3,360892,361100,208,502466
case_084,pre,4,1000019226,COPY_IN,PIPE_MTE2,360892,360896,4,502466
case_084,pre,4,1000019224,COPY_IN,PIPE_MTE2,360896,361102,206,502466
case_084,pre,4,1000019230,COPY_IN,PIPE_MTE2,361102,361206,104,502466
case_084,pre,4,1000019232,COPY_IN,PIPE_MTE2,361206,361310,104,502466
case_084,pre,4,1014,DIV,PIPE_V,361480,361780,300,502466
case_084,pre,4,1015,REDUCE,PIPE_V,361780,361864,84,502466
case_084,pre,4,1016,SUB,PIPE_V,361864,361948,84,502466
case_084,pre,4,1017,EXP,PIPE_V,361948,362248,300,502466
case_084,pre,4,1018,REDUCE,PIPE_V,362248,362332,84,502466
case_084,pre,4,1019,DIV,PIPE_V,362332,362632,300,502466
case_084,pre,4,1020,MATMUL,PIPE_M,362632,363220,588,502466
case_084,pre,4,1024,MATMUL,PIPE_M,363220,363808,588,502466
case_084,pre,4,1000019158,COPY_OUT,PIPE_MTE3,363220,363428,208,502466
case_084,pre,4,1000019236,COPY_IN,PIPE_MTE2,363220,363224,4,502466
case_084,pre,4,1000019234,COPY_IN,PIPE_MTE2,363224,363430,206,502466
case_084,pre,4,1000019240,COPY_IN,PIPE_MTE2,363430,363534,104,502466
case_084,pre,4,1000019242,COPY_IN,PIPE_MTE2,363534,363638,104,502466
case_084,pre,4,1026,DIV,PIPE_V,363808,364108,300,502466
case_084,pre,4,1027,REDUCE,PIPE_V,364108,364192,84,502466
case_084,pre,4,1028,SUB,PIPE_V,364192,364276,84,502466
case_084,pre,4,1029,EXP,PIPE_V,364276,364576,300,502466
case_084,pre,4,1030,REDUCE,PIPE_V,364576,364660,84,502466
case_084,pre,4,1031,DIV,PIPE_V,364660,364960,300,502466
case_084,pre,4,1032,MATMUL,PIPE_M,364960,365548,588,502466
case_084,pre,4,1036,MATMUL,PIPE_M,365548,366136,588,502466
case_084,pre,4,1000019168,COPY_OUT,PIPE_MTE3,365548,365756,208,502466
case_084,pre,4,1000019246,COPY_IN,PIPE_MTE2,365548,365552,4,502466
case_084,pre,4,1000019244,COPY_IN,PIPE_MTE2,365552,365758,206,502466
case_084,pre,4,1000019250,COPY_IN,PIPE_MTE2,365758,365862,104,502466
case_084,pre,4,1000019252,COPY_IN,PIPE_MTE2,365862,365966,104,502466
case_084,pre,4,1038,DIV,PIPE_V,366136,366436,300,502466
case_084,pre,4,1039,REDUCE,PIPE_V,366436,366520,84,502466
case_084,pre,4,1040,SUB,PIPE_V,366520,366604,84,502466
case_084,pre,4,1041,EXP,PIPE_V,366604,366904,300,502466
case_084,pre,4,1042,REDUCE,PIPE_V,366904,366988,84,502466
case_084,pre,4,1043,DIV,PIPE_V,366988,367288,300,502466
case_084,pre,4,1044,MATMUL,PIPE_M,367288,367876,588,502466
case_084,pre,4,1048,MATMUL,PIPE_M,367876,368464,588,502466
case_084,pre,4,1000019178,COPY_OUT,PIPE_MTE3,367876,368084,208,502466
case_084,pre,4,1000019256,COPY_IN,PIPE_MTE2,367876,367880,4,502466
case_084,pre,4,1000019254,COPY_IN,PIPE_MTE2,367880,368086,206,502466
case_084,pre,4,1000019260,COPY_IN,PIPE_MTE2,368086,368190,104,502466
case_084,pre,4,1000019262,COPY_IN,PIPE_MTE2,368190,368294,104,502466
case_084,pre,4,1050,DIV,PIPE_V,368464,368764,300,502466
case_084,pre,4,1051,REDUCE,PIPE_V,368764,368848,84,502466
case_084,pre,4,1052,SUB,PIPE_V,368848,368932,84,502466
case_084,pre,4,1053,EXP,PIPE_V,368932,369232,300,502466
case_084,pre,4,1054,REDUCE,PIPE_V,369232,369316,84,502466
case_084,pre,4,1055,DIV,PIPE_V,369316,369616,300,502466
case_084,pre,4,1056,MATMUL,PIPE_M,369616,370204,588,502466
case_084,pre,4,1060,MATMUL,PIPE_M,370204,370792,588,502466
case_084,pre,4,1000019188,COPY_OUT,PIPE_MTE3,370204,370412,208,502466
case_084,pre,4,1000019266,COPY_IN,PIPE_MTE2,370204,370208,4,502466
case_084,pre,4,1000019264,COPY_IN,PIPE_MTE2,370208,370414,206,502466
case_084,pre,4,1000019270,COPY_IN,PIPE_MTE2,370414,370518,104,502466
case_084,pre,4,1000019272,COPY_IN,PIPE_MTE2,370518,370622,104,502466
case_084,pre,4,1062,DIV,PIPE_V,370792,371092,300,502466
case_084,pre,4,1063,REDUCE,PIPE_V,371092,371176,84,502466
case_084,pre,4,1064,SUB,PIPE_V,371176,371260,84,502466
case_084,pre,4,1065,EXP,PIPE_V,371260,371560,300,502466
case_084,pre,4,1066,REDUCE,PIPE_V,371560,371644,84,502466
case_084,pre,4,1067,DIV,PIPE_V,371644,371944,300,502466
case_084,pre,4,1068,MATMUL,PIPE_M,371944,372532,588,502466
case_084,pre,4,1072,MATMUL,PIPE_M,372532,373120,588,502466
case_084,pre,4,1000019198,COPY_OUT,PIPE_MTE3,372532,372740,208,502466
case_084,pre,4,1000019276,COPY_IN,PIPE_MTE2,372532,372536,4,502466
case_084,pre,4,1000019274,COPY_IN,PIPE_MTE2,372536,372742,206,502466
case_084,pre,4,1000019280,COPY_IN,PIPE_MTE2,372742,372846,104,502466
case_084,pre,4,1000019282,COPY_IN,PIPE_MTE2,372846,372950,104,502466
case_084,pre,4,1074,DIV,PIPE_V,373120,373420,300,502466
case_084,pre,4,1075,REDUCE,PIPE_V,373420,373504,84,502466
case_084,pre,4,1076,SUB,PIPE_V,373504,373588,84,502466
case_084,pre,4,1077,EXP,PIPE_V,373588,373888,300,502466
case_084,pre,4,1078,REDUCE,PIPE_V,373888,373972,84,502466
case_084,pre,4,1079,DIV,PIPE_V,373972,374272,300,502466
case_084,pre,4,1080,MATMUL,PIPE_M,374272,374860,588,502466
case_084,pre,4,1084,MATMUL,PIPE_M,374860,375448,588,502466
case_084,pre,4,1000019208,COPY_OUT,PIPE_MTE3,374860,375068,208,502466
case_084,pre,4,1000019286,COPY_IN,PIPE_MTE2,374860,374864,4,502466
case_084,pre,4,1000019284,COPY_IN,PIPE_MTE2,374864,375070,206,502466
case_084,pre,4,1000019290,COPY_IN,PIPE_MTE2,375070,375174,104,502466
case_084,pre,4,1000019292,COPY_IN,PIPE_MTE2,375174,375278,104,502466
case_084,pre,4,1086,DIV,PIPE_V,375448,375748,300,502466
case_084,pre,4,1087,REDUCE,PIPE_V,375748,375832,84,502466
case_084,pre,4,1088,SUB,PIPE_V,375832,375916,84,502466
case_084,pre,4,1089,EXP,PIPE_V,375916,376216,300,502466
case_084,pre,4,1090,REDUCE,PIPE_V,376216,376300,84,502466
case_084,pre,4,1091,DIV,PIPE_V,376300,376600,300,502466
case_084,pre,4,1092,MATMUL,PIPE_M,376600,377188,588,502466
case_084,pre,4,1096,MATMUL,PIPE_M,377188,377776,588,502466
case_084,pre,4,1000019218,COPY_OUT,PIPE_MTE3,377188,377396,208,502466
case_084,pre,4,1000019296,COPY_IN,PIPE_MTE2,377188,377192,4,502466
case_084,pre,4,1000019294,COPY_IN,PIPE_MTE2,377192,377398,206,502466
case_084,pre,4,1000019300,COPY_IN,PIPE_MTE2,377398,377502,104,502466
case_084,pre,4,1000019302,COPY_IN,PIPE_MTE2,377502,377606,104,502466
case_084,pre,4,1098,DIV,PIPE_V,377776,378076,300,502466
case_084,pre,4,1099,REDUCE,PIPE_V,378076,378160,84,502466
case_084,pre,4,1100,SUB,PIPE_V,378160,378244,84,502466
case_084,pre,4,1101,EXP,PIPE_V,378244,378544,300,502466
case_084,pre,4,1102,REDUCE,PIPE_V,378544,378628,84,502466
case_084,pre,4,1103,DIV,PIPE_V,378628,378928,300,502466
case_084,pre,4,1104,MATMUL,PIPE_M,378928,379516,588,502466
case_084,pre,4,1108,MATMUL,PIPE_M,379516,380104,588,502466
case_084,pre,4,1000019228,COPY_OUT,PIPE_MTE3,379516,379724,208,502466
case_084,pre,4,1000019306,COPY_IN,PIPE_MTE2,379516,379520,4,502466
case_084,pre,4,1000019304,COPY_IN,PIPE_MTE2,379520,379726,206,502466
case_084,pre,4,1000019310,COPY_IN,PIPE_MTE2,379726,379830,104,502466
case_084,pre,4,1000019312,COPY_IN,PIPE_MTE2,379830,379934,104,502466
case_084,pre,4,1110,DIV,PIPE_V,380104,380404,300,502466
case_084,pre,4,1111,REDUCE,PIPE_V,380404,380488,84,502466
case_084,pre,4,1112,SUB,PIPE_V,380488,380572,84,502466
case_084,pre,4,1113,EXP,PIPE_V,380572,380872,300,502466
case_084,pre,4,1114,REDUCE,PIPE_V,380872,380956,84,502466
case_084,pre,4,1115,DIV,PIPE_V,380956,381256,300,502466
case_084,pre,4,1116,MATMUL,PIPE_M,381256,381844,588,502466
case_084,pre,4,1120,MATMUL,PIPE_M,381844,382432,588,502466
case_084,pre,4,1000019238,COPY_OUT,PIPE_MTE3,381844,382052,208,502466
case_084,pre,4,1000019316,COPY_IN,PIPE_MTE2,381844,381848,4,502466
case_084,pre,4,1000019314,COPY_IN,PIPE_MTE2,381848,382054,206,502466
case_084,pre,4,1000019320,COPY_IN,PIPE_MTE2,382054,382158,104,502466
case_084,pre,4,1000019322,COPY_IN,PIPE_MTE2,382158,382262,104,502466
case_084,pre,4,1122,DIV,PIPE_V,382432,382732,300,502466
case_084,pre,4,1123,REDUCE,PIPE_V,382732,382816,84,502466
case_084,pre,4,1124,SUB,PIPE_V,382816,382900,84,502466
case_084,pre,4,1125,EXP,PIPE_V,382900,383200,300,502466
case_084,pre,4,1126,REDUCE,PIPE_V,383200,383284,84,502466
case_084,pre,4,1127,DIV,PIPE_V,383284,383584,300,502466
case_084,pre,4,1128,MATMUL,PIPE_M,383584,384172,588,502466
case_084,pre,4,1132,MATMUL,PIPE_M,384172,384760,588,502466
case_084,pre,4,1000019248,COPY_OUT,PIPE_MTE3,384172,384380,208,502466
case_084,pre,4,1000019326,COPY_IN,PIPE_MTE2,384172,384176,4,502466
case_084,pre,4,1000019324,COPY_IN,PIPE_MTE2,384176,384382,206,502466
case_084,pre,4,1000019330,COPY_IN,PIPE_MTE2,384382,384486,104,502466
case_084,pre,4,1000019332,COPY_IN,PIPE_MTE2,384486,384590,104,502466
case_084,pre,4,1134,DIV,PIPE_V,384760,385060,300,502466
case_084,pre,4,1135,REDUCE,PIPE_V,385060,385144,84,502466
case_084,pre,4,1136,SUB,PIPE_V,385144,385228,84,502466
case_084,pre,4,1137,EXP,PIPE_V,385228,385528,300,502466
case_084,pre,4,1138,REDUCE,PIPE_V,385528,385612,84,502466
case_084,pre,4,1139,DIV,PIPE_V,385612,385912,300,502466
case_084,pre,4,1140,MATMUL,PIPE_M,385912,386500,588,502466
case_084,pre,4,1144,MATMUL,PIPE_M,386500,387088,588,502466
case_084,pre,4,1000019258,COPY_OUT,PIPE_MTE3,386500,386708,208,502466
case_084,pre,4,1000019336,COPY_IN,PIPE_MTE2,386500,386504,4,502466
case_084,pre,4,1000019334,COPY_IN,PIPE_MTE2,386504,386710,206,502466
case_084,pre,4,1000019340,COPY_IN,PIPE_MTE2,386710,386814,104,502466
case_084,pre,4,1000019342,COPY_IN,PIPE_MTE2,386814,386918,104,502466
case_084,pre,4,1146,DIV,PIPE_V,387088,387388,300,502466
case_084,pre,4,1147,REDUCE,PIPE_V,387388,387472,84,502466
case_084,pre,4,1148,SUB,PIPE_V,387472,387556,84,502466
case_084,pre,4,1149,EXP,PIPE_V,387556,387856,300,502466
case_084,pre,4,1150,REDUCE,PIPE_V,387856,387940,84,502466
case_084,pre,4,1151,DIV,PIPE_V,387940,388240,300,502466
case_084,pre,4,1152,MATMUL,PIPE_M,388240,388828,588,502466
case_084,pre,4,1156,MATMUL,PIPE_M,388828,389416,588,502466
case_084,pre,4,1000019268,COPY_OUT,PIPE_MTE3,388828,389036,208,502466
case_084,pre,4,1000019346,COPY_IN,PIPE_MTE2,388828,388832,4,502466
case_084,pre,4,1000019344,COPY_IN,PIPE_MTE2,388832,389038,206,502466
case_084,pre,4,1000019350,COPY_IN,PIPE_MTE2,389038,389142,104,502466
case_084,pre,4,1000019352,COPY_IN,PIPE_MTE2,389142,389246,104,502466
case_084,pre,4,1158,DIV,PIPE_V,389416,389716,300,502466
case_084,pre,4,1159,REDUCE,PIPE_V,389716,389800,84,502466
case_084,pre,4,1160,SUB,PIPE_V,389800,389884,84,502466
case_084,pre,4,1161,EXP,PIPE_V,389884,390184,300,502466
case_084,pre,4,1162,REDUCE,PIPE_V,390184,390268,84,502466
case_084,pre,4,1163,DIV,PIPE_V,390268,390568,300,502466
case_084,pre,4,1164,MATMUL,PIPE_M,390568,391156,588,502466
case_084,pre,4,1168,MATMUL,PIPE_M,391156,391744,588,502466
case_084,pre,4,1000019278,COPY_OUT,PIPE_MTE3,391156,391364,208,502466
case_084,pre,4,1000019356,COPY_IN,PIPE_MTE2,391156,391160,4,502466
case_084,pre,4,1000019354,COPY_IN,PIPE_MTE2,391160,391366,206,502466
case_084,pre,4,1000019360,COPY_IN,PIPE_MTE2,391366,391470,104,502466
case_084,pre,4,1000019362,COPY_IN,PIPE_MTE2,391470,391574,104,502466
case_084,pre,4,1170,DIV,PIPE_V,391744,392044,300,502466
case_084,pre,4,1171,REDUCE,PIPE_V,392044,392128,84,502466
case_084,pre,4,1172,SUB,PIPE_V,392128,392212,84,502466
case_084,pre,4,1173,EXP,PIPE_V,392212,392512,300,502466
case_084,pre,4,1174,REDUCE,PIPE_V,392512,392596,84,502466
case_084,pre,4,1175,DIV,PIPE_V,392596,392896,300,502466
case_084,pre,4,1176,MATMUL,PIPE_M,392896,393484,588,502466
case_084,pre,4,1180,MATMUL,PIPE_M,393484,394072,588,502466
case_084,pre,4,1000019288,COPY_OUT,PIPE_MTE3,393484,393692,208,502466
case_084,pre,4,1000019366,COPY_IN,PIPE_MTE2,393484,393488,4,502466
case_084,pre,4,1000019364,COPY_IN,PIPE_MTE2,393488,393694,206,502466
case_084,pre,4,1000019370,COPY_IN,PIPE_MTE2,393694,393798,104,502466
case_084,pre,4,1000019372,COPY_IN,PIPE_MTE2,393798,393902,104,502466
case_084,pre,4,1182,DIV,PIPE_V,394072,394372,300,502466
case_084,pre,4,1183,REDUCE,PIPE_V,394372,394456,84,502466
case_084,pre,4,1184,SUB,PIPE_V,394456,394540,84,502466
case_084,pre,4,1185,EXP,PIPE_V,394540,394840,300,502466
case_084,pre,4,1186,REDUCE,PIPE_V,394840,394924,84,502466
case_084,pre,4,1187,DIV,PIPE_V,394924,395224,300,502466
case_084,pre,4,1188,MATMUL,PIPE_M,395224,395812,588,502466
case_084,pre,4,1192,MATMUL,PIPE_M,395812,396400,588,502466
case_084,pre,4,1000019298,COPY_OUT,PIPE_MTE3,395812,396020,208,502466
case_084,pre,4,1000019376,COPY_IN,PIPE_MTE2,395812,395816,4,502466
case_084,pre,4,1000019374,COPY_IN,PIPE_MTE2,395816,396022,206,502466
case_084,pre,4,1000019380,COPY_IN,PIPE_MTE2,396022,396126,104,502466
case_084,pre,4,1000019382,COPY_IN,PIPE_MTE2,396126,396230,104,502466
case_084,pre,4,1194,DIV,PIPE_V,396400,396700,300,502466
case_084,pre,4,1195,REDUCE,PIPE_V,396700,396784,84,502466
case_084,pre,4,1196,SUB,PIPE_V,396784,396868,84,502466
case_084,pre,4,1197,EXP,PIPE_V,396868,397168,300,502466
case_084,pre,4,1198,REDUCE,PIPE_V,397168,397252,84,502466
case_084,pre,4,1199,DIV,PIPE_V,397252,397552,300,502466
case_084,pre,4,1200,MATMUL,PIPE_M,397552,398140,588,502466
case_084,pre,4,1204,MATMUL,PIPE_M,398140,398728,588,502466
case_084,pre,4,1000019308,COPY_OUT,PIPE_MTE3,398140,398348,208,502466
case_084,pre,4,1000019386,COPY_IN,PIPE_MTE2,398140,398144,4,502466
case_084,pre,4,1000019384,COPY_IN,PIPE_MTE2,398144,398350,206,502466
case_084,pre,4,1000019390,COPY_IN,PIPE_MTE2,398350,398454,104,502466
case_084,pre,4,1000019392,COPY_IN,PIPE_MTE2,398454,398558,104,502466
case_084,pre,4,1206,DIV,PIPE_V,398728,399028,300,502466
case_084,pre,4,1207,REDUCE,PIPE_V,399028,399112,84,502466
case_084,pre,4,1208,SUB,PIPE_V,399112,399196,84,502466
case_084,pre,4,1209,EXP,PIPE_V,399196,399496,300,502466
case_084,pre,4,1210,REDUCE,PIPE_V,399496,399580,84,502466
case_084,pre,4,1211,DIV,PIPE_V,399580,399880,300,502466
case_084,pre,4,1212,MATMUL,PIPE_M,399880,400468,588,502466
case_084,pre,4,1216,MATMUL,PIPE_M,400468,401056,588,502466
case_084,pre,4,1000019318,COPY_OUT,PIPE_MTE3,400468,400676,208,502466
case_084,pre,4,1000019396,COPY_IN,PIPE_MTE2,400468,400472,4,502466
case_084,pre,4,1000019394,COPY_IN,PIPE_MTE2,400472,400678,206,502466
case_084,pre,4,1000019400,COPY_IN,PIPE_MTE2,400678,400782,104,502466
case_084,pre,4,1000019402,COPY_IN,PIPE_MTE2,400782,400886,104,502466
case_084,pre,4,1218,DIV,PIPE_V,401056,401356,300,502466
case_084,pre,4,1219,REDUCE,PIPE_V,401356,401440,84,502466
case_084,pre,4,1220,SUB,PIPE_V,401440,401524,84,502466
case_084,pre,4,1221,EXP,PIPE_V,401524,401824,300,502466
case_084,pre,4,1222,REDUCE,PIPE_V,401824,401908,84,502466
case_084,pre,4,1223,DIV,PIPE_V,401908,402208,300,502466
case_084,pre,4,1224,MATMUL,PIPE_M,402208,402796,588,502466
case_084,pre,4,1228,MATMUL,PIPE_M,402796,403384,588,502466
case_084,pre,4,1000019328,COPY_OUT,PIPE_MTE3,402796,403004,208,502466
case_084,pre,4,1000019406,COPY_IN,PIPE_MTE2,402796,402800,4,502466
case_084,pre,4,1000019404,COPY_IN,PIPE_MTE2,402800,403006,206,502466
case_084,pre,4,1000019410,COPY_IN,PIPE_MTE2,403006,403110,104,502466
case_084,pre,4,1000019412,COPY_IN,PIPE_MTE2,403110,403214,104,502466
case_084,pre,4,1230,DIV,PIPE_V,403384,403684,300,502466
case_084,pre,4,1231,REDUCE,PIPE_V,403684,403768,84,502466
case_084,pre,4,1232,SUB,PIPE_V,403768,403852,84,502466
case_084,pre,4,1233,EXP,PIPE_V,403852,404152,300,502466
case_084,pre,4,1234,REDUCE,PIPE_V,404152,404236,84,502466
case_084,pre,4,1235,DIV,PIPE_V,404236,404536,300,502466
case_084,pre,4,1236,MATMUL,PIPE_M,404536,405124,588,502466
case_084,pre,4,1240,MATMUL,PIPE_M,405124,405712,588,502466
case_084,pre,4,1000019338,COPY_OUT,PIPE_MTE3,405124,405332,208,502466
case_084,pre,4,1000019416,COPY_IN,PIPE_MTE2,405124,405128,4,502466
case_084,pre,4,1000019414,COPY_IN,PIPE_MTE2,405128,405334,206,502466
case_084,pre,4,1000019420,COPY_IN,PIPE_MTE2,405334,405438,104,502466
case_084,pre,4,1000019422,COPY_IN,PIPE_MTE2,405438,405542,104,502466
case_084,pre,4,1242,DIV,PIPE_V,405712,406012,300,502466
case_084,pre,4,1243,REDUCE,PIPE_V,406012,406096,84,502466
case_084,pre,4,1244,SUB,PIPE_V,406096,406180,84,502466
case_084,pre,4,1245,EXP,PIPE_V,406180,406480,300,502466
case_084,pre,4,1246,REDUCE,PIPE_V,406480,406564,84,502466
case_084,pre,4,1247,DIV,PIPE_V,406564,406864,300,502466
case_084,pre,4,1248,MATMUL,PIPE_M,406864,407452,588,502466
case_084,pre,4,1252,MATMUL,PIPE_M,407452,408040,588,502466
case_084,pre,4,1000019348,COPY_OUT,PIPE_MTE3,407452,407660,208,502466
case_084,pre,4,1000019426,COPY_IN,PIPE_MTE2,407452,407456,4,502466
case_084,pre,4,1000019424,COPY_IN,PIPE_MTE2,407456,407662,206,502466
case_084,pre,4,1000019430,COPY_IN,PIPE_MTE2,407662,407766,104,502466
case_084,pre,4,1000019432,COPY_IN,PIPE_MTE2,407766,407870,104,502466
case_084,pre,4,1254,DIV,PIPE_V,408040,408340,300,502466
case_084,pre,4,1255,REDUCE,PIPE_V,408340,408424,84,502466
case_084,pre,4,1256,SUB,PIPE_V,408424,408508,84,502466
case_084,pre,4,1257,EXP,PIPE_V,408508,408808,300,502466
case_084,pre,4,1258,REDUCE,PIPE_V,408808,408892,84,502466
case_084,pre,4,1259,DIV,PIPE_V,408892,409192,300,502466
case_084,pre,4,1260,MATMUL,PIPE_M,409192,409780,588,502466
case_084,pre,4,1264,MATMUL,PIPE_M,409780,410368,588,502466
case_084,pre,4,1000019358,COPY_OUT,PIPE_MTE3,409780,409988,208,502466
case_084,pre,4,1000019436,COPY_IN,PIPE_MTE2,409780,409784,4,502466
case_084,pre,4,1000019434,COPY_IN,PIPE_MTE2,409784,409990,206,502466
case_084,pre,4,1000019440,COPY_IN,PIPE_MTE2,409990,410094,104,502466
case_084,pre,4,1000019442,COPY_IN,PIPE_MTE2,410094,410198,104,502466
case_084,pre,4,1266,DIV,PIPE_V,410368,410668,300,502466
case_084,pre,4,1267,REDUCE,PIPE_V,410668,410752,84,502466
case_084,pre,4,1268,SUB,PIPE_V,410752,410836,84,502466
case_084,pre,4,1269,EXP,PIPE_V,410836,411136,300,502466
case_084,pre,4,1270,REDUCE,PIPE_V,411136,411220,84,502466
case_084,pre,4,1271,DIV,PIPE_V,411220,411520,300,502466
case_084,pre,4,1272,MATMUL,PIPE_M,411520,412108,588,502466
case_084,pre,4,1276,MATMUL,PIPE_M,412108,412696,588,502466
case_084,pre,4,1000019368,COPY_OUT,PIPE_MTE3,412108,412316,208,502466
case_084,pre,4,1000019446,COPY_IN,PIPE_MTE2,412108,412112,4,502466
case_084,pre,4,1000019444,COPY_IN,PIPE_MTE2,412112,412318,206,502466
case_084,pre,4,1000019450,COPY_IN,PIPE_MTE2,412318,412422,104,502466
case_084,pre,4,1000019452,COPY_IN,PIPE_MTE2,412422,412526,104,502466
case_084,pre,4,1278,DIV,PIPE_V,412696,412996,300,502466
case_084,pre,4,1279,REDUCE,PIPE_V,412996,413080,84,502466
case_084,pre,4,1280,SUB,PIPE_V,413080,413164,84,502466
case_084,pre,4,1281,EXP,PIPE_V,413164,413464,300,502466
case_084,pre,4,1282,REDUCE,PIPE_V,413464,413548,84,502466
case_084,pre,4,1283,DIV,PIPE_V,413548,413848,300,502466
case_084,pre,4,1284,MATMUL,PIPE_M,413848,414436,588,502466
case_084,pre,4,1288,MATMUL,PIPE_M,414436,415024,588,502466
case_084,pre,4,1000019378,COPY_OUT,PIPE_MTE3,414436,414644,208,502466
case_084,pre,4,1000019456,COPY_IN,PIPE_MTE2,414436,414440,4,502466
case_084,pre,4,1000019454,COPY_IN,PIPE_MTE2,414440,414646,206,502466
case_084,pre,4,1000019460,COPY_IN,PIPE_MTE2,414646,414750,104,502466
case_084,pre,4,1000019462,COPY_IN,PIPE_MTE2,414750,414854,104,502466
case_084,pre,4,1290,DIV,PIPE_V,415024,415324,300,502466
case_084,pre,4,1291,REDUCE,PIPE_V,415324,415408,84,502466
case_084,pre,4,1292,SUB,PIPE_V,415408,415492,84,502466
case_084,pre,4,1293,EXP,PIPE_V,415492,415792,300,502466
case_084,pre,4,1294,REDUCE,PIPE_V,415792,415876,84,502466
case_084,pre,4,1295,DIV,PIPE_V,415876,416176,300,502466
case_084,pre,4,1296,MATMUL,PIPE_M,416176,416764,588,502466
case_084,pre,4,1300,MATMUL,PIPE_M,416764,417352,588,502466
case_084,pre,4,1000019388,COPY_OUT,PIPE_MTE3,416764,416972,208,502466
case_084,pre,4,1000019466,COPY_IN,PIPE_MTE2,416764,416768,4,502466
case_084,pre,4,1000019464,COPY_IN,PIPE_MTE2,416768,416974,206,502466
case_084,pre,4,1000019470,COPY_IN,PIPE_MTE2,416974,417078,104,502466
case_084,pre,4,1000019472,COPY_IN,PIPE_MTE2,417078,417182,104,502466
case_084,pre,4,1302,DIV,PIPE_V,417352,417652,300,502466
case_084,pre,4,1303,REDUCE,PIPE_V,417652,417736,84,502466
case_084,pre,4,1304,SUB,PIPE_V,417736,417820,84,502466
case_084,pre,4,1305,EXP,PIPE_V,417820,418120,300,502466
case_084,pre,4,1306,REDUCE,PIPE_V,418120,418204,84,502466
case_084,pre,4,1307,DIV,PIPE_V,418204,418504,300,502466
case_084,pre,4,1308,MATMUL,PIPE_M,418504,419092,588,502466
case_084,pre,4,1312,MATMUL,PIPE_M,419092,419680,588,502466
case_084,pre,4,1000019398,COPY_OUT,PIPE_MTE3,419092,419300,208,502466
case_084,pre,4,1000019476,COPY_IN,PIPE_MTE2,419092,419096,4,502466
case_084,pre,4,1000019474,COPY_IN,PIPE_MTE2,419096,419302,206,502466
case_084,pre,4,1000019480,COPY_IN,PIPE_MTE2,419302,419406,104,502466
case_084,pre,4,1000019482,COPY_IN,PIPE_MTE2,419406,419510,104,502466
case_084,pre,4,1314,DIV,PIPE_V,419680,419980,300,502466
case_084,pre,4,1315,REDUCE,PIPE_V,419980,420064,84,502466
case_084,pre,4,1316,SUB,PIPE_V,420064,420148,84,502466
case_084,pre,4,1317,EXP,PIPE_V,420148,420448,300,502466
case_084,pre,4,1318,REDUCE,PIPE_V,420448,420532,84,502466
case_084,pre,4,1319,DIV,PIPE_V,420532,420832,300,502466
case_084,pre,4,1320,MATMUL,PIPE_M,420832,421420,588,502466
case_084,pre,4,1324,MATMUL,PIPE_M,421420,422008,588,502466
case_084,pre,4,1000019408,COPY_OUT,PIPE_MTE3,421420,421628,208,502466
case_084,pre,4,1000019486,COPY_IN,PIPE_MTE2,421420,421424,4,502466
case_084,pre,4,1000019484,COPY_IN,PIPE_MTE2,421424,421630,206,502466
case_084,pre,4,1000019490,COPY_IN,PIPE_MTE2,421630,421734,104,502466
case_084,pre,4,1000019492,COPY_IN,PIPE_MTE2,421734,421838,104,502466
case_084,pre,4,1326,DIV,PIPE_V,422008,422308,300,502466
case_084,pre,4,1327,REDUCE,PIPE_V,422308,422392,84,502466
case_084,pre,4,1328,SUB,PIPE_V,422392,422476,84,502466
case_084,pre,4,1329,EXP,PIPE_V,422476,422776,300,502466
case_084,pre,4,1330,REDUCE,PIPE_V,422776,422860,84,502466
case_084,pre,4,1331,DIV,PIPE_V,422860,423160,300,502466
case_084,pre,4,1332,MATMUL,PIPE_M,423160,423748,588,502466
case_084,pre,4,1336,MATMUL,PIPE_M,423748,424336,588,502466
case_084,pre,4,1000019418,COPY_OUT,PIPE_MTE3,423748,423956,208,502466
case_084,pre,4,1000019496,COPY_IN,PIPE_MTE2,423748,423752,4,502466
case_084,pre,4,1000019494,COPY_IN,PIPE_MTE2,423752,423958,206,502466
case_084,pre,4,1000019500,COPY_IN,PIPE_MTE2,423958,424062,104,502466
case_084,pre,4,1000019502,COPY_IN,PIPE_MTE2,424062,424166,104,502466
case_084,pre,4,1338,DIV,PIPE_V,424336,424636,300,502466
case_084,pre,4,1339,REDUCE,PIPE_V,424636,424720,84,502466
case_084,pre,4,1340,SUB,PIPE_V,424720,424804,84,502466
case_084,pre,4,1341,EXP,PIPE_V,424804,425104,300,502466
case_084,pre,4,1342,REDUCE,PIPE_V,425104,425188,84,502466
case_084,pre,4,1343,DIV,PIPE_V,425188,425488,300,502466
case_084,pre,4,1344,MATMUL,PIPE_M,425488,426076,588,502466
case_084,pre,4,1348,MATMUL,PIPE_M,426076,426664,588,502466
case_084,pre,4,1000019428,COPY_OUT,PIPE_MTE3,426076,426284,208,502466
case_084,pre,4,1000019506,COPY_IN,PIPE_MTE2,426076,426080,4,502466
case_084,pre,4,1000019504,COPY_IN,PIPE_MTE2,426080,426286,206,502466
case_084,pre,4,1000019510,COPY_IN,PIPE_MTE2,426286,426390,104,502466
case_084,pre,4,1000019512,COPY_IN,PIPE_MTE2,426390,426494,104,502466
case_084,pre,4,1350,DIV,PIPE_V,426664,426964,300,502466
case_084,pre,4,1351,REDUCE,PIPE_V,426964,427048,84,502466
case_084,pre,4,1352,SUB,PIPE_V,427048,427132,84,502466
case_084,pre,4,1353,EXP,PIPE_V,427132,427432,300,502466
case_084,pre,4,1354,REDUCE,PIPE_V,427432,427516,84,502466
case_084,pre,4,1355,DIV,PIPE_V,427516,427816,300,502466
case_084,pre,4,1356,MATMUL,PIPE_M,427816,428404,588,502466
case_084,pre,4,1360,MATMUL,PIPE_M,428404,428992,588,502466
case_084,pre,4,1000019438,COPY_OUT,PIPE_MTE3,428404,428612,208,502466
case_084,pre,4,1000019516,COPY_IN,PIPE_MTE2,428404,428408,4,502466
case_084,pre,4,1000019514,COPY_IN,PIPE_MTE2,428408,428614,206,502466
case_084,pre,4,1000019520,COPY_IN,PIPE_MTE2,428614,428718,104,502466
case_084,pre,4,1000019522,COPY_IN,PIPE_MTE2,428718,428822,104,502466
case_084,pre,4,1362,DIV,PIPE_V,428992,429292,300,502466
case_084,pre,4,1363,REDUCE,PIPE_V,429292,429376,84,502466
case_084,pre,4,1364,SUB,PIPE_V,429376,429460,84,502466
case_084,pre,4,1365,EXP,PIPE_V,429460,429760,300,502466
case_084,pre,4,1366,REDUCE,PIPE_V,429760,429844,84,502466
case_084,pre,4,1367,DIV,PIPE_V,429844,430144,300,502466
case_084,pre,4,1368,MATMUL,PIPE_M,430144,430732,588,502466
case_084,pre,4,1372,MATMUL,PIPE_M,430732,431320,588,502466
case_084,pre,4,1000019448,COPY_OUT,PIPE_MTE3,430732,430940,208,502466
case_084,pre,4,1000019526,COPY_IN,PIPE_MTE2,430732,430736,4,502466
case_084,pre,4,1000019524,COPY_IN,PIPE_MTE2,430736,430942,206,502466
case_084,pre,4,1000019530,COPY_IN,PIPE_MTE2,430942,431046,104,502466
case_084,pre,4,1000019532,COPY_IN,PIPE_MTE2,431046,431150,104,502466
case_084,pre,4,1374,DIV,PIPE_V,431320,431620,300,502466
case_084,pre,4,1375,REDUCE,PIPE_V,431620,431704,84,502466
case_084,pre,4,1376,SUB,PIPE_V,431704,431788,84,502466
case_084,pre,4,1377,EXP,PIPE_V,431788,432088,300,502466
case_084,pre,4,1378,REDUCE,PIPE_V,432088,432172,84,502466
case_084,pre,4,1379,DIV,PIPE_V,432172,432472,300,502466
case_084,pre,4,1380,MATMUL,PIPE_M,432472,433060,588,502466
case_084,pre,4,1384,MATMUL,PIPE_M,433060,433648,588,502466
case_084,pre,4,1000019458,COPY_OUT,PIPE_MTE3,433060,433268,208,502466
case_084,pre,4,1000019536,COPY_IN,PIPE_MTE2,433060,433064,4,502466
case_084,pre,4,1000019534,COPY_IN,PIPE_MTE2,433064,433270,206,502466
case_084,pre,4,1000019540,COPY_IN,PIPE_MTE2,433270,433374,104,502466
case_084,pre,4,1000019542,COPY_IN,PIPE_MTE2,433374,433478,104,502466
case_084,pre,4,1386,DIV,PIPE_V,433648,433948,300,502466
case_084,pre,4,1387,REDUCE,PIPE_V,433948,434032,84,502466
case_084,pre,4,1388,SUB,PIPE_V,434032,434116,84,502466
case_084,pre,4,1389,EXP,PIPE_V,434116,434416,300,502466
case_084,pre,4,1390,REDUCE,PIPE_V,434416,434500,84,502466
case_084,pre,4,1391,DIV,PIPE_V,434500,434800,300,502466
case_084,pre,4,1392,MATMUL,PIPE_M,434800,435388,588,502466
case_084,pre,4,1396,MATMUL,PIPE_M,435388,435976,588,502466
case_084,pre,4,1000019468,COPY_OUT,PIPE_MTE3,435388,435596,208,502466
case_084,pre,4,1000019546,COPY_IN,PIPE_MTE2,435388,435392,4,502466
case_084,pre,4,1000019544,COPY_IN,PIPE_MTE2,435392,435598,206,502466
case_084,pre,4,1000019550,COPY_IN,PIPE_MTE2,435598,435702,104,502466
case_084,pre,4,1000019552,COPY_IN,PIPE_MTE2,435702,435806,104,502466
case_084,pre,4,1398,DIV,PIPE_V,435976,436276,300,502466
case_084,pre,4,1399,REDUCE,PIPE_V,436276,436360,84,502466
case_084,pre,4,1400,SUB,PIPE_V,436360,436444,84,502466
case_084,pre,4,1401,EXP,PIPE_V,436444,436744,300,502466
case_084,pre,4,1402,REDUCE,PIPE_V,436744,436828,84,502466
case_084,pre,4,1403,DIV,PIPE_V,436828,437128,300,502466
case_084,pre,4,1404,MATMUL,PIPE_M,437128,437716,588,502466
case_084,pre,4,1408,MATMUL,PIPE_M,437716,438304,588,502466
case_084,pre,4,1000019478,COPY_OUT,PIPE_MTE3,437716,437924,208,502466
case_084,pre,4,1000019556,COPY_IN,PIPE_MTE2,437716,437720,4,502466
case_084,pre,4,1000019554,COPY_IN,PIPE_MTE2,437720,437926,206,502466
case_084,pre,4,1000019560,COPY_IN,PIPE_MTE2,437926,438030,104,502466
case_084,pre,4,1000019562,COPY_IN,PIPE_MTE2,438030,438134,104,502466
case_084,pre,4,1410,DIV,PIPE_V,438304,438604,300,502466
case_084,pre,4,1411,REDUCE,PIPE_V,438604,438688,84,502466
case_084,pre,4,1412,SUB,PIPE_V,438688,438772,84,502466
case_084,pre,4,1413,EXP,PIPE_V,438772,439072,300,502466
case_084,pre,4,1414,REDUCE,PIPE_V,439072,439156,84,502466
case_084,pre,4,1415,DIV,PIPE_V,439156,439456,300,502466
case_084,pre,4,1416,MATMUL,PIPE_M,439456,440044,588,502466
case_084,pre,4,1420,MATMUL,PIPE_M,440044,440632,588,502466
case_084,pre,4,1000019488,COPY_OUT,PIPE_MTE3,440044,440252,208,502466
case_084,pre,4,1000019566,COPY_IN,PIPE_MTE2,440044,440048,4,502466
case_084,pre,4,1000019564,COPY_IN,PIPE_MTE2,440048,440254,206,502466
case_084,pre,4,1000019570,COPY_IN,PIPE_MTE2,440254,440358,104,502466
case_084,pre,4,1000019572,COPY_IN,PIPE_MTE2,440358,440462,104,502466
case_084,pre,4,1422,DIV,PIPE_V,440632,440932,300,502466
case_084,pre,4,1423,REDUCE,PIPE_V,440932,441016,84,502466
case_084,pre,4,1424,SUB,PIPE_V,441016,441100,84,502466
case_084,pre,4,1425,EXP,PIPE_V,441100,441400,300,502466
case_084,pre,4,1426,REDUCE,PIPE_V,441400,441484,84,502466
case_084,pre,4,1427,DIV,PIPE_V,441484,441784,300,502466
case_084,pre,4,1428,MATMUL,PIPE_M,441784,442372,588,502466
case_084,pre,4,1432,MATMUL,PIPE_M,442372,442960,588,502466
case_084,pre,4,1000019498,COPY_OUT,PIPE_MTE3,442372,442580,208,502466
case_084,pre,4,1000019576,COPY_IN,PIPE_MTE2,442372,442376,4,502466
case_084,pre,4,1000019574,COPY_IN,PIPE_MTE2,442376,442582,206,502466
case_084,pre,4,1000019580,COPY_IN,PIPE_MTE2,442582,442686,104,502466
case_084,pre,4,1000019582,COPY_IN,PIPE_MTE2,442686,442790,104,502466
case_084,pre,4,1434,DIV,PIPE_V,442960,443260,300,502466
case_084,pre,4,1435,REDUCE,PIPE_V,443260,443344,84,502466
case_084,pre,4,1436,SUB,PIPE_V,443344,443428,84,502466
case_084,pre,4,1437,EXP,PIPE_V,443428,443728,300,502466
case_084,pre,4,1438,REDUCE,PIPE_V,443728,443812,84,502466
case_084,pre,4,1439,DIV,PIPE_V,443812,444112,300,502466
case_084,pre,4,1440,MATMUL,PIPE_M,444112,444700,588,502466
case_084,pre,4,1444,MATMUL,PIPE_M,444700,445288,588,502466
case_084,pre,4,1000019508,COPY_OUT,PIPE_MTE3,444700,444908,208,502466
case_084,pre,4,1000019586,COPY_IN,PIPE_MTE2,444700,444704,4,502466
case_084,pre,4,1000019584,COPY_IN,PIPE_MTE2,444704,444910,206,502466
case_084,pre,4,1000019590,COPY_IN,PIPE_MTE2,444910,445014,104,502466
case_084,pre,4,1000019592,COPY_IN,PIPE_MTE2,445014,445118,104,502466
case_084,pre,4,1446,DIV,PIPE_V,445288,445588,300,502466
case_084,pre,4,1447,REDUCE,PIPE_V,445588,445672,84,502466
case_084,pre,4,1448,SUB,PIPE_V,445672,445756,84,502466
case_084,pre,4,1449,EXP,PIPE_V,445756,446056,300,502466
case_084,pre,4,1450,REDUCE,PIPE_V,446056,446140,84,502466
case_084,pre,4,1451,DIV,PIPE_V,446140,446440,300,502466
case_084,pre,4,1452,MATMUL,PIPE_M,446440,447028,588,502466
case_084,pre,4,1456,MATMUL,PIPE_M,447028,447616,588,502466
case_084,pre,4,1000019518,COPY_OUT,PIPE_MTE3,447028,447236,208,502466
case_084,pre,4,1000019596,COPY_IN,PIPE_MTE2,447028,447032,4,502466
case_084,pre,4,1000019594,COPY_IN,PIPE_MTE2,447032,447238,206,502466
case_084,pre,4,1000019600,COPY_IN,PIPE_MTE2,447238,447342,104,502466
case_084,pre,4,1000019602,COPY_IN,PIPE_MTE2,447342,447446,104,502466
case_084,pre,4,1458,DIV,PIPE_V,447616,447916,300,502466
case_084,pre,4,1459,REDUCE,PIPE_V,447916,448000,84,502466
case_084,pre,4,1460,SUB,PIPE_V,448000,448084,84,502466
case_084,pre,4,1461,EXP,PIPE_V,448084,448384,300,502466
case_084,pre,4,1462,REDUCE,PIPE_V,448384,448468,84,502466
case_084,pre,4,1463,DIV,PIPE_V,448468,448768,300,502466
case_084,pre,4,1464,MATMUL,PIPE_M,448768,449356,588,502466
case_084,pre,4,1468,MATMUL,PIPE_M,449356,449944,588,502466
case_084,pre,4,1000019528,COPY_OUT,PIPE_MTE3,449356,449564,208,502466
case_084,pre,4,1000019606,COPY_IN,PIPE_MTE2,449356,449360,4,502466
case_084,pre,4,1000019604,COPY_IN,PIPE_MTE2,449360,449566,206,502466
case_084,pre,4,1000019610,COPY_IN,PIPE_MTE2,449566,449670,104,502466
case_084,pre,4,1000019612,COPY_IN,PIPE_MTE2,449670,449774,104,502466
case_084,pre,4,1470,DIV,PIPE_V,449944,450244,300,502466
case_084,pre,4,1471,REDUCE,PIPE_V,450244,450328,84,502466
case_084,pre,4,1472,SUB,PIPE_V,450328,450412,84,502466
case_084,pre,4,1473,EXP,PIPE_V,450412,450712,300,502466
case_084,pre,4,1474,REDUCE,PIPE_V,450712,450796,84,502466
case_084,pre,4,1475,DIV,PIPE_V,450796,451096,300,502466
case_084,pre,4,1476,MATMUL,PIPE_M,451096,451684,588,502466
case_084,pre,4,1480,MATMUL,PIPE_M,451684,452272,588,502466
case_084,pre,4,1000019538,COPY_OUT,PIPE_MTE3,451684,451892,208,502466
case_084,pre,4,1000019616,COPY_IN,PIPE_MTE2,451684,451688,4,502466
case_084,pre,4,1000019614,COPY_IN,PIPE_MTE2,451688,451894,206,502466
case_084,pre,4,1000019620,COPY_IN,PIPE_MTE2,451894,451998,104,502466
case_084,pre,4,1000019622,COPY_IN,PIPE_MTE2,451998,452102,104,502466
case_084,pre,4,1482,DIV,PIPE_V,452272,452572,300,502466
case_084,pre,4,1483,REDUCE,PIPE_V,452572,452656,84,502466
case_084,pre,4,1484,SUB,PIPE_V,452656,452740,84,502466
case_084,pre,4,1485,EXP,PIPE_V,452740,453040,300,502466
case_084,pre,4,1486,REDUCE,PIPE_V,453040,453124,84,502466
case_084,pre,4,1487,DIV,PIPE_V,453124,453424,300,502466
case_084,pre,4,1488,MATMUL,PIPE_M,453424,454012,588,502466
case_084,pre,4,1492,MATMUL,PIPE_M,454012,454600,588,502466
case_084,pre,4,1000019548,COPY_OUT,PIPE_MTE3,454012,454220,208,502466
case_084,pre,4,1000019626,COPY_IN,PIPE_MTE2,454012,454016,4,502466
case_084,pre,4,1000019624,COPY_IN,PIPE_MTE2,454016,454222,206,502466
case_084,pre,4,1000019630,COPY_IN,PIPE_MTE2,454222,454326,104,502466
case_084,pre,4,1000019632,COPY_IN,PIPE_MTE2,454326,454430,104,502466
case_084,pre,4,1494,DIV,PIPE_V,454600,454900,300,502466
case_084,pre,4,1495,REDUCE,PIPE_V,454900,454984,84,502466
case_084,pre,4,1496,SUB,PIPE_V,454984,455068,84,502466
case_084,pre,4,1497,EXP,PIPE_V,455068,455368,300,502466
case_084,pre,4,1498,REDUCE,PIPE_V,455368,455452,84,502466
case_084,pre,4,1499,DIV,PIPE_V,455452,455752,300,502466
case_084,pre,4,1500,MATMUL,PIPE_M,455752,456340,588,502466
case_084,pre,4,1504,MATMUL,PIPE_M,456340,456928,588,502466
case_084,pre,4,1000019558,COPY_OUT,PIPE_MTE3,456340,456548,208,502466
case_084,pre,4,1000019636,COPY_IN,PIPE_MTE2,456340,456344,4,502466
case_084,pre,4,1000019634,COPY_IN,PIPE_MTE2,456344,456550,206,502466
case_084,pre,4,1000019640,COPY_IN,PIPE_MTE2,456550,456654,104,502466
case_084,pre,4,1000019642,COPY_IN,PIPE_MTE2,456654,456758,104,502466
case_084,pre,4,1506,DIV,PIPE_V,456928,457228,300,502466
case_084,pre,4,1507,REDUCE,PIPE_V,457228,457312,84,502466
case_084,pre,4,1508,SUB,PIPE_V,457312,457396,84,502466
case_084,pre,4,1509,EXP,PIPE_V,457396,457696,300,502466
case_084,pre,4,1510,REDUCE,PIPE_V,457696,457780,84,502466
case_084,pre,4,1511,DIV,PIPE_V,457780,458080,300,502466
case_084,pre,4,1512,MATMUL,PIPE_M,458080,458668,588,502466
case_084,pre,4,1516,MATMUL,PIPE_M,458668,459256,588,502466
case_084,pre,4,1000019568,COPY_OUT,PIPE_MTE3,458668,458876,208,502466
case_084,pre,4,1000019646,COPY_IN,PIPE_MTE2,458668,458672,4,502466
case_084,pre,4,1000019644,COPY_IN,PIPE_MTE2,458672,458878,206,502466
case_084,pre,4,1000019650,COPY_IN,PIPE_MTE2,458878,458982,104,502466
case_084,pre,4,1000019652,COPY_IN,PIPE_MTE2,458982,459086,104,502466
case_084,pre,4,1518,DIV,PIPE_V,459256,459556,300,502466
case_084,pre,4,1519,REDUCE,PIPE_V,459556,459640,84,502466
case_084,pre,4,1520,SUB,PIPE_V,459640,459724,84,502466
case_084,pre,4,1521,EXP,PIPE_V,459724,460024,300,502466
case_084,pre,4,1522,REDUCE,PIPE_V,460024,460108,84,502466
case_084,pre,4,1523,DIV,PIPE_V,460108,460408,300,502466
case_084,pre,4,1524,MATMUL,PIPE_M,460408,460996,588,502466
case_084,pre,4,1528,MATMUL,PIPE_M,460996,461584,588,502466
case_084,pre,4,1000019578,COPY_OUT,PIPE_MTE3,460996,461204,208,502466
case_084,pre,4,1000019656,COPY_IN,PIPE_MTE2,460996,461000,4,502466
case_084,pre,4,1000019654,COPY_IN,PIPE_MTE2,461000,461206,206,502466
case_084,pre,4,1000019660,COPY_IN,PIPE_MTE2,461206,461310,104,502466
case_084,pre,4,1000019662,COPY_IN,PIPE_MTE2,461310,461414,104,502466
case_084,pre,4,1530,DIV,PIPE_V,461584,461884,300,502466
case_084,pre,4,1531,REDUCE,PIPE_V,461884,461968,84,502466
case_084,pre,4,1532,SUB,PIPE_V,461968,462052,84,502466
case_084,pre,4,1533,EXP,PIPE_V,462052,462352,300,502466
case_084,pre,4,1534,REDUCE,PIPE_V,462352,462436,84,502466
case_084,pre,4,1535,DIV,PIPE_V,462436,462736,300,502466
case_084,pre,4,1536,MATMUL,PIPE_M,462736,463324,588,502466
case_084,pre,4,1540,MATMUL,PIPE_M,463324,463912,588,502466
case_084,pre,4,1000019588,COPY_OUT,PIPE_MTE3,463324,463532,208,502466
case_084,pre,4,1000019666,COPY_IN,PIPE_MTE2,463324,463328,4,502466
case_084,pre,4,1000019664,COPY_IN,PIPE_MTE2,463328,463534,206,502466
case_084,pre,4,1000019670,COPY_IN,PIPE_MTE2,463534,463638,104,502466
case_084,pre,4,1000019672,COPY_IN,PIPE_MTE2,463638,463742,104,502466
case_084,pre,4,1542,DIV,PIPE_V,463912,464212,300,502466
case_084,pre,4,1543,REDUCE,PIPE_V,464212,464296,84,502466
case_084,pre,4,1544,SUB,PIPE_V,464296,464380,84,502466
case_084,pre,4,1545,EXP,PIPE_V,464380,464680,300,502466
case_084,pre,4,1546,REDUCE,PIPE_V,464680,464764,84,502466
case_084,pre,4,1547,DIV,PIPE_V,464764,465064,300,502466
case_084,pre,4,1548,MATMUL,PIPE_M,465064,465652,588,502466
case_084,pre,4,1552,MATMUL,PIPE_M,465652,466240,588,502466
case_084,pre,4,1000019598,COPY_OUT,PIPE_MTE3,465652,465860,208,502466
case_084,pre,4,1000019676,COPY_IN,PIPE_MTE2,465652,465656,4,502466
case_084,pre,4,1000019674,COPY_IN,PIPE_MTE2,465656,465862,206,502466
case_084,pre,4,1000019680,COPY_IN,PIPE_MTE2,465862,465966,104,502466
case_084,pre,4,1000019682,COPY_IN,PIPE_MTE2,465966,466070,104,502466
case_084,pre,4,1554,DIV,PIPE_V,466240,466540,300,502466
case_084,pre,4,1555,REDUCE,PIPE_V,466540,466624,84,502466
case_084,pre,4,1556,SUB,PIPE_V,466624,466708,84,502466
case_084,pre,4,1557,EXP,PIPE_V,466708,467008,300,502466
case_084,pre,4,1558,REDUCE,PIPE_V,467008,467092,84,502466
case_084,pre,4,1559,DIV,PIPE_V,467092,467392,300,502466
case_084,pre,4,1560,MATMUL,PIPE_M,467392,467980,588,502466
case_084,pre,4,1564,MATMUL,PIPE_M,467980,468568,588,502466
case_084,pre,4,1000019608,COPY_OUT,PIPE_MTE3,467980,468188,208,502466
case_084,pre,4,1000019686,COPY_IN,PIPE_MTE2,467980,467984,4,502466
case_084,pre,4,1000019684,COPY_IN,PIPE_MTE2,467984,468190,206,502466
case_084,pre,4,1000019690,COPY_IN,PIPE_MTE2,468190,468294,104,502466
case_084,pre,4,1000019692,COPY_IN,PIPE_MTE2,468294,468398,104,502466
case_084,pre,4,1566,DIV,PIPE_V,468568,468868,300,502466
case_084,pre,4,1567,REDUCE,PIPE_V,468868,468952,84,502466
case_084,pre,4,1568,SUB,PIPE_V,468952,469036,84,502466
case_084,pre,4,1569,EXP,PIPE_V,469036,469336,300,502466
case_084,pre,4,1570,REDUCE,PIPE_V,469336,469420,84,502466
case_084,pre,4,1571,DIV,PIPE_V,469420,469720,300,502466
case_084,pre,4,1572,MATMUL,PIPE_M,469720,470308,588,502466
case_084,pre,4,1576,MATMUL,PIPE_M,470308,470896,588,502466
case_084,pre,4,1000019618,COPY_OUT,PIPE_MTE3,470308,470516,208,502466
case_084,pre,4,1000019696,COPY_IN,PIPE_MTE2,470308,470312,4,502466
case_084,pre,4,1000019694,COPY_IN,PIPE_MTE2,470312,470518,206,502466
case_084,pre,4,1000019700,COPY_IN,PIPE_MTE2,470518,470622,104,502466
case_084,pre,4,1000019702,COPY_IN,PIPE_MTE2,470622,470726,104,502466
case_084,pre,4,1578,DIV,PIPE_V,470896,471196,300,502466
case_084,pre,4,1579,REDUCE,PIPE_V,471196,471280,84,502466
case_084,pre,4,1580,SUB,PIPE_V,471280,471364,84,502466
case_084,pre,4,1581,EXP,PIPE_V,471364,471664,300,502466
case_084,pre,4,1582,REDUCE,PIPE_V,471664,471748,84,502466
case_084,pre,4,1583,DIV,PIPE_V,471748,472048,300,502466
case_084,pre,4,1584,MATMUL,PIPE_M,472048,472636,588,502466
case_084,pre,4,1588,MATMUL,PIPE_M,472636,473224,588,502466
case_084,pre,4,1000019628,COPY_OUT,PIPE_MTE3,472636,472844,208,502466
case_084,pre,4,1000019706,COPY_IN,PIPE_MTE2,472636,472640,4,502466
case_084,pre,4,1000019704,COPY_IN,PIPE_MTE2,472640,472846,206,502466
case_084,pre,4,1000019710,COPY_IN,PIPE_MTE2,472846,472950,104,502466
case_084,pre,4,1000019712,COPY_IN,PIPE_MTE2,472950,473054,104,502466
case_084,pre,4,1590,DIV,PIPE_V,473224,473524,300,502466
case_084,pre,4,1591,REDUCE,PIPE_V,473524,473608,84,502466
case_084,pre,4,1592,SUB,PIPE_V,473608,473692,84,502466
case_084,pre,4,1593,EXP,PIPE_V,473692,473992,300,502466
case_084,pre,4,1594,REDUCE,PIPE_V,473992,474076,84,502466
case_084,pre,4,1595,DIV,PIPE_V,474076,474376,300,502466
case_084,pre,4,1596,MATMUL,PIPE_M,474376,474964,588,502466
case_084,pre,4,1600,MATMUL,PIPE_M,474964,475552,588,502466
case_084,pre,4,1000019638,COPY_OUT,PIPE_MTE3,474964,475172,208,502466
case_084,pre,4,1000019716,COPY_IN,PIPE_MTE2,474964,474968,4,502466
case_084,pre,4,1000019714,COPY_IN,PIPE_MTE2,474968,475174,206,502466
case_084,pre,4,1000019720,COPY_IN,PIPE_MTE2,475174,475278,104,502466
case_084,pre,4,1000019722,COPY_IN,PIPE_MTE2,475278,475382,104,502466
case_084,pre,4,1602,DIV,PIPE_V,475552,475852,300,502466
case_084,pre,4,1603,REDUCE,PIPE_V,475852,475936,84,502466
case_084,pre,4,1604,SUB,PIPE_V,475936,476020,84,502466
case_084,pre,4,1605,EXP,PIPE_V,476020,476320,300,502466
case_084,pre,4,1606,REDUCE,PIPE_V,476320,476404,84,502466
case_084,pre,4,1607,DIV,PIPE_V,476404,476704,300,502466
case_084,pre,4,1608,MATMUL,PIPE_M,476704,477292,588,502466
case_084,pre,4,1612,MATMUL,PIPE_M,477292,477880,588,502466
case_084,pre,4,1000019648,COPY_OUT,PIPE_MTE3,477292,477500,208,502466
case_084,pre,4,1000019726,COPY_IN,PIPE_MTE2,477292,477296,4,502466
case_084,pre,4,1000019724,COPY_IN,PIPE_MTE2,477296,477502,206,502466
case_084,pre,4,1000019730,COPY_IN,PIPE_MTE2,477502,477606,104,502466
case_084,pre,4,1000019732,COPY_IN,PIPE_MTE2,477606,477710,104,502466
case_084,pre,4,1614,DIV,PIPE_V,477880,478180,300,502466
case_084,pre,4,1615,REDUCE,PIPE_V,478180,478264,84,502466
case_084,pre,4,1616,SUB,PIPE_V,478264,478348,84,502466
case_084,pre,4,1617,EXP,PIPE_V,478348,478648,300,502466
case_084,pre,4,1618,REDUCE,PIPE_V,478648,478732,84,502466
case_084,pre,4,1619,DIV,PIPE_V,478732,479032,300,502466
case_084,pre,4,1620,MATMUL,PIPE_M,479032,479620,588,502466
case_084,pre,4,1624,MATMUL,PIPE_M,479620,480208,588,502466
case_084,pre,4,1000019658,COPY_OUT,PIPE_MTE3,479620,479828,208,502466
case_084,pre,4,1000019736,COPY_IN,PIPE_MTE2,479620,479624,4,502466
case_084,pre,4,1000019734,COPY_IN,PIPE_MTE2,479624,479830,206,502466
case_084,pre,4,1000019740,COPY_IN,PIPE_MTE2,479830,479882,52,502466
case_084,pre,4,1000019742,COPY_IN,PIPE_MTE2,479882,479934,52,502466
case_084,pre,4,1626,DIV,PIPE_V,480208,480508,300,502466
case_084,pre,4,1627,REDUCE,PIPE_V,480508,480592,84,502466
case_084,pre,4,1628,SUB,PIPE_V,480592,480676,84,502466
case_084,pre,4,1629,EXP,PIPE_V,480676,480976,300,502466
case_084,pre,4,1630,REDUCE,PIPE_V,480976,481060,84,502466
case_084,pre,4,1631,DIV,PIPE_V,481060,481360,300,502466
case_084,pre,4,1632,MATMUL,PIPE_M,481360,481948,588,502466
case_084,pre,4,1636,MATMUL,PIPE_M,481948,482536,588,502466
case_084,pre,4,1000019668,COPY_OUT,PIPE_MTE3,481948,482156,208,502466
case_084,pre,4,1000019746,COPY_IN,PIPE_MTE2,481948,481952,4,502466
case_084,pre,4,1000019744,COPY_IN,PIPE_MTE2,481952,482158,206,502466
case_084,pre,4,1638,DIV,PIPE_V,482536,482836,300,502466
case_084,pre,4,1639,REDUCE,PIPE_V,482836,482920,84,502466
case_084,pre,4,1640,SUB,PIPE_V,482920,483004,84,502466
case_084,pre,4,1641,EXP,PIPE_V,483004,483304,300,502466
case_084,pre,4,1642,REDUCE,PIPE_V,483304,483388,84,502466
case_084,pre,4,1643,DIV,PIPE_V,483388,483688,300,502466
case_084,pre,4,1644,MATMUL,PIPE_M,483688,484276,588,502466
case_084,pre,4,1648,MATMUL,PIPE_M,484276,484864,588,502466
case_084,pre,4,1000019678,COPY_OUT,PIPE_MTE3,484276,484380,104,502466
case_084,pre,4,1650,DIV,PIPE_V,484864,485164,300,502466
case_084,pre,4,1651,REDUCE,PIPE_V,485164,485248,84,502466
case_084,pre,4,1652,SUB,PIPE_V,485248,485332,84,502466
case_084,pre,4,1653,EXP,PIPE_V,485332,485632,300,502466
case_084,pre,4,1654,REDUCE,PIPE_V,485632,485716,84,502466
case_084,pre,4,1655,DIV,PIPE_V,485716,486016,300,502466
case_084,pre,4,1656,MATMUL,PIPE_M,486016,486604,588,502466
case_084,pre,4,1660,MATMUL,PIPE_M,486604,487192,588,502466
case_084,pre,4,1000019688,COPY_OUT,PIPE_MTE3,486604,486708,104,502466
case_084,pre,4,1662,DIV,PIPE_V,487192,487492,300,502466
case_084,pre,4,1663,REDUCE,PIPE_V,487492,487576,84,502466
case_084,pre,4,1664,SUB,PIPE_V,487576,487660,84,502466
case_084,pre,4,1665,EXP,PIPE_V,487660,487960,300,502466
case_084,pre,4,1666,REDUCE,PIPE_V,487960,488044,84,502466
case_084,pre,4,1667,DIV,PIPE_V,488044,488344,300,502466
case_084,pre,4,1668,MATMUL,PIPE_M,488344,488932,588,502466
case_084,pre,4,1672,MATMUL,PIPE_M,488932,489520,588,502466
case_084,pre,4,1000019698,COPY_OUT,PIPE_MTE3,488932,489036,104,502466
case_084,pre,4,1674,DIV,PIPE_V,489520,489820,300,502466
case_084,pre,4,1675,REDUCE,PIPE_V,489820,489904,84,502466
case_084,pre,4,1676,SUB,PIPE_V,489904,489988,84,502466
case_084,pre,4,1677,EXP,PIPE_V,489988,490288,300,502466
case_084,pre,4,1678,REDUCE,PIPE_V,490288,490372,84,502466
case_084,pre,4,1679,DIV,PIPE_V,490372,490672,300,502466
case_084,pre,4,1680,MATMUL,PIPE_M,490672,491260,588,502466
case_084,pre,4,1684,MATMUL,PIPE_M,491260,491848,588,502466
case_084,pre,4,1000019708,COPY_OUT,PIPE_MTE3,491260,491364,104,502466
case_084,pre,4,1686,DIV,PIPE_V,491848,492148,300,502466
case_084,pre,4,1687,REDUCE,PIPE_V,492148,492232,84,502466
case_084,pre,4,1688,SUB,PIPE_V,492232,492316,84,502466
case_084,pre,4,1689,EXP,PIPE_V,492316,492616,300,502466
case_084,pre,4,1690,REDUCE,PIPE_V,492616,492700,84,502466
case_084,pre,4,1691,DIV,PIPE_V,492700,493000,300,502466
case_084,pre,4,1692,MATMUL,PIPE_M,493000,493588,588,502466
case_084,pre,4,1696,MATMUL,PIPE_M,493588,494176,588,502466
case_084,pre,4,1000019718,COPY_OUT,PIPE_MTE3,493588,493692,104,502466
case_084,pre,4,1698,DIV,PIPE_V,494176,494476,300,502466
case_084,pre,4,1699,REDUCE,PIPE_V,494476,494560,84,502466
case_084,pre,4,1700,SUB,PIPE_V,494560,494644,84,502466
case_084,pre,4,1701,EXP,PIPE_V,494644,494944,300,502466
case_084,pre,4,1702,REDUCE,PIPE_V,494944,495028,84,502466
case_084,pre,4,1703,DIV,PIPE_V,495028,495328,300,502466
case_084,pre,4,1704,MATMUL,PIPE_M,495328,495916,588,502466
case_084,pre,4,1708,MATMUL,PIPE_M,495916,496504,588,502466
case_084,pre,4,1000019728,COPY_OUT,PIPE_MTE3,495916,496020,104,502466
case_084,pre,4,1710,DIV,PIPE_V,496504,496804,300,502466
case_084,pre,4,1711,REDUCE,PIPE_V,496804,496888,84,502466
case_084,pre,4,1712,SUB,PIPE_V,496888,496972,84,502466
case_084,pre,4,1713,EXP,PIPE_V,496972,497272,300,502466
case_084,pre,4,1714,REDUCE,PIPE_V,497272,497356,84,502466
case_084,pre,4,1715,DIV,PIPE_V,497356,497656,300,502466
case_084,pre,4,1716,MATMUL,PIPE_M,497656,498244,588,502466
case_084,pre,4,1720,MATMUL,PIPE_M,498244,498832,588,502466
case_084,pre,4,1000019738,COPY_OUT,PIPE_MTE3,498244,498348,104,502466
case_084,pre,4,1722,DIV,PIPE_V,498832,499132,300,502466
case_084,pre,4,1723,REDUCE,PIPE_V,499132,499216,84,502466
case_084,pre,4,1724,SUB,PIPE_V,499216,499300,84,502466
case_084,pre,4,1725,EXP,PIPE_V,499300,499600,300,502466
case_084,pre,4,1726,REDUCE,PIPE_V,499600,499684,84,502466
case_084,pre,4,1727,DIV,PIPE_V,499684,499984,300,502466
case_084,pre,4,1728,MATMUL,PIPE_M,499984,500572,588,502466
case_084,pre,4,1000019748,COPY_OUT,PIPE_MTE3,500572,500624,52,502466
