case,ver,core,op_id,op,pipe,start,end,duration,mk
case_084,post,0,1000026055,COPY_IN,PIPE_MTE2,0,260,260,378550
case_084,post,0,1000026057,COPY_IN,PIPE_MTE2,260,520,260,378550
case_084,post,0,7768,MATMUL,PIPE_M,520,1108,588,378550
case_084,post,0,1000026061,COPY_IN,PIPE_MTE2,520,525,5,378550
case_084,post,0,1000026059,COPY_IN,PIPE_MTE2,525,785,260,378550
case_084,post,0,1000026065,COPY_IN,PIPE_MTE2,785,1045,260,378550
case_084,post,0,1000026067,COPY_IN,PIPE_MTE2,1045,1305,260,378550
case_084,post,0,7770,DIV,PIPE_V,1108,1408,300,378550
case_084,post,0,1000026071,COPY_IN,PIPE_MTE2,1305,1310,5,378550
case_084,post,0,1000026069,COPY_IN,PIPE_MTE2,1310,1570,260,378550
case_084,post,0,7771,REDUCE,PIPE_V,1408,1492,84,378550
case_084,post,0,7772,SUB,PIPE_V,1492,1576,84,378550
case_084,post,0,1000026075,COPY_IN,PIPE_MTE2,1570,1983,413,378550
case_084,post,0,7773,EXP,PIPE_V,1576,1876,300,378550
case_084,post,0,7774,REDUCE,PIPE_V,1876,1960,84,378550
case_084,post,0,7775,DIV,PIPE_V,1960,2260,300,378550
case_084,post,0,1000026077,COPY_IN,PIPE_MTE2,1983,2398,415,378550
case_084,post,0,7776,MATMUL,PIPE_M,2260,2848,588,378550
case_084,post,0,1000026081,COPY_IN,PIPE_MTE2,2398,2406,8,378550
case_084,post,0,1000026079,COPY_IN,PIPE_MTE2,2406,2822,416,378550
case_084,post,0,1000026085,COPY_IN,PIPE_MTE2,2822,3287,465,378550
case_084,post,0,7780,MATMUL,PIPE_M,2848,3436,588,378550
case_084,post,0,1000026063,COPY_OUT,PIPE_MTE3,2848,3316,468,378550
case_084,post,0,1000026087,COPY_IN,PIPE_MTE2,3287,3706,419,378550
case_084,post,0,7782,DIV,PIPE_V,3436,3736,300,378550
case_084,post,0,1000026091,COPY_IN,PIPE_MTE2,3706,3714,8,378550
case_084,post,0,1000026089,COPY_IN,PIPE_MTE2,3714,4116,402,378550
case_084,post,0,7783,REDUCE,PIPE_V,3736,3820,84,378550
case_084,post,0,7784,SUB,PIPE_V,3820,3904,84,378550
case_084,post,0,7785,EXP,PIPE_V,3904,4204,300,378550
case_084,post,0,1000026095,COPY_IN,PIPE_MTE2,4116,4390,274,378550
case_084,post,0,7786,REDUCE,PIPE_V,4204,4288,84,378550
case_084,post,0,7787,DIV,PIPE_V,4288,4588,300,378550
case_084,post,0,1000026097,COPY_IN,PIPE_MTE2,4390,4806,416,378550
case_084,post,0,7788,MATMUL,PIPE_M,4588,5176,588,378550
case_084,post,0,1000026101,COPY_IN,PIPE_MTE2,4806,4814,8,378550
case_084,post,0,1000026099,COPY_IN,PIPE_MTE2,4814,5132,318,378550
case_084,post,0,1000026105,COPY_IN,PIPE_MTE2,5132,5565,433,378550
case_084,post,0,7792,MATMUL,PIPE_M,5176,5764,588,378550
case_084,post,0,1000026073,COPY_OUT,PIPE_MTE3,5176,5643,467,378550
case_084,post,0,1000026107,COPY_IN,PIPE_MTE2,5565,5969,404,378550
case_084,post,0,7794,DIV,PIPE_V,5764,6064,300,378550
case_084,post,0,1000026111,COPY_IN,PIPE_MTE2,5969,5977,8,378550
case_084,post,0,1000026109,COPY_IN,PIPE_MTE2,5977,6393,416,378550
case_084,post,0,7795,REDUCE,PIPE_V,6064,6148,84,378550
case_084,post,0,7796,SUB,PIPE_V,6148,6232,84,378550
case_084,post,0,7797,EXP,PIPE_V,6232,6532,300,378550
case_084,post,0,1000026115,COPY_IN,PIPE_MTE2,6393,6722,329,378550
case_084,post,0,7798,REDUCE,PIPE_V,6532,6616,84,378550
case_084,post,0,7799,DIV,PIPE_V,6616,6916,300,378550
case_084,post,0,1000026117,COPY_IN,PIPE_MTE2,6722,7138,416,378550
case_084,post,0,7800,MATMUL,PIPE_M,6916,7504,588,378550
case_084,post,0,1000026121,COPY_IN,PIPE_MTE2,7138,7146,8,378550
case_084,post,0,1000026119,COPY_IN,PIPE_MTE2,7146,7447,301,378550
case_084,post,0,1000026125,COPY_IN,PIPE_MTE2,7447,7896,449,378550
case_084,post,0,7804,MATMUL,PIPE_M,7504,8092,588,378550
case_084,post,0,1000026083,COPY_OUT,PIPE_MTE3,7504,7972,468,378550
case_084,post,0,1000026127,COPY_IN,PIPE_MTE2,7896,8270,374,378550
case_084,post,0,7806,DIV,PIPE_V,8092,8392,300,378550
case_084,post,0,1000026131,COPY_IN,PIPE_MTE2,8270,8278,8,378550
case_084,post,0,1000026129,COPY_IN,PIPE_MTE2,8278,8694,416,378550
case_084,post,0,7807,REDUCE,PIPE_V,8392,8476,84,378550
case_084,post,0,7808,SUB,PIPE_V,8476,8560,84,378550
case_084,post,0,7809,EXP,PIPE_V,8560,8860,300,378550
case_084,post,0,1000026135,COPY_IN,PIPE_MTE2,8694,9024,330,378550
case_084,post,0,7810,REDUCE,PIPE_V,8860,8944,84,378550
case_084,post,0,7811,DIV,PIPE_V,8944,9244,300,378550
case_084,post,0,1000026137,COPY_IN,PIPE_MTE2,9024,9440,416,378550
case_084,post,0,7812,MATMUL,PIPE_M,9244,9832,588,378550
case_084,post,0,1000026141,COPY_IN,PIPE_MTE2,9440,9448,8,378550
case_084,post,0,1000026139,COPY_IN,PIPE_MTE2,9448,9763,315,378550
case_084,post,0,1000026145,COPY_IN,PIPE_MTE2,9763,10216,453,378550
case_084,post,0,7816,MATMUL,PIPE_M,9832,10420,588,378550
case_084,post,0,1000026093,COPY_OUT,PIPE_MTE3,9832,10300,468,378550
case_084,post,0,1000026147,COPY_IN,PIPE_MTE2,10216,10589,373,378550
case_084,post,0,7818,DIV,PIPE_V,10420,10720,300,378550
case_084,post,0,1000026151,COPY_IN,PIPE_MTE2,10589,10597,8,378550
case_084,post,0,1000026149,COPY_IN,PIPE_MTE2,10597,11013,416,378550
case_084,post,0,7819,REDUCE,PIPE_V,10720,10804,84,378550
case_084,post,0,7820,SUB,PIPE_V,10804,10888,84,378550
case_084,post,0,7821,EXP,PIPE_V,10888,11188,300,378550
case_084,post,0,1000026155,COPY_IN,PIPE_MTE2,11013,11331,318,378550
case_084,post,0,7822,REDUCE,PIPE_V,11188,11272,84,378550
case_084,post,0,7823,DIV,PIPE_V,11272,11572,300,378550
case_084,post,0,1000026157,COPY_IN,PIPE_MTE2,11331,11747,416,378550
case_084,post,0,7824,MATMUL,PIPE_M,11572,12160,588,378550
case_084,post,0,1000026161,COPY_IN,PIPE_MTE2,11747,11755,8,378550
case_084,post,0,1000026159,COPY_IN,PIPE_MTE2,11755,12078,323,378550
case_084,post,0,1000026165,COPY_IN,PIPE_MTE2,12078,12521,443,378550
case_084,post,0,7828,MATMUL,PIPE_M,12160,12748,588,378550
case_084,post,0,1000026103,COPY_OUT,PIPE_MTE3,12160,12628,468,378550
case_084,post,0,1000026167,COPY_IN,PIPE_MTE2,12521,12905,384,378550
case_084,post,0,7830,DIV,PIPE_V,12748,13048,300,378550
case_084,post,0,1000026171,COPY_IN,PIPE_MTE2,12905,12913,8,378550
case_084,post,0,1000026169,COPY_IN,PIPE_MTE2,12913,13329,416,378550
case_084,post,0,7831,REDUCE,PIPE_V,13048,13132,84,378550
case_084,post,0,7832,SUB,PIPE_V,13132,13216,84,378550
case_084,post,0,7833,EXP,PIPE_V,13216,13516,300,378550
case_084,post,0,1000026175,COPY_IN,PIPE_MTE2,13329,13648,319,378550
case_084,post,0,7834,REDUCE,PIPE_V,13516,13600,84,378550
case_084,post,0,7835,DIV,PIPE_V,13600,13900,300,378550
case_084,post,0,1000026177,COPY_IN,PIPE_MTE2,13648,14064,416,378550
case_084,post,0,7836,MATMUL,PIPE_M,13900,14488,588,378550
case_084,post,0,1000026181,COPY_IN,PIPE_MTE2,14064,14072,8,378550
case_084,post,0,1000026179,COPY_IN,PIPE_MTE2,14072,14393,321,378550
case_084,post,0,1000026185,COPY_IN,PIPE_MTE2,14393,14828,435,378550
case_084,post,0,7840,MATMUL,PIPE_M,14488,15076,588,378550
case_084,post,0,1000026113,COPY_OUT,PIPE_MTE3,14488,14956,468,378550
case_084,post,0,1000026187,COPY_IN,PIPE_MTE2,14828,15214,386,378550
case_084,post,0,7842,DIV,PIPE_V,15076,15376,300,378550
case_084,post,0,1000026191,COPY_IN,PIPE_MTE2,15214,15222,8,378550
case_084,post,0,1000026189,COPY_IN,PIPE_MTE2,15222,15638,416,378550
case_084,post,0,7843,REDUCE,PIPE_V,15376,15460,84,378550
case_084,post,0,7844,SUB,PIPE_V,15460,15544,84,378550
case_084,post,0,7845,EXP,PIPE_V,15544,15844,300,378550
case_084,post,0,1000026195,COPY_IN,PIPE_MTE2,15638,15961,323,378550
case_084,post,0,7846,REDUCE,PIPE_V,15844,15928,84,378550
case_084,post,0,7847,DIV,PIPE_V,15928,16228,300,378550
case_084,post,0,1000026197,COPY_IN,PIPE_MTE2,15961,16377,416,378550
case_084,post,0,7848,MATMUL,PIPE_M,16228,16816,588,378550
case_084,post,0,7852,MATMUL,PIPE_M,16816,17404,588,378550
case_084,post,0,1000026123,COPY_OUT,PIPE_MTE3,16816,17284,468,378550
case_084,post,0,1000026201,COPY_IN,PIPE_MTE2,16816,16825,9,378550
case_084,post,0,1000026199,COPY_IN,PIPE_MTE2,16825,17292,467,378550
case_084,post,0,1000026205,COPY_IN,PIPE_MTE2,17292,17655,363,378550
case_084,post,0,7854,DIV,PIPE_V,17404,17704,300,378550
case_084,post,0,1000026207,COPY_IN,PIPE_MTE2,17655,18071,416,378550
case_084,post,0,7855,REDUCE,PIPE_V,17704,17788,84,378550
case_084,post,0,7856,SUB,PIPE_V,17788,17872,84,378550
case_084,post,0,7857,EXP,PIPE_V,17872,18172,300,378550
case_084,post,0,7858,REDUCE,PIPE_V,18172,18256,84,378550
case_084,post,0,7859,DIV,PIPE_V,18256,18556,300,378550
case_084,post,0,7860,MATMUL,PIPE_M,18556,19144,588,378550
case_084,post,0,7864,MATMUL,PIPE_M,19144,19732,588,378550
case_084,post,0,1000026133,COPY_OUT,PIPE_MTE3,19144,19594,450,378550
case_084,post,0,1000026211,COPY_IN,PIPE_MTE2,19144,19153,9,378550
case_084,post,0,1000026209,COPY_IN,PIPE_MTE2,19153,19599,446,378550
case_084,post,0,1000026215,COPY_IN,PIPE_MTE2,19599,19965,366,378550
case_084,post,0,7866,DIV,PIPE_V,19732,20032,300,378550
case_084,post,0,1000026217,COPY_IN,PIPE_MTE2,19965,20381,416,378550
case_084,post,0,7867,REDUCE,PIPE_V,20032,20116,84,378550
case_084,post,0,7868,SUB,PIPE_V,20116,20200,84,378550
case_084,post,0,7869,EXP,PIPE_V,20200,20500,300,378550
case_084,post,0,7870,REDUCE,PIPE_V,20500,20584,84,378550
case_084,post,0,7871,DIV,PIPE_V,20584,20884,300,378550
case_084,post,0,7872,MATMUL,PIPE_M,20884,21472,588,378550
case_084,post,0,7876,MATMUL,PIPE_M,21472,22060,588,378550
case_084,post,0,1000026143,COPY_OUT,PIPE_MTE3,21472,21864,392,378550
case_084,post,0,1000026221,COPY_IN,PIPE_MTE2,21472,21481,9,378550
case_084,post,0,1000026219,COPY_IN,PIPE_MTE2,21481,21873,392,378550
case_084,post,0,1000026225,COPY_IN,PIPE_MTE2,21873,22341,468,378550
case_084,post,0,7878,DIV,PIPE_V,22060,22360,300,378550
case_084,post,0,1000026227,COPY_IN,PIPE_MTE2,22341,22798,457,378550
case_084,post,0,7879,REDUCE,PIPE_V,22360,22444,84,378550
case_084,post,0,7880,SUB,PIPE_V,22444,22528,84,378550
case_084,post,0,7881,EXP,PIPE_V,22528,22828,300,378550
case_084,post,0,7882,REDUCE,PIPE_V,22828,22912,84,378550
case_084,post,0,7883,DIV,PIPE_V,22912,23212,300,378550
case_084,post,0,7884,MATMUL,PIPE_M,23212,23800,588,378550
case_084,post,0,7888,MATMUL,PIPE_M,23800,24388,588,378550
case_084,post,0,1000026153,COPY_OUT,PIPE_MTE3,23800,24174,374,378550
case_084,post,0,1000026231,COPY_IN,PIPE_MTE2,23800,23810,10,378550
case_084,post,0,1000026229,COPY_IN,PIPE_MTE2,23810,24179,369,378550
case_084,post,0,1000026235,COPY_IN,PIPE_MTE2,24179,24613,434,378550
case_084,post,0,7890,DIV,PIPE_V,24388,24688,300,378550
case_084,post,0,1000026237,COPY_IN,PIPE_MTE2,24613,25075,462,378550
case_084,post,0,7891,REDUCE,PIPE_V,24688,24772,84,378550
case_084,post,0,7892,SUB,PIPE_V,24772,24856,84,378550
case_084,post,0,7893,EXP,PIPE_V,24856,25156,300,378550
case_084,post,0,7894,REDUCE,PIPE_V,25156,25240,84,378550
case_084,post,0,7895,DIV,PIPE_V,25240,25540,300,378550
case_084,post,0,7896,MATMUL,PIPE_M,25540,26128,588,378550
case_084,post,0,7900,MATMUL,PIPE_M,26128,26716,588,378550
case_084,post,0,1000026163,COPY_OUT,PIPE_MTE3,26128,26533,405,378550
case_084,post,0,1000026241,COPY_IN,PIPE_MTE2,26128,26138,10,378550
case_084,post,0,1000026239,COPY_IN,PIPE_MTE2,26138,26538,400,378550
case_084,post,0,1000026245,COPY_IN,PIPE_MTE2,26538,26956,418,378550
case_084,post,0,7902,DIV,PIPE_V,26716,27016,300,378550
case_084,post,0,1000026247,COPY_IN,PIPE_MTE2,26956,27423,467,378550
case_084,post,0,7903,REDUCE,PIPE_V,27016,27100,84,378550
case_084,post,0,7904,SUB,PIPE_V,27100,27184,84,378550
case_084,post,0,7905,EXP,PIPE_V,27184,27484,300,378550
case_084,post,0,7906,REDUCE,PIPE_V,27484,27568,84,378550
case_084,post,0,7907,DIV,PIPE_V,27568,27868,300,378550
case_084,post,0,7908,MATMUL,PIPE_M,27868,28456,588,378550
case_084,post,0,7912,MATMUL,PIPE_M,28456,29044,588,378550
case_084,post,0,1000026173,COPY_OUT,PIPE_MTE3,28456,28856,400,378550
case_084,post,0,1000026251,COPY_IN,PIPE_MTE2,28456,28465,9,378550
case_084,post,0,1000026249,COPY_IN,PIPE_MTE2,28465,28862,397,378550
case_084,post,0,1000026255,COPY_IN,PIPE_MTE2,28862,29278,416,378550
case_084,post,0,7914,DIV,PIPE_V,29044,29344,300,378550
case_084,post,0,1000026257,COPY_IN,PIPE_MTE2,29278,29727,449,378550
case_084,post,0,7915,REDUCE,PIPE_V,29344,29428,84,378550
case_084,post,0,7916,SUB,PIPE_V,29428,29512,84,378550
case_084,post,0,7917,EXP,PIPE_V,29512,29812,300,378550
case_084,post,0,7918,REDUCE,PIPE_V,29812,29896,84,378550
case_084,post,0,7919,DIV,PIPE_V,29896,30196,300,378550
case_084,post,0,7920,MATMUL,PIPE_M,30196,30784,588,378550
case_084,post,0,7924,MATMUL,PIPE_M,30784,31372,588,378550
case_084,post,0,1000026183,COPY_OUT,PIPE_MTE3,30784,31187,403,378550
case_084,post,0,1000026261,COPY_IN,PIPE_MTE2,30784,30793,9,378550
case_084,post,0,1000026259,COPY_IN,PIPE_MTE2,30793,31192,399,378550
case_084,post,0,1000026265,COPY_IN,PIPE_MTE2,31192,31623,431,378550
case_084,post,0,7926,DIV,PIPE_V,31372,31672,300,378550
case_084,post,0,1000026267,COPY_IN,PIPE_MTE2,31623,32040,417,378550
case_084,post,0,7927,REDUCE,PIPE_V,31672,31756,84,378550
case_084,post,0,7928,SUB,PIPE_V,31756,31840,84,378550
case_084,post,0,7929,EXP,PIPE_V,31840,32140,300,378550
case_084,post,0,7930,REDUCE,PIPE_V,32140,32224,84,378550
case_084,post,0,7931,DIV,PIPE_V,32224,32524,300,378550
case_084,post,0,7932,MATMUL,PIPE_M,32524,33112,588,378550
case_084,post,0,7936,MATMUL,PIPE_M,33112,33700,588,378550
case_084,post,0,1000026193,COPY_OUT,PIPE_MTE3,33112,33551,439,378550
case_084,post,0,1000026271,COPY_IN,PIPE_MTE2,33112,33122,10,378550
case_084,post,0,1000026269,COPY_IN,PIPE_MTE2,33122,33556,434,378550
case_084,post,0,1000026275,COPY_IN,PIPE_MTE2,33556,33967,411,378550
case_084,post,0,7938,DIV,PIPE_V,33700,34000,300,378550
case_084,post,0,1000026277,COPY_IN,PIPE_MTE2,33967,34385,418,378550
case_084,post,0,7939,REDUCE,PIPE_V,34000,34084,84,378550
case_084,post,0,7940,SUB,PIPE_V,34084,34168,84,378550
case_084,post,0,7941,EXP,PIPE_V,34168,34468,300,378550
case_084,post,0,7942,REDUCE,PIPE_V,34468,34552,84,378550
case_084,post,0,7943,DIV,PIPE_V,34552,34852,300,378550
case_084,post,0,7944,MATMUL,PIPE_M,34852,35440,588,378550
case_084,post,0,7948,MATMUL,PIPE_M,35440,36028,588,378550
case_084,post,0,1000026203,COPY_OUT,PIPE_MTE3,35440,35918,478,378550
case_084,post,0,1000026281,COPY_IN,PIPE_MTE2,35440,35450,10,378550
case_084,post,0,1000026279,COPY_IN,PIPE_MTE2,35450,35923,473,378550
case_084,post,0,1000026285,COPY_IN,PIPE_MTE2,35923,36324,401,378550
case_084,post,0,7950,DIV,PIPE_V,36028,36328,300,378550
case_084,post,0,1000026287,COPY_IN,PIPE_MTE2,36324,36786,462,378550
case_084,post,0,7951,REDUCE,PIPE_V,36328,36412,84,378550
case_084,post,0,7952,SUB,PIPE_V,36412,36496,84,378550
case_084,post,0,7953,EXP,PIPE_V,36496,36796,300,378550
case_084,post,0,7954,REDUCE,PIPE_V,36796,36880,84,378550
case_084,post,0,7955,DIV,PIPE_V,36880,37180,300,378550
case_084,post,0,7956,MATMUL,PIPE_M,37180,37768,588,378550
case_084,post,0,7960,MATMUL,PIPE_M,37768,38356,588,378550
case_084,post,0,1000026213,COPY_OUT,PIPE_MTE3,37768,38252,484,378550
case_084,post,0,1000026291,COPY_IN,PIPE_MTE2,37768,37777,9,378550
case_084,post,0,1000026289,COPY_IN,PIPE_MTE2,37777,38258,481,378550
case_084,post,0,1000026295,COPY_IN,PIPE_MTE2,38258,38633,375,378550
case_084,post,0,7962,DIV,PIPE_V,38356,38656,300,378550
case_084,post,0,1000026297,COPY_IN,PIPE_MTE2,38633,39097,464,378550
case_084,post,0,7963,REDUCE,PIPE_V,38656,38740,84,378550
case_084,post,0,7964,SUB,PIPE_V,38740,38824,84,378550
case_084,post,0,7965,EXP,PIPE_V,38824,39124,300,378550
case_084,post,0,7966,REDUCE,PIPE_V,39124,39208,84,378550
case_084,post,0,7967,DIV,PIPE_V,39208,39508,300,378550
case_084,post,0,7968,MATMUL,PIPE_M,39508,40096,588,378550
case_084,post,0,7972,MATMUL,PIPE_M,40096,40684,588,378550
case_084,post,0,1000026223,COPY_OUT,PIPE_MTE3,40096,40571,475,378550
case_084,post,0,1000026301,COPY_IN,PIPE_MTE2,40096,40105,9,378550
case_084,post,0,1000026299,COPY_IN,PIPE_MTE2,40105,40577,472,378550
case_084,post,0,1000026305,COPY_IN,PIPE_MTE2,40577,40955,378,378550
case_084,post,0,7974,DIV,PIPE_V,40684,40984,300,378550
case_084,post,0,1000026307,COPY_IN,PIPE_MTE2,40955,41401,446,378550
case_084,post,0,7975,REDUCE,PIPE_V,40984,41068,84,378550
case_084,post,0,7976,SUB,PIPE_V,41068,41152,84,378550
case_084,post,0,7977,EXP,PIPE_V,41152,41452,300,378550
case_084,post,0,7978,REDUCE,PIPE_V,41452,41536,84,378550
case_084,post,0,7979,DIV,PIPE_V,41536,41836,300,378550
case_084,post,0,7980,MATMUL,PIPE_M,41836,42424,588,378550
case_084,post,0,7984,MATMUL,PIPE_M,42424,43012,588,378550
case_084,post,0,1000026233,COPY_OUT,PIPE_MTE3,42424,42894,470,378550
case_084,post,0,1000026311,COPY_IN,PIPE_MTE2,42424,42433,9,378550
case_084,post,0,1000026309,COPY_IN,PIPE_MTE2,42433,42903,470,378550
case_084,post,0,1000026315,COPY_IN,PIPE_MTE2,42903,43290,387,378550
case_084,post,0,7986,DIV,PIPE_V,43012,43312,300,378550
case_084,post,0,1000026317,COPY_IN,PIPE_MTE2,43290,43733,443,378550
case_084,post,0,7987,REDUCE,PIPE_V,43312,43396,84,378550
case_084,post,0,7988,SUB,PIPE_V,43396,43480,84,378550
case_084,post,0,7989,EXP,PIPE_V,43480,43780,300,378550
case_084,post,0,7990,REDUCE,PIPE_V,43780,43864,84,378550
case_084,post,0,7991,DIV,PIPE_V,43864,44164,300,378550
case_084,post,0,7992,MATMUL,PIPE_M,44164,44752,588,378550
case_084,post,0,7996,MATMUL,PIPE_M,44752,45340,588,378550
case_084,post,0,1000026243,COPY_OUT,PIPE_MTE3,44752,45239,487,378550
case_084,post,0,1000026321,COPY_IN,PIPE_MTE2,44752,44762,10,378550
case_084,post,0,1000026319,COPY_IN,PIPE_MTE2,44762,45247,485,378550
case_084,post,0,1000026325,COPY_IN,PIPE_MTE2,45247,45642,395,378550
case_084,post,0,7998,DIV,PIPE_V,45340,45640,300,378550
case_084,post,0,7999,REDUCE,PIPE_V,45640,45724,84,378550
case_084,post,0,1000026327,COPY_IN,PIPE_MTE2,45642,46084,442,378550
case_084,post,0,8000,SUB,PIPE_V,45724,45808,84,378550
case_084,post,0,8001,EXP,PIPE_V,45808,46108,300,378550
case_084,post,0,8002,REDUCE,PIPE_V,46108,46192,84,378550
case_084,post,0,8003,DIV,PIPE_V,46192,46492,300,378550
case_084,post,0,8004,MATMUL,PIPE_M,46492,47080,588,378550
case_084,post,0,8008,MATMUL,PIPE_M,47080,47668,588,378550
case_084,post,0,1000026253,COPY_OUT,PIPE_MTE3,47080,47586,506,378550
case_084,post,0,1000026331,COPY_IN,PIPE_MTE2,47080,47090,10,378550
case_084,post,0,1000026329,COPY_IN,PIPE_MTE2,47090,47594,504,378550
case_084,post,0,1000026335,COPY_IN,PIPE_MTE2,47594,47977,383,378550
case_084,post,0,8010,DIV,PIPE_V,47668,47968,300,378550
case_084,post,0,8011,REDUCE,PIPE_V,47968,48052,84,378550
case_084,post,0,1000026337,COPY_IN,PIPE_MTE2,47977,48441,464,378550
case_084,post,0,8012,SUB,PIPE_V,48052,48136,84,378550
case_084,post,0,8013,EXP,PIPE_V,48136,48436,300,378550
case_084,post,0,8014,REDUCE,PIPE_V,48436,48520,84,378550
case_084,post,0,8015,DIV,PIPE_V,48520,48820,300,378550
case_084,post,0,8016,MATMUL,PIPE_M,48820,49408,588,378550
case_084,post,0,8020,MATMUL,PIPE_M,49408,49996,588,378550
case_084,post,0,1000026263,COPY_OUT,PIPE_MTE3,49408,49922,514,378550
case_084,post,0,1000026341,COPY_IN,PIPE_MTE2,49408,49417,9,378550
case_084,post,0,1000026339,COPY_IN,PIPE_MTE2,49417,49931,514,378550
case_084,post,0,1000026345,COPY_IN,PIPE_MTE2,49931,50290,359,378550
case_084,post,0,8022,DIV,PIPE_V,49996,50296,300,378550
case_084,post,0,1000026347,COPY_IN,PIPE_MTE2,50290,50710,420,378550
case_084,post,0,8023,REDUCE,PIPE_V,50296,50380,84,378550
case_084,post,0,8024,SUB,PIPE_V,50380,50464,84,378550
case_084,post,0,8025,EXP,PIPE_V,50464,50764,300,378550
case_084,post,0,8026,REDUCE,PIPE_V,50764,50848,84,378550
case_084,post,0,8027,DIV,PIPE_V,50848,51148,300,378550
case_084,post,0,8028,MATMUL,PIPE_M,51148,51736,588,378550
case_084,post,0,8032,MATMUL,PIPE_M,51736,52324,588,378550
case_084,post,0,1000026273,COPY_OUT,PIPE_MTE3,51736,52203,467,378550
case_084,post,0,1000026351,COPY_IN,PIPE_MTE2,51736,51745,9,378550
case_084,post,0,1000026349,COPY_IN,PIPE_MTE2,51745,52212,467,378550
case_084,post,0,1000026355,COPY_IN,PIPE_MTE2,52212,52633,421,378550
case_084,post,0,8034,DIV,PIPE_V,52324,52624,300,378550
case_084,post,0,8035,REDUCE,PIPE_V,52624,52708,84,378550
case_084,post,0,1000026357,COPY_IN,PIPE_MTE2,52633,53089,456,378550
case_084,post,0,8036,SUB,PIPE_V,52708,52792,84,378550
case_084,post,0,8037,EXP,PIPE_V,52792,53092,300,378550
case_084,post,0,8038,REDUCE,PIPE_V,53092,53176,84,378550
case_084,post,0,8039,DIV,PIPE_V,53176,53476,300,378550
case_084,post,0,8040,MATMUL,PIPE_M,53476,54064,588,378550
case_084,post,0,8044,MATMUL,PIPE_M,54064,54652,588,378550
case_084,post,0,1000026283,COPY_OUT,PIPE_MTE3,54064,54501,437,378550
case_084,post,0,1000026361,COPY_IN,PIPE_MTE2,54064,54071,7,378550
case_084,post,0,1000026359,COPY_IN,PIPE_MTE2,54071,54509,438,378550
case_084,post,0,1000026365,COPY_IN,PIPE_MTE2,54509,54941,432,378550
case_084,post,0,8046,DIV,PIPE_V,54652,54952,300,378550
case_084,post,0,1000026367,COPY_IN,PIPE_MTE2,54941,55381,440,378550
case_084,post,0,8047,REDUCE,PIPE_V,54952,55036,84,378550
case_084,post,0,8048,SUB,PIPE_V,55036,55120,84,378550
case_084,post,0,8049,EXP,PIPE_V,55120,55420,300,378550
case_084,post,0,8050,REDUCE,PIPE_V,55420,55504,84,378550
case_084,post,0,8051,DIV,PIPE_V,55504,55804,300,378550
case_084,post,0,8052,MATMUL,PIPE_M,55804,56392,588,378550
case_084,post,0,8056,MATMUL,PIPE_M,56392,56980,588,378550
case_084,post,0,1000026293,COPY_OUT,PIPE_MTE3,56392,56842,450,378550
case_084,post,0,1000026371,COPY_IN,PIPE_MTE2,56392,56399,7,378550
case_084,post,0,1000026369,COPY_IN,PIPE_MTE2,56399,56850,451,378550
case_084,post,0,1000026375,COPY_IN,PIPE_MTE2,56850,57256,406,378550
case_084,post,0,8058,DIV,PIPE_V,56980,57280,300,378550
case_084,post,0,1000026377,COPY_IN,PIPE_MTE2,57256,57601,345,378550
case_084,post,0,8059,REDUCE,PIPE_V,57280,57364,84,378550
case_084,post,0,8060,SUB,PIPE_V,57364,57448,84,378550
case_084,post,0,8061,EXP,PIPE_V,57448,57748,300,378550
case_084,post,0,8062,REDUCE,PIPE_V,57748,57832,84,378550
case_084,post,0,8063,DIV,PIPE_V,57832,58132,300,378550
case_084,post,0,8064,MATMUL,PIPE_M,58132,58720,588,378550
case_084,post,0,8068,MATMUL,PIPE_M,58720,59308,588,378550
case_084,post,0,1000026303,COPY_OUT,PIPE_MTE3,58720,59099,379,378550
case_084,post,0,1000026381,COPY_IN,PIPE_MTE2,58720,58728,8,378550
case_084,post,0,1000026379,COPY_IN,PIPE_MTE2,58728,59105,377,378550
case_084,post,0,1000026385,COPY_IN,PIPE_MTE2,59105,59452,347,378550
case_084,post,0,8070,DIV,PIPE_V,59308,59608,300,378550
case_084,post,0,1000026387,COPY_IN,PIPE_MTE2,59452,59802,350,378550
case_084,post,0,8071,REDUCE,PIPE_V,59608,59692,84,378550
case_084,post,0,8072,SUB,PIPE_V,59692,59776,84,378550
case_084,post,0,8073,EXP,PIPE_V,59776,60076,300,378550
case_084,post,0,8074,REDUCE,PIPE_V,60076,60160,84,378550
case_084,post,0,8075,DIV,PIPE_V,60160,60460,300,378550
case_084,post,0,8076,MATMUL,PIPE_M,60460,61048,588,378550
case_084,post,0,8080,MATMUL,PIPE_M,61048,61636,588,378550
case_084,post,0,1000026313,COPY_OUT,PIPE_MTE3,61048,61410,362,378550
case_084,post,0,1000026391,COPY_IN,PIPE_MTE2,61048,61055,7,378550
case_084,post,0,1000026389,COPY_IN,PIPE_MTE2,61055,61417,362,378550
case_084,post,0,1000026395,COPY_IN,PIPE_MTE2,61417,61773,356,378550
case_084,post,0,8082,DIV,PIPE_V,61636,61936,300,378550
case_084,post,0,1000026397,COPY_IN,PIPE_MTE2,61773,62123,350,378550
case_084,post,0,8083,REDUCE,PIPE_V,61936,62020,84,378550
case_084,post,0,8084,SUB,PIPE_V,62020,62104,84,378550
case_084,post,0,8085,EXP,PIPE_V,62104,62404,300,378550
case_084,post,0,8086,REDUCE,PIPE_V,62404,62488,84,378550
case_084,post,0,8087,DIV,PIPE_V,62488,62788,300,378550
case_084,post,0,8088,MATMUL,PIPE_M,62788,63376,588,378550
case_084,post,0,8092,MATMUL,PIPE_M,63376,63964,588,378550
case_084,post,0,1000026323,COPY_OUT,PIPE_MTE3,63376,63740,364,378550
case_084,post,0,1000026401,COPY_IN,PIPE_MTE2,63376,63384,8,378550
case_084,post,0,1000026399,COPY_IN,PIPE_MTE2,63384,63747,363,378550
case_084,post,0,1000026405,COPY_IN,PIPE_MTE2,63747,64111,364,378550
case_084,post,0,8094,DIV,PIPE_V,63964,64264,300,378550
case_084,post,0,1000026407,COPY_IN,PIPE_MTE2,64111,64454,343,378550
case_084,post,0,8095,REDUCE,PIPE_V,64264,64348,84,378550
case_084,post,0,8096,SUB,PIPE_V,64348,64432,84,378550
case_084,post,0,8097,EXP,PIPE_V,64432,64732,300,378550
case_084,post,0,8098,REDUCE,PIPE_V,64732,64816,84,378550
case_084,post,0,8099,DIV,PIPE_V,64816,65116,300,378550
case_084,post,0,8100,MATMUL,PIPE_M,65116,65704,588,378550
case_084,post,0,8104,MATMUL,PIPE_M,65704,66292,588,378550
case_084,post,0,1000026333,COPY_OUT,PIPE_MTE3,65704,66099,395,378550
case_084,post,0,1000026411,COPY_IN,PIPE_MTE2,65704,65712,8,378550
case_084,post,0,1000026409,COPY_IN,PIPE_MTE2,65712,66106,394,378550
case_084,post,0,1000026415,COPY_IN,PIPE_MTE2,66106,66466,360,378550
case_084,post,0,8106,DIV,PIPE_V,66292,66592,300,378550
case_084,post,0,1000026417,COPY_IN,PIPE_MTE2,66466,66810,344,378550
case_084,post,0,8107,REDUCE,PIPE_V,66592,66676,84,378550
case_084,post,0,8108,SUB,PIPE_V,66676,66760,84,378550
case_084,post,0,8109,EXP,PIPE_V,66760,67060,300,378550
case_084,post,0,8110,REDUCE,PIPE_V,67060,67144,84,378550
case_084,post,0,8111,DIV,PIPE_V,67144,67444,300,378550
case_084,post,0,8112,MATMUL,PIPE_M,67444,68032,588,378550
case_084,post,0,8116,MATMUL,PIPE_M,68032,68620,588,378550
case_084,post,0,1000026343,COPY_OUT,PIPE_MTE3,68032,68439,407,378550
case_084,post,0,1000026421,COPY_IN,PIPE_MTE2,68032,68040,8,378550
case_084,post,0,1000026419,COPY_IN,PIPE_MTE2,68040,68444,404,378550
case_084,post,0,1000026425,COPY_IN,PIPE_MTE2,68444,68752,308,378550
case_084,post,0,8118,DIV,PIPE_V,68620,68920,300,378550
case_084,post,0,1000026427,COPY_IN,PIPE_MTE2,68752,69058,306,378550
case_084,post,0,8119,REDUCE,PIPE_V,68920,69004,84,378550
case_084,post,0,8120,SUB,PIPE_V,69004,69088,84,378550
case_084,post,0,8121,EXP,PIPE_V,69088,69388,300,378550
case_084,post,0,8122,REDUCE,PIPE_V,69388,69472,84,378550
case_084,post,0,8123,DIV,PIPE_V,69472,69772,300,378550
case_084,post,0,8124,MATMUL,PIPE_M,69772,70360,588,378550
case_084,post,0,8128,MATMUL,PIPE_M,70360,70948,588,378550
case_084,post,0,1000026353,COPY_OUT,PIPE_MTE3,70360,70735,375,378550
case_084,post,0,1000026431,COPY_IN,PIPE_MTE2,70360,70368,8,378550
case_084,post,0,1000026429,COPY_IN,PIPE_MTE2,70368,70740,372,378550
case_084,post,0,1000026435,COPY_IN,PIPE_MTE2,70740,71061,321,378550
case_084,post,0,8130,DIV,PIPE_V,70948,71248,300,378550
case_084,post,0,1000026437,COPY_IN,PIPE_MTE2,71061,71372,311,378550
case_084,post,0,8131,REDUCE,PIPE_V,71248,71332,84,378550
case_084,post,0,8132,SUB,PIPE_V,71332,71416,84,378550
case_084,post,0,8133,EXP,PIPE_V,71416,71716,300,378550
case_084,post,0,8134,REDUCE,PIPE_V,71716,71800,84,378550
case_084,post,0,8135,DIV,PIPE_V,71800,72100,300,378550
case_084,post,0,8136,MATMUL,PIPE_M,72100,72688,588,378550
case_084,post,0,8140,MATMUL,PIPE_M,72688,73276,588,378550
case_084,post,0,1000026363,COPY_OUT,PIPE_MTE3,72688,73063,375,378550
case_084,post,0,1000026441,COPY_IN,PIPE_MTE2,72688,72696,8,378550
case_084,post,0,1000026439,COPY_IN,PIPE_MTE2,72696,73070,374,378550
case_084,post,0,1000026445,COPY_IN,PIPE_MTE2,73070,73444,374,378550
case_084,post,0,8142,DIV,PIPE_V,73276,73576,300,378550
case_084,post,0,1000026447,COPY_IN,PIPE_MTE2,73444,73738,294,378550
case_084,post,0,8143,REDUCE,PIPE_V,73576,73660,84,378550
case_084,post,0,8144,SUB,PIPE_V,73660,73744,84,378550
case_084,post,0,8145,EXP,PIPE_V,73744,74044,300,378550
case_084,post,0,8146,REDUCE,PIPE_V,74044,74128,84,378550
case_084,post,0,8147,DIV,PIPE_V,74128,74428,300,378550
case_084,post,0,8148,MATMUL,PIPE_M,74428,75016,588,378550
case_084,post,0,8152,MATMUL,PIPE_M,75016,75604,588,378550
case_084,post,0,1000026373,COPY_OUT,PIPE_MTE3,75016,75414,398,378550
case_084,post,0,1000026451,COPY_IN,PIPE_MTE2,75016,75024,8,378550
case_084,post,0,1000026449,COPY_IN,PIPE_MTE2,75024,75421,397,378550
case_084,post,0,1000026455,COPY_IN,PIPE_MTE2,75421,75774,353,378550
case_084,post,0,8154,DIV,PIPE_V,75604,75904,300,378550
case_084,post,0,1000026457,COPY_IN,PIPE_MTE2,75774,76097,323,378550
case_084,post,0,8155,REDUCE,PIPE_V,75904,75988,84,378550
case_084,post,0,8156,SUB,PIPE_V,75988,76072,84,378550
case_084,post,0,8157,EXP,PIPE_V,76072,76372,300,378550
case_084,post,0,8158,REDUCE,PIPE_V,76372,76456,84,378550
case_084,post,0,8159,DIV,PIPE_V,76456,76756,300,378550
case_084,post,0,8160,MATMUL,PIPE_M,76756,77344,588,378550
case_084,post,0,8164,MATMUL,PIPE_M,77344,77932,588,378550
case_084,post,0,1000026383,COPY_OUT,PIPE_MTE3,77344,77732,388,378550
case_084,post,0,1000026461,COPY_IN,PIPE_MTE2,77344,77351,7,378550
case_084,post,0,1000026459,COPY_IN,PIPE_MTE2,77351,77739,388,378550
case_084,post,0,1000026465,COPY_IN,PIPE_MTE2,77739,78041,302,378550
case_084,post,0,8166,DIV,PIPE_V,77932,78232,300,378550
case_084,post,0,1000026467,COPY_IN,PIPE_MTE2,78041,78402,361,378550
case_084,post,0,8167,REDUCE,PIPE_V,78232,78316,84,378550
case_084,post,0,8168,SUB,PIPE_V,78316,78400,84,378550
case_084,post,0,8169,EXP,PIPE_V,78400,78700,300,378550
case_084,post,0,8170,REDUCE,PIPE_V,78700,78784,84,378550
case_084,post,0,8171,DIV,PIPE_V,78784,79084,300,378550
case_084,post,0,8172,MATMUL,PIPE_M,79084,79672,588,378550
case_084,post,0,8176,MATMUL,PIPE_M,79672,80260,588,378550
case_084,post,0,1000026393,COPY_OUT,PIPE_MTE3,79672,80034,362,378550
case_084,post,0,1000026471,COPY_IN,PIPE_MTE2,79672,79678,6,378550
case_084,post,0,1000026469,COPY_IN,PIPE_MTE2,79678,80040,362,378550
case_084,post,0,1000026475,COPY_IN,PIPE_MTE2,80040,80350,310,378550
case_084,post,0,8178,DIV,PIPE_V,80260,80560,300,378550
case_084,post,0,1000026477,COPY_IN,PIPE_MTE2,80350,80719,369,378550
case_084,post,0,8179,REDUCE,PIPE_V,80560,80644,84,378550
case_084,post,0,8180,SUB,PIPE_V,80644,80728,84,378550
case_084,post,0,8181,EXP,PIPE_V,80728,81028,300,378550
case_084,post,0,8182,REDUCE,PIPE_V,81028,81112,84,378550
case_084,post,0,8183,DIV,PIPE_V,81112,81412,300,378550
case_084,post,0,8184,MATMUL,PIPE_M,81412,82000,588,378550
case_084,post,0,8188,MATMUL,PIPE_M,82000,82588,588,378550
case_084,post,0,1000026403,COPY_OUT,PIPE_MTE3,82000,82364,364,378550
case_084,post,0,1000026481,COPY_IN,PIPE_MTE2,82000,82007,7,378550
case_084,post,0,1000026479,COPY_IN,PIPE_MTE2,82007,82370,363,378550
case_084,post,0,1000026485,COPY_IN,PIPE_MTE2,82370,82730,360,378550
case_084,post,0,8190,DIV,PIPE_V,82588,82888,300,378550
case_084,post,0,1000026487,COPY_IN,PIPE_MTE2,82730,83083,353,378550
case_084,post,0,8191,REDUCE,PIPE_V,82888,82972,84,378550
case_084,post,0,8192,SUB,PIPE_V,82972,83056,84,378550
case_084,post,0,8193,EXP,PIPE_V,83056,83356,300,378550
case_084,post,0,8194,REDUCE,PIPE_V,83356,83440,84,378550
case_084,post,0,8195,DIV,PIPE_V,83440,83740,300,378550
case_084,post,0,8196,MATMUL,PIPE_M,83740,84328,588,378550
case_084,post,0,8200,MATMUL,PIPE_M,84328,84916,588,378550
case_084,post,0,1000026413,COPY_OUT,PIPE_MTE3,84328,84697,369,378550
case_084,post,0,1000026491,COPY_IN,PIPE_MTE2,84328,84335,7,378550
case_084,post,0,1000026489,COPY_IN,PIPE_MTE2,84335,84703,368,378550
case_084,post,0,1000026495,COPY_IN,PIPE_MTE2,84703,85098,395,378550
case_084,post,0,8202,DIV,PIPE_V,84916,85216,300,378550
case_084,post,0,1000026497,COPY_IN,PIPE_MTE2,85098,85435,337,378550
case_084,post,0,8203,REDUCE,PIPE_V,85216,85300,84,378550
case_084,post,0,8204,SUB,PIPE_V,85300,85384,84,378550
case_084,post,0,8205,EXP,PIPE_V,85384,85684,300,378550
case_084,post,0,8206,REDUCE,PIPE_V,85684,85768,84,378550
case_084,post,0,8207,DIV,PIPE_V,85768,86068,300,378550
case_084,post,0,8208,MATMUL,PIPE_M,86068,86656,588,378550
case_084,post,0,8212,MATMUL,PIPE_M,86656,87244,588,378550
case_084,post,0,1000026423,COPY_OUT,PIPE_MTE3,86656,87027,371,378550
case_084,post,0,1000026501,COPY_IN,PIPE_MTE2,86656,86663,7,378550
case_084,post,0,1000026499,COPY_IN,PIPE_MTE2,86663,87033,370,378550
case_084,post,0,1000026505,COPY_IN,PIPE_MTE2,87033,87446,413,378550
case_084,post,0,8214,DIV,PIPE_V,87244,87544,300,378550
case_084,post,0,1000026507,COPY_IN,PIPE_MTE2,87446,87788,342,378550
case_084,post,0,8215,REDUCE,PIPE_V,87544,87628,84,378550
case_084,post,0,8216,SUB,PIPE_V,87628,87712,84,378550
case_084,post,0,8217,EXP,PIPE_V,87712,88012,300,378550
case_084,post,0,8218,REDUCE,PIPE_V,88012,88096,84,378550
case_084,post,0,8219,DIV,PIPE_V,88096,88396,300,378550
case_084,post,0,8220,MATMUL,PIPE_M,88396,88984,588,378550
case_084,post,0,8224,MATMUL,PIPE_M,88984,89572,588,378550
case_084,post,0,1000026433,COPY_OUT,PIPE_MTE3,88984,89360,376,378550
case_084,post,0,1000026511,COPY_IN,PIPE_MTE2,88984,88991,7,378550
case_084,post,0,1000026509,COPY_IN,PIPE_MTE2,88991,89368,377,378550
case_084,post,0,1000026515,COPY_IN,PIPE_MTE2,89368,89734,366,378550
case_084,post,0,8226,DIV,PIPE_V,89572,89872,300,378550
case_084,post,0,1000026517,COPY_IN,PIPE_MTE2,89734,90013,279,378550
case_084,post,0,8227,REDUCE,PIPE_V,89872,89956,84,378550
case_084,post,0,8228,SUB,PIPE_V,89956,90040,84,378550
case_084,post,0,8229,EXP,PIPE_V,90040,90340,300,378550
case_084,post,0,8230,REDUCE,PIPE_V,90340,90424,84,378550
case_084,post,0,8231,DIV,PIPE_V,90424,90724,300,378550
case_084,post,0,8232,MATMUL,PIPE_M,90724,91312,588,378550
case_084,post,0,8236,MATMUL,PIPE_M,91312,91900,588,378550
case_084,post,0,1000026443,COPY_OUT,PIPE_MTE3,91312,91579,267,378550
case_084,post,0,1000026521,COPY_IN,PIPE_MTE2,91312,91318,6,378550
case_084,post,0,1000026519,COPY_IN,PIPE_MTE2,91318,91584,266,378550
case_084,post,0,1000026525,COPY_IN,PIPE_MTE2,91584,91834,250,378550
case_084,post,0,1000026527,COPY_IN,PIPE_MTE2,91834,91994,160,378550
case_084,post,0,8238,DIV,PIPE_V,91900,92200,300,378550
case_084,post,0,8239,REDUCE,PIPE_V,92200,92284,84,378550
case_084,post,0,8240,SUB,PIPE_V,92284,92368,84,378550
case_084,post,0,8241,EXP,PIPE_V,92368,92668,300,378550
case_084,post,0,8242,REDUCE,PIPE_V,92668,92752,84,378550
case_084,post,0,8243,DIV,PIPE_V,92752,93052,300,378550
case_084,post,0,8244,MATMUL,PIPE_M,93052,93640,588,378550
case_084,post,0,8248,MATMUL,PIPE_M,93640,94228,588,378550
case_084,post,0,1000026453,COPY_OUT,PIPE_MTE3,93640,93944,304,378550
case_084,post,0,1000026531,COPY_IN,PIPE_MTE2,93640,93646,6,378550
case_084,post,0,1000026529,COPY_IN,PIPE_MTE2,93646,93950,304,378550
case_084,post,0,1000026535,COPY_IN,PIPE_MTE2,93950,94222,272,378550
case_084,post,0,1000026537,COPY_IN,PIPE_MTE2,94222,94394,172,378550
case_084,post,0,8250,DIV,PIPE_V,94228,94528,300,378550
case_084,post,0,8251,REDUCE,PIPE_V,94528,94612,84,378550
case_084,post,0,8252,SUB,PIPE_V,94612,94696,84,378550
case_084,post,0,8253,EXP,PIPE_V,94696,94996,300,378550
case_084,post,0,8254,REDUCE,PIPE_V,94996,95080,84,378550
case_084,post,0,8255,DIV,PIPE_V,95080,95380,300,378550
case_084,post,0,8256,MATMUL,PIPE_M,95380,95968,588,378550
case_084,post,0,8260,MATMUL,PIPE_M,95968,96556,588,378550
case_084,post,0,1000026463,COPY_OUT,PIPE_MTE3,95968,96230,262,378550
case_084,post,0,1000026541,COPY_IN,PIPE_MTE2,95968,95974,6,378550
case_084,post,0,1000026539,COPY_IN,PIPE_MTE2,95974,96234,260,378550
case_084,post,0,1000026545,COPY_IN,PIPE_MTE2,96234,96502,268,378550
case_084,post,0,1000026547,COPY_IN,PIPE_MTE2,96502,96677,175,378550
case_084,post,0,8262,DIV,PIPE_V,96556,96856,300,378550
case_084,post,0,8263,REDUCE,PIPE_V,96856,96940,84,378550
case_084,post,0,8264,SUB,PIPE_V,96940,97024,84,378550
case_084,post,0,8265,EXP,PIPE_V,97024,97324,300,378550
case_084,post,0,8266,REDUCE,PIPE_V,97324,97408,84,378550
case_084,post,0,8267,DIV,PIPE_V,97408,97708,300,378550
case_084,post,0,8268,MATMUL,PIPE_M,97708,98296,588,378550
case_084,post,0,8272,MATMUL,PIPE_M,98296,98884,588,378550
case_084,post,0,1000026473,COPY_OUT,PIPE_MTE3,98296,98556,260,378550
case_084,post,0,1000026551,COPY_IN,PIPE_MTE2,98296,98301,5,378550
case_084,post,0,1000026549,COPY_IN,PIPE_MTE2,98301,98560,259,378550
case_084,post,0,1000026555,COPY_IN,PIPE_MTE2,98560,98742,182,378550
case_084,post,0,1000026557,COPY_IN,PIPE_MTE2,98742,98963,221,378550
case_084,post,0,8274,DIV,PIPE_V,98884,99184,300,378550
case_084,post,0,8275,REDUCE,PIPE_V,99184,99268,84,378550
case_084,post,0,8276,SUB,PIPE_V,99268,99352,84,378550
case_084,post,0,8277,EXP,PIPE_V,99352,99652,300,378550
case_084,post,0,8278,REDUCE,PIPE_V,99652,99736,84,378550
case_084,post,0,8279,DIV,PIPE_V,99736,100036,300,378550
case_084,post,0,8280,MATMUL,PIPE_M,100036,100624,588,378550
case_084,post,0,8284,MATMUL,PIPE_M,100624,101212,588,378550
case_084,post,0,1000026483,COPY_OUT,PIPE_MTE3,100624,100884,260,378550
case_084,post,0,1000026561,COPY_IN,PIPE_MTE2,100624,100629,5,378550
case_084,post,0,1000026559,COPY_IN,PIPE_MTE2,100629,100888,259,378550
case_084,post,0,1000026565,COPY_IN,PIPE_MTE2,100888,101044,156,378550
case_084,post,0,1000026567,COPY_IN,PIPE_MTE2,101044,101223,179,378550
case_084,post,0,8286,DIV,PIPE_V,101212,101512,300,378550
case_084,post,0,8287,REDUCE,PIPE_V,101512,101596,84,378550
case_084,post,0,8288,SUB,PIPE_V,101596,101680,84,378550
case_084,post,0,8289,EXP,PIPE_V,101680,101980,300,378550
case_084,post,0,8290,REDUCE,PIPE_V,101980,102064,84,378550
case_084,post,0,8291,DIV,PIPE_V,102064,102364,300,378550
case_084,post,0,8292,MATMUL,PIPE_M,102364,102952,588,378550
case_084,post,0,8296,MATMUL,PIPE_M,102952,103540,588,378550
case_084,post,0,1000026493,COPY_OUT,PIPE_MTE3,102952,103197,245,378550
case_084,post,0,1000026571,COPY_IN,PIPE_MTE2,102952,102957,5,378550
case_084,post,0,1000026569,COPY_IN,PIPE_MTE2,102957,103200,243,378550
case_084,post,0,1000026575,COPY_IN,PIPE_MTE2,103200,103356,156,378550
case_084,post,0,1000026577,COPY_IN,PIPE_MTE2,103356,103519,163,378550
case_084,post,0,8298,DIV,PIPE_V,103540,103840,300,378550
case_084,post,0,8299,REDUCE,PIPE_V,103840,103924,84,378550
case_084,post,0,8300,SUB,PIPE_V,103924,104008,84,378550
case_084,post,0,8301,EXP,PIPE_V,104008,104308,300,378550
case_084,post,0,8302,REDUCE,PIPE_V,104308,104392,84,378550
case_084,post,0,8303,DIV,PIPE_V,104392,104692,300,378550
case_084,post,0,8304,MATMUL,PIPE_M,104692,105280,588,378550
case_084,post,0,8308,MATMUL,PIPE_M,105280,105868,588,378550
case_084,post,0,1000026503,COPY_OUT,PIPE_MTE3,105280,105508,228,378550
case_084,post,0,1000026581,COPY_IN,PIPE_MTE2,105280,105284,4,378550
case_084,post,0,1000026579,COPY_IN,PIPE_MTE2,105284,105511,227,378550
case_084,post,0,1000026585,COPY_IN,PIPE_MTE2,105511,105667,156,378550
case_084,post,0,1000026587,COPY_IN,PIPE_MTE2,105667,105823,156,378550
case_084,post,0,8310,DIV,PIPE_V,105868,106168,300,378550
case_084,post,0,8311,REDUCE,PIPE_V,106168,106252,84,378550
case_084,post,0,8312,SUB,PIPE_V,106252,106336,84,378550
case_084,post,0,8313,EXP,PIPE_V,106336,106636,300,378550
case_084,post,0,8314,REDUCE,PIPE_V,106636,106720,84,378550
case_084,post,0,8315,DIV,PIPE_V,106720,107020,300,378550
case_084,post,0,8316,MATMUL,PIPE_M,107020,107608,588,378550
case_084,post,0,8320,MATMUL,PIPE_M,107608,108196,588,378550
case_084,post,0,1000026513,COPY_OUT,PIPE_MTE3,107608,107912,304,378550
case_084,post,0,1000026591,COPY_IN,PIPE_MTE2,107608,107613,5,378550
case_084,post,0,1000026589,COPY_IN,PIPE_MTE2,107613,107917,304,378550
case_084,post,0,1000026595,COPY_IN,PIPE_MTE2,107917,108131,214,378550
case_084,post,0,1000026597,COPY_IN,PIPE_MTE2,108131,108405,274,378550
case_084,post,0,8322,DIV,PIPE_V,108196,108496,300,378550
case_084,post,0,8323,REDUCE,PIPE_V,108496,108580,84,378550
case_084,post,0,8324,SUB,PIPE_V,108580,108664,84,378550
case_084,post,0,8325,EXP,PIPE_V,108664,108964,300,378550
case_084,post,0,8326,REDUCE,PIPE_V,108964,109048,84,378550
case_084,post,0,8327,DIV,PIPE_V,109048,109348,300,378550
case_084,post,0,8328,MATMUL,PIPE_M,109348,109936,588,378550
case_084,post,0,8332,MATMUL,PIPE_M,109936,110524,588,378550
case_084,post,0,1000026523,COPY_OUT,PIPE_MTE3,109936,110346,410,378550
case_084,post,0,1000026601,COPY_IN,PIPE_MTE2,109936,109944,8,378550
case_084,post,0,1000026599,COPY_IN,PIPE_MTE2,109944,110353,409,378550
case_084,post,0,1000026605,COPY_IN,PIPE_MTE2,110353,110708,355,378550
case_084,post,0,8334,DIV,PIPE_V,110524,110824,300,378550
case_084,post,0,1000026607,COPY_IN,PIPE_MTE2,110708,111029,321,378550
case_084,post,0,8335,REDUCE,PIPE_V,110824,110908,84,378550
case_084,post,0,8336,SUB,PIPE_V,110908,110992,84,378550
case_084,post,0,8337,EXP,PIPE_V,110992,111292,300,378550
case_084,post,0,8338,REDUCE,PIPE_V,111292,111376,84,378550
case_084,post,0,8339,DIV,PIPE_V,111376,111676,300,378550
case_084,post,0,8340,MATMUL,PIPE_M,111676,112264,588,378550
case_084,post,0,8344,MATMUL,PIPE_M,112264,112852,588,378550
case_084,post,0,1000026533,COPY_OUT,PIPE_MTE3,112264,112614,350,378550
case_084,post,0,1000026611,COPY_IN,PIPE_MTE2,112264,112270,6,378550
case_084,post,0,1000026609,COPY_IN,PIPE_MTE2,112270,112619,349,378550
case_084,post,0,1000026615,COPY_IN,PIPE_MTE2,112619,112927,308,378550
case_084,post,0,8346,DIV,PIPE_V,112852,113152,300,378550
case_084,post,0,1000026617,COPY_IN,PIPE_MTE2,112927,113255,328,378550
case_084,post,0,8347,REDUCE,PIPE_V,113152,113236,84,378550
case_084,post,0,8348,SUB,PIPE_V,113236,113320,84,378550
case_084,post,0,8349,EXP,PIPE_V,113320,113620,300,378550
case_084,post,0,8350,REDUCE,PIPE_V,113620,113704,84,378550
case_084,post,0,8351,DIV,PIPE_V,113704,114004,300,378550
case_084,post,0,8352,MATMUL,PIPE_M,114004,114592,588,378550
case_084,post,0,8356,MATMUL,PIPE_M,114592,115180,588,378550
case_084,post,0,1000026543,COPY_OUT,PIPE_MTE3,114592,114939,347,378550
case_084,post,0,1000026621,COPY_IN,PIPE_MTE2,114592,114598,6,378550
case_084,post,0,1000026619,COPY_IN,PIPE_MTE2,114598,114945,347,378550
case_084,post,0,1000026625,COPY_IN,PIPE_MTE2,114945,115266,321,378550
case_084,post,0,8358,DIV,PIPE_V,115180,115480,300,378550
case_084,post,0,1000026627,COPY_IN,PIPE_MTE2,115266,115610,344,378550
case_084,post,0,8359,REDUCE,PIPE_V,115480,115564,84,378550
case_084,post,0,8360,SUB,PIPE_V,115564,115648,84,378550
case_084,post,0,8361,EXP,PIPE_V,115648,115948,300,378550
case_084,post,0,8362,REDUCE,PIPE_V,115948,116032,84,378550
case_084,post,0,8363,DIV,PIPE_V,116032,116332,300,378550
case_084,post,0,8364,MATMUL,PIPE_M,116332,116920,588,378550
case_084,post,0,8368,MATMUL,PIPE_M,116920,117508,588,378550
case_084,post,0,1000026553,COPY_OUT,PIPE_MTE3,116920,117272,352,378550
case_084,post,0,1000026631,COPY_IN,PIPE_MTE2,116920,116928,8,378550
case_084,post,0,1000026629,COPY_IN,PIPE_MTE2,116928,117277,349,378550
case_084,post,0,1000026635,COPY_IN,PIPE_MTE2,117277,117669,392,378550
case_084,post,0,8370,DIV,PIPE_V,117508,117808,300,378550
case_084,post,0,1000026637,COPY_IN,PIPE_MTE2,117669,117979,310,378550
case_084,post,0,8371,REDUCE,PIPE_V,117808,117892,84,378550
case_084,post,0,8372,SUB,PIPE_V,117892,117976,84,378550
case_084,post,0,8373,EXP,PIPE_V,117976,118276,300,378550
case_084,post,0,8374,REDUCE,PIPE_V,118276,118360,84,378550
case_084,post,0,8375,DIV,PIPE_V,118360,118660,300,378550
case_084,post,0,8376,MATMUL,PIPE_M,118660,119248,588,378550
case_084,post,0,8380,MATMUL,PIPE_M,119248,119836,588,378550
case_084,post,0,1000026563,COPY_OUT,PIPE_MTE3,119248,119600,352,378550
case_084,post,0,1000026641,COPY_IN,PIPE_MTE2,119248,119255,7,378550
case_084,post,0,1000026639,COPY_IN,PIPE_MTE2,119255,119608,353,378550
case_084,post,0,1000026645,COPY_IN,PIPE_MTE2,119608,120005,397,378550
case_084,post,0,8382,DIV,PIPE_V,119836,120136,300,378550
case_084,post,0,1000026647,COPY_IN,PIPE_MTE2,120005,120282,277,378550
case_084,post,0,8383,REDUCE,PIPE_V,120136,120220,84,378550
case_084,post,0,8384,SUB,PIPE_V,120220,120304,84,378550
case_084,post,0,8385,EXP,PIPE_V,120304,120604,300,378550
case_084,post,0,8386,REDUCE,PIPE_V,120604,120688,84,378550
case_084,post,0,8387,DIV,PIPE_V,120688,120988,300,378550
case_084,post,0,8388,MATMUL,PIPE_M,120988,121576,588,378550
case_084,post,0,8392,MATMUL,PIPE_M,121576,122164,588,378550
case_084,post,0,1000026573,COPY_OUT,PIPE_MTE3,121576,121982,406,378550
case_084,post,0,1000026651,COPY_IN,PIPE_MTE2,121576,121584,8,378550
case_084,post,0,1000026649,COPY_IN,PIPE_MTE2,121584,121988,404,378550
case_084,post,0,1000026655,COPY_IN,PIPE_MTE2,121988,122262,274,378550
case_084,post,0,8394,DIV,PIPE_V,122164,122464,300,378550
case_084,post,0,1000026657,COPY_IN,PIPE_MTE2,122262,122621,359,378550
case_084,post,0,8395,REDUCE,PIPE_V,122464,122548,84,378550
case_084,post,0,8396,SUB,PIPE_V,122548,122632,84,378550
case_084,post,0,8397,EXP,PIPE_V,122632,122932,300,378550
case_084,post,0,8398,REDUCE,PIPE_V,122932,123016,84,378550
case_084,post,0,8399,DIV,PIPE_V,123016,123316,300,378550
case_084,post,0,8400,MATMUL,PIPE_M,123316,123904,588,378550
case_084,post,0,8404,MATMUL,PIPE_M,123904,124492,588,378550
case_084,post,0,1000026583,COPY_OUT,PIPE_MTE3,123904,124216,312,378550
case_084,post,0,1000026661,COPY_IN,PIPE_MTE2,123904,123910,6,378550
case_084,post,0,1000026659,COPY_IN,PIPE_MTE2,123910,124221,311,378550
case_084,post,0,1000026665,COPY_IN,PIPE_MTE2,124221,124545,324,378550
case_084,post,0,8406,DIV,PIPE_V,124492,124792,300,378550
case_084,post,0,1000026667,COPY_IN,PIPE_MTE2,124545,124867,322,378550
case_084,post,0,8407,REDUCE,PIPE_V,124792,124876,84,378550
case_084,post,0,8408,SUB,PIPE_V,124876,124960,84,378550
case_084,post,0,8409,EXP,PIPE_V,124960,125260,300,378550
case_084,post,0,8410,REDUCE,PIPE_V,125260,125344,84,378550
case_084,post,0,8411,DIV,PIPE_V,125344,125644,300,378550
case_084,post,0,8412,MATMUL,PIPE_M,125644,126232,588,378550
case_084,post,0,8416,MATMUL,PIPE_M,126232,126820,588,378550
case_084,post,0,1000026593,COPY_OUT,PIPE_MTE3,126232,126598,366,378550
case_084,post,0,1000026671,COPY_IN,PIPE_MTE2,126232,126239,7,378550
case_084,post,0,1000026669,COPY_IN,PIPE_MTE2,126239,126606,367,378550
case_084,post,0,1000026675,COPY_IN,PIPE_MTE2,126606,126982,376,378550
case_084,post,0,8418,DIV,PIPE_V,126820,127120,300,378550
case_084,post,0,1000026677,COPY_IN,PIPE_MTE2,126982,127321,339,378550
case_084,post,0,8419,REDUCE,PIPE_V,127120,127204,84,378550
case_084,post,0,8420,SUB,PIPE_V,127204,127288,84,378550
case_084,post,0,8421,EXP,PIPE_V,127288,127588,300,378550
case_084,post,0,8422,REDUCE,PIPE_V,127588,127672,84,378550
case_084,post,0,8423,DIV,PIPE_V,127672,127972,300,378550
case_084,post,0,8424,MATMUL,PIPE_M,127972,128560,588,378550
case_084,post,0,8428,MATMUL,PIPE_M,128560,129148,588,378550
case_084,post,0,1000026603,COPY_OUT,PIPE_MTE3,128560,128879,319,378550
case_084,post,0,1000026681,COPY_IN,PIPE_MTE2,128560,128567,7,378550
case_084,post,0,1000026679,COPY_IN,PIPE_MTE2,128567,128886,319,378550
case_084,post,0,1000026685,COPY_IN,PIPE_MTE2,128886,129205,319,378550
case_084,post,0,8430,DIV,PIPE_V,129148,129448,300,378550
case_084,post,0,1000026687,COPY_IN,PIPE_MTE2,129205,129480,275,378550
case_084,post,0,8431,REDUCE,PIPE_V,129448,129532,84,378550
case_084,post,0,8432,SUB,PIPE_V,129532,129616,84,378550
case_084,post,0,8433,EXP,PIPE_V,129616,129916,300,378550
case_084,post,0,8434,REDUCE,PIPE_V,129916,130000,84,378550
case_084,post,0,8435,DIV,PIPE_V,130000,130300,300,378550
case_084,post,0,8436,MATMUL,PIPE_M,130300,130888,588,378550
case_084,post,0,8440,MATMUL,PIPE_M,130888,131476,588,378550
case_084,post,0,1000026613,COPY_OUT,PIPE_MTE3,130888,131206,318,378550
case_084,post,0,1000026691,COPY_IN,PIPE_MTE2,130888,130894,6,378550
case_084,post,0,1000026689,COPY_IN,PIPE_MTE2,130894,131211,317,378550
case_084,post,0,1000026695,COPY_IN,PIPE_MTE2,131211,131448,237,378550
case_084,post,0,1000026697,COPY_IN,PIPE_MTE2,131448,131733,285,378550
case_084,post,0,8442,DIV,PIPE_V,131476,131776,300,378550
case_084,post,0,8443,REDUCE,PIPE_V,131776,131860,84,378550
case_084,post,0,8444,SUB,PIPE_V,131860,131944,84,378550
case_084,post,0,8445,EXP,PIPE_V,131944,132244,300,378550
case_084,post,0,8446,REDUCE,PIPE_V,132244,132328,84,378550
case_084,post,0,8447,DIV,PIPE_V,132328,132628,300,378550
case_084,post,0,8448,MATMUL,PIPE_M,132628,133216,588,378550
case_084,post,0,8452,MATMUL,PIPE_M,133216,133804,588,378550
case_084,post,0,1000026623,COPY_OUT,PIPE_MTE3,133216,133572,356,378550
case_084,post,0,1000026701,COPY_IN,PIPE_MTE2,133216,133224,8,378550
case_084,post,0,1000026699,COPY_IN,PIPE_MTE2,133224,133579,355,378550
case_084,post,0,1000026705,COPY_IN,PIPE_MTE2,133579,133957,378,378550
case_084,post,0,8454,DIV,PIPE_V,133804,134104,300,378550
case_084,post,0,1000026707,COPY_IN,PIPE_MTE2,133957,134267,310,378550
case_084,post,0,8455,REDUCE,PIPE_V,134104,134188,84,378550
case_084,post,0,8456,SUB,PIPE_V,134188,134272,84,378550
case_084,post,0,8457,EXP,PIPE_V,134272,134572,300,378550
case_084,post,0,8458,REDUCE,PIPE_V,134572,134656,84,378550
case_084,post,0,8459,DIV,PIPE_V,134656,134956,300,378550
case_084,post,0,8460,MATMUL,PIPE_M,134956,135544,588,378550
case_084,post,0,8464,MATMUL,PIPE_M,135544,136132,588,378550
case_084,post,0,1000026633,COPY_OUT,PIPE_MTE3,135544,135824,280,378550
case_084,post,0,1000026711,COPY_IN,PIPE_MTE2,135544,135550,6,378550
case_084,post,0,1000026709,COPY_IN,PIPE_MTE2,135550,135829,279,378550
case_084,post,0,1000026715,COPY_IN,PIPE_MTE2,135829,136128,299,378550
case_084,post,0,1000026717,COPY_IN,PIPE_MTE2,136128,136410,282,378550
case_084,post,0,8466,DIV,PIPE_V,136132,136432,300,378550
case_084,post,0,8467,REDUCE,PIPE_V,136432,136516,84,378550
case_084,post,0,8468,SUB,PIPE_V,136516,136600,84,378550
case_084,post,0,8469,EXP,PIPE_V,136600,136900,300,378550
case_084,post,0,8470,REDUCE,PIPE_V,136900,136984,84,378550
case_084,post,0,8471,DIV,PIPE_V,136984,137284,300,378550
case_084,post,0,8472,MATMUL,PIPE_M,137284,137872,588,378550
case_084,post,0,8476,MATMUL,PIPE_M,137872,138460,588,378550
case_084,post,0,1000026643,COPY_OUT,PIPE_MTE3,137872,138229,357,378550
case_084,post,0,1000026721,COPY_IN,PIPE_MTE2,137872,137879,7,378550
case_084,post,0,1000026719,COPY_IN,PIPE_MTE2,137879,138235,356,378550
case_084,post,0,1000026725,COPY_IN,PIPE_MTE2,138235,138585,350,378550
case_084,post,0,8478,DIV,PIPE_V,138460,138760,300,378550
case_084,post,0,1000026727,COPY_IN,PIPE_MTE2,138585,138918,333,378550
case_084,post,0,8479,REDUCE,PIPE_V,138760,138844,84,378550
case_084,post,0,8480,SUB,PIPE_V,138844,138928,84,378550
case_084,post,0,8481,EXP,PIPE_V,138928,139228,300,378550
case_084,post,0,8482,REDUCE,PIPE_V,139228,139312,84,378550
case_084,post,0,8483,DIV,PIPE_V,139312,139612,300,378550
case_084,post,0,8484,MATMUL,PIPE_M,139612,140200,588,378550
case_084,post,0,8488,MATMUL,PIPE_M,140200,140788,588,378550
case_084,post,0,1000026653,COPY_OUT,PIPE_MTE3,140200,140501,301,378550
case_084,post,0,1000026731,COPY_IN,PIPE_MTE2,140200,140207,7,378550
case_084,post,0,1000026729,COPY_IN,PIPE_MTE2,140207,140506,299,378550
case_084,post,0,1000026735,COPY_IN,PIPE_MTE2,140506,140883,377,378550
case_084,post,0,8490,DIV,PIPE_V,140788,141088,300,378550
case_084,post,0,1000026737,COPY_IN,PIPE_MTE2,140883,141151,268,378550
case_084,post,0,8491,REDUCE,PIPE_V,141088,141172,84,378550
case_084,post,0,8492,SUB,PIPE_V,141172,141256,84,378550
case_084,post,0,8493,EXP,PIPE_V,141256,141556,300,378550
case_084,post,0,8494,REDUCE,PIPE_V,141556,141640,84,378550
case_084,post,0,8495,DIV,PIPE_V,141640,141940,300,378550
case_084,post,0,8496,MATMUL,PIPE_M,141940,142528,588,378550
case_084,post,0,8500,MATMUL,PIPE_M,142528,143116,588,378550
case_084,post,0,1000026663,COPY_OUT,PIPE_MTE3,142528,142808,280,378550
case_084,post,0,1000026741,COPY_IN,PIPE_MTE2,142528,142534,6,378550
case_084,post,0,1000026739,COPY_IN,PIPE_MTE2,142534,142814,280,378550
case_084,post,0,1000026745,COPY_IN,PIPE_MTE2,142814,143115,301,378550
case_084,post,0,1000026747,COPY_IN,PIPE_MTE2,143115,143367,252,378550
case_084,post,0,8502,DIV,PIPE_V,143116,143416,300,378550
case_084,post,0,8503,REDUCE,PIPE_V,143416,143500,84,378550
case_084,post,0,8504,SUB,PIPE_V,143500,143584,84,378550
case_084,post,0,8505,EXP,PIPE_V,143584,143884,300,378550
case_084,post,0,8506,REDUCE,PIPE_V,143884,143968,84,378550
case_084,post,0,8507,DIV,PIPE_V,143968,144268,300,378550
case_084,post,0,8508,MATMUL,PIPE_M,144268,144856,588,378550
case_084,post,0,8512,MATMUL,PIPE_M,144856,145444,588,378550
case_084,post,0,1000026673,COPY_OUT,PIPE_MTE3,144856,145151,295,378550
case_084,post,0,1000026751,COPY_IN,PIPE_MTE2,144856,144862,6,378550
case_084,post,0,1000026749,COPY_IN,PIPE_MTE2,144862,145155,293,378550
case_084,post,0,1000026755,COPY_IN,PIPE_MTE2,145155,145428,273,378550
case_084,post,0,1000026757,COPY_IN,PIPE_MTE2,145428,145771,343,378550
case_084,post,0,8514,DIV,PIPE_V,145444,145744,300,378550
case_084,post,0,8515,REDUCE,PIPE_V,145744,145828,84,378550
case_084,post,0,8516,SUB,PIPE_V,145828,145912,84,378550
case_084,post,0,8517,EXP,PIPE_V,145912,146212,300,378550
case_084,post,0,8518,REDUCE,PIPE_V,146212,146296,84,378550
case_084,post,0,8519,DIV,PIPE_V,146296,146596,300,378550
case_084,post,0,8520,MATMUL,PIPE_M,146596,147184,588,378550
case_084,post,0,8524,MATMUL,PIPE_M,147184,147772,588,378550
case_084,post,0,1000026683,COPY_OUT,PIPE_MTE3,147184,147525,341,378550
case_084,post,0,1000026761,COPY_IN,PIPE_MTE2,147184,147190,6,378550
case_084,post,0,1000026759,COPY_IN,PIPE_MTE2,147190,147533,343,378550
case_084,post,0,1000026042,COPY_IN,PIPE_MTE2,147533,147856,323,378550
case_084,post,0,8526,DIV,PIPE_V,147772,148072,300,378550
case_084,post,0,1000026044,COPY_IN,PIPE_MTE2,147856,148117,261,378550
case_084,post,0,8527,REDUCE,PIPE_V,148072,148156,84,378550
case_084,post,0,8528,SUB,PIPE_V,148156,148240,84,378550
case_084,post,0,8529,EXP,PIPE_V,148240,148540,300,378550
case_084,post,0,8530,REDUCE,PIPE_V,148540,148624,84,378550
case_084,post,0,8531,DIV,PIPE_V,148624,148924,300,378550
case_084,post,0,8532,MATMUL,PIPE_M,148924,149512,588,378550
case_084,post,0,8536,MATMUL,PIPE_M,149512,150100,588,378550
case_084,post,0,1000026048,COPY_IN,PIPE_MTE2,149512,149518,6,378550
case_084,post,0,1000026693,COPY_OUT,PIPE_MTE3,149512,149851,339,378550
case_084,post,0,1000024303,COPY_IN,PIPE_MTE2,149518,149856,338,378550
case_084,post,0,1000024305,COPY_IN,PIPE_MTE2,149856,150081,225,378550
case_084,post,0,8538,DIV,PIPE_V,150100,150400,300,378550
case_084,post,0,8539,REDUCE,PIPE_V,150400,150484,84,378550
case_084,post,0,8540,SUB,PIPE_V,150484,150568,84,378550
case_084,post,0,8541,EXP,PIPE_V,150568,150868,300,378550
case_084,post,0,8542,REDUCE,PIPE_V,150868,150952,84,378550
case_084,post,0,1000024309,COPY_IN,PIPE_MTE2,150868,150873,5,378550
case_084,post,0,1000024307,COPY_IN,PIPE_MTE2,150873,151115,242,378550
case_084,post,0,8543,DIV,PIPE_V,150952,151252,300,378550
case_084,post,0,1000024313,COPY_IN,PIPE_MTE2,151115,151321,206,378550
case_084,post,0,8544,MATMUL,PIPE_M,151252,151840,588,378550
case_084,post,0,1000024315,COPY_IN,PIPE_MTE2,151321,151493,172,378550
case_084,post,0,8548,MATMUL,PIPE_M,151840,152428,588,378550
case_084,post,0,1000026703,COPY_OUT,PIPE_MTE3,151840,152084,244,378550
case_084,post,0,8550,DIV,PIPE_V,152428,152728,300,378550
case_084,post,0,8551,REDUCE,PIPE_V,152728,152812,84,378550
case_084,post,0,8552,SUB,PIPE_V,152812,152896,84,378550
case_084,post,0,8553,EXP,PIPE_V,152896,153196,300,378550
case_084,post,0,8554,REDUCE,PIPE_V,153196,153280,84,378550
case_084,post,0,1000024319,COPY_IN,PIPE_MTE2,153196,153201,5,378550
case_084,post,0,1000024317,COPY_IN,PIPE_MTE2,153201,153370,169,378550
case_084,post,0,8555,DIV,PIPE_V,153280,153580,300,378550
case_084,post,0,1000024323,COPY_IN,PIPE_MTE2,153370,153507,137,378550
case_084,post,0,1000024325,COPY_IN,PIPE_MTE2,153507,153724,217,378550
case_084,post,0,8556,MATMUL,PIPE_M,153580,154168,588,378550
case_084,post,0,8560,MATMUL,PIPE_M,154168,154756,588,378550
case_084,post,0,1000026713,COPY_OUT,PIPE_MTE3,154168,154456,288,378550
case_084,post,0,8562,DIV,PIPE_V,154756,155056,300,378550
case_084,post,0,8563,REDUCE,PIPE_V,155056,155140,84,378550
case_084,post,0,8564,SUB,PIPE_V,155140,155224,84,378550
case_084,post,0,8565,EXP,PIPE_V,155224,155524,300,378550
case_084,post,0,8566,REDUCE,PIPE_V,155524,155608,84,378550
case_084,post,0,1000024329,COPY_IN,PIPE_MTE2,155524,155530,6,378550
case_084,post,0,1000024327,COPY_IN,PIPE_MTE2,155530,155741,211,378550
case_084,post,0,8567,DIV,PIPE_V,155608,155908,300,378550
case_084,post,0,1000024333,COPY_IN,PIPE_MTE2,155741,156000,259,378550
case_084,post,0,8568,MATMUL,PIPE_M,155908,156496,588,378550
case_084,post,0,1000024335,COPY_IN,PIPE_MTE2,156000,156165,165,378550
case_084,post,0,8572,MATMUL,PIPE_M,156496,157084,588,378550
case_084,post,0,1000026723,COPY_OUT,PIPE_MTE3,156496,156838,342,378550
case_084,post,0,8574,DIV,PIPE_V,157084,157384,300,378550
case_084,post,0,8575,REDUCE,PIPE_V,157384,157468,84,378550
case_084,post,0,8576,SUB,PIPE_V,157468,157552,84,378550
case_084,post,0,8577,EXP,PIPE_V,157552,157852,300,378550
case_084,post,0,8578,REDUCE,PIPE_V,157852,157936,84,378550
case_084,post,0,1000024339,COPY_IN,PIPE_MTE2,157852,157858,6,378550
case_084,post,0,1000024337,COPY_IN,PIPE_MTE2,157858,158074,216,378550
case_084,post,0,8579,DIV,PIPE_V,157936,158236,300,378550
case_084,post,0,1000024343,COPY_IN,PIPE_MTE2,158074,158185,111,378550
case_084,post,0,1000024345,COPY_IN,PIPE_MTE2,158185,158429,244,378550
case_084,post,0,8580,MATMUL,PIPE_M,158236,158824,588,378550
case_084,post,0,8584,MATMUL,PIPE_M,158824,159412,588,378550
case_084,post,0,1000026733,COPY_OUT,PIPE_MTE3,158824,159190,366,378550
case_084,post,0,8586,DIV,PIPE_V,159412,159712,300,378550
case_084,post,0,8587,REDUCE,PIPE_V,159712,159796,84,378550
case_084,post,0,8588,SUB,PIPE_V,159796,159880,84,378550
case_084,post,0,8589,EXP,PIPE_V,159880,160180,300,378550
case_084,post,0,8590,REDUCE,PIPE_V,160180,160264,84,378550
case_084,post,0,1000024349,COPY_IN,PIPE_MTE2,160180,160184,4,378550
case_084,post,0,1000024347,COPY_IN,PIPE_MTE2,160184,160405,221,378550
case_084,post,0,8591,DIV,PIPE_V,160264,160564,300,378550
case_084,post,0,1000024353,COPY_IN,PIPE_MTE2,160405,160636,231,378550
case_084,post,0,8592,MATMUL,PIPE_M,160564,161152,588,378550
case_084,post,0,1000024355,COPY_IN,PIPE_MTE2,160636,160890,254,378550
case_084,post,0,8596,MATMUL,PIPE_M,161152,161740,588,378550
case_084,post,0,1000026743,COPY_OUT,PIPE_MTE3,161152,161480,328,378550
case_084,post,0,8598,DIV,PIPE_V,161740,162040,300,378550
case_084,post,0,8599,REDUCE,PIPE_V,162040,162124,84,378550
case_084,post,0,8600,SUB,PIPE_V,162124,162208,84,378550
case_084,post,0,8601,EXP,PIPE_V,162208,162508,300,378550
case_084,post,0,8602,REDUCE,PIPE_V,162508,162592,84,378550
case_084,post,0,1000024359,COPY_IN,PIPE_MTE2,162508,162510,2,378550
case_084,post,0,1000024357,COPY_IN,PIPE_MTE2,162510,162567,57,378550
case_084,post,0,1000024363,COPY_IN,PIPE_MTE2,162567,162665,98,378550
case_084,post,0,8603,DIV,PIPE_V,162592,162892,300,378550
case_084,post,0,1000024365,COPY_IN,PIPE_MTE2,162665,162723,58,378550
case_084,post,0,8604,MATMUL,PIPE_M,162892,163480,588,378550
case_084,post,0,8608,MATMUL,PIPE_M,163480,164068,588,378550
case_084,post,0,1000026753,COPY_OUT,PIPE_MTE3,163480,163636,156,378550
case_084,post,0,8610,DIV,PIPE_V,164068,164368,300,378550
case_084,post,0,8611,REDUCE,PIPE_V,164368,164452,84,378550
case_084,post,0,8612,SUB,PIPE_V,164452,164536,84,378550
case_084,post,0,8613,EXP,PIPE_V,164536,164836,300,378550
case_084,post,0,8614,REDUCE,PIPE_V,164836,164920,84,378550
case_084,post,0,1000024369,COPY_IN,PIPE_MTE2,164836,164838,2,378550
case_084,post,0,1000024367,COPY_IN,PIPE_MTE2,164838,164970,132,378550
case_084,post,0,8615,DIV,PIPE_V,164920,165220,300,378550
case_084,post,0,1000024373,COPY_IN,PIPE_MTE2,164970,165089,119,378550
case_084,post,0,1000024375,COPY_IN,PIPE_MTE2,165089,165193,104,378550
case_084,post,0,8616,MATMUL,PIPE_M,165220,165808,588,378550
case_084,post,0,7756,MATMUL,PIPE_M,165808,166396,588,378550
case_084,post,0,1000026763,COPY_OUT,PIPE_MTE3,165808,165988,180,378550
case_084,post,0,6040,MATMUL,PIPE_M,166396,166984,588,378550
case_084,post,0,7758,DIV,PIPE_V,166396,166696,300,378550
case_084,post,0,7759,REDUCE,PIPE_V,166696,166780,84,378550
case_084,post,0,7760,SUB,PIPE_V,166780,166864,84,378550
case_084,post,0,1000026050,COPY_OUT,PIPE_MTE3,166864,166943,79,378550
case_084,post,0,1000024379,COPY_IN,PIPE_MTE2,166943,166945,2,378550
case_084,post,0,1000024377,COPY_IN,PIPE_MTE2,166945,167046,101,378550
case_084,post,0,6042,DIV,PIPE_V,166984,167284,300,378550
case_084,post,0,1000024383,COPY_IN,PIPE_MTE2,167046,167153,107,378550
case_084,post,0,1000024385,COPY_IN,PIPE_MTE2,167153,167309,156,378550
case_084,post,0,6043,REDUCE,PIPE_V,167284,167368,84,378550
case_084,post,0,6044,SUB,PIPE_V,167368,167452,84,378550
case_084,post,0,6045,EXP,PIPE_V,167452,167752,300,378550
case_084,post,0,6046,REDUCE,PIPE_V,167752,167836,84,378550
case_084,post,0,6047,DIV,PIPE_V,167836,168136,300,378550
case_084,post,0,6048,MATMUL,PIPE_M,168136,168724,588,378550
case_084,post,0,6052,MATMUL,PIPE_M,168724,169312,588,378550
case_084,post,0,1000024311,COPY_OUT,PIPE_MTE3,168724,168914,190,378550
case_084,post,0,1000024389,COPY_IN,PIPE_MTE2,168724,168727,3,378550
case_084,post,0,1000024387,COPY_IN,PIPE_MTE2,168727,168917,190,378550
case_084,post,0,1000024393,COPY_IN,PIPE_MTE2,168917,169052,135,378550
case_084,post,0,1000024395,COPY_IN,PIPE_MTE2,169052,169279,227,378550
case_084,post,0,6054,DIV,PIPE_V,169312,169612,300,378550
case_084,post,0,6055,REDUCE,PIPE_V,169612,169696,84,378550
case_084,post,0,6056,SUB,PIPE_V,169696,169780,84,378550
case_084,post,0,6057,EXP,PIPE_V,169780,170080,300,378550
case_084,post,0,6058,REDUCE,PIPE_V,170080,170164,84,378550
case_084,post,0,6059,DIV,PIPE_V,170164,170464,300,378550
case_084,post,0,6060,MATMUL,PIPE_M,170464,171052,588,378550
case_084,post,0,6064,MATMUL,PIPE_M,171052,171640,588,378550
case_084,post,0,1000024321,COPY_OUT,PIPE_MTE3,171052,171320,268,378550
case_084,post,0,1000024399,COPY_IN,PIPE_MTE2,171052,171056,4,378550
case_084,post,0,1000024397,COPY_IN,PIPE_MTE2,171056,171324,268,378550
case_084,post,0,1000024403,COPY_IN,PIPE_MTE2,171324,171549,225,378550
case_084,post,0,1000024405,COPY_IN,PIPE_MTE2,171549,171782,233,378550
case_084,post,0,6066,DIV,PIPE_V,171640,171940,300,378550
case_084,post,0,6067,REDUCE,PIPE_V,171940,172024,84,378550
case_084,post,0,6068,SUB,PIPE_V,172024,172108,84,378550
case_084,post,0,6069,EXP,PIPE_V,172108,172408,300,378550
case_084,post,0,6070,REDUCE,PIPE_V,172408,172492,84,378550
case_084,post,0,6071,DIV,PIPE_V,172492,172792,300,378550
case_084,post,0,6072,MATMUL,PIPE_M,172792,173380,588,378550
case_084,post,0,6076,MATMUL,PIPE_M,173380,173968,588,378550
case_084,post,0,1000024331,COPY_OUT,PIPE_MTE3,173380,173675,295,378550
case_084,post,0,1000024409,COPY_IN,PIPE_MTE2,173380,173385,5,378550
case_084,post,0,1000024407,COPY_IN,PIPE_MTE2,173385,173681,296,378550
case_084,post,0,1000024413,COPY_IN,PIPE_MTE2,173681,173953,272,378550
case_084,post,0,1000024415,COPY_IN,PIPE_MTE2,173953,174180,227,378550
case_084,post,0,6078,DIV,PIPE_V,173968,174268,300,378550
case_084,post,0,6079,REDUCE,PIPE_V,174268,174352,84,378550
case_084,post,0,6080,SUB,PIPE_V,174352,174436,84,378550
case_084,post,0,6081,EXP,PIPE_V,174436,174736,300,378550
case_084,post,0,6082,REDUCE,PIPE_V,174736,174820,84,378550
case_084,post,0,6083,DIV,PIPE_V,174820,175120,300,378550
case_084,post,0,6084,MATMUL,PIPE_M,175120,175708,588,378550
case_084,post,0,6088,MATMUL,PIPE_M,175708,176296,588,378550
case_084,post,0,1000024341,COPY_OUT,PIPE_MTE3,175708,175959,251,378550
case_084,post,0,1000024419,COPY_IN,PIPE_MTE2,175708,175713,5,378550
case_084,post,0,1000024417,COPY_IN,PIPE_MTE2,175713,175963,250,378550
case_084,post,0,1000024423,COPY_IN,PIPE_MTE2,175963,176214,251,378550
case_084,post,0,1000024425,COPY_IN,PIPE_MTE2,176214,176499,285,378550
case_084,post,0,6090,DIV,PIPE_V,176296,176596,300,378550
case_084,post,0,6091,REDUCE,PIPE_V,176596,176680,84,378550
case_084,post,0,6092,SUB,PIPE_V,176680,176764,84,378550
case_084,post,0,6093,EXP,PIPE_V,176764,177064,300,378550
case_084,post,0,6094,REDUCE,PIPE_V,177064,177148,84,378550
case_084,post,0,6095,DIV,PIPE_V,177148,177448,300,378550
case_084,post,0,6096,MATMUL,PIPE_M,177448,178036,588,378550
case_084,post,0,6100,MATMUL,PIPE_M,178036,178624,588,378550
case_084,post,0,1000024351,COPY_OUT,PIPE_MTE3,178036,178317,281,378550
case_084,post,0,1000024429,COPY_IN,PIPE_MTE2,178036,178042,6,378550
case_084,post,0,1000024427,COPY_IN,PIPE_MTE2,178042,178322,280,378550
case_084,post,0,1000024433,COPY_IN,PIPE_MTE2,178322,178554,232,378550
case_084,post,0,1000024435,COPY_IN,PIPE_MTE2,178554,178825,271,378550
case_084,post,0,6102,DIV,PIPE_V,178624,178924,300,378550
case_084,post,0,6103,REDUCE,PIPE_V,178924,179008,84,378550
case_084,post,0,6104,SUB,PIPE_V,179008,179092,84,378550
case_084,post,0,6105,EXP,PIPE_V,179092,179392,300,378550
case_084,post,0,6106,REDUCE,PIPE_V,179392,179476,84,378550
case_084,post,0,6107,DIV,PIPE_V,179476,179776,300,378550
case_084,post,0,6108,MATMUL,PIPE_M,179776,180364,588,378550
case_084,post,0,6112,MATMUL,PIPE_M,180364,180952,588,378550
case_084,post,0,1000024361,COPY_OUT,PIPE_MTE3,180364,180636,272,378550
case_084,post,0,1000024439,COPY_IN,PIPE_MTE2,180364,180370,6,378550
case_084,post,0,1000024437,COPY_IN,PIPE_MTE2,180370,180641,271,378550
case_084,post,0,1000024443,COPY_IN,PIPE_MTE2,180641,180903,262,378550
case_084,post,0,1000024445,COPY_IN,PIPE_MTE2,180903,181129,226,378550
case_084,post,0,6114,DIV,PIPE_V,180952,181252,300,378550
case_084,post,0,6115,REDUCE,PIPE_V,181252,181336,84,378550
case_084,post,0,6116,SUB,PIPE_V,181336,181420,84,378550
case_084,post,0,6117,EXP,PIPE_V,181420,181720,300,378550
case_084,post,0,6118,REDUCE,PIPE_V,181720,181804,84,378550
case_084,post,0,6119,DIV,PIPE_V,181804,182104,300,378550
case_084,post,0,6120,MATMUL,PIPE_M,182104,182692,588,378550
case_084,post,0,6124,MATMUL,PIPE_M,182692,183280,588,378550
case_084,post,0,1000024371,COPY_OUT,PIPE_MTE3,182692,182975,283,378550
case_084,post,0,1000024449,COPY_IN,PIPE_MTE2,182692,182697,5,378550
case_084,post,0,1000024447,COPY_IN,PIPE_MTE2,182697,182979,282,378550
case_084,post,0,1000024453,COPY_IN,PIPE_MTE2,182979,183242,263,378550
case_084,post,0,1000024455,COPY_IN,PIPE_MTE2,183242,183492,250,378550
case_084,post,0,6126,DIV,PIPE_V,183280,183580,300,378550
case_084,post,0,6127,REDUCE,PIPE_V,183580,183664,84,378550
case_084,post,0,6128,SUB,PIPE_V,183664,183748,84,378550
case_084,post,0,6129,EXP,PIPE_V,183748,184048,300,378550
case_084,post,0,6130,REDUCE,PIPE_V,184048,184132,84,378550
case_084,post,0,6131,DIV,PIPE_V,184132,184432,300,378550
case_084,post,0,6132,MATMUL,PIPE_M,184432,185020,588,378550
case_084,post,0,6136,MATMUL,PIPE_M,185020,185608,588,378550
case_084,post,0,1000024381,COPY_OUT,PIPE_MTE3,185020,185307,287,378550
case_084,post,0,1000024459,COPY_IN,PIPE_MTE2,185020,185025,5,378550
case_084,post,0,1000024457,COPY_IN,PIPE_MTE2,185025,185312,287,378550
case_084,post,0,1000024463,COPY_IN,PIPE_MTE2,185312,185533,221,378550
case_084,post,0,1000024465,COPY_IN,PIPE_MTE2,185533,185815,282,378550
case_084,post,0,6138,DIV,PIPE_V,185608,185908,300,378550
case_084,post,0,6139,REDUCE,PIPE_V,185908,185992,84,378550
case_084,post,0,6140,SUB,PIPE_V,185992,186076,84,378550
case_084,post,0,6141,EXP,PIPE_V,186076,186376,300,378550
case_084,post,0,6142,REDUCE,PIPE_V,186376,186460,84,378550
case_084,post,0,6143,DIV,PIPE_V,186460,186760,300,378550
case_084,post,0,6144,MATMUL,PIPE_M,186760,187348,588,378550
case_084,post,0,6148,MATMUL,PIPE_M,187348,187936,588,378550
case_084,post,0,1000024391,COPY_OUT,PIPE_MTE3,187348,187581,233,378550
case_084,post,0,1000024469,COPY_IN,PIPE_MTE2,187348,187353,5,378550
case_084,post,0,1000024467,COPY_IN,PIPE_MTE2,187353,187586,233,378550
case_084,post,0,1000024473,COPY_IN,PIPE_MTE2,187586,187827,241,378550
case_084,post,0,1000024475,COPY_IN,PIPE_MTE2,187827,188077,250,378550
case_084,post,0,6150,DIV,PIPE_V,187936,188236,300,378550
case_084,post,0,6151,REDUCE,PIPE_V,188236,188320,84,378550
case_084,post,0,6152,SUB,PIPE_V,188320,188404,84,378550
case_084,post,0,6153,EXP,PIPE_V,188404,188704,300,378550
case_084,post,0,6154,REDUCE,PIPE_V,188704,188788,84,378550
case_084,post,0,6155,DIV,PIPE_V,188788,189088,300,378550
case_084,post,0,6156,MATMUL,PIPE_M,189088,189676,588,378550
case_084,post,0,6160,MATMUL,PIPE_M,189676,190264,588,378550
case_084,post,0,1000024401,COPY_OUT,PIPE_MTE3,189676,189937,261,378550
case_084,post,0,1000024479,COPY_IN,PIPE_MTE2,189676,189681,5,378550
case_084,post,0,1000024477,COPY_IN,PIPE_MTE2,189681,189942,261,378550
case_084,post,0,1000024483,COPY_IN,PIPE_MTE2,189942,190207,265,378550
case_084,post,0,1000024485,COPY_IN,PIPE_MTE2,190207,190455,248,378550
case_084,post,0,6162,DIV,PIPE_V,190264,190564,300,378550
case_084,post,0,6163,REDUCE,PIPE_V,190564,190648,84,378550
case_084,post,0,6164,SUB,PIPE_V,190648,190732,84,378550
case_084,post,0,6165,EXP,PIPE_V,190732,191032,300,378550
case_084,post,0,6166,REDUCE,PIPE_V,191032,191116,84,378550
case_084,post,0,6167,DIV,PIPE_V,191116,191416,300,378550
case_084,post,0,6168,MATMUL,PIPE_M,191416,192004,588,378550
case_084,post,0,6172,MATMUL,PIPE_M,192004,192592,588,378550
case_084,post,0,1000024411,COPY_OUT,PIPE_MTE3,192004,192284,280,378550
case_084,post,0,1000024489,COPY_IN,PIPE_MTE2,192004,192010,6,378550
case_084,post,0,1000024487,COPY_IN,PIPE_MTE2,192010,192288,278,378550
case_084,post,0,1000024493,COPY_IN,PIPE_MTE2,192288,192537,249,378550
case_084,post,0,1000024495,COPY_IN,PIPE_MTE2,192537,192799,262,378550
case_084,post,0,6174,DIV,PIPE_V,192592,192892,300,378550
case_084,post,0,6175,REDUCE,PIPE_V,192892,192976,84,378550
case_084,post,0,6176,SUB,PIPE_V,192976,193060,84,378550
case_084,post,0,6177,EXP,PIPE_V,193060,193360,300,378550
case_084,post,0,6178,REDUCE,PIPE_V,193360,193444,84,378550
case_084,post,0,6179,DIV,PIPE_V,193444,193744,300,378550
case_084,post,0,6180,MATMUL,PIPE_M,193744,194332,588,378550
case_084,post,0,6184,MATMUL,PIPE_M,194332,194920,588,378550
case_084,post,0,1000024421,COPY_OUT,PIPE_MTE3,194332,194609,277,378550
case_084,post,0,1000024499,COPY_IN,PIPE_MTE2,194332,194337,5,378550
case_084,post,0,1000024497,COPY_IN,PIPE_MTE2,194337,194613,276,378550
case_084,post,0,1000024503,COPY_IN,PIPE_MTE2,194613,194846,233,378550
case_084,post,0,1000024505,COPY_IN,PIPE_MTE2,194846,195114,268,378550
case_084,post,0,6186,DIV,PIPE_V,194920,195220,300,378550
case_084,post,0,6187,REDUCE,PIPE_V,195220,195304,84,378550
case_084,post,0,6188,SUB,PIPE_V,195304,195388,84,378550
case_084,post,0,6189,EXP,PIPE_V,195388,195688,300,378550
case_084,post,0,6190,REDUCE,PIPE_V,195688,195772,84,378550
case_084,post,0,6191,DIV,PIPE_V,195772,196072,300,378550
case_084,post,0,6192,MATMUL,PIPE_M,196072,196660,588,378550
case_084,post,0,6196,MATMUL,PIPE_M,196660,197248,588,378550
case_084,post,0,1000024431,COPY_OUT,PIPE_MTE3,196660,196952,292,378550
case_084,post,0,1000024509,COPY_IN,PIPE_MTE2,196660,196665,5,378550
case_084,post,0,1000024507,COPY_IN,PIPE_MTE2,196665,196957,292,378550
case_084,post,0,1000024513,COPY_IN,PIPE_MTE2,196957,197192,235,378550
case_084,post,0,1000024515,COPY_IN,PIPE_MTE2,197192,197417,225,378550
case_084,post,0,6198,DIV,PIPE_V,197248,197548,300,378550
case_084,post,0,6199,REDUCE,PIPE_V,197548,197632,84,378550
case_084,post,0,6200,SUB,PIPE_V,197632,197716,84,378550
case_084,post,0,6201,EXP,PIPE_V,197716,198016,300,378550
case_084,post,0,6202,REDUCE,PIPE_V,198016,198100,84,378550
case_084,post,0,6203,DIV,PIPE_V,198100,198400,300,378550
case_084,post,0,6204,MATMUL,PIPE_M,198400,198988,588,378550
case_084,post,0,6208,MATMUL,PIPE_M,198988,199576,588,378550
case_084,post,0,1000024441,COPY_OUT,PIPE_MTE3,198988,199218,230,378550
case_084,post,0,1000024519,COPY_IN,PIPE_MTE2,198988,198993,5,378550
case_084,post,0,1000024517,COPY_IN,PIPE_MTE2,198993,199222,229,378550
case_084,post,0,1000024523,COPY_IN,PIPE_MTE2,199222,199485,263,378550
case_084,post,0,1000024525,COPY_IN,PIPE_MTE2,199485,199749,264,378550
case_084,post,0,6210,DIV,PIPE_V,199576,199876,300,378550
case_084,post,0,6211,REDUCE,PIPE_V,199876,199960,84,378550
case_084,post,0,6212,SUB,PIPE_V,199960,200044,84,378550
case_084,post,0,6213,EXP,PIPE_V,200044,200344,300,378550
case_084,post,0,6214,REDUCE,PIPE_V,200344,200428,84,378550
case_084,post,0,6215,DIV,PIPE_V,200428,200728,300,378550
case_084,post,0,6216,MATMUL,PIPE_M,200728,201316,588,378550
case_084,post,0,6220,MATMUL,PIPE_M,201316,201904,588,378550
case_084,post,0,1000024451,COPY_OUT,PIPE_MTE3,201316,201524,208,378550
case_084,post,0,1000024529,COPY_IN,PIPE_MTE2,201316,201320,4,378550
case_084,post,0,1000024527,COPY_IN,PIPE_MTE2,201320,201527,207,378550
case_084,post,0,1000024533,COPY_IN,PIPE_MTE2,201527,201700,173,378550
case_084,post,0,1000024535,COPY_IN,PIPE_MTE2,201700,201763,63,378550
case_084,post,0,6222,DIV,PIPE_V,201904,202204,300,378550
case_084,post,0,6223,REDUCE,PIPE_V,202204,202288,84,378550
case_084,post,0,6224,SUB,PIPE_V,202288,202372,84,378550
case_084,post,0,6225,EXP,PIPE_V,202372,202672,300,378550
case_084,post,0,6226,REDUCE,PIPE_V,202672,202756,84,378550
case_084,post,0,6227,DIV,PIPE_V,202756,203056,300,378550
case_084,post,0,6228,MATMUL,PIPE_M,203056,203644,588,378550
case_084,post,0,6232,MATMUL,PIPE_M,203644,204232,588,378550
case_084,post,0,1000024461,COPY_OUT,PIPE_MTE3,203644,203837,193,378550
case_084,post,0,1000024539,COPY_IN,PIPE_MTE2,203644,203648,4,378550
case_084,post,0,1000024537,COPY_IN,PIPE_MTE2,203648,203839,191,378550
case_084,post,0,1000024543,COPY_IN,PIPE_MTE2,203839,203965,126,378550
case_084,post,0,1000024545,COPY_IN,PIPE_MTE2,203965,204084,119,378550
case_084,post,0,6234,DIV,PIPE_V,204232,204532,300,378550
case_084,post,0,6235,REDUCE,PIPE_V,204532,204616,84,378550
case_084,post,0,6236,SUB,PIPE_V,204616,204700,84,378550
case_084,post,0,6237,EXP,PIPE_V,204700,205000,300,378550
case_084,post,0,6238,REDUCE,PIPE_V,205000,205084,84,378550
case_084,post,0,6239,DIV,PIPE_V,205084,205384,300,378550
case_084,post,0,6240,MATMUL,PIPE_M,205384,205972,588,378550
case_084,post,0,6244,MATMUL,PIPE_M,205972,206560,588,378550
case_084,post,0,1000024471,COPY_OUT,PIPE_MTE3,205972,206217,245,378550
case_084,post,0,1000024549,COPY_IN,PIPE_MTE2,205972,205977,5,378550
case_084,post,0,1000024547,COPY_IN,PIPE_MTE2,205977,206220,243,378550
case_084,post,0,1000024553,COPY_IN,PIPE_MTE2,206220,206385,165,378550
case_084,post,0,1000024555,COPY_IN,PIPE_MTE2,206385,206539,154,378550
case_084,post,0,6246,DIV,PIPE_V,206560,206860,300,378550
case_084,post,0,6247,REDUCE,PIPE_V,206860,206944,84,378550
case_084,post,0,6248,SUB,PIPE_V,206944,207028,84,378550
case_084,post,0,6249,EXP,PIPE_V,207028,207328,300,378550
case_084,post,0,6250,REDUCE,PIPE_V,207328,207412,84,378550
case_084,post,0,6251,DIV,PIPE_V,207412,207712,300,378550
case_084,post,0,6252,MATMUL,PIPE_M,207712,208300,588,378550
case_084,post,0,6256,MATMUL,PIPE_M,208300,208888,588,378550
case_084,post,0,1000024481,COPY_OUT,PIPE_MTE3,208300,208456,156,378550
case_084,post,0,1000024559,COPY_IN,PIPE_MTE2,208300,208303,3,378550
case_084,post,0,1000024557,COPY_IN,PIPE_MTE2,208303,208458,155,378550
case_084,post,0,1000024563,COPY_IN,PIPE_MTE2,208458,208562,104,378550
case_084,post,0,1000024565,COPY_IN,PIPE_MTE2,208562,208635,73,378550
case_084,post,0,6258,DIV,PIPE_V,208888,209188,300,378550
case_084,post,0,6259,REDUCE,PIPE_V,209188,209272,84,378550
case_084,post,0,6260,SUB,PIPE_V,209272,209356,84,378550
case_084,post,0,6261,EXP,PIPE_V,209356,209656,300,378550
case_084,post,0,6262,REDUCE,PIPE_V,209656,209740,84,378550
case_084,post,0,6263,DIV,PIPE_V,209740,210040,300,378550
case_084,post,0,6264,MATMUL,PIPE_M,210040,210628,588,378550
case_084,post,0,6268,MATMUL,PIPE_M,210628,211216,588,378550
case_084,post,0,1000024491,COPY_OUT,PIPE_MTE3,210628,210784,156,378550
case_084,post,0,1000024569,COPY_IN,PIPE_MTE2,210628,210631,3,378550
case_084,post,0,1000024567,COPY_IN,PIPE_MTE2,210631,210786,155,378550
case_084,post,0,1000024573,COPY_IN,PIPE_MTE2,210786,211003,217,378550
case_084,post,0,1000024575,COPY_IN,PIPE_MTE2,211003,211219,216,378550
case_084,post,0,6270,DIV,PIPE_V,211216,211516,300,378550
case_084,post,0,6271,REDUCE,PIPE_V,211516,211600,84,378550
case_084,post,0,6272,SUB,PIPE_V,211600,211684,84,378550
case_084,post,0,6273,EXP,PIPE_V,211684,211984,300,378550
case_084,post,0,6274,REDUCE,PIPE_V,211984,212068,84,378550
case_084,post,0,6275,DIV,PIPE_V,212068,212368,300,378550
case_084,post,0,6276,MATMUL,PIPE_M,212368,212956,588,378550
case_084,post,0,6280,MATMUL,PIPE_M,212956,213544,588,378550
case_084,post,0,1000024501,COPY_OUT,PIPE_MTE3,212956,213165,209,378550
case_084,post,0,1000024579,COPY_IN,PIPE_MTE2,212956,212961,5,378550
case_084,post,0,1000024577,COPY_IN,PIPE_MTE2,212961,213168,207,378550
case_084,post,0,1000024583,COPY_IN,PIPE_MTE2,213168,213297,129,378550
case_084,post,0,1000024585,COPY_IN,PIPE_MTE2,213297,213401,104,378550
case_084,post,0,6282,DIV,PIPE_V,213544,213844,300,378550
case_084,post,0,6283,REDUCE,PIPE_V,213844,213928,84,378550
case_084,post,0,6284,SUB,PIPE_V,213928,214012,84,378550
case_084,post,0,6285,EXP,PIPE_V,214012,214312,300,378550
case_084,post,0,6286,REDUCE,PIPE_V,214312,214396,84,378550
case_084,post,0,6287,DIV,PIPE_V,214396,214696,300,378550
case_084,post,0,6288,MATMUL,PIPE_M,214696,215284,588,378550
case_084,post,0,6292,MATMUL,PIPE_M,215284,215872,588,378550
case_084,post,0,1000024511,COPY_OUT,PIPE_MTE3,215284,215432,148,378550
case_084,post,0,1000024589,COPY_IN,PIPE_MTE2,215284,215286,2,378550
case_084,post,0,1000024587,COPY_IN,PIPE_MTE2,215286,215434,148,378550
case_084,post,0,1000024593,COPY_IN,PIPE_MTE2,215434,215538,104,378550
case_084,post,0,1000024595,COPY_IN,PIPE_MTE2,215538,215697,159,378550
case_084,post,0,6294,DIV,PIPE_V,215872,216172,300,378550
case_084,post,0,6295,REDUCE,PIPE_V,216172,216256,84,378550
case_084,post,0,6296,SUB,PIPE_V,216256,216340,84,378550
case_084,post,0,6297,EXP,PIPE_V,216340,216640,300,378550
case_084,post,0,6298,REDUCE,PIPE_V,216640,216724,84,378550
case_084,post,0,6299,DIV,PIPE_V,216724,217024,300,378550
case_084,post,0,6300,MATMUL,PIPE_M,217024,217612,588,378550
case_084,post,0,6304,MATMUL,PIPE_M,217612,218200,588,378550
case_084,post,0,1000024521,COPY_OUT,PIPE_MTE3,217612,217829,217,378550
case_084,post,0,1000024599,COPY_IN,PIPE_MTE2,217612,217614,2,378550
case_084,post,0,1000024597,COPY_IN,PIPE_MTE2,217614,217833,219,378550
case_084,post,0,1000024603,COPY_IN,PIPE_MTE2,217833,218042,209,378550
case_084,post,0,1000024605,COPY_IN,PIPE_MTE2,218042,218236,194,378550
case_084,post,0,6306,DIV,PIPE_V,218200,218500,300,378550
case_084,post,0,6307,REDUCE,PIPE_V,218500,218584,84,378550
case_084,post,0,6308,SUB,PIPE_V,218584,218668,84,378550
case_084,post,0,6309,EXP,PIPE_V,218668,218968,300,378550
case_084,post,0,6310,REDUCE,PIPE_V,218968,219052,84,378550
case_084,post,0,6311,DIV,PIPE_V,219052,219352,300,378550
case_084,post,0,6312,MATMUL,PIPE_M,219352,219940,588,378550
case_084,post,0,6316,MATMUL,PIPE_M,219940,220528,588,378550
case_084,post,0,1000024531,COPY_OUT,PIPE_MTE3,219940,220056,116,378550
case_084,post,0,1000024609,COPY_IN,PIPE_MTE2,219940,219942,2,378550
case_084,post,0,1000024607,COPY_IN,PIPE_MTE2,219942,220058,116,378550
case_084,post,0,1000024613,COPY_IN,PIPE_MTE2,220058,220162,104,378550
case_084,post,0,1000024615,COPY_IN,PIPE_MTE2,220162,220266,104,378550
case_084,post,0,6318,DIV,PIPE_V,220528,220828,300,378550
case_084,post,0,6319,REDUCE,PIPE_V,220828,220912,84,378550
case_084,post,0,6320,SUB,PIPE_V,220912,220996,84,378550
case_084,post,0,6321,EXP,PIPE_V,220996,221296,300,378550
case_084,post,0,6322,REDUCE,PIPE_V,221296,221380,84,378550
case_084,post,0,6323,DIV,PIPE_V,221380,221680,300,378550
case_084,post,0,6324,MATMUL,PIPE_M,221680,222268,588,378550
case_084,post,0,6328,MATMUL,PIPE_M,222268,222856,588,378550
case_084,post,0,1000024541,COPY_OUT,PIPE_MTE3,222268,222372,104,378550
case_084,post,0,1000024619,COPY_IN,PIPE_MTE2,222268,222270,2,378550
case_084,post,0,1000024617,COPY_IN,PIPE_MTE2,222270,222374,104,378550
case_084,post,0,1000024623,COPY_IN,PIPE_MTE2,222374,222529,155,378550
case_084,post,0,1000024625,COPY_IN,PIPE_MTE2,222529,222762,233,378550
case_084,post,0,6330,DIV,PIPE_V,222856,223156,300,378550
case_084,post,0,6331,REDUCE,PIPE_V,223156,223240,84,378550
case_084,post,0,6332,SUB,PIPE_V,223240,223324,84,378550
case_084,post,0,6333,EXP,PIPE_V,223324,223624,300,378550
case_084,post,0,6334,REDUCE,PIPE_V,223624,223708,84,378550
case_084,post,0,6335,DIV,PIPE_V,223708,224008,300,378550
case_084,post,0,6336,MATMUL,PIPE_M,224008,224596,588,378550
case_084,post,0,6340,MATMUL,PIPE_M,224596,225184,588,378550
case_084,post,0,1000024551,COPY_OUT,PIPE_MTE3,224596,224799,203,378550
case_084,post,0,1000024629,COPY_IN,PIPE_MTE2,224596,224601,5,378550
case_084,post,0,1000024627,COPY_IN,PIPE_MTE2,224601,224802,201,378550
case_084,post,0,1000024633,COPY_IN,PIPE_MTE2,224802,224966,164,378550
case_084,post,0,1000024635,COPY_IN,PIPE_MTE2,224966,225122,156,378550
case_084,post,0,6342,DIV,PIPE_V,225184,225484,300,378550
case_084,post,0,6343,REDUCE,PIPE_V,225484,225568,84,378550
case_084,post,0,6344,SUB,PIPE_V,225568,225652,84,378550
case_084,post,0,6345,EXP,PIPE_V,225652,225952,300,378550
case_084,post,0,6346,REDUCE,PIPE_V,225952,226036,84,378550
case_084,post,0,6347,DIV,PIPE_V,226036,226336,300,378550
case_084,post,0,6348,MATMUL,PIPE_M,226336,226924,588,378550
case_084,post,0,6352,MATMUL,PIPE_M,226924,227512,588,378550
case_084,post,0,1000024561,COPY_OUT,PIPE_MTE3,226924,227073,149,378550
case_084,post,0,1000024639,COPY_IN,PIPE_MTE2,226924,226926,2,378550
case_084,post,0,1000024637,COPY_IN,PIPE_MTE2,226926,227075,149,378550
case_084,post,0,1000024643,COPY_IN,PIPE_MTE2,227075,227244,169,378550
case_084,post,0,1000024645,COPY_IN,PIPE_MTE2,227244,227527,283,378550
case_084,post,0,6354,DIV,PIPE_V,227512,227812,300,378550
case_084,post,0,6355,REDUCE,PIPE_V,227812,227896,84,378550
case_084,post,0,6356,SUB,PIPE_V,227896,227980,84,378550
case_084,post,0,6357,EXP,PIPE_V,227980,228280,300,378550
case_084,post,0,6358,REDUCE,PIPE_V,228280,228364,84,378550
case_084,post,0,6359,DIV,PIPE_V,228364,228664,300,378550
case_084,post,0,6360,MATMUL,PIPE_M,228664,229252,588,378550
case_084,post,0,6364,MATMUL,PIPE_M,229252,229840,588,378550
case_084,post,0,1000024571,COPY_OUT,PIPE_MTE3,229252,229499,247,378550
case_084,post,0,1000024649,COPY_IN,PIPE_MTE2,229252,229254,2,378550
case_084,post,0,1000024647,COPY_IN,PIPE_MTE2,229254,229504,250,378550
case_084,post,0,1000024653,COPY_IN,PIPE_MTE2,229504,229676,172,378550
case_084,post,0,1000024655,COPY_IN,PIPE_MTE2,229676,229864,188,378550
case_084,post,0,6366,DIV,PIPE_V,229840,230140,300,378550
case_084,post,0,6367,REDUCE,PIPE_V,230140,230224,84,378550
case_084,post,0,6368,SUB,PIPE_V,230224,230308,84,378550
case_084,post,0,6369,EXP,PIPE_V,230308,230608,300,378550
case_084,post,0,6370,REDUCE,PIPE_V,230608,230692,84,378550
case_084,post,0,6371,DIV,PIPE_V,230692,230992,300,378550
case_084,post,0,6372,MATMUL,PIPE_M,230992,231580,588,378550
case_084,post,0,6376,MATMUL,PIPE_M,231580,232168,588,378550
case_084,post,0,1000024581,COPY_OUT,PIPE_MTE3,231580,231807,227,378550
case_084,post,0,1000024659,COPY_IN,PIPE_MTE2,231580,231584,4,378550
case_084,post,0,1000024657,COPY_IN,PIPE_MTE2,231584,231811,227,378550
case_084,post,0,1000024663,COPY_IN,PIPE_MTE2,231811,232029,218,378550
case_084,post,0,1000024665,COPY_IN,PIPE_MTE2,232029,232367,338,378550
case_084,post,0,6378,DIV,PIPE_V,232168,232468,300,378550
case_084,post,0,6379,REDUCE,PIPE_V,232468,232552,84,378550
case_084,post,0,6380,SUB,PIPE_V,232552,232636,84,378550
case_084,post,0,6381,EXP,PIPE_V,232636,232936,300,378550
case_084,post,0,6382,REDUCE,PIPE_V,232936,233020,84,378550
case_084,post,0,6383,DIV,PIPE_V,233020,233320,300,378550
case_084,post,0,6384,MATMUL,PIPE_M,233320,233908,588,378550
case_084,post,0,6388,MATMUL,PIPE_M,233908,234496,588,378550
case_084,post,0,1000024591,COPY_OUT,PIPE_MTE3,233908,234278,370,378550
case_084,post,0,1000024669,COPY_IN,PIPE_MTE2,233908,233914,6,378550
case_084,post,0,1000024667,COPY_IN,PIPE_MTE2,233914,234286,372,378550
case_084,post,0,1000024673,COPY_IN,PIPE_MTE2,234286,234641,355,378550
case_084,post,0,6390,DIV,PIPE_V,234496,234796,300,378550
case_084,post,0,1000024675,COPY_IN,PIPE_MTE2,234641,234970,329,378550
case_084,post,0,6391,REDUCE,PIPE_V,234796,234880,84,378550
case_084,post,0,6392,SUB,PIPE_V,234880,234964,84,378550
case_084,post,0,6393,EXP,PIPE_V,234964,235264,300,378550
case_084,post,0,6394,REDUCE,PIPE_V,235264,235348,84,378550
case_084,post,0,6395,DIV,PIPE_V,235348,235648,300,378550
case_084,post,0,6396,MATMUL,PIPE_M,235648,236236,588,378550
case_084,post,0,6400,MATMUL,PIPE_M,236236,236824,588,378550
case_084,post,0,1000024601,COPY_OUT,PIPE_MTE3,236236,236656,420,378550
case_084,post,0,1000024679,COPY_IN,PIPE_MTE2,236236,236244,8,378550
case_084,post,0,1000024677,COPY_IN,PIPE_MTE2,236244,236662,418,378550
case_084,post,0,1000024683,COPY_IN,PIPE_MTE2,236662,236982,320,378550
case_084,post,0,6402,DIV,PIPE_V,236824,237124,300,378550
case_084,post,0,1000024685,COPY_IN,PIPE_MTE2,236982,237344,362,378550
case_084,post,0,6403,REDUCE,PIPE_V,237124,237208,84,378550
case_084,post,0,6404,SUB,PIPE_V,237208,237292,84,378550
case_084,post,0,6405,EXP,PIPE_V,237292,237592,300,378550
case_084,post,0,6406,REDUCE,PIPE_V,237592,237676,84,378550
case_084,post,0,6407,DIV,PIPE_V,237676,237976,300,378550
case_084,post,0,6408,MATMUL,PIPE_M,237976,238564,588,378550
case_084,post,0,6412,MATMUL,PIPE_M,238564,239152,588,378550
case_084,post,0,1000024611,COPY_OUT,PIPE_MTE3,238564,238864,300,378550
case_084,post,0,1000024689,COPY_IN,PIPE_MTE2,238564,238571,7,378550
case_084,post,0,1000024687,COPY_IN,PIPE_MTE2,238571,238870,299,378550
case_084,post,0,1000024693,COPY_IN,PIPE_MTE2,238870,239201,331,378550
case_084,post,0,6414,DIV,PIPE_V,239152,239452,300,378550
case_084,post,0,1000024695,COPY_IN,PIPE_MTE2,239201,239435,234,378550
case_084,post,0,6415,REDUCE,PIPE_V,239452,239536,84,378550
case_084,post,0,6416,SUB,PIPE_V,239536,239620,84,378550
case_084,post,0,6417,EXP,PIPE_V,239620,239920,300,378550
case_084,post,0,6418,REDUCE,PIPE_V,239920,240004,84,378550
case_084,post,0,6419,DIV,PIPE_V,240004,240304,300,378550
case_084,post,0,6420,MATMUL,PIPE_M,240304,240892,588,378550
case_084,post,0,6424,MATMUL,PIPE_M,240892,241480,588,378550
case_084,post,0,1000024621,COPY_OUT,PIPE_MTE3,240892,241277,385,378550
case_084,post,0,1000024699,COPY_IN,PIPE_MTE2,240892,240897,5,378550
case_084,post,0,1000024697,COPY_IN,PIPE_MTE2,240897,241284,387,378550
case_084,post,0,1000024710,COPY_IN,PIPE_MTE2,241284,241633,349,378550
case_084,post,0,6426,DIV,PIPE_V,241480,241780,300,378550
case_084,post,0,6427,REDUCE,PIPE_V,241780,241864,84,378550
case_084,post,0,6428,SUB,PIPE_V,241864,241948,84,378550
case_084,post,0,6429,EXP,PIPE_V,241948,242248,300,378550
case_084,post,0,6430,REDUCE,PIPE_V,242248,242332,84,378550
case_084,post,0,6431,DIV,PIPE_V,242332,242632,300,378550
case_084,post,0,6432,MATMUL,PIPE_M,242632,243220,588,378550
case_084,post,0,6436,MATMUL,PIPE_M,243220,243808,588,378550
case_084,post,0,1000024631,COPY_OUT,PIPE_MTE3,243220,243336,116,378550
case_084,post,0,1000024712,COPY_IN,PIPE_MTE2,243220,243224,4,378550
case_084,post,0,1000024707,COPY_IN,PIPE_MTE2,243224,243337,113,378550
case_084,post,0,6438,DIV,PIPE_V,243808,244108,300,378550
case_084,post,0,6439,REDUCE,PIPE_V,244108,244192,84,378550
case_084,post,0,6440,SUB,PIPE_V,244192,244276,84,378550
case_084,post,0,6441,EXP,PIPE_V,244276,244576,300,378550
case_084,post,0,6442,REDUCE,PIPE_V,244576,244660,84,378550
case_084,post,0,6443,DIV,PIPE_V,244660,244960,300,378550
case_084,post,0,6444,MATMUL,PIPE_M,244960,245548,588,378550
case_084,post,0,6448,MATMUL,PIPE_M,245548,246136,588,378550
case_084,post,0,1000024641,COPY_OUT,PIPE_MTE3,245548,245844,296,378550
case_084,post,0,6450,DIV,PIPE_V,246136,246436,300,378550
case_084,post,0,6451,REDUCE,PIPE_V,246436,246520,84,378550
case_084,post,0,6452,SUB,PIPE_V,246520,246604,84,378550
case_084,post,0,6453,EXP,PIPE_V,246604,246904,300,378550
case_084,post,0,6454,REDUCE,PIPE_V,246904,246988,84,378550
case_084,post,0,6455,DIV,PIPE_V,246988,247288,300,378550
case_084,post,0,6456,MATMUL,PIPE_M,247288,247876,588,378550
case_084,post,0,6460,MATMUL,PIPE_M,247876,248464,588,378550
case_084,post,0,1000024651,COPY_OUT,PIPE_MTE3,247876,248201,325,378550
case_084,post,0,6462,DIV,PIPE_V,248464,248764,300,378550
case_084,post,0,6463,REDUCE,PIPE_V,248764,248848,84,378550
case_084,post,0,6464,SUB,PIPE_V,248848,248932,84,378550
case_084,post,0,6465,EXP,PIPE_V,248932,249232,300,378550
case_084,post,0,6466,REDUCE,PIPE_V,249232,249316,84,378550
case_084,post,0,6467,DIV,PIPE_V,249316,249616,300,378550
case_084,post,0,6468,MATMUL,PIPE_M,249616,250204,588,378550
case_084,post,0,6472,MATMUL,PIPE_M,250204,250792,588,378550
case_084,post,0,1000024661,COPY_OUT,PIPE_MTE3,250204,250464,260,378550
case_084,post,0,6474,DIV,PIPE_V,250792,251092,300,378550
case_084,post,0,6475,REDUCE,PIPE_V,251092,251176,84,378550
case_084,post,0,6476,SUB,PIPE_V,251176,251260,84,378550
case_084,post,0,6477,EXP,PIPE_V,251260,251560,300,378550
case_084,post,0,6478,REDUCE,PIPE_V,251560,251644,84,378550
case_084,post,0,6479,DIV,PIPE_V,251644,251944,300,378550
case_084,post,0,6480,MATMUL,PIPE_M,251944,252532,588,378550
case_084,post,0,6484,MATMUL,PIPE_M,252532,253120,588,378550
case_084,post,0,1000024671,COPY_OUT,PIPE_MTE3,252532,252878,346,378550
case_084,post,0,6486,DIV,PIPE_V,253120,253420,300,378550
case_084,post,0,6487,REDUCE,PIPE_V,253420,253504,84,378550
case_084,post,0,6488,SUB,PIPE_V,253504,253588,84,378550
case_084,post,0,6489,EXP,PIPE_V,253588,253888,300,378550
case_084,post,0,6490,REDUCE,PIPE_V,253888,253972,84,378550
case_084,post,0,6491,DIV,PIPE_V,253972,254272,300,378550
case_084,post,0,6492,MATMUL,PIPE_M,254272,254860,588,378550
case_084,post,0,6496,MATMUL,PIPE_M,254860,255448,588,378550
case_084,post,0,1000024681,COPY_OUT,PIPE_MTE3,254860,255141,281,378550
case_084,post,0,6498,DIV,PIPE_V,255448,255748,300,378550
case_084,post,0,6499,REDUCE,PIPE_V,255748,255832,84,378550
case_084,post,0,6500,SUB,PIPE_V,255832,255916,84,378550
case_084,post,0,6501,EXP,PIPE_V,255916,256216,300,378550
case_084,post,0,6502,REDUCE,PIPE_V,256216,256300,84,378550
case_084,post,0,6503,DIV,PIPE_V,256300,256600,300,378550
case_084,post,0,6504,MATMUL,PIPE_M,256600,257188,588,378550
case_084,post,0,6508,MATMUL,PIPE_M,257188,257776,588,378550
case_084,post,0,1000024691,COPY_OUT,PIPE_MTE3,257188,257465,277,378550
case_084,post,0,6510,DIV,PIPE_V,257776,258076,300,378550
case_084,post,0,6511,REDUCE,PIPE_V,258076,258160,84,378550
case_084,post,0,6512,SUB,PIPE_V,258160,258244,84,378550
case_084,post,0,6513,EXP,PIPE_V,258244,258544,300,378550
case_084,post,0,6514,REDUCE,PIPE_V,258544,258628,84,378550
case_084,post,0,6515,DIV,PIPE_V,258628,258928,300,378550
case_084,post,0,6516,MATMUL,PIPE_M,258928,259516,588,378550
case_084,post,0,6522,DIV,PIPE_V,258928,259228,300,378550
case_084,post,0,6523,REDUCE,PIPE_V,259228,259312,84,378550
case_084,post,0,6524,SUB,PIPE_V,259312,259396,84,378550
case_084,post,0,6525,EXP,PIPE_V,259396,259696,300,378550
case_084,post,0,1000024701,COPY_OUT,PIPE_MTE3,259516,259852,336,378550
case_084,post,0,6526,REDUCE,PIPE_V,259696,259780,84,378550
case_084,post,0,6527,DIV,PIPE_V,259780,260080,300,378550
case_084,post,0,6528,MATMUL,PIPE_M,260080,260668,588,378550
case_084,post,0,1000024714,COPY_OUT,PIPE_MTE3,260668,261073,405,378550
case_084,post,0,1000026787,COPY_IN,PIPE_MTE2,284572,284924,352,378550
case_084,post,0,8637,EXP,PIPE_V,284924,285224,300,378550
case_084,post,0,1000026782,COPY_IN,PIPE_MTE2,284924,285217,293,378550
case_084,post,0,1000026800,COPY_IN,PIPE_MTE2,285217,285614,397,378550
case_084,post,0,8638,REDUCE,PIPE_V,285224,285308,84,378550
case_084,post,0,8639,DIV,PIPE_V,285308,285608,300,378550
case_084,post,0,8640,MATMUL,PIPE_M,285608,286196,588,378550
case_084,post,0,8649,EXP,PIPE_V,285614,285914,300,378550
case_084,post,0,1000026795,COPY_IN,PIPE_MTE2,285614,285918,304,378550
case_084,post,0,8650,REDUCE,PIPE_V,285914,285998,84,378550
case_084,post,0,1000026813,COPY_IN,PIPE_MTE2,285918,286182,264,378550
case_084,post,0,8651,DIV,PIPE_V,285998,286298,300,378550
case_084,post,0,1000026808,COPY_IN,PIPE_MTE2,286182,286470,288,378550
case_084,post,0,1000026789,COPY_OUT,PIPE_MTE3,286196,286491,295,378550
case_084,post,0,8652,MATMUL,PIPE_M,286298,286886,588,378550
case_084,post,0,8661,EXP,PIPE_V,286298,286598,300,378550
case_084,post,0,1000026826,COPY_IN,PIPE_MTE2,286470,286839,369,378550
case_084,post,0,8662,REDUCE,PIPE_V,286598,286682,84,378550
case_084,post,0,8663,DIV,PIPE_V,286682,286982,300,378550
case_084,post,0,1000026821,COPY_IN,PIPE_MTE2,286839,287171,332,378550
case_084,post,0,1000026802,COPY_OUT,PIPE_MTE3,286886,287237,351,378550
case_084,post,0,8664,MATMUL,PIPE_M,286982,287570,588,378550
case_084,post,0,8673,EXP,PIPE_V,286982,287282,300,378550
case_084,post,0,1000026839,COPY_IN,PIPE_MTE2,287171,287673,502,378550
case_084,post,0,8674,REDUCE,PIPE_V,287282,287366,84,378550
case_084,post,0,8675,DIV,PIPE_V,287366,287666,300,378550
case_084,post,0,1000026815,COPY_OUT,PIPE_MTE3,287570,287960,390,378550
case_084,post,0,8676,MATMUL,PIPE_M,287666,288254,588,378550
case_084,post,0,8685,EXP,PIPE_V,287673,287973,300,378550
case_084,post,0,1000026834,COPY_IN,PIPE_MTE2,287673,288063,390,378550
case_084,post,0,8686,REDUCE,PIPE_V,287973,288057,84,378550
case_084,post,0,8687,DIV,PIPE_V,288057,288357,300,378550
case_084,post,0,1000026852,COPY_IN,PIPE_MTE2,288063,288472,409,378550
case_084,post,0,1000026828,COPY_OUT,PIPE_MTE3,288254,288536,282,378550
case_084,post,0,8688,MATMUL,PIPE_M,288357,288945,588,378550
case_084,post,0,8697,EXP,PIPE_V,288472,288772,300,378550
case_084,post,0,1000026847,COPY_IN,PIPE_MTE2,288472,288742,270,378550
case_084,post,0,1000026865,COPY_IN,PIPE_MTE2,288742,289126,384,378550
case_084,post,0,8698,REDUCE,PIPE_V,288772,288856,84,378550
case_084,post,0,8699,DIV,PIPE_V,288856,289156,300,378550
case_084,post,0,1000026841,COPY_OUT,PIPE_MTE3,288945,289264,319,378550
case_084,post,0,1000026860,COPY_IN,PIPE_MTE2,289126,289487,361,378550
case_084,post,0,8700,MATMUL,PIPE_M,289156,289744,588,378550
case_084,post,0,8709,EXP,PIPE_V,289156,289456,300,378550
case_084,post,0,8710,REDUCE,PIPE_V,289456,289540,84,378550
case_084,post,0,1000026878,COPY_IN,PIPE_MTE2,289487,289980,493,378550
case_084,post,0,8711,DIV,PIPE_V,289540,289840,300,378550
case_084,post,0,1000026854,COPY_OUT,PIPE_MTE3,289744,290142,398,378550
case_084,post,0,8712,MATMUL,PIPE_M,289840,290428,588,378550
case_084,post,0,8721,EXP,PIPE_V,289980,290280,300,378550
case_084,post,0,1000026873,COPY_IN,PIPE_MTE2,289980,290325,345,378550
case_084,post,0,8722,REDUCE,PIPE_V,290280,290364,84,378550
case_084,post,0,1000026891,COPY_IN,PIPE_MTE2,290325,290810,485,378550
case_084,post,0,8723,DIV,PIPE_V,290364,290664,300,378550
case_084,post,0,1000026867,COPY_OUT,PIPE_MTE3,290428,290781,353,378550
case_084,post,0,8724,MATMUL,PIPE_M,290664,291252,588,378550
case_084,post,0,8733,EXP,PIPE_V,290810,291110,300,378550
case_084,post,0,1000026886,COPY_IN,PIPE_MTE2,290810,291025,215,378550
case_084,post,0,1000026904,COPY_IN,PIPE_MTE2,291025,291405,380,378550
case_084,post,0,8734,REDUCE,PIPE_V,291110,291194,84,378550
case_084,post,0,8735,DIV,PIPE_V,291194,291494,300,378550
case_084,post,0,1000026880,COPY_OUT,PIPE_MTE3,291252,291564,312,378550
case_084,post,0,1000026899,COPY_IN,PIPE_MTE2,291405,291700,295,378550
case_084,post,0,8736,MATMUL,PIPE_M,291494,292082,588,378550
case_084,post,0,8745,EXP,PIPE_V,291494,291794,300,378550
case_084,post,0,1000026917,COPY_IN,PIPE_MTE2,291700,292252,552,378550
case_084,post,0,8746,REDUCE,PIPE_V,291794,291878,84,378550
case_084,post,0,8747,DIV,PIPE_V,291878,292178,300,378550
case_084,post,0,1000026893,COPY_OUT,PIPE_MTE3,292082,292415,333,378550
case_084,post,0,8748,MATMUL,PIPE_M,292178,292766,588,378550
case_084,post,0,8757,EXP,PIPE_V,292252,292552,300,378550
case_084,post,0,1000026912,COPY_IN,PIPE_MTE2,292252,292563,311,378550
case_084,post,0,8758,REDUCE,PIPE_V,292552,292636,84,378550
case_084,post,0,1000026930,COPY_IN,PIPE_MTE2,292563,293059,496,378550
case_084,post,0,8759,DIV,PIPE_V,292636,292936,300,378550
case_084,post,0,1000026906,COPY_OUT,PIPE_MTE3,292766,293088,322,378550
case_084,post,0,8760,MATMUL,PIPE_M,292936,293524,588,378550
case_084,post,0,8769,EXP,PIPE_V,293059,293359,300,378550
case_084,post,0,1000026925,COPY_IN,PIPE_MTE2,293059,293326,267,378550
case_084,post,0,1000026943,COPY_IN,PIPE_MTE2,293326,293681,355,378550
case_084,post,0,8770,REDUCE,PIPE_V,293359,293443,84,378550
case_084,post,0,8771,DIV,PIPE_V,293443,293743,300,378550
case_084,post,0,1000026919,COPY_OUT,PIPE_MTE3,293524,293769,245,378550
case_084,post,0,1000026938,COPY_IN,PIPE_MTE2,293681,293959,278,378550
case_084,post,0,8772,MATMUL,PIPE_M,293743,294331,588,378550
case_084,post,0,8781,EXP,PIPE_V,293743,294043,300,378550
case_084,post,0,1000026956,COPY_IN,PIPE_MTE2,293959,294516,557,378550
case_084,post,0,8782,REDUCE,PIPE_V,294043,294127,84,378550
case_084,post,0,8783,DIV,PIPE_V,294127,294427,300,378550
case_084,post,0,1000026932,COPY_OUT,PIPE_MTE3,294331,294712,381,378550
case_084,post,0,8784,MATMUL,PIPE_M,294427,295015,588,378550
case_084,post,0,8793,EXP,PIPE_V,294516,294816,300,378550
case_084,post,0,1000026951,COPY_IN,PIPE_MTE2,294516,294866,350,378550
case_084,post,0,8794,REDUCE,PIPE_V,294816,294900,84,378550
case_084,post,0,1000026969,COPY_IN,PIPE_MTE2,294866,295322,456,378550
case_084,post,0,8795,DIV,PIPE_V,294900,295200,300,378550
case_084,post,0,1000026945,COPY_OUT,PIPE_MTE3,295015,295351,336,378550
case_084,post,0,8796,MATMUL,PIPE_M,295200,295788,588,378550
case_084,post,0,8805,EXP,PIPE_V,295322,295622,300,378550
case_084,post,0,1000026964,COPY_IN,PIPE_MTE2,295322,295607,285,378550
case_084,post,0,1000026982,COPY_IN,PIPE_MTE2,295607,295997,390,378550
case_084,post,0,8806,REDUCE,PIPE_V,295622,295706,84,378550
case_084,post,0,8807,DIV,PIPE_V,295706,296006,300,378550
case_084,post,0,1000026958,COPY_OUT,PIPE_MTE3,295788,296052,264,378550
case_084,post,0,1000026977,COPY_IN,PIPE_MTE2,295997,296251,254,378550
case_084,post,0,8808,MATMUL,PIPE_M,296006,296594,588,378550
case_084,post,0,8817,EXP,PIPE_V,296006,296306,300,378550
case_084,post,0,1000026995,COPY_IN,PIPE_MTE2,296251,296780,529,378550
case_084,post,0,8818,REDUCE,PIPE_V,296306,296390,84,378550
case_084,post,0,8819,DIV,PIPE_V,296390,296690,300,378550
case_084,post,0,1000026971,COPY_OUT,PIPE_MTE3,296594,297011,417,378550
case_084,post,0,8820,MATMUL,PIPE_M,296690,297278,588,378550
case_084,post,0,8829,EXP,PIPE_V,296780,297080,300,378550
case_084,post,0,1000026990,COPY_IN,PIPE_MTE2,296780,297150,370,378550
case_084,post,0,8830,REDUCE,PIPE_V,297080,297164,84,378550
case_084,post,0,1000027008,COPY_IN,PIPE_MTE2,297150,297607,457,378550
case_084,post,0,8831,DIV,PIPE_V,297164,297464,300,378550
case_084,post,0,1000026984,COPY_OUT,PIPE_MTE3,297278,297630,352,378550
case_084,post,0,8832,MATMUL,PIPE_M,297464,298052,588,378550
case_084,post,0,8841,EXP,PIPE_V,297607,297907,300,378550
case_084,post,0,1000027003,COPY_IN,PIPE_MTE2,297607,297853,246,378550
case_084,post,0,1000027021,COPY_IN,PIPE_MTE2,297853,298326,473,378550
case_084,post,0,8842,REDUCE,PIPE_V,297907,297991,84,378550
case_084,post,0,8843,DIV,PIPE_V,297991,298291,300,378550
case_084,post,0,1000026997,COPY_OUT,PIPE_MTE3,298052,298384,332,378550
case_084,post,0,8844,MATMUL,PIPE_M,298291,298879,588,378550
case_084,post,0,8853,EXP,PIPE_V,298326,298626,300,378550
case_084,post,0,1000027016,COPY_IN,PIPE_MTE2,298326,298514,188,378550
case_084,post,0,1000027034,COPY_IN,PIPE_MTE2,298514,298996,482,378550
case_084,post,0,8854,REDUCE,PIPE_V,298626,298710,84,378550
case_084,post,0,8855,DIV,PIPE_V,298710,299010,300,378550
case_084,post,0,1000027010,COPY_OUT,PIPE_MTE3,298879,299273,394,378550
case_084,post,0,1000027029,COPY_IN,PIPE_MTE2,298996,299364,368,378550
case_084,post,0,8856,MATMUL,PIPE_M,299010,299598,588,378550
case_084,post,0,8865,EXP,PIPE_V,299010,299310,300,378550
case_084,post,0,8866,REDUCE,PIPE_V,299310,299394,84,378550
case_084,post,0,1000027047,COPY_IN,PIPE_MTE2,299364,299875,511,378550
case_084,post,0,8867,DIV,PIPE_V,299394,299694,300,378550
case_084,post,0,1000027023,COPY_OUT,PIPE_MTE3,299598,299918,320,378550
case_084,post,0,8868,MATMUL,PIPE_M,299694,300282,588,378550
case_084,post,0,8877,EXP,PIPE_V,299875,300175,300,378550
case_084,post,0,1000027042,COPY_IN,PIPE_MTE2,299875,300106,231,378550
case_084,post,0,1000027060,COPY_IN,PIPE_MTE2,300106,300546,440,378550
case_084,post,0,8878,REDUCE,PIPE_V,300175,300259,84,378550
case_084,post,0,8879,DIV,PIPE_V,300259,300559,300,378550
case_084,post,0,1000027036,COPY_OUT,PIPE_MTE3,300282,300596,314,378550
case_084,post,0,1000027055,COPY_IN,PIPE_MTE2,300546,300808,262,378550
case_084,post,0,8880,MATMUL,PIPE_M,300559,301147,588,378550
case_084,post,0,8889,EXP,PIPE_V,300559,300859,300,378550
case_084,post,0,1000027073,COPY_IN,PIPE_MTE2,300808,301273,465,378550
case_084,post,0,8890,REDUCE,PIPE_V,300859,300943,84,378550
case_084,post,0,8891,DIV,PIPE_V,300943,301243,300,378550
case_084,post,0,1000027049,COPY_OUT,PIPE_MTE3,301147,301529,382,378550
case_084,post,0,8892,MATMUL,PIPE_M,301243,301831,588,378550
case_084,post,0,8901,EXP,PIPE_V,301273,301573,300,378550
case_084,post,0,1000027068,COPY_IN,PIPE_MTE2,301273,301646,373,378550
case_084,post,0,8902,REDUCE,PIPE_V,301573,301657,84,378550
case_084,post,0,1000027086,COPY_IN,PIPE_MTE2,301646,302169,523,378550
case_084,post,0,8903,DIV,PIPE_V,301657,301957,300,378550
case_084,post,0,1000027062,COPY_OUT,PIPE_MTE3,301831,302187,356,378550
case_084,post,0,8904,MATMUL,PIPE_M,301957,302545,588,378550
case_084,post,0,8913,EXP,PIPE_V,302169,302469,300,378550
case_084,post,0,1000027081,COPY_IN,PIPE_MTE2,302169,302433,264,378550
case_084,post,0,1000027099,COPY_IN,PIPE_MTE2,302433,302771,338,378550
case_084,post,0,8914,REDUCE,PIPE_V,302469,302553,84,378550
case_084,post,0,1000027075,COPY_OUT,PIPE_MTE3,302545,302858,313,378550
case_084,post,0,8915,DIV,PIPE_V,302553,302853,300,378550
case_084,post,0,1000027094,COPY_IN,PIPE_MTE2,302771,303089,318,378550
case_084,post,0,8916,MATMUL,PIPE_M,302853,303441,588,378550
case_084,post,0,8925,EXP,PIPE_V,302853,303153,300,378550
case_084,post,0,1000027112,COPY_IN,PIPE_MTE2,303089,303520,431,378550
case_084,post,0,8926,REDUCE,PIPE_V,303153,303237,84,378550
case_084,post,0,8927,DIV,PIPE_V,303237,303537,300,378550
case_084,post,0,1000027088,COPY_OUT,PIPE_MTE3,303441,303840,399,378550
case_084,post,0,1000027107,COPY_IN,PIPE_MTE2,303520,303898,378,378550
case_084,post,0,8928,MATMUL,PIPE_M,303537,304125,588,378550
case_084,post,0,8937,EXP,PIPE_V,303537,303837,300,378550
case_084,post,0,8938,REDUCE,PIPE_V,303837,303921,84,378550
case_084,post,0,1000027125,COPY_IN,PIPE_MTE2,303898,304431,533,378550
case_084,post,0,8939,DIV,PIPE_V,303921,304221,300,378550
case_084,post,0,1000027101,COPY_OUT,PIPE_MTE3,304125,304522,397,378550
case_084,post,0,8940,MATMUL,PIPE_M,304221,304809,588,378550
case_084,post,0,8949,EXP,PIPE_V,304431,304731,300,378550
case_084,post,0,1000027120,COPY_IN,PIPE_MTE2,304431,304718,287,378550
case_084,post,0,1000027138,COPY_IN,PIPE_MTE2,304718,305109,391,378550
case_084,post,0,8950,REDUCE,PIPE_V,304731,304815,84,378550
case_084,post,0,1000027114,COPY_OUT,PIPE_MTE3,304809,305106,297,378550
case_084,post,0,8951,DIV,PIPE_V,304815,305115,300,378550
case_084,post,0,1000027133,COPY_IN,PIPE_MTE2,305109,305366,257,378550
case_084,post,0,8952,MATMUL,PIPE_M,305115,305703,588,378550
case_084,post,0,8961,EXP,PIPE_V,305115,305415,300,378550
case_084,post,0,1000027151,COPY_IN,PIPE_MTE2,305366,305813,447,378550
case_084,post,0,8962,REDUCE,PIPE_V,305415,305499,84,378550
case_084,post,0,8963,DIV,PIPE_V,305499,305799,300,378550
case_084,post,0,1000027127,COPY_OUT,PIPE_MTE3,305703,306102,399,378550
case_084,post,0,8964,MATMUL,PIPE_M,305799,306387,588,378550
case_084,post,0,8973,EXP,PIPE_V,305813,306113,300,378550
case_084,post,0,1000027146,COPY_IN,PIPE_MTE2,305813,306161,348,378550
case_084,post,0,8974,REDUCE,PIPE_V,306113,306197,84,378550
case_084,post,0,1000027164,COPY_IN,PIPE_MTE2,306161,306694,533,378550
case_084,post,0,8975,DIV,PIPE_V,306197,306497,300,378550
case_084,post,0,1000027140,COPY_OUT,PIPE_MTE3,306387,306760,373,378550
case_084,post,0,8976,MATMUL,PIPE_M,306497,307085,588,378550
case_084,post,0,8985,EXP,PIPE_V,306694,306994,300,378550
case_084,post,0,1000027159,COPY_IN,PIPE_MTE2,306694,306997,303,378550
case_084,post,0,8986,REDUCE,PIPE_V,306994,307078,84,378550
case_084,post,0,1000027177,COPY_IN,PIPE_MTE2,306997,307396,399,378550
case_084,post,0,8987,DIV,PIPE_V,307078,307378,300,378550
case_084,post,0,1000027153,COPY_OUT,PIPE_MTE3,307085,307355,270,378550
case_084,post,0,8988,MATMUL,PIPE_M,307378,307966,588,378550
case_084,post,0,8997,EXP,PIPE_V,307396,307696,300,378550
case_084,post,0,1000027172,COPY_IN,PIPE_MTE2,307396,307640,244,378550
case_084,post,0,1000027190,COPY_IN,PIPE_MTE2,307640,308041,401,378550
case_084,post,0,8998,REDUCE,PIPE_V,307696,307780,84,378550
case_084,post,0,8999,DIV,PIPE_V,307780,308080,300,378550
case_084,post,0,1000027166,COPY_OUT,PIPE_MTE3,307966,308399,433,378550
case_084,post,0,1000027185,COPY_IN,PIPE_MTE2,308041,308465,424,378550
case_084,post,0,9000,MATMUL,PIPE_M,308080,308668,588,378550
case_084,post,0,9009,EXP,PIPE_V,308080,308380,300,378550
case_084,post,0,9010,REDUCE,PIPE_V,308380,308464,84,378550
case_084,post,0,9011,DIV,PIPE_V,308464,308764,300,378550
case_084,post,0,1000027203,COPY_IN,PIPE_MTE2,308465,309039,574,378550
case_084,post,0,1000027179,COPY_OUT,PIPE_MTE3,308668,309083,415,378550
case_084,post,0,9012,MATMUL,PIPE_M,308764,309352,588,378550
case_084,post,0,9021,EXP,PIPE_V,309039,309339,300,378550
case_084,post,0,1000027198,COPY_IN,PIPE_MTE2,309039,309419,380,378550
case_084,post,0,9022,REDUCE,PIPE_V,309339,309423,84,378550
case_084,post,0,1000027192,COPY_OUT,PIPE_MTE3,309352,309672,320,378550
case_084,post,0,1000027216,COPY_IN,PIPE_MTE2,309419,309882,463,378550
case_084,post,0,9023,DIV,PIPE_V,309423,309723,300,378550
case_084,post,0,9024,MATMUL,PIPE_M,309723,310311,588,378550
case_084,post,0,9033,EXP,PIPE_V,309882,310182,300,378550
case_084,post,0,1000027211,COPY_IN,PIPE_MTE2,309882,310132,250,378550
case_084,post,0,1000027229,COPY_IN,PIPE_MTE2,310132,310695,563,378550
case_084,post,0,9034,REDUCE,PIPE_V,310182,310266,84,378550
case_084,post,0,9035,DIV,PIPE_V,310266,310566,300,378550
case_084,post,0,1000027205,COPY_OUT,PIPE_MTE3,310311,310823,512,378550
case_084,post,0,9036,MATMUL,PIPE_M,310566,311154,588,378550
case_084,post,0,9045,EXP,PIPE_V,310695,310995,300,378550
case_084,post,0,1000027224,COPY_IN,PIPE_MTE2,310695,311099,404,378550
case_084,post,0,9046,REDUCE,PIPE_V,310995,311079,84,378550
case_084,post,0,9047,DIV,PIPE_V,311079,311379,300,378550
case_084,post,0,1000027242,COPY_IN,PIPE_MTE2,311099,311699,600,378550
case_084,post,0,1000027218,COPY_OUT,PIPE_MTE3,311154,311576,422,378550
case_084,post,0,9048,MATMUL,PIPE_M,311379,311967,588,378550
case_084,post,0,9057,EXP,PIPE_V,311699,311999,300,378550
case_084,post,0,1000027237,COPY_IN,PIPE_MTE2,311699,312034,335,378550
case_084,post,0,1000027231,COPY_OUT,PIPE_MTE3,311967,312320,353,378550
case_084,post,0,9058,REDUCE,PIPE_V,311999,312083,84,378550
case_084,post,0,1000027255,COPY_IN,PIPE_MTE2,312034,312542,508,378550
case_084,post,0,9059,DIV,PIPE_V,312083,312383,300,378550
case_084,post,0,9060,MATMUL,PIPE_M,312383,312971,588,378550
case_084,post,0,9069,EXP,PIPE_V,312542,312842,300,378550
case_084,post,0,1000027250,COPY_IN,PIPE_MTE2,312542,312921,379,378550
case_084,post,0,9070,REDUCE,PIPE_V,312842,312926,84,378550
case_084,post,0,1000027268,COPY_IN,PIPE_MTE2,312921,313560,639,378550
case_084,post,0,9071,DIV,PIPE_V,312926,313226,300,378550
case_084,post,0,1000027244,COPY_OUT,PIPE_MTE3,312971,313424,453,378550
case_084,post,0,9072,MATMUL,PIPE_M,313226,313814,588,378550
case_084,post,0,9081,EXP,PIPE_V,313560,313860,300,378550
case_084,post,0,1000027263,COPY_IN,PIPE_MTE2,313560,313935,375,378550
case_084,post,0,1000027257,COPY_OUT,PIPE_MTE3,313814,314219,405,378550
case_084,post,0,9082,REDUCE,PIPE_V,313860,313944,84,378550
case_084,post,0,1000027281,COPY_IN,PIPE_MTE2,313935,314418,483,378550
case_084,post,0,9083,DIV,PIPE_V,313944,314244,300,378550
case_084,post,0,9084,MATMUL,PIPE_M,314244,314832,588,378550
case_084,post,0,9093,EXP,PIPE_V,314418,314718,300,378550
case_084,post,0,1000027276,COPY_IN,PIPE_MTE2,314418,314775,357,378550
case_084,post,0,9094,REDUCE,PIPE_V,314718,314802,84,378550
case_084,post,0,1000027294,COPY_IN,PIPE_MTE2,314775,315340,565,378550
case_084,post,0,9095,DIV,PIPE_V,314802,315102,300,378550
case_084,post,0,1000027270,COPY_OUT,PIPE_MTE3,314832,315219,387,378550
case_084,post,0,9096,MATMUL,PIPE_M,315102,315690,588,378550
case_084,post,0,9105,EXP,PIPE_V,315340,315640,300,378550
case_084,post,0,1000027289,COPY_IN,PIPE_MTE2,315340,315726,386,378550
case_084,post,0,9106,REDUCE,PIPE_V,315640,315724,84,378550
case_084,post,0,1000027283,COPY_OUT,PIPE_MTE3,315690,316135,445,378550
case_084,post,0,9107,DIV,PIPE_V,315724,316024,300,378550
case_084,post,0,1000027307,COPY_IN,PIPE_MTE2,315726,316331,605,378550
case_084,post,0,9108,MATMUL,PIPE_M,316024,316612,588,378550
case_084,post,0,9117,EXP,PIPE_V,316331,316631,300,378550
case_084,post,0,1000027302,COPY_IN,PIPE_MTE2,316331,316660,329,378550
case_084,post,0,1000027296,COPY_OUT,PIPE_MTE3,316612,316978,366,378550
case_084,post,0,9118,REDUCE,PIPE_V,316631,316715,84,378550
case_084,post,0,1000027320,COPY_IN,PIPE_MTE2,316660,317166,506,378550
case_084,post,0,9119,DIV,PIPE_V,316715,317015,300,378550
case_084,post,0,9120,MATMUL,PIPE_M,317015,317603,588,378550
case_084,post,0,9129,EXP,PIPE_V,317166,317466,300,378550
case_084,post,0,1000027315,COPY_IN,PIPE_MTE2,317166,317533,367,378550
case_084,post,0,9130,REDUCE,PIPE_V,317466,317550,84,378550
case_084,post,0,1000027333,COPY_IN,PIPE_MTE2,317533,318173,640,378550
case_084,post,0,9131,DIV,PIPE_V,317550,317850,300,378550
case_084,post,0,1000027309,COPY_OUT,PIPE_MTE3,317603,318043,440,378550
case_084,post,0,9132,MATMUL,PIPE_M,317850,318438,588,378550
case_084,post,0,9141,EXP,PIPE_V,318173,318473,300,378550
case_084,post,0,1000027328,COPY_IN,PIPE_MTE2,318173,318535,362,378550
case_084,post,0,1000027322,COPY_OUT,PIPE_MTE3,318438,318848,410,378550
case_084,post,0,9142,REDUCE,PIPE_V,318473,318557,84,378550
case_084,post,0,1000027346,COPY_IN,PIPE_MTE2,318535,319052,517,378550
case_084,post,0,9143,DIV,PIPE_V,318557,318857,300,378550
case_084,post,0,9144,MATMUL,PIPE_M,318857,319445,588,378550
case_084,post,0,9153,EXP,PIPE_V,319052,319352,300,378550
case_084,post,0,1000027341,COPY_IN,PIPE_MTE2,319052,319383,331,378550
case_084,post,0,9154,REDUCE,PIPE_V,319352,319436,84,378550
case_084,post,0,1000027359,COPY_IN,PIPE_MTE2,319383,319959,576,378550
case_084,post,0,9155,DIV,PIPE_V,319436,319736,300,378550
case_084,post,0,1000027335,COPY_OUT,PIPE_MTE3,319445,319818,373,378550
case_084,post,0,9156,MATMUL,PIPE_M,319736,320324,588,378550
case_084,post,0,9165,EXP,PIPE_V,319959,320259,300,378550
case_084,post,0,1000027354,COPY_IN,PIPE_MTE2,319959,320360,401,378550
case_084,post,0,9166,REDUCE,PIPE_V,320259,320343,84,378550
case_084,post,0,1000027348,COPY_OUT,PIPE_MTE3,320324,320760,436,378550
case_084,post,0,9167,DIV,PIPE_V,320343,320643,300,378550
case_084,post,0,1000027372,COPY_IN,PIPE_MTE2,320360,320964,604,378550
case_084,post,0,9168,MATMUL,PIPE_M,320643,321231,588,378550
case_084,post,0,9177,EXP,PIPE_V,320964,321264,300,378550
case_084,post,0,1000027367,COPY_IN,PIPE_MTE2,320964,321277,313,378550
case_084,post,0,1000027361,COPY_OUT,PIPE_MTE3,321231,321607,376,378550
case_084,post,0,9178,REDUCE,PIPE_V,321264,321348,84,378550
case_084,post,0,1000027385,COPY_IN,PIPE_MTE2,321277,321796,519,378550
case_084,post,0,9179,DIV,PIPE_V,321348,321648,300,378550
case_084,post,0,9180,MATMUL,PIPE_M,321648,322236,588,378550
case_084,post,0,9189,EXP,PIPE_V,321796,322096,300,378550
case_084,post,0,1000027380,COPY_IN,PIPE_MTE2,321796,322082,286,378550
case_084,post,0,1000027398,COPY_IN,PIPE_MTE2,322082,322741,659,378550
case_084,post,0,9190,REDUCE,PIPE_V,322096,322180,84,378550
case_084,post,0,9191,DIV,PIPE_V,322180,322480,300,378550
case_084,post,0,1000027374,COPY_OUT,PIPE_MTE3,322236,322697,461,378550
case_084,post,0,9192,MATMUL,PIPE_M,322480,323068,588,378550
case_084,post,0,9201,EXP,PIPE_V,322741,323041,300,378550
case_084,post,0,1000027393,COPY_IN,PIPE_MTE2,322741,323107,366,378550
case_084,post,0,9202,REDUCE,PIPE_V,323041,323125,84,378550
case_084,post,0,1000027387,COPY_OUT,PIPE_MTE3,323068,323471,403,378550
case_084,post,0,1000027411,COPY_IN,PIPE_MTE2,323107,323641,534,378550
case_084,post,0,9203,DIV,PIPE_V,323125,323425,300,378550
case_084,post,0,9204,MATMUL,PIPE_M,323425,324013,588,378550
case_084,post,0,9213,EXP,PIPE_V,323641,323941,300,378550
case_084,post,0,1000027406,COPY_IN,PIPE_MTE2,323641,323903,262,378550
case_084,post,0,1000027424,COPY_IN,PIPE_MTE2,323903,324479,576,378550
case_084,post,0,9214,REDUCE,PIPE_V,323941,324025,84,378550
case_084,post,0,1000027400,COPY_OUT,PIPE_MTE3,324013,324417,404,378550
case_084,post,0,9215,DIV,PIPE_V,324025,324325,300,378550
case_084,post,0,9216,MATMUL,PIPE_M,324325,324913,588,378550
case_084,post,0,9225,EXP,PIPE_V,324479,324779,300,378550
case_084,post,0,1000027419,COPY_IN,PIPE_MTE2,324479,324890,411,378550
case_084,post,0,9226,REDUCE,PIPE_V,324779,324863,84,378550
case_084,post,0,9227,DIV,PIPE_V,324863,325163,300,378550
case_084,post,0,1000027437,COPY_IN,PIPE_MTE2,324890,325499,609,378550
case_084,post,0,1000027413,COPY_OUT,PIPE_MTE3,324913,325338,425,378550
case_084,post,0,9228,MATMUL,PIPE_M,325163,325751,588,378550
case_084,post,0,9237,EXP,PIPE_V,325499,325799,300,378550
case_084,post,0,1000027432,COPY_IN,PIPE_MTE2,325499,325845,346,378550
case_084,post,0,1000027426,COPY_OUT,PIPE_MTE3,325751,326112,361,378550
case_084,post,0,9238,REDUCE,PIPE_V,325799,325883,84,378550
case_084,post,0,1000027450,COPY_IN,PIPE_MTE2,325845,326358,513,378550
case_084,post,0,9239,DIV,PIPE_V,325883,326183,300,378550
case_084,post,0,9240,MATMUL,PIPE_M,326183,326771,588,378550
case_084,post,0,9249,EXP,PIPE_V,326358,326658,300,378550
case_084,post,0,1000027445,COPY_IN,PIPE_MTE2,326358,326667,309,378550
case_084,post,0,9250,REDUCE,PIPE_V,326658,326742,84,378550
case_084,post,0,1000027463,COPY_IN,PIPE_MTE2,326667,327303,636,378550
case_084,post,0,9251,DIV,PIPE_V,326742,327042,300,378550
case_084,post,0,1000027439,COPY_OUT,PIPE_MTE3,326771,327231,460,378550
case_084,post,0,9252,MATMUL,PIPE_M,327042,327630,588,378550
case_084,post,0,9261,EXP,PIPE_V,327303,327603,300,378550
case_084,post,0,1000027458,COPY_IN,PIPE_MTE2,327303,327702,399,378550
case_084,post,0,9262,REDUCE,PIPE_V,327603,327687,84,378550
case_084,post,0,1000027452,COPY_OUT,PIPE_MTE3,327630,328022,392,378550
case_084,post,0,9263,DIV,PIPE_V,327687,327987,300,378550
case_084,post,0,1000027476,COPY_IN,PIPE_MTE2,327702,328220,518,378550
case_084,post,0,9264,MATMUL,PIPE_M,327987,328575,588,378550
case_084,post,0,9273,EXP,PIPE_V,328220,328520,300,378550
case_084,post,0,1000027471,COPY_IN,PIPE_MTE2,328220,328496,276,378550
case_084,post,0,1000027489,COPY_IN,PIPE_MTE2,328496,329035,539,378550
case_084,post,0,9274,REDUCE,PIPE_V,328520,328604,84,378550
case_084,post,0,1000027465,COPY_OUT,PIPE_MTE3,328575,328950,375,378550
case_084,post,0,9275,DIV,PIPE_V,328604,328904,300,378550
case_084,post,0,9276,MATMUL,PIPE_M,328904,329492,588,378550
case_084,post,0,9285,EXP,PIPE_V,329035,329335,300,378550
case_084,post,0,1000027484,COPY_IN,PIPE_MTE2,329035,329441,406,378550
case_084,post,0,9286,REDUCE,PIPE_V,329335,329419,84,378550
case_084,post,0,9287,DIV,PIPE_V,329419,329719,300,378550
case_084,post,0,1000027502,COPY_IN,PIPE_MTE2,329441,330046,605,378550
case_084,post,0,1000027478,COPY_OUT,PIPE_MTE3,329492,329916,424,378550
case_084,post,0,9288,MATMUL,PIPE_M,329719,330307,588,378550
case_084,post,0,9297,EXP,PIPE_V,330046,330346,300,378550
case_084,post,0,1000027497,COPY_IN,PIPE_MTE2,330046,330362,316,378550
case_084,post,0,1000027491,COPY_OUT,PIPE_MTE3,330307,330642,335,378550
case_084,post,0,9298,REDUCE,PIPE_V,330346,330430,84,378550
case_084,post,0,1000027515,COPY_IN,PIPE_MTE2,330362,330806,444,378550
case_084,post,0,9299,DIV,PIPE_V,330430,330730,300,378550
case_084,post,0,9300,MATMUL,PIPE_M,330730,331318,588,378550
case_084,post,0,9309,EXP,PIPE_V,330806,331106,300,378550
case_084,post,0,1000027510,COPY_IN,PIPE_MTE2,330806,331060,254,378550
case_084,post,0,1000027528,COPY_IN,PIPE_MTE2,331060,331603,543,378550
case_084,post,0,9310,REDUCE,PIPE_V,331106,331190,84,378550
case_084,post,0,9311,DIV,PIPE_V,331190,331490,300,378550
case_084,post,0,1000027504,COPY_OUT,PIPE_MTE3,331318,331766,448,378550
case_084,post,0,9312,MATMUL,PIPE_M,331490,332078,588,378550
case_084,post,0,9321,EXP,PIPE_V,331603,331903,300,378550
case_084,post,0,1000027523,COPY_IN,PIPE_MTE2,331603,331948,345,378550
case_084,post,0,9322,REDUCE,PIPE_V,331903,331987,84,378550
case_084,post,0,1000027541,COPY_IN,PIPE_MTE2,331948,332523,575,378550
case_084,post,0,9323,DIV,PIPE_V,331987,332287,300,378550
case_084,post,0,1000027517,COPY_OUT,PIPE_MTE3,332078,332495,417,378550
case_084,post,0,9324,MATMUL,PIPE_M,332287,332875,588,378550
case_084,post,0,9333,EXP,PIPE_V,332523,332823,300,378550
case_084,post,0,1000027536,COPY_IN,PIPE_MTE2,332523,332818,295,378550
case_084,post,0,1000027554,COPY_IN,PIPE_MTE2,332818,333254,436,378550
case_084,post,0,9334,REDUCE,PIPE_V,332823,332907,84,378550
case_084,post,0,1000027530,COPY_OUT,PIPE_MTE3,332875,333180,305,378550
case_084,post,0,9335,DIV,PIPE_V,332907,333207,300,378550
case_084,post,0,9336,MATMUL,PIPE_M,333207,333795,588,378550
case_084,post,0,9345,EXP,PIPE_V,333254,333554,300,378550
case_084,post,0,1000027549,COPY_IN,PIPE_MTE2,333254,333550,296,378550
case_084,post,0,1000027567,COPY_IN,PIPE_MTE2,333550,334140,590,378550
case_084,post,0,9346,REDUCE,PIPE_V,333554,333638,84,378550
case_084,post,0,9347,DIV,PIPE_V,333638,333938,300,378550
case_084,post,0,1000027543,COPY_OUT,PIPE_MTE3,333795,334234,439,378550
case_084,post,0,9348,MATMUL,PIPE_M,333938,334526,588,378550
case_084,post,0,9357,EXP,PIPE_V,334140,334440,300,378550
case_084,post,0,1000027562,COPY_IN,PIPE_MTE2,334140,334487,347,378550
case_084,post,0,9358,REDUCE,PIPE_V,334440,334524,84,378550
case_084,post,0,1000027580,COPY_IN,PIPE_MTE2,334487,335014,527,378550
case_084,post,0,9359,DIV,PIPE_V,334524,334824,300,378550
case_084,post,0,1000027556,COPY_OUT,PIPE_MTE3,334526,334913,387,378550
case_084,post,0,9360,MATMUL,PIPE_M,334824,335412,588,378550
case_084,post,0,9369,EXP,PIPE_V,335014,335314,300,378550
case_084,post,0,1000027575,COPY_IN,PIPE_MTE2,335014,335295,281,378550
case_084,post,0,1000027593,COPY_IN,PIPE_MTE2,335295,335763,468,378550
case_084,post,0,9370,REDUCE,PIPE_V,335314,335398,84,378550
case_084,post,0,9371,DIV,PIPE_V,335398,335698,300,378550
case_084,post,0,1000027569,COPY_OUT,PIPE_MTE3,335412,335745,333,378550
case_084,post,0,9372,MATMUL,PIPE_M,335698,336286,588,378550
case_084,post,0,9381,EXP,PIPE_V,335763,336063,300,378550
case_084,post,0,1000027588,COPY_IN,PIPE_MTE2,335763,336035,272,378550
case_084,post,0,1000027606,COPY_IN,PIPE_MTE2,336035,336653,618,378550
case_084,post,0,9382,REDUCE,PIPE_V,336063,336147,84,378550
case_084,post,0,9383,DIV,PIPE_V,336147,336447,300,378550
case_084,post,0,1000027582,COPY_OUT,PIPE_MTE3,336286,336689,403,378550
case_084,post,0,9384,MATMUL,PIPE_M,336447,337035,588,378550
case_084,post,0,9393,EXP,PIPE_V,336653,336953,300,378550
case_084,post,0,1000027601,COPY_IN,PIPE_MTE2,336653,337017,364,378550
case_084,post,0,9394,REDUCE,PIPE_V,336953,337037,84,378550
case_084,post,0,1000027619,COPY_IN,PIPE_MTE2,337017,337452,435,378550
case_084,post,0,1000027595,COPY_OUT,PIPE_MTE3,337035,337351,316,378550
case_084,post,0,9395,DIV,PIPE_V,337037,337337,300,378550
case_084,post,0,9396,MATMUL,PIPE_M,337337,337925,588,378550
case_084,post,0,9405,EXP,PIPE_V,337452,337752,300,378550
case_084,post,0,1000027614,COPY_IN,PIPE_MTE2,337452,337707,255,378550
case_084,post,0,1000027632,COPY_IN,PIPE_MTE2,337707,338168,461,378550
case_084,post,0,9406,REDUCE,PIPE_V,337752,337836,84,378550
case_084,post,0,9407,DIV,PIPE_V,337836,338136,300,378550
case_084,post,0,1000027608,COPY_OUT,PIPE_MTE3,337925,338241,316,378550
case_084,post,0,9408,MATMUL,PIPE_M,338136,338724,588,378550
case_084,post,0,9417,EXP,PIPE_V,338168,338468,300,378550
case_084,post,0,1000027627,COPY_IN,PIPE_MTE2,338168,338522,354,378550
case_084,post,0,9418,REDUCE,PIPE_V,338468,338552,84,378550
case_084,post,0,1000027645,COPY_IN,PIPE_MTE2,338522,339099,577,378550
case_084,post,0,9419,DIV,PIPE_V,338552,338852,300,378550
case_084,post,0,1000027621,COPY_OUT,PIPE_MTE3,338724,339122,398,378550
case_084,post,0,9420,MATMUL,PIPE_M,338852,339440,588,378550
case_084,post,0,9429,EXP,PIPE_V,339099,339399,300,378550
case_084,post,0,1000027640,COPY_IN,PIPE_MTE2,339099,339413,314,378550
case_084,post,0,9430,REDUCE,PIPE_V,339399,339483,84,378550
case_084,post,0,1000027658,COPY_IN,PIPE_MTE2,339413,339875,462,378550
case_084,post,0,1000027634,COPY_OUT,PIPE_MTE3,339440,339791,351,378550
case_084,post,0,9431,DIV,PIPE_V,339483,339783,300,378550
case_084,post,0,9432,MATMUL,PIPE_M,339783,340371,588,378550
case_084,post,0,9441,EXP,PIPE_V,339875,340175,300,378550
case_084,post,0,1000027653,COPY_IN,PIPE_MTE2,339875,340083,208,378550
case_084,post,0,1000027671,COPY_IN,PIPE_MTE2,340083,340583,500,378550
case_084,post,0,9442,REDUCE,PIPE_V,340175,340259,84,378550
case_084,post,0,9443,DIV,PIPE_V,340259,340559,300,378550
case_084,post,0,1000027647,COPY_OUT,PIPE_MTE3,340371,340727,356,378550
case_084,post,0,9444,MATMUL,PIPE_M,340559,341147,588,378550
case_084,post,0,9453,EXP,PIPE_V,340583,340883,300,378550
case_084,post,0,1000027666,COPY_IN,PIPE_MTE2,340583,340944,361,378550
case_084,post,0,9454,REDUCE,PIPE_V,340883,340967,84,378550
case_084,post,0,1000027684,COPY_IN,PIPE_MTE2,340944,341505,561,378550
case_084,post,0,9455,DIV,PIPE_V,340967,341267,300,378550
case_084,post,0,1000027660,COPY_OUT,PIPE_MTE3,341147,341514,367,378550
case_084,post,0,9456,MATMUL,PIPE_M,341267,341855,588,378550
case_084,post,0,9465,EXP,PIPE_V,341505,341805,300,378550
case_084,post,0,1000027679,COPY_IN,PIPE_MTE2,341505,341843,338,378550
case_084,post,0,9466,REDUCE,PIPE_V,341805,341889,84,378550
case_084,post,0,1000027697,COPY_IN,PIPE_MTE2,341843,342272,429,378550
case_084,post,0,1000027673,COPY_OUT,PIPE_MTE3,341855,342164,309,378550
case_084,post,0,9467,DIV,PIPE_V,341889,342189,300,378550
case_084,post,0,9468,MATMUL,PIPE_M,342189,342777,588,378550
case_084,post,0,9477,EXP,PIPE_V,342272,342572,300,378550
case_084,post,0,1000027692,COPY_IN,PIPE_MTE2,342272,342516,244,378550
case_084,post,0,1000027710,COPY_IN,PIPE_MTE2,342516,343001,485,378550
case_084,post,0,9478,REDUCE,PIPE_V,342572,342656,84,378550
case_084,post,0,9479,DIV,PIPE_V,342656,342956,300,378550
case_084,post,0,1000027686,COPY_OUT,PIPE_MTE3,342777,343173,396,378550
case_084,post,0,9480,MATMUL,PIPE_M,342956,343544,588,378550
case_084,post,0,9489,EXP,PIPE_V,343001,343301,300,378550
case_084,post,0,1000027705,COPY_IN,PIPE_MTE2,343001,343379,378,378550
case_084,post,0,9490,REDUCE,PIPE_V,343301,343385,84,378550
case_084,post,0,1000027723,COPY_IN,PIPE_MTE2,343379,343950,571,378550
case_084,post,0,9491,DIV,PIPE_V,343385,343685,300,378550
case_084,post,0,1000027699,COPY_OUT,PIPE_MTE3,343544,343943,399,378550
case_084,post,0,9492,MATMUL,PIPE_M,343685,344273,588,378550
case_084,post,0,9501,EXP,PIPE_V,343950,344250,300,378550
case_084,post,0,1000027718,COPY_IN,PIPE_MTE2,343950,344223,273,378550
case_084,post,0,1000027736,COPY_IN,PIPE_MTE2,344223,344690,467,378550
case_084,post,0,9502,REDUCE,PIPE_V,344250,344334,84,378550
case_084,post,0,1000027712,COPY_OUT,PIPE_MTE3,344273,344620,347,378550
case_084,post,0,9503,DIV,PIPE_V,344334,344634,300,378550
case_084,post,0,9504,MATMUL,PIPE_M,344634,345222,588,378550
case_084,post,0,9513,EXP,PIPE_V,344690,344990,300,378550
case_084,post,0,1000027731,COPY_IN,PIPE_MTE2,344690,344898,208,378550
case_084,post,0,1000027749,COPY_IN,PIPE_MTE2,344898,345383,485,378550
case_084,post,0,9514,REDUCE,PIPE_V,344990,345074,84,378550
case_084,post,0,9515,DIV,PIPE_V,345074,345374,300,378550
case_084,post,0,1000027725,COPY_OUT,PIPE_MTE3,345222,345651,429,378550
case_084,post,0,9516,MATMUL,PIPE_M,345374,345962,588,378550
case_084,post,0,9525,EXP,PIPE_V,345383,345683,300,378550
case_084,post,0,1000027744,COPY_IN,PIPE_MTE2,345383,345765,382,378550
case_084,post,0,9526,REDUCE,PIPE_V,345683,345767,84,378550
case_084,post,0,1000027762,COPY_IN,PIPE_MTE2,345765,346329,564,378550
case_084,post,0,9527,DIV,PIPE_V,345767,346067,300,378550
case_084,post,0,1000027738,COPY_OUT,PIPE_MTE3,345962,346357,395,378550
case_084,post,0,9528,MATMUL,PIPE_M,346067,346655,588,378550
case_084,post,0,9537,EXP,PIPE_V,346329,346629,300,378550
case_084,post,0,1000027757,COPY_IN,PIPE_MTE2,346329,346600,271,378550
case_084,post,0,1000027775,COPY_IN,PIPE_MTE2,346600,347071,471,378550
case_084,post,0,9538,REDUCE,PIPE_V,346629,346713,84,378550
case_084,post,0,1000027751,COPY_OUT,PIPE_MTE3,346655,347005,350,378550
case_084,post,0,9539,DIV,PIPE_V,346713,347013,300,378550
case_084,post,0,9540,MATMUL,PIPE_M,347013,347601,588,378550
case_084,post,0,9549,EXP,PIPE_V,347071,347371,300,378550
case_084,post,0,1000027770,COPY_IN,PIPE_MTE2,347071,347279,208,378550
case_084,post,0,1000027788,COPY_IN,PIPE_MTE2,347279,347789,510,378550
case_084,post,0,9550,REDUCE,PIPE_V,347371,347455,84,378550
case_084,post,0,9551,DIV,PIPE_V,347455,347755,300,378550
case_084,post,0,1000027764,COPY_OUT,PIPE_MTE3,347601,348025,424,378550
case_084,post,0,9552,MATMUL,PIPE_M,347755,348343,588,378550
case_084,post,0,9561,EXP,PIPE_V,347789,348089,300,378550
case_084,post,0,1000027783,COPY_IN,PIPE_MTE2,347789,348158,369,378550
case_084,post,0,9562,REDUCE,PIPE_V,348089,348173,84,378550
case_084,post,0,1000027804,COPY_IN,PIPE_MTE2,348158,348723,565,378550
case_084,post,0,9563,DIV,PIPE_V,348173,348473,300,378550
case_084,post,0,1000027777,COPY_OUT,PIPE_MTE3,348343,348735,392,378550
case_084,post,0,9564,MATMUL,PIPE_M,348473,349061,588,378550
case_084,post,0,9573,EXP,PIPE_V,348723,349023,300,378550
case_084,post,0,1000027796,COPY_IN,PIPE_MTE2,348723,348977,254,378550
case_084,post,0,1000026774,COPY_IN,PIPE_MTE2,348977,349452,475,378550
case_084,post,0,9574,REDUCE,PIPE_V,349023,349107,84,378550
case_084,post,0,1000027790,COPY_OUT,PIPE_MTE3,349061,349406,345,378550
case_084,post,0,9575,DIV,PIPE_V,349107,349407,300,378550
case_084,post,0,9576,MATMUL,PIPE_M,349407,349995,588,378550
case_084,post,0,8626,REDUCE,PIPE_V,349452,349536,84,378550
case_084,post,0,1000026769,COPY_IN,PIPE_MTE2,349452,349660,208,378550
case_084,post,0,8627,DIV,PIPE_V,349536,349836,300,378550
case_084,post,0,8628,MATMUL,PIPE_M,349995,350583,588,378550
case_084,post,0,1000027806,COPY_OUT,PIPE_MTE3,349995,350349,354,378550
case_084,post,0,1000026776,COPY_OUT,PIPE_MTE3,350583,350923,340,378550
case_084,post,1,1000020676,COPY_IN,PIPE_MTE2,0,260,260,378550
case_084,post,1,1000020678,COPY_IN,PIPE_MTE2,260,520,260,378550
case_084,post,1,2584,MATMUL,PIPE_M,520,1108,588,378550
case_084,post,1,1000020682,COPY_IN,PIPE_MTE2,520,525,5,378550
case_084,post,1,1000020689,COPY_IN,PIPE_MTE2,525,785,260,378550
case_084,post,1,1000020691,COPY_IN,PIPE_MTE2,785,1045,260,378550
case_084,post,1,1000020695,COPY_IN,PIPE_MTE2,1045,1050,5,378550
case_084,post,1,1000020702,COPY_IN,PIPE_MTE2,1050,1310,260,378550
case_084,post,1,2586,DIV,PIPE_V,1108,1408,300,378550
case_084,post,1,2596,MATMUL,PIPE_M,1108,1696,588,378550
case_084,post,1,1000020704,COPY_IN,PIPE_MTE2,1310,1570,260,378550
case_084,post,1,2587,REDUCE,PIPE_V,1408,1492,84,378550
case_084,post,1,2588,SUB,PIPE_V,1492,1576,84,378550
case_084,post,1,1000020708,COPY_IN,PIPE_MTE2,1570,1575,5,378550
case_084,post,1,1000020715,COPY_IN,PIPE_MTE2,1575,1991,416,378550
case_084,post,1,1000020684,COPY_OUT,PIPE_MTE3,1576,2192,616,378550
case_084,post,1,2598,DIV,PIPE_V,1696,1996,300,378550
case_084,post,1,2608,MATMUL,PIPE_M,1696,2284,588,378550
case_084,post,1,1000020717,COPY_IN,PIPE_MTE2,1991,2407,416,378550
case_084,post,1,2599,REDUCE,PIPE_V,1996,2080,84,378550
case_084,post,1,2600,SUB,PIPE_V,2080,2164,84,378550
case_084,post,1,1000020697,COPY_OUT,PIPE_MTE3,2192,2808,616,378550
case_084,post,1,2610,DIV,PIPE_V,2284,2584,300,378550
case_084,post,1,2620,MATMUL,PIPE_M,2407,2995,588,378550
case_084,post,1,1000020721,COPY_IN,PIPE_MTE2,2407,2415,8,378550
case_084,post,1,1000020728,COPY_IN,PIPE_MTE2,2415,2831,416,378550
case_084,post,1,2611,REDUCE,PIPE_V,2584,2668,84,378550
case_084,post,1,2612,SUB,PIPE_V,2668,2752,84,378550
case_084,post,1,1000020710,COPY_OUT,PIPE_MTE3,2808,3476,668,378550
case_084,post,1,1000020730,COPY_IN,PIPE_MTE2,2831,3297,466,378550
case_084,post,1,2622,DIV,PIPE_V,2995,3295,300,378550
case_084,post,1,2623,REDUCE,PIPE_V,3295,3379,84,378550
case_084,post,1,2632,MATMUL,PIPE_M,3297,3885,588,378550
case_084,post,1,1000020734,COPY_IN,PIPE_MTE2,3297,3306,9,378550
case_084,post,1,1000020741,COPY_IN,PIPE_MTE2,3306,3723,417,378550
case_084,post,1,2624,SUB,PIPE_V,3379,3463,84,378550
case_084,post,1,1000020723,COPY_OUT,PIPE_MTE3,3476,4092,616,378550
case_084,post,1,1000020743,COPY_IN,PIPE_MTE2,3723,4121,398,378550
case_084,post,1,2634,DIV,PIPE_V,3885,4185,300,378550
case_084,post,1,2644,MATMUL,PIPE_M,4121,4709,588,378550
case_084,post,1,1000020747,COPY_IN,PIPE_MTE2,4121,4126,5,378550
case_084,post,1,1000020754,COPY_IN,PIPE_MTE2,4126,4406,280,378550
case_084,post,1,2635,REDUCE,PIPE_V,4185,4269,84,378550
case_084,post,1,2636,SUB,PIPE_V,4269,4353,84,378550
case_084,post,1,1000020736,COPY_OUT,PIPE_MTE3,4353,4969,616,378550
case_084,post,1,1000020756,COPY_IN,PIPE_MTE2,4406,4822,416,378550
case_084,post,1,2646,DIV,PIPE_V,4709,5009,300,378550
case_084,post,1,2656,MATMUL,PIPE_M,4822,5410,588,378550
case_084,post,1,1000020760,COPY_IN,PIPE_MTE2,4822,4830,8,378550
case_084,post,1,1000020767,COPY_IN,PIPE_MTE2,4830,5142,312,378550
case_084,post,1,2647,REDUCE,PIPE_V,5009,5093,84,378550
case_084,post,1,2648,SUB,PIPE_V,5093,5177,84,378550
case_084,post,1,1000020769,COPY_IN,PIPE_MTE2,5142,5583,441,378550
case_084,post,1,1000020749,COPY_OUT,PIPE_MTE3,5177,5845,668,378550
case_084,post,1,2658,DIV,PIPE_V,5410,5710,300,378550
case_084,post,1,2668,MATMUL,PIPE_M,5583,6171,588,378550
case_084,post,1,1000020773,COPY_IN,PIPE_MTE2,5583,5592,9,378550
case_084,post,1,1000020780,COPY_IN,PIPE_MTE2,5592,5994,402,378550
case_084,post,1,2659,REDUCE,PIPE_V,5710,5794,84,378550
case_084,post,1,2660,SUB,PIPE_V,5794,5878,84,378550
case_084,post,1,1000020762,COPY_OUT,PIPE_MTE3,5878,6494,616,378550
case_084,post,1,1000020782,COPY_IN,PIPE_MTE2,5994,6410,416,378550
case_084,post,1,2670,DIV,PIPE_V,6171,6471,300,378550
case_084,post,1,2680,MATMUL,PIPE_M,6410,6998,588,378550
case_084,post,1,1000020786,COPY_IN,PIPE_MTE2,6410,6418,8,378550
case_084,post,1,1000020793,COPY_IN,PIPE_MTE2,6418,6747,329,378550
case_084,post,1,2671,REDUCE,PIPE_V,6471,6555,84,378550
case_084,post,1,2672,SUB,PIPE_V,6555,6639,84,378550
case_084,post,1,1000020775,COPY_OUT,PIPE_MTE3,6639,7255,616,378550
case_084,post,1,1000020795,COPY_IN,PIPE_MTE2,6747,7163,416,378550
case_084,post,1,2682,DIV,PIPE_V,6998,7298,300,378550
case_084,post,1,2692,MATMUL,PIPE_M,7163,7751,588,378550
case_084,post,1,1000020799,COPY_IN,PIPE_MTE2,7163,7171,8,378550
case_084,post,1,1000020806,COPY_IN,PIPE_MTE2,7171,7462,291,378550
case_084,post,1,2683,REDUCE,PIPE_V,7298,7382,84,378550
case_084,post,1,2684,SUB,PIPE_V,7382,7466,84,378550
case_084,post,1,1000020808,COPY_IN,PIPE_MTE2,7462,7922,460,378550
case_084,post,1,1000020788,COPY_OUT,PIPE_MTE3,7466,8134,668,378550
case_084,post,1,2694,DIV,PIPE_V,7751,8051,300,378550
case_084,post,1,2704,MATMUL,PIPE_M,7922,8510,588,378550
case_084,post,1,1000020812,COPY_IN,PIPE_MTE2,7922,7931,9,378550
case_084,post,1,1000020819,COPY_IN,PIPE_MTE2,7931,8301,370,378550
case_084,post,1,2695,REDUCE,PIPE_V,8051,8135,84,378550
case_084,post,1,2696,SUB,PIPE_V,8135,8219,84,378550
case_084,post,1,1000020801,COPY_OUT,PIPE_MTE3,8219,8835,616,378550
case_084,post,1,1000020821,COPY_IN,PIPE_MTE2,8301,8717,416,378550
case_084,post,1,2706,DIV,PIPE_V,8510,8810,300,378550
case_084,post,1,2716,MATMUL,PIPE_M,8717,9305,588,378550
case_084,post,1,1000020825,COPY_IN,PIPE_MTE2,8717,8725,8,378550
case_084,post,1,1000020832,COPY_IN,PIPE_MTE2,8725,9055,330,378550
case_084,post,1,2707,REDUCE,PIPE_V,8810,8894,84,378550
case_084,post,1,2708,SUB,PIPE_V,8894,8978,84,378550
case_084,post,1,1000020814,COPY_OUT,PIPE_MTE3,8978,9594,616,378550
case_084,post,1,1000020834,COPY_IN,PIPE_MTE2,9055,9471,416,378550
case_084,post,1,2718,DIV,PIPE_V,9305,9605,300,378550
case_084,post,1,2728,MATMUL,PIPE_M,9471,10059,588,378550
case_084,post,1,1000020838,COPY_IN,PIPE_MTE2,9471,9479,8,378550
case_084,post,1,1000020845,COPY_IN,PIPE_MTE2,9479,9787,308,378550
case_084,post,1,2719,REDUCE,PIPE_V,9605,9689,84,378550
case_084,post,1,2720,SUB,PIPE_V,9689,9773,84,378550
case_084,post,1,1000020827,COPY_OUT,PIPE_MTE3,9773,10441,668,378550
case_084,post,1,1000020847,COPY_IN,PIPE_MTE2,9787,10250,463,378550
case_084,post,1,2730,DIV,PIPE_V,10059,10359,300,378550
case_084,post,1,2740,MATMUL,PIPE_M,10250,10838,588,378550
case_084,post,1,1000020851,COPY_IN,PIPE_MTE2,10250,10259,9,378550
case_084,post,1,1000020858,COPY_IN,PIPE_MTE2,10259,10628,369,378550
case_084,post,1,2731,REDUCE,PIPE_V,10359,10443,84,378550
case_084,post,1,2732,SUB,PIPE_V,10443,10527,84,378550
case_084,post,1,1000020840,COPY_OUT,PIPE_MTE3,10527,11143,616,378550
case_084,post,1,1000020860,COPY_IN,PIPE_MTE2,10628,11044,416,378550
case_084,post,1,2742,DIV,PIPE_V,10838,11138,300,378550
case_084,post,1,2752,MATMUL,PIPE_M,11044,11632,588,378550
case_084,post,1,1000020864,COPY_IN,PIPE_MTE2,11044,11052,8,378550
case_084,post,1,1000020871,COPY_IN,PIPE_MTE2,11052,11370,318,378550
case_084,post,1,2743,REDUCE,PIPE_V,11138,11222,84,378550
case_084,post,1,2744,SUB,PIPE_V,11222,11306,84,378550
case_084,post,1,1000020853,COPY_OUT,PIPE_MTE3,11306,11922,616,378550
case_084,post,1,1000020873,COPY_IN,PIPE_MTE2,11370,11786,416,378550
case_084,post,1,2754,DIV,PIPE_V,11632,11932,300,378550
case_084,post,1,2764,MATMUL,PIPE_M,11786,12374,588,378550
case_084,post,1,1000020877,COPY_IN,PIPE_MTE2,11786,11794,8,378550
case_084,post,1,1000020884,COPY_IN,PIPE_MTE2,11794,12103,309,378550
case_084,post,1,2755,REDUCE,PIPE_V,11932,12016,84,378550
case_084,post,1,2756,SUB,PIPE_V,12016,12100,84,378550
case_084,post,1,1000020866,COPY_OUT,PIPE_MTE3,12100,12768,668,378550
case_084,post,1,1000020886,COPY_IN,PIPE_MTE2,12103,12564,461,378550
case_084,post,1,2766,DIV,PIPE_V,12374,12674,300,378550
case_084,post,1,2776,MATMUL,PIPE_M,12564,13152,588,378550
case_084,post,1,1000020890,COPY_IN,PIPE_MTE2,12564,12573,9,378550
case_084,post,1,1000020897,COPY_IN,PIPE_MTE2,12573,12951,378,378550
case_084,post,1,2767,REDUCE,PIPE_V,12674,12758,84,378550
case_084,post,1,2768,SUB,PIPE_V,12758,12842,84,378550
case_084,post,1,1000020879,COPY_OUT,PIPE_MTE3,12842,13458,616,378550
case_084,post,1,1000020899,COPY_IN,PIPE_MTE2,12951,13367,416,378550
case_084,post,1,2778,DIV,PIPE_V,13152,13452,300,378550
case_084,post,1,2788,MATMUL,PIPE_M,13367,13955,588,378550
case_084,post,1,1000020903,COPY_IN,PIPE_MTE2,13367,13375,8,378550
case_084,post,1,1000020910,COPY_IN,PIPE_MTE2,13375,13694,319,378550
case_084,post,1,2779,REDUCE,PIPE_V,13452,13536,84,378550
case_084,post,1,2780,SUB,PIPE_V,13536,13620,84,378550
case_084,post,1,1000020892,COPY_OUT,PIPE_MTE3,13620,14235,615,378550
case_084,post,1,1000020912,COPY_IN,PIPE_MTE2,13694,14110,416,378550
case_084,post,1,2790,DIV,PIPE_V,13955,14255,300,378550
case_084,post,1,2800,MATMUL,PIPE_M,14110,14698,588,378550
case_084,post,1,1000020916,COPY_IN,PIPE_MTE2,14110,14118,8,378550
case_084,post,1,1000020923,COPY_IN,PIPE_MTE2,14118,14422,304,378550
case_084,post,1,2791,REDUCE,PIPE_V,14255,14339,84,378550
case_084,post,1,2792,SUB,PIPE_V,14339,14423,84,378550
case_084,post,1,1000020925,COPY_IN,PIPE_MTE2,14422,14881,459,378550
case_084,post,1,1000020905,COPY_OUT,PIPE_MTE3,14423,15091,668,378550
case_084,post,1,2802,DIV,PIPE_V,14698,14998,300,378550
case_084,post,1,2812,MATMUL,PIPE_M,14881,15469,588,378550
case_084,post,1,1000020929,COPY_IN,PIPE_MTE2,14881,14890,9,378550
case_084,post,1,1000020936,COPY_IN,PIPE_MTE2,14890,15269,379,378550
case_084,post,1,2803,REDUCE,PIPE_V,14998,15082,84,378550
case_084,post,1,2804,SUB,PIPE_V,15082,15166,84,378550
case_084,post,1,1000020918,COPY_OUT,PIPE_MTE3,15166,15781,615,378550
case_084,post,1,1000020938,COPY_IN,PIPE_MTE2,15269,15685,416,378550
case_084,post,1,2814,DIV,PIPE_V,15469,15769,300,378550
case_084,post,1,2824,MATMUL,PIPE_M,15685,16273,588,378550
case_084,post,1,1000020942,COPY_IN,PIPE_MTE2,15685,15693,8,378550
case_084,post,1,1000020949,COPY_IN,PIPE_MTE2,15693,16016,323,378550
case_084,post,1,2815,REDUCE,PIPE_V,15769,15853,84,378550
case_084,post,1,2816,SUB,PIPE_V,15853,15937,84,378550
case_084,post,1,1000020931,COPY_OUT,PIPE_MTE3,15937,16529,592,378550
case_084,post,1,1000020951,COPY_IN,PIPE_MTE2,16016,16426,410,378550
case_084,post,1,2826,DIV,PIPE_V,16273,16573,300,378550
case_084,post,1,2836,MATMUL,PIPE_M,16426,17014,588,378550
case_084,post,1,1000020955,COPY_IN,PIPE_MTE2,16426,16433,7,378550
case_084,post,1,1000020962,COPY_IN,PIPE_MTE2,16433,16682,249,378550
case_084,post,1,2827,REDUCE,PIPE_V,16573,16657,84,378550
case_084,post,1,2828,SUB,PIPE_V,16657,16741,84,378550
case_084,post,1,1000020964,COPY_IN,PIPE_MTE2,16682,17055,373,378550
case_084,post,1,1000020944,COPY_OUT,PIPE_MTE3,16741,17399,658,378550
case_084,post,1,2838,DIV,PIPE_V,17014,17314,300,378550
case_084,post,1,2848,MATMUL,PIPE_M,17055,17643,588,378550
case_084,post,1,1000020968,COPY_IN,PIPE_MTE2,17055,17064,9,378550
case_084,post,1,1000020975,COPY_IN,PIPE_MTE2,17064,17465,401,378550
case_084,post,1,2839,REDUCE,PIPE_V,17314,17398,84,378550
case_084,post,1,2840,SUB,PIPE_V,17398,17482,84,378550
case_084,post,1,1000020977,COPY_IN,PIPE_MTE2,17465,17871,406,378550
case_084,post,1,1000020957,COPY_OUT,PIPE_MTE3,17482,18095,613,378550
case_084,post,1,2850,DIV,PIPE_V,17643,17943,300,378550
case_084,post,1,2860,MATMUL,PIPE_M,17871,18459,588,378550
case_084,post,1,1000020981,COPY_IN,PIPE_MTE2,17871,17879,8,378550
case_084,post,1,1000020988,COPY_IN,PIPE_MTE2,17879,18255,376,378550
case_084,post,1,2851,REDUCE,PIPE_V,17943,18027,84,378550
case_084,post,1,2852,SUB,PIPE_V,18027,18111,84,378550
case_084,post,1,1000020970,COPY_OUT,PIPE_MTE3,18111,18650,539,378550
case_084,post,1,1000020990,COPY_IN,PIPE_MTE2,18255,18619,364,378550
case_084,post,1,2862,DIV,PIPE_V,18459,18759,300,378550
case_084,post,1,2872,MATMUL,PIPE_M,18619,19207,588,378550
case_084,post,1,1000020994,COPY_IN,PIPE_MTE2,18619,18626,7,378550
case_084,post,1,1000021001,COPY_IN,PIPE_MTE2,18626,18844,218,378550
case_084,post,1,2863,REDUCE,PIPE_V,18759,18843,84,378550
case_084,post,1,2864,SUB,PIPE_V,18843,18927,84,378550
case_084,post,1,1000021003,COPY_IN,PIPE_MTE2,18844,19147,303,378550
case_084,post,1,1000020983,COPY_OUT,PIPE_MTE3,18927,19558,631,378550
case_084,post,1,1000021007,COPY_IN,PIPE_MTE2,19147,19156,9,378550
case_084,post,1,1000021014,COPY_IN,PIPE_MTE2,19156,19601,445,378550
case_084,post,1,2874,DIV,PIPE_V,19207,19507,300,378550
case_084,post,1,2884,MATMUL,PIPE_M,19207,19795,588,378550
case_084,post,1,2875,REDUCE,PIPE_V,19507,19591,84,378550
case_084,post,1,2876,SUB,PIPE_V,19591,19675,84,378550
case_084,post,1,1000021016,COPY_IN,PIPE_MTE2,19601,19973,372,378550
case_084,post,1,1000020996,COPY_OUT,PIPE_MTE3,19675,20291,616,378550
case_084,post,1,2886,DIV,PIPE_V,19795,20095,300,378550
case_084,post,1,2896,MATMUL,PIPE_M,19973,20561,588,378550
case_084,post,1,1000021020,COPY_IN,PIPE_MTE2,19973,19981,8,378550
case_084,post,1,1000021027,COPY_IN,PIPE_MTE2,19981,20395,414,378550
case_084,post,1,2887,REDUCE,PIPE_V,20095,20179,84,378550
case_084,post,1,2888,SUB,PIPE_V,20179,20263,84,378550
case_084,post,1,1000021009,COPY_OUT,PIPE_MTE3,20291,20841,550,378550
case_084,post,1,1000021029,COPY_IN,PIPE_MTE2,20395,20759,364,378550
case_084,post,1,2898,DIV,PIPE_V,20561,20861,300,378550
case_084,post,1,2908,MATMUL,PIPE_M,20759,21347,588,378550
case_084,post,1,1000021033,COPY_IN,PIPE_MTE2,20759,20766,7,378550
case_084,post,1,1000021040,COPY_IN,PIPE_MTE2,20766,21006,240,378550
case_084,post,1,2899,REDUCE,PIPE_V,20861,20945,84,378550
case_084,post,1,2900,SUB,PIPE_V,20945,21029,84,378550
case_084,post,1,1000021042,COPY_IN,PIPE_MTE2,21006,21399,393,378550
case_084,post,1,1000021022,COPY_OUT,PIPE_MTE3,21029,21655,626,378550
case_084,post,1,2910,DIV,PIPE_V,21347,21647,300,378550
case_084,post,1,2920,MATMUL,PIPE_M,21399,21987,588,378550
case_084,post,1,1000021046,COPY_IN,PIPE_MTE2,21399,21406,7,378550
case_084,post,1,1000021053,COPY_IN,PIPE_MTE2,21406,21789,383,378550
case_084,post,1,2911,REDUCE,PIPE_V,21647,21731,84,378550
case_084,post,1,2912,SUB,PIPE_V,21731,21815,84,378550
case_084,post,1,1000021055,COPY_IN,PIPE_MTE2,21789,22249,460,378550
case_084,post,1,1000021035,COPY_OUT,PIPE_MTE3,21815,22513,698,378550
case_084,post,1,2922,DIV,PIPE_V,21987,22287,300,378550
case_084,post,1,2932,MATMUL,PIPE_M,22249,22837,588,378550
case_084,post,1,1000021059,COPY_IN,PIPE_MTE2,22249,22258,9,378550
case_084,post,1,1000021066,COPY_IN,PIPE_MTE2,22258,22716,458,378550
case_084,post,1,2923,REDUCE,PIPE_V,22287,22371,84,378550
case_084,post,1,2924,SUB,PIPE_V,22371,22455,84,378550
case_084,post,1,1000021048,COPY_OUT,PIPE_MTE3,22513,23151,638,378550
case_084,post,1,1000021068,COPY_IN,PIPE_MTE2,22716,23142,426,378550
case_084,post,1,2934,DIV,PIPE_V,22837,23137,300,378550
case_084,post,1,2935,REDUCE,PIPE_V,23137,23221,84,378550
case_084,post,1,2944,MATMUL,PIPE_M,23142,23730,588,378550
case_084,post,1,1000021072,COPY_IN,PIPE_MTE2,23142,23150,8,378550
case_084,post,1,1000021079,COPY_IN,PIPE_MTE2,23150,23417,267,378550
case_084,post,1,2936,SUB,PIPE_V,23221,23305,84,378550
case_084,post,1,1000021061,COPY_OUT,PIPE_MTE3,23305,23902,597,378550
case_084,post,1,1000021081,COPY_IN,PIPE_MTE2,23417,23813,396,378550
case_084,post,1,2946,DIV,PIPE_V,23730,24030,300,378550
case_084,post,1,2956,MATMUL,PIPE_M,23813,24401,588,378550
case_084,post,1,1000021085,COPY_IN,PIPE_MTE2,23813,23823,10,378550
case_084,post,1,1000021092,COPY_IN,PIPE_MTE2,23823,24186,363,378550
case_084,post,1,2947,REDUCE,PIPE_V,24030,24114,84,378550
case_084,post,1,2948,SUB,PIPE_V,24114,24198,84,378550
case_084,post,1,1000021094,COPY_IN,PIPE_MTE2,24186,24628,442,378550
case_084,post,1,1000021074,COPY_OUT,PIPE_MTE3,24198,24874,676,378550
case_084,post,1,2958,DIV,PIPE_V,24401,24701,300,378550
case_084,post,1,2968,MATMUL,PIPE_M,24628,25216,588,378550
case_084,post,1,1000021098,COPY_IN,PIPE_MTE2,24628,24637,9,378550
case_084,post,1,1000021105,COPY_IN,PIPE_MTE2,24637,25094,457,378550
case_084,post,1,2959,REDUCE,PIPE_V,24701,24785,84,378550
case_084,post,1,2960,SUB,PIPE_V,24785,24869,84,378550
case_084,post,1,1000021087,COPY_OUT,PIPE_MTE3,24874,25501,627,378550
case_084,post,1,1000021107,COPY_IN,PIPE_MTE2,25094,25506,412,378550
case_084,post,1,2970,DIV,PIPE_V,25216,25516,300,378550
case_084,post,1,2980,MATMUL,PIPE_M,25506,26094,588,378550
case_084,post,1,1000021111,COPY_IN,PIPE_MTE2,25506,25511,5,378550
case_084,post,1,1000021118,COPY_IN,PIPE_MTE2,25511,25791,280,378550
case_084,post,1,2971,REDUCE,PIPE_V,25516,25600,84,378550
case_084,post,1,2972,SUB,PIPE_V,25600,25684,84,378550
case_084,post,1,1000021100,COPY_OUT,PIPE_MTE3,25684,26267,583,378550
case_084,post,1,1000021120,COPY_IN,PIPE_MTE2,25791,26170,379,378550
case_084,post,1,2982,DIV,PIPE_V,26094,26394,300,378550
case_084,post,1,2992,MATMUL,PIPE_M,26170,26758,588,378550
case_084,post,1,1000021124,COPY_IN,PIPE_MTE2,26170,26180,10,378550
case_084,post,1,1000021131,COPY_IN,PIPE_MTE2,26180,26559,379,378550
case_084,post,1,2983,REDUCE,PIPE_V,26394,26478,84,378550
case_084,post,1,2984,SUB,PIPE_V,26478,26562,84,378550
case_084,post,1,1000021133,COPY_IN,PIPE_MTE2,26559,26994,435,378550
case_084,post,1,1000021113,COPY_OUT,PIPE_MTE3,26562,27225,663,378550
case_084,post,1,2994,DIV,PIPE_V,26758,27058,300,378550
case_084,post,1,3004,MATMUL,PIPE_M,26994,27582,588,378550
case_084,post,1,1000021137,COPY_IN,PIPE_MTE2,26994,27003,9,378550
case_084,post,1,1000021144,COPY_IN,PIPE_MTE2,27003,27465,462,378550
case_084,post,1,2995,REDUCE,PIPE_V,27058,27142,84,378550
case_084,post,1,2996,SUB,PIPE_V,27142,27226,84,378550
case_084,post,1,1000021126,COPY_OUT,PIPE_MTE3,27226,27850,624,378550
case_084,post,1,1000021146,COPY_IN,PIPE_MTE2,27465,27861,396,378550
case_084,post,1,3006,DIV,PIPE_V,27582,27882,300,378550
case_084,post,1,3016,MATMUL,PIPE_M,27861,28449,588,378550
case_084,post,1,1000021150,COPY_IN,PIPE_MTE2,27861,27866,5,378550
case_084,post,1,1000021157,COPY_IN,PIPE_MTE2,27866,28161,295,378550
case_084,post,1,3007,REDUCE,PIPE_V,27882,27966,84,378550
case_084,post,1,3008,SUB,PIPE_V,27966,28050,84,378550
case_084,post,1,1000021139,COPY_OUT,PIPE_MTE3,28050,28631,581,378550
case_084,post,1,1000021159,COPY_IN,PIPE_MTE2,28161,28545,384,378550
case_084,post,1,3018,DIV,PIPE_V,28449,28749,300,378550
case_084,post,1,3028,MATMUL,PIPE_M,28545,29133,588,378550
case_084,post,1,1000021163,COPY_IN,PIPE_MTE2,28545,28554,9,378550
case_084,post,1,1000021170,COPY_IN,PIPE_MTE2,28554,28924,370,378550
case_084,post,1,3019,REDUCE,PIPE_V,28749,28833,84,378550
case_084,post,1,3020,SUB,PIPE_V,28833,28917,84,378550
case_084,post,1,1000021152,COPY_OUT,PIPE_MTE3,28917,29577,660,378550
case_084,post,1,1000021172,COPY_IN,PIPE_MTE2,28924,29360,436,378550
case_084,post,1,3030,DIV,PIPE_V,29133,29433,300,378550
case_084,post,1,3040,MATMUL,PIPE_M,29360,29948,588,378550
case_084,post,1,1000021176,COPY_IN,PIPE_MTE2,29360,29369,9,378550
case_084,post,1,1000021183,COPY_IN,PIPE_MTE2,29369,29814,445,378550
case_084,post,1,3031,REDUCE,PIPE_V,29433,29517,84,378550
case_084,post,1,3032,SUB,PIPE_V,29517,29601,84,378550
case_084,post,1,1000021165,COPY_OUT,PIPE_MTE3,29601,30209,608,378550
case_084,post,1,1000021185,COPY_IN,PIPE_MTE2,29814,30209,395,378550
case_084,post,1,3042,DIV,PIPE_V,29948,30248,300,378550
case_084,post,1,3052,MATMUL,PIPE_M,30209,30797,588,378550
case_084,post,1,1000021189,COPY_IN,PIPE_MTE2,30209,30214,5,378550
case_084,post,1,1000021196,COPY_IN,PIPE_MTE2,30214,30509,295,378550
case_084,post,1,3043,REDUCE,PIPE_V,30248,30332,84,378550
case_084,post,1,3044,SUB,PIPE_V,30332,30416,84,378550
case_084,post,1,1000021178,COPY_OUT,PIPE_MTE3,30416,31038,622,378550
case_084,post,1,1000021198,COPY_IN,PIPE_MTE2,30509,30917,408,378550
case_084,post,1,3054,DIV,PIPE_V,30797,31097,300,378550
case_084,post,1,3064,MATMUL,PIPE_M,30917,31505,588,378550
case_084,post,1,1000021202,COPY_IN,PIPE_MTE2,30917,30926,9,378550
case_084,post,1,1000021209,COPY_IN,PIPE_MTE2,30926,31289,363,378550
case_084,post,1,3055,REDUCE,PIPE_V,31097,31181,84,378550
case_084,post,1,3056,SUB,PIPE_V,31181,31265,84,378550
case_084,post,1,1000021191,COPY_OUT,PIPE_MTE3,31265,31928,663,378550
case_084,post,1,1000021211,COPY_IN,PIPE_MTE2,31289,31742,453,378550
case_084,post,1,3066,DIV,PIPE_V,31505,31805,300,378550
case_084,post,1,3076,MATMUL,PIPE_M,31742,32330,588,378550
case_084,post,1,1000021215,COPY_IN,PIPE_MTE2,31742,31750,8,378550
case_084,post,1,1000021222,COPY_IN,PIPE_MTE2,31750,32167,417,378550
case_084,post,1,3067,REDUCE,PIPE_V,31805,31889,84,378550
case_084,post,1,3068,SUB,PIPE_V,31889,31973,84,378550
case_084,post,1,1000021204,COPY_OUT,PIPE_MTE3,31973,32580,607,378550
case_084,post,1,1000021224,COPY_IN,PIPE_MTE2,32167,32569,402,378550
case_084,post,1,3078,DIV,PIPE_V,32330,32630,300,378550
case_084,post,1,3088,MATMUL,PIPE_M,32569,33157,588,378550
case_084,post,1,1000021228,COPY_IN,PIPE_MTE2,32569,32576,7,378550
case_084,post,1,1000021235,COPY_IN,PIPE_MTE2,32576,32823,247,378550
case_084,post,1,3079,REDUCE,PIPE_V,32630,32714,84,378550
case_084,post,1,3080,SUB,PIPE_V,32714,32798,84,378550
case_084,post,1,1000021217,COPY_OUT,PIPE_MTE3,32798,33465,667,378550
case_084,post,1,1000021237,COPY_IN,PIPE_MTE2,32823,33268,445,378550
case_084,post,1,3090,DIV,PIPE_V,33157,33457,300,378550
case_084,post,1,3100,MATMUL,PIPE_M,33268,33856,588,378550
case_084,post,1,1000021241,COPY_IN,PIPE_MTE2,33268,33277,9,378550
case_084,post,1,1000021248,COPY_IN,PIPE_MTE2,33277,33640,363,378550
case_084,post,1,3091,REDUCE,PIPE_V,33457,33541,84,378550
case_084,post,1,3092,SUB,PIPE_V,33541,33625,84,378550
case_084,post,1,1000021230,COPY_OUT,PIPE_MTE3,33625,34296,671,378550
case_084,post,1,1000021250,COPY_IN,PIPE_MTE2,33640,34108,468,378550
case_084,post,1,3102,DIV,PIPE_V,33856,34156,300,378550
case_084,post,1,3112,MATMUL,PIPE_M,34108,34696,588,378550
case_084,post,1,1000021254,COPY_IN,PIPE_MTE2,34108,34117,9,378550
case_084,post,1,1000021261,COPY_IN,PIPE_MTE2,34117,34518,401,378550
case_084,post,1,3103,REDUCE,PIPE_V,34156,34240,84,378550
case_084,post,1,3104,SUB,PIPE_V,34240,34324,84,378550
case_084,post,1,1000021243,COPY_OUT,PIPE_MTE3,34324,34939,615,378550
case_084,post,1,1000021263,COPY_IN,PIPE_MTE2,34518,34934,416,378550
case_084,post,1,3114,DIV,PIPE_V,34696,34996,300,378550
case_084,post,1,3124,MATMUL,PIPE_M,34934,35522,588,378550
case_084,post,1,1000021267,COPY_IN,PIPE_MTE2,34934,34941,7,378550
case_084,post,1,1000021274,COPY_IN,PIPE_MTE2,34941,35157,216,378550
case_084,post,1,3115,REDUCE,PIPE_V,34996,35080,84,378550
case_084,post,1,3116,SUB,PIPE_V,35080,35164,84,378550
case_084,post,1,1000021276,COPY_IN,PIPE_MTE2,35157,35593,436,378550
case_084,post,1,1000021256,COPY_OUT,PIPE_MTE3,35164,35858,694,378550
case_084,post,1,3126,DIV,PIPE_V,35522,35822,300,378550
case_084,post,1,3136,MATMUL,PIPE_M,35593,36181,588,378550
case_084,post,1,1000021280,COPY_IN,PIPE_MTE2,35593,35603,10,378550
case_084,post,1,1000021287,COPY_IN,PIPE_MTE2,35603,36005,402,378550
case_084,post,1,3127,REDUCE,PIPE_V,35822,35906,84,378550
case_084,post,1,3128,SUB,PIPE_V,35906,35990,84,378550
case_084,post,1,1000021269,COPY_OUT,PIPE_MTE3,35990,36669,679,378550
case_084,post,1,1000021289,COPY_IN,PIPE_MTE2,36005,36461,456,378550
case_084,post,1,3138,DIV,PIPE_V,36181,36481,300,378550
case_084,post,1,3148,MATMUL,PIPE_M,36461,37049,588,378550
case_084,post,1,1000021293,COPY_IN,PIPE_MTE2,36461,36470,9,378550
case_084,post,1,1000021300,COPY_IN,PIPE_MTE2,36470,36900,430,378550
case_084,post,1,3139,REDUCE,PIPE_V,36481,36565,84,378550
case_084,post,1,3140,SUB,PIPE_V,36565,36649,84,378550
case_084,post,1,1000021282,COPY_OUT,PIPE_MTE3,36669,37277,608,378550
case_084,post,1,1000021302,COPY_IN,PIPE_MTE2,36900,37302,402,378550
case_084,post,1,3150,DIV,PIPE_V,37049,37349,300,378550
case_084,post,1,3160,MATMUL,PIPE_M,37302,37890,588,378550
case_084,post,1,1000021306,COPY_IN,PIPE_MTE2,37302,37307,5,378550
case_084,post,1,1000021313,COPY_IN,PIPE_MTE2,37307,37555,248,378550
case_084,post,1,3151,REDUCE,PIPE_V,37349,37433,84,378550
case_084,post,1,3152,SUB,PIPE_V,37433,37517,84,378550
case_084,post,1,1000021295,COPY_OUT,PIPE_MTE3,37517,38176,659,378550
case_084,post,1,1000021315,COPY_IN,PIPE_MTE2,37555,37981,426,378550
case_084,post,1,3162,DIV,PIPE_V,37890,38190,300,378550
case_084,post,1,3172,MATMUL,PIPE_M,37981,38569,588,378550
case_084,post,1,1000021319,COPY_IN,PIPE_MTE2,37981,37991,10,378550
case_084,post,1,1000021326,COPY_IN,PIPE_MTE2,37991,38380,389,378550
case_084,post,1,3163,REDUCE,PIPE_V,38190,38274,84,378550
case_084,post,1,3164,SUB,PIPE_V,38274,38358,84,378550
case_084,post,1,1000021308,COPY_OUT,PIPE_MTE3,38358,39029,671,378550
case_084,post,1,1000021328,COPY_IN,PIPE_MTE2,38380,38830,450,378550
case_084,post,1,3174,DIV,PIPE_V,38569,38869,300,378550
case_084,post,1,3184,MATMUL,PIPE_M,38830,39418,588,378550
case_084,post,1,1000021332,COPY_IN,PIPE_MTE2,38830,38839,9,378550
case_084,post,1,1000021339,COPY_IN,PIPE_MTE2,38839,39271,432,378550
case_084,post,1,3175,REDUCE,PIPE_V,38869,38953,84,378550
case_084,post,1,3176,SUB,PIPE_V,38953,39037,84,378550
case_084,post,1,1000021321,COPY_OUT,PIPE_MTE3,39037,39639,602,378550
case_084,post,1,1000021341,COPY_IN,PIPE_MTE2,39271,39663,392,378550
case_084,post,1,3186,DIV,PIPE_V,39418,39718,300,378550
case_084,post,1,3196,MATMUL,PIPE_M,39663,40251,588,378550
case_084,post,1,1000021345,COPY_IN,PIPE_MTE2,39663,39668,5,378550
case_084,post,1,1000021352,COPY_IN,PIPE_MTE2,39668,39929,261,378550
case_084,post,1,3187,REDUCE,PIPE_V,39718,39802,84,378550
case_084,post,1,3188,SUB,PIPE_V,39802,39886,84,378550
case_084,post,1,1000021334,COPY_OUT,PIPE_MTE3,39886,40535,649,378550
case_084,post,1,1000021354,COPY_IN,PIPE_MTE2,39929,40350,421,378550
case_084,post,1,3198,DIV,PIPE_V,40251,40551,300,378550
case_084,post,1,3208,MATMUL,PIPE_M,40350,40938,588,378550
case_084,post,1,1000021358,COPY_IN,PIPE_MTE2,40350,40359,9,378550
case_084,post,1,1000021365,COPY_IN,PIPE_MTE2,40359,40760,401,378550
case_084,post,1,3199,REDUCE,PIPE_V,40551,40635,84,378550
case_084,post,1,3200,SUB,PIPE_V,40635,40719,84,378550
case_084,post,1,1000021347,COPY_OUT,PIPE_MTE3,40719,41381,662,378550
case_084,post,1,1000021367,COPY_IN,PIPE_MTE2,40760,41197,437,378550
case_084,post,1,3210,DIV,PIPE_V,40938,41238,300,378550
case_084,post,1,3220,MATMUL,PIPE_M,41197,41785,588,378550
case_084,post,1,1000021371,COPY_IN,PIPE_MTE2,41197,41206,9,378550
case_084,post,1,1000021378,COPY_IN,PIPE_MTE2,41206,41632,426,378550
case_084,post,1,3211,REDUCE,PIPE_V,41238,41322,84,378550
case_084,post,1,3212,SUB,PIPE_V,41322,41406,84,378550
case_084,post,1,1000021360,COPY_OUT,PIPE_MTE3,41406,41998,592,378550
case_084,post,1,1000021380,COPY_IN,PIPE_MTE2,41632,42015,383,378550
case_084,post,1,3222,DIV,PIPE_V,41785,42085,300,378550
case_084,post,1,3232,MATMUL,PIPE_M,42015,42603,588,378550
case_084,post,1,1000021384,COPY_IN,PIPE_MTE2,42015,42020,5,378550
case_084,post,1,1000021391,COPY_IN,PIPE_MTE2,42020,42296,276,378550
case_084,post,1,3223,REDUCE,PIPE_V,42085,42169,84,378550
case_084,post,1,3224,SUB,PIPE_V,42169,42253,84,378550
case_084,post,1,1000021373,COPY_OUT,PIPE_MTE3,42253,42910,657,378550
case_084,post,1,1000021393,COPY_IN,PIPE_MTE2,42296,42732,436,378550
case_084,post,1,3234,DIV,PIPE_V,42603,42903,300,378550
case_084,post,1,3244,MATMUL,PIPE_M,42732,43320,588,378550
case_084,post,1,1000021397,COPY_IN,PIPE_MTE2,42732,42741,9,378550
case_084,post,1,1000021404,COPY_IN,PIPE_MTE2,42741,43130,389,378550
case_084,post,1,3235,REDUCE,PIPE_V,42903,42987,84,378550
case_084,post,1,3236,SUB,PIPE_V,42987,43071,84,378550
case_084,post,1,1000021386,COPY_OUT,PIPE_MTE3,43071,43739,668,378550
case_084,post,1,1000021406,COPY_IN,PIPE_MTE2,43130,43573,443,378550
case_084,post,1,3246,DIV,PIPE_V,43320,43620,300,378550
case_084,post,1,3256,MATMUL,PIPE_M,43573,44161,588,378550
case_084,post,1,1000021410,COPY_IN,PIPE_MTE2,43573,43582,9,378550
case_084,post,1,1000021417,COPY_IN,PIPE_MTE2,43582,43985,403,378550
case_084,post,1,3247,REDUCE,PIPE_V,43620,43704,84,378550
case_084,post,1,3248,SUB,PIPE_V,43704,43788,84,378550
case_084,post,1,1000021399,COPY_OUT,PIPE_MTE3,43788,44373,585,378550
case_084,post,1,1000021419,COPY_IN,PIPE_MTE2,43985,44372,387,378550
case_084,post,1,3258,DIV,PIPE_V,44161,44461,300,378550
case_084,post,1,3268,MATMUL,PIPE_M,44372,44960,588,378550
case_084,post,1,1000021423,COPY_IN,PIPE_MTE2,44372,44377,5,378550
case_084,post,1,1000021430,COPY_IN,PIPE_MTE2,44377,44628,251,378550
case_084,post,1,3259,REDUCE,PIPE_V,44461,44545,84,378550
case_084,post,1,3260,SUB,PIPE_V,44545,44629,84,378550
case_084,post,1,1000021432,COPY_IN,PIPE_MTE2,44628,45099,471,378550
case_084,post,1,1000021412,COPY_OUT,PIPE_MTE3,44629,45315,686,378550
case_084,post,1,3270,DIV,PIPE_V,44960,45260,300,378550
case_084,post,1,3280,MATMUL,PIPE_M,45099,45687,588,378550
case_084,post,1,1000021436,COPY_IN,PIPE_MTE2,45099,45108,9,378550
case_084,post,1,1000021443,COPY_IN,PIPE_MTE2,45108,45502,394,378550
case_084,post,1,3271,REDUCE,PIPE_V,45260,45344,84,378550
case_084,post,1,3272,SUB,PIPE_V,45344,45428,84,378550
case_084,post,1,1000021425,COPY_OUT,PIPE_MTE3,45428,46094,666,378550
case_084,post,1,1000021445,COPY_IN,PIPE_MTE2,45502,45957,455,378550
case_084,post,1,3282,DIV,PIPE_V,45687,45987,300,378550
case_084,post,1,3292,MATMUL,PIPE_M,45957,46545,588,378550
case_084,post,1,1000021449,COPY_IN,PIPE_MTE2,45957,45965,8,378550
case_084,post,1,1000021456,COPY_IN,PIPE_MTE2,45965,46347,382,378550
case_084,post,1,3283,REDUCE,PIPE_V,45987,46071,84,378550
case_084,post,1,3284,SUB,PIPE_V,46071,46155,84,378550
case_084,post,1,1000021438,COPY_OUT,PIPE_MTE3,46155,46755,600,378550
case_084,post,1,1000021458,COPY_IN,PIPE_MTE2,46347,46748,401,378550
case_084,post,1,3294,DIV,PIPE_V,46545,46845,300,378550
case_084,post,1,3304,MATMUL,PIPE_M,46748,47336,588,378550
case_084,post,1,1000021462,COPY_IN,PIPE_MTE2,46748,46755,7,378550
case_084,post,1,1000021469,COPY_IN,PIPE_MTE2,46755,46977,222,378550
case_084,post,1,3295,REDUCE,PIPE_V,46845,46929,84,378550
case_084,post,1,3296,SUB,PIPE_V,46929,47013,84,378550
case_084,post,1,1000021471,COPY_IN,PIPE_MTE2,46977,47445,468,378550
case_084,post,1,1000021451,COPY_OUT,PIPE_MTE3,47013,47719,706,378550
case_084,post,1,3306,DIV,PIPE_V,47336,47636,300,378550
case_084,post,1,3316,MATMUL,PIPE_M,47445,48033,588,378550
case_084,post,1,1000021475,COPY_IN,PIPE_MTE2,47445,47455,10,378550
case_084,post,1,1000021482,COPY_IN,PIPE_MTE2,47455,47838,383,378550
case_084,post,1,3307,REDUCE,PIPE_V,47636,47720,84,378550
case_084,post,1,3308,SUB,PIPE_V,47720,47804,84,378550
case_084,post,1,1000021464,COPY_OUT,PIPE_MTE3,47804,48480,676,378550
case_084,post,1,1000021484,COPY_IN,PIPE_MTE2,47838,48306,468,378550
case_084,post,1,3318,DIV,PIPE_V,48033,48333,300,378550
case_084,post,1,3328,MATMUL,PIPE_M,48306,48894,588,378550
case_084,post,1,1000021488,COPY_IN,PIPE_MTE2,48306,48315,9,378550
case_084,post,1,1000021495,COPY_IN,PIPE_MTE2,48315,48704,389,378550
case_084,post,1,3319,REDUCE,PIPE_V,48333,48417,84,378550
case_084,post,1,3320,SUB,PIPE_V,48417,48501,84,378550
case_084,post,1,1000021477,COPY_OUT,PIPE_MTE3,48501,49107,606,378550
case_084,post,1,1000021497,COPY_IN,PIPE_MTE2,48704,49115,411,378550
case_084,post,1,3330,DIV,PIPE_V,48894,49194,300,378550
case_084,post,1,3340,MATMUL,PIPE_M,49115,49703,588,378550
case_084,post,1,1000021501,COPY_IN,PIPE_MTE2,49115,49120,5,378550
case_084,post,1,1000021508,COPY_IN,PIPE_MTE2,49120,49335,215,378550
case_084,post,1,3331,REDUCE,PIPE_V,49194,49278,84,378550
case_084,post,1,3332,SUB,PIPE_V,49278,49362,84,378550
case_084,post,1,1000021510,COPY_IN,PIPE_MTE2,49335,49789,454,378550
case_084,post,1,1000021490,COPY_OUT,PIPE_MTE3,49362,50079,717,378550
case_084,post,1,3342,DIV,PIPE_V,49703,50003,300,378550
case_084,post,1,3352,MATMUL,PIPE_M,49789,50377,588,378550
case_084,post,1,1000021514,COPY_IN,PIPE_MTE2,49789,49799,10,378550
case_084,post,1,1000021521,COPY_IN,PIPE_MTE2,49799,50194,395,378550
case_084,post,1,3343,REDUCE,PIPE_V,50003,50087,84,378550
case_084,post,1,3344,SUB,PIPE_V,50087,50171,84,378550
case_084,post,1,1000021503,COPY_OUT,PIPE_MTE3,50171,50776,605,378550
case_084,post,1,1000021523,COPY_IN,PIPE_MTE2,50194,50599,405,378550
case_084,post,1,3354,DIV,PIPE_V,50377,50677,300,378550
case_084,post,1,3364,MATMUL,PIPE_M,50599,51187,588,378550
case_084,post,1,1000021527,COPY_IN,PIPE_MTE2,50599,50607,8,378550
case_084,post,1,1000021534,COPY_IN,PIPE_MTE2,50607,50987,380,378550
case_084,post,1,3355,REDUCE,PIPE_V,50677,50761,84,378550
case_084,post,1,3356,SUB,PIPE_V,50761,50845,84,378550
case_084,post,1,1000021516,COPY_OUT,PIPE_MTE3,50845,51432,587,378550
case_084,post,1,1000021536,COPY_IN,PIPE_MTE2,50987,51392,405,378550
case_084,post,1,3366,DIV,PIPE_V,51187,51487,300,378550
case_084,post,1,3376,MATMUL,PIPE_M,51392,51980,588,378550
case_084,post,1,1000021540,COPY_IN,PIPE_MTE2,51392,51400,8,378550
case_084,post,1,1000021547,COPY_IN,PIPE_MTE2,51400,51723,323,378550
case_084,post,1,3367,REDUCE,PIPE_V,51487,51571,84,378550
case_084,post,1,3368,SUB,PIPE_V,51571,51655,84,378550
case_084,post,1,1000021529,COPY_OUT,PIPE_MTE3,51655,52323,668,378550
case_084,post,1,1000021549,COPY_IN,PIPE_MTE2,51723,52184,461,378550
case_084,post,1,3378,DIV,PIPE_V,51980,52280,300,378550
case_084,post,1,3388,MATMUL,PIPE_M,52184,52772,588,378550
case_084,post,1,1000021553,COPY_IN,PIPE_MTE2,52184,52194,10,378550
case_084,post,1,1000021560,COPY_IN,PIPE_MTE2,52194,52619,425,378550
case_084,post,1,3379,REDUCE,PIPE_V,52280,52364,84,378550
case_084,post,1,3380,SUB,PIPE_V,52364,52448,84,378550
case_084,post,1,1000021542,COPY_OUT,PIPE_MTE3,52448,53114,666,378550
case_084,post,1,1000021562,COPY_IN,PIPE_MTE2,52619,53073,454,378550
case_084,post,1,3390,DIV,PIPE_V,52772,53072,300,378550
case_084,post,1,3391,REDUCE,PIPE_V,53072,53156,84,378550
case_084,post,1,3400,MATMUL,PIPE_M,53073,53661,588,378550
case_084,post,1,1000021566,COPY_IN,PIPE_MTE2,53073,53082,9,378550
case_084,post,1,1000021573,COPY_IN,PIPE_MTE2,53082,53443,361,378550
case_084,post,1,3392,SUB,PIPE_V,53156,53240,84,378550
case_084,post,1,1000021555,COPY_OUT,PIPE_MTE3,53240,53819,579,378550
case_084,post,1,1000021575,COPY_IN,PIPE_MTE2,53443,53830,387,378550
case_084,post,1,3402,DIV,PIPE_V,53661,53961,300,378550
case_084,post,1,3412,MATMUL,PIPE_M,53830,54418,588,378550
case_084,post,1,1000021579,COPY_IN,PIPE_MTE2,53830,53835,5,378550
case_084,post,1,1000021586,COPY_IN,PIPE_MTE2,53835,54102,267,378550
case_084,post,1,3403,REDUCE,PIPE_V,53961,54045,84,378550
case_084,post,1,3404,SUB,PIPE_V,54045,54129,84,378550
case_084,post,1,1000021588,COPY_IN,PIPE_MTE2,54102,54554,452,378550
case_084,post,1,1000021568,COPY_OUT,PIPE_MTE3,54129,54819,690,378550
case_084,post,1,3414,DIV,PIPE_V,54418,54718,300,378550
case_084,post,1,3424,MATMUL,PIPE_M,54554,55142,588,378550
case_084,post,1,1000021592,COPY_IN,PIPE_MTE2,54554,54563,9,378550
case_084,post,1,1000021599,COPY_IN,PIPE_MTE2,54563,54998,435,378550
case_084,post,1,3415,REDUCE,PIPE_V,54718,54802,84,378550
case_084,post,1,3416,SUB,PIPE_V,54802,54886,84,378550
case_084,post,1,1000021581,COPY_OUT,PIPE_MTE3,54886,55532,646,378550
case_084,post,1,1000021601,COPY_IN,PIPE_MTE2,54998,55432,434,378550
case_084,post,1,3426,DIV,PIPE_V,55142,55442,300,378550
case_084,post,1,3436,MATMUL,PIPE_M,55432,56020,588,378550
case_084,post,1,1000021605,COPY_IN,PIPE_MTE2,55432,55440,8,378550
case_084,post,1,1000030299,COPY_IN,PIPE_MTE2,55440,55809,369,378550
case_084,post,1,3427,REDUCE,PIPE_V,55442,55526,84,378550
case_084,post,1,3428,SUB,PIPE_V,55526,55610,84,378550
case_084,post,1,1000021594,COPY_OUT,PIPE_MTE3,55610,56190,580,378550
case_084,post,1,1000030301,COPY_IN,PIPE_MTE2,55809,56190,381,378550
case_084,post,1,3438,DIV,PIPE_V,56020,56320,300,378550
case_084,post,1,12076,MATMUL,PIPE_M,56190,56778,588,378550
case_084,post,1,1000030305,COPY_IN,PIPE_MTE2,56190,56195,5,378550
case_084,post,1,1000030303,COPY_IN,PIPE_MTE2,56195,56480,285,378550
case_084,post,1,3439,REDUCE,PIPE_V,56320,56404,84,378550
case_084,post,1,3440,SUB,PIPE_V,56404,56488,84,378550
case_084,post,1,1000030309,COPY_IN,PIPE_MTE2,56480,56943,463,378550
case_084,post,1,1000021607,COPY_OUT,PIPE_MTE3,56488,57169,681,378550
case_084,post,1,12078,DIV,PIPE_V,56778,57078,300,378550
case_084,post,1,1000030311,COPY_IN,PIPE_MTE2,56943,57338,395,378550
case_084,post,1,12079,REDUCE,PIPE_V,57078,57162,84,378550
case_084,post,1,12080,SUB,PIPE_V,57162,57246,84,378550
case_084,post,1,12081,EXP,PIPE_V,57246,57546,300,378550
case_084,post,1,1000030315,COPY_IN,PIPE_MTE2,57338,57345,7,378550
case_084,post,1,1000030313,COPY_IN,PIPE_MTE2,57345,57665,320,378550
case_084,post,1,12082,REDUCE,PIPE_V,57546,57630,84,378550
case_084,post,1,12083,DIV,PIPE_V,57630,57930,300,378550
case_084,post,1,1000030319,COPY_IN,PIPE_MTE2,57665,57923,258,378550
case_084,post,1,1000030321,COPY_IN,PIPE_MTE2,57923,58201,278,378550
case_084,post,1,12084,MATMUL,PIPE_M,57930,58518,588,378550
case_084,post,1,1000030325,COPY_IN,PIPE_MTE2,58201,58206,5,378550
case_084,post,1,1000030323,COPY_IN,PIPE_MTE2,58206,58453,247,378550
case_084,post,1,1000030329,COPY_IN,PIPE_MTE2,58453,58714,261,378550
case_084,post,1,12088,MATMUL,PIPE_M,58518,59106,588,378550
case_084,post,1,1000030307,COPY_OUT,PIPE_MTE3,58518,58839,321,378550
case_084,post,1,1000030331,COPY_IN,PIPE_MTE2,58714,59090,376,378550
case_084,post,1,1000030335,COPY_IN,PIPE_MTE2,59090,59097,7,378550
case_084,post,1,1000030333,COPY_IN,PIPE_MTE2,59097,59442,345,378550
case_084,post,1,12090,DIV,PIPE_V,59106,59406,300,378550
case_084,post,1,12091,REDUCE,PIPE_V,59406,59490,84,378550
case_084,post,1,1000030339,COPY_IN,PIPE_MTE2,59442,59792,350,378550
case_084,post,1,12092,SUB,PIPE_V,59490,59574,84,378550
case_084,post,1,12093,EXP,PIPE_V,59574,59874,300,378550
case_084,post,1,1000030341,COPY_IN,PIPE_MTE2,59792,60092,300,378550
case_084,post,1,12094,REDUCE,PIPE_V,59874,59958,84,378550
case_084,post,1,12095,DIV,PIPE_V,59958,60258,300,378550
case_084,post,1,1000030345,COPY_IN,PIPE_MTE2,60092,60098,6,378550
case_084,post,1,1000030343,COPY_IN,PIPE_MTE2,60098,60372,274,378550
case_084,post,1,12096,MATMUL,PIPE_M,60258,60846,588,378550
case_084,post,1,1000030349,COPY_IN,PIPE_MTE2,60372,60599,227,378550
case_084,post,1,1000030351,COPY_IN,PIPE_MTE2,60599,60866,267,378550
case_084,post,1,12100,MATMUL,PIPE_M,60846,61434,588,378550
case_084,post,1,1000030317,COPY_OUT,PIPE_MTE3,60846,61143,297,378550
case_084,post,1,1000030355,COPY_IN,PIPE_MTE2,60866,60872,6,378550
case_084,post,1,1000030353,COPY_IN,PIPE_MTE2,60872,61170,298,378550
case_084,post,1,1000030359,COPY_IN,PIPE_MTE2,61170,61535,365,378550
case_084,post,1,12102,DIV,PIPE_V,61434,61734,300,378550
case_084,post,1,1000030361,COPY_IN,PIPE_MTE2,61535,61891,356,378550
case_084,post,1,12103,REDUCE,PIPE_V,61734,61818,84,378550
case_084,post,1,12104,SUB,PIPE_V,61818,61902,84,378550
case_084,post,1,1000030365,COPY_IN,PIPE_MTE2,61891,61898,7,378550
case_084,post,1,1000030363,COPY_IN,PIPE_MTE2,61898,62230,332,378550
case_084,post,1,12105,EXP,PIPE_V,61902,62202,300,378550
case_084,post,1,12106,REDUCE,PIPE_V,62202,62286,84,378550
case_084,post,1,1000030369,COPY_IN,PIPE_MTE2,62230,62517,287,378550
case_084,post,1,12107,DIV,PIPE_V,62286,62586,300,378550
case_084,post,1,1000030371,COPY_IN,PIPE_MTE2,62517,62771,254,378550
case_084,post,1,12108,MATMUL,PIPE_M,62586,63174,588,378550
case_084,post,1,1000030375,COPY_IN,PIPE_MTE2,62771,62775,4,378550
case_084,post,1,1000030373,COPY_IN,PIPE_MTE2,62775,62986,211,378550
case_084,post,1,1000030379,COPY_IN,PIPE_MTE2,62986,63265,279,378550
case_084,post,1,12112,MATMUL,PIPE_M,63174,63762,588,378550
case_084,post,1,1000030327,COPY_OUT,PIPE_MTE3,63174,63507,333,378550
case_084,post,1,1000030381,COPY_IN,PIPE_MTE2,63265,63600,335,378550
case_084,post,1,1000030385,COPY_IN,PIPE_MTE2,63600,63607,7,378550
case_084,post,1,1000030383,COPY_IN,PIPE_MTE2,63607,63982,375,378550
case_084,post,1,12114,DIV,PIPE_V,63762,64062,300,378550
case_084,post,1,1000030389,COPY_IN,PIPE_MTE2,63982,64326,344,378550
case_084,post,1,12115,REDUCE,PIPE_V,64062,64146,84,378550
case_084,post,1,12116,SUB,PIPE_V,64146,64230,84,378550
case_084,post,1,12117,EXP,PIPE_V,64230,64530,300,378550
case_084,post,1,1000030391,COPY_IN,PIPE_MTE2,64326,64656,330,378550
case_084,post,1,12118,REDUCE,PIPE_V,64530,64614,84,378550
case_084,post,1,12119,DIV,PIPE_V,64614,64914,300,378550
case_084,post,1,1000030395,COPY_IN,PIPE_MTE2,64656,64662,6,378550
case_084,post,1,1000030393,COPY_IN,PIPE_MTE2,64662,64919,257,378550
case_084,post,1,12120,MATMUL,PIPE_M,64914,65502,588,378550
case_084,post,1,1000030399,COPY_IN,PIPE_MTE2,64919,65173,254,378550
case_084,post,1,1000030401,COPY_IN,PIPE_MTE2,65173,65391,218,378550
case_084,post,1,1000030405,COPY_IN,PIPE_MTE2,65391,65395,4,378550
case_084,post,1,1000030403,COPY_IN,PIPE_MTE2,65395,65681,286,378550
case_084,post,1,12124,MATMUL,PIPE_M,65502,66090,588,378550
case_084,post,1,1000030337,COPY_OUT,PIPE_MTE3,65502,65851,349,378550
case_084,post,1,1000030409,COPY_IN,PIPE_MTE2,65681,66068,387,378550
case_084,post,1,1000030411,COPY_IN,PIPE_MTE2,66068,66436,368,378550
case_084,post,1,12126,DIV,PIPE_V,66090,66390,300,378550
case_084,post,1,12127,REDUCE,PIPE_V,66390,66474,84,378550
case_084,post,1,1000030415,COPY_IN,PIPE_MTE2,66436,66443,7,378550
case_084,post,1,1000030413,COPY_IN,PIPE_MTE2,66443,66783,340,378550
case_084,post,1,12128,SUB,PIPE_V,66474,66558,84,378550
case_084,post,1,12129,EXP,PIPE_V,66558,66858,300,378550
case_084,post,1,1000030419,COPY_IN,PIPE_MTE2,66783,67084,301,378550
case_084,post,1,12130,REDUCE,PIPE_V,66858,66942,84,378550
case_084,post,1,12131,DIV,PIPE_V,66942,67242,300,378550
case_084,post,1,1000030421,COPY_IN,PIPE_MTE2,67084,67321,237,378550
case_084,post,1,12132,MATMUL,PIPE_M,67242,67830,588,378550
case_084,post,1,12136,MATMUL,PIPE_M,67830,68418,588,378550
case_084,post,1,1000030347,COPY_OUT,PIPE_MTE3,67830,68169,339,378550
case_084,post,1,1000030425,COPY_IN,PIPE_MTE2,67830,67835,5,378550
case_084,post,1,1000030423,COPY_IN,PIPE_MTE2,67835,68177,342,378550
case_084,post,1,1000030429,COPY_IN,PIPE_MTE2,68177,68540,363,378550
case_084,post,1,12138,DIV,PIPE_V,68418,68718,300,378550
case_084,post,1,1000030431,COPY_IN,PIPE_MTE2,68540,68868,328,378550
case_084,post,1,12139,REDUCE,PIPE_V,68718,68802,84,378550
case_084,post,1,12140,SUB,PIPE_V,68802,68886,84,378550
case_084,post,1,12141,EXP,PIPE_V,68886,69186,300,378550
case_084,post,1,12142,REDUCE,PIPE_V,69186,69270,84,378550
case_084,post,1,12143,DIV,PIPE_V,69270,69570,300,378550
case_084,post,1,12144,MATMUL,PIPE_M,69570,70158,588,378550
case_084,post,1,12148,MATMUL,PIPE_M,70158,70746,588,378550
case_084,post,1,1000030357,COPY_OUT,PIPE_MTE3,70158,70442,284,378550
case_084,post,1,1000030435,COPY_IN,PIPE_MTE2,70158,70162,4,378550
case_084,post,1,1000030433,COPY_IN,PIPE_MTE2,70162,70449,287,378550
case_084,post,1,1000030439,COPY_IN,PIPE_MTE2,70449,70791,342,378550
case_084,post,1,12150,DIV,PIPE_V,70746,71046,300,378550
case_084,post,1,1000030441,COPY_IN,PIPE_MTE2,70791,71133,342,378550
case_084,post,1,12151,REDUCE,PIPE_V,71046,71130,84,378550
case_084,post,1,12152,SUB,PIPE_V,71130,71214,84,378550
case_084,post,1,12153,EXP,PIPE_V,71214,71514,300,378550
case_084,post,1,12154,REDUCE,PIPE_V,71514,71598,84,378550
case_084,post,1,12155,DIV,PIPE_V,71598,71898,300,378550
case_084,post,1,12156,MATMUL,PIPE_M,71898,72486,588,378550
case_084,post,1,12160,MATMUL,PIPE_M,72486,73074,588,378550
case_084,post,1,1000030367,COPY_OUT,PIPE_MTE3,72486,72773,287,378550
case_084,post,1,1000030445,COPY_IN,PIPE_MTE2,72486,72490,4,378550
case_084,post,1,1000030443,COPY_IN,PIPE_MTE2,72490,72780,290,378550
case_084,post,1,1000030449,COPY_IN,PIPE_MTE2,72780,73140,360,378550
case_084,post,1,12162,DIV,PIPE_V,73074,73374,300,378550
case_084,post,1,1000030451,COPY_IN,PIPE_MTE2,73140,73518,378,378550
case_084,post,1,12163,REDUCE,PIPE_V,73374,73458,84,378550
case_084,post,1,12164,SUB,PIPE_V,73458,73542,84,378550
case_084,post,1,12165,EXP,PIPE_V,73542,73842,300,378550
case_084,post,1,12166,REDUCE,PIPE_V,73842,73926,84,378550
case_084,post,1,12167,DIV,PIPE_V,73926,74226,300,378550
case_084,post,1,12168,MATMUL,PIPE_M,74226,74814,588,378550
case_084,post,1,12172,MATMUL,PIPE_M,74814,75402,588,378550
case_084,post,1,1000030377,COPY_OUT,PIPE_MTE3,74814,75131,317,378550
case_084,post,1,1000030455,COPY_IN,PIPE_MTE2,74814,74819,5,378550
case_084,post,1,1000030453,COPY_IN,PIPE_MTE2,74819,75138,319,378550
case_084,post,1,1000030459,COPY_IN,PIPE_MTE2,75138,75517,379,378550
case_084,post,1,12174,DIV,PIPE_V,75402,75702,300,378550
case_084,post,1,1000030461,COPY_IN,PIPE_MTE2,75517,75860,343,378550
case_084,post,1,12175,REDUCE,PIPE_V,75702,75786,84,378550
case_084,post,1,12176,SUB,PIPE_V,75786,75870,84,378550
case_084,post,1,12177,EXP,PIPE_V,75870,76170,300,378550
case_084,post,1,12178,REDUCE,PIPE_V,76170,76254,84,378550
case_084,post,1,12179,DIV,PIPE_V,76254,76554,300,378550
case_084,post,1,12180,MATMUL,PIPE_M,76554,77142,588,378550
case_084,post,1,12184,MATMUL,PIPE_M,77142,77730,588,378550
case_084,post,1,1000030387,COPY_OUT,PIPE_MTE3,77142,77439,297,378550
case_084,post,1,1000030465,COPY_IN,PIPE_MTE2,77142,77147,5,378550
case_084,post,1,1000030463,COPY_IN,PIPE_MTE2,77147,77445,298,378550
case_084,post,1,1000030469,COPY_IN,PIPE_MTE2,77445,77821,376,378550
case_084,post,1,12186,DIV,PIPE_V,77730,78030,300,378550
case_084,post,1,1000030471,COPY_IN,PIPE_MTE2,77821,78137,316,378550
case_084,post,1,12187,REDUCE,PIPE_V,78030,78114,84,378550
case_084,post,1,12188,SUB,PIPE_V,78114,78198,84,378550
case_084,post,1,12189,EXP,PIPE_V,78198,78498,300,378550
case_084,post,1,12190,REDUCE,PIPE_V,78498,78582,84,378550
case_084,post,1,12191,DIV,PIPE_V,78582,78882,300,378550
case_084,post,1,12192,MATMUL,PIPE_M,78882,79470,588,378550
case_084,post,1,12196,MATMUL,PIPE_M,79470,80058,588,378550
case_084,post,1,1000030397,COPY_OUT,PIPE_MTE3,79470,79699,229,378550
case_084,post,1,1000030475,COPY_IN,PIPE_MTE2,79470,79475,5,378550
case_084,post,1,1000030473,COPY_IN,PIPE_MTE2,79475,79706,231,378550
case_084,post,1,1000030479,COPY_IN,PIPE_MTE2,79706,80065,359,378550
case_084,post,1,12198,DIV,PIPE_V,80058,80358,300,378550
case_084,post,1,1000030481,COPY_IN,PIPE_MTE2,80065,80383,318,378550
case_084,post,1,12199,REDUCE,PIPE_V,80358,80442,84,378550
case_084,post,1,12200,SUB,PIPE_V,80442,80526,84,378550
case_084,post,1,12201,EXP,PIPE_V,80526,80826,300,378550
case_084,post,1,12202,REDUCE,PIPE_V,80826,80910,84,378550
case_084,post,1,12203,DIV,PIPE_V,80910,81210,300,378550
case_084,post,1,12204,MATMUL,PIPE_M,81210,81798,588,378550
case_084,post,1,12208,MATMUL,PIPE_M,81798,82386,588,378550
case_084,post,1,1000030407,COPY_OUT,PIPE_MTE3,81798,81985,187,378550
case_084,post,1,1000030485,COPY_IN,PIPE_MTE2,81798,81801,3,378550
case_084,post,1,1000030483,COPY_IN,PIPE_MTE2,81801,81989,188,378550
case_084,post,1,1000030489,COPY_IN,PIPE_MTE2,81989,82349,360,378550
case_084,post,1,1000030491,COPY_IN,PIPE_MTE2,82349,82707,358,378550
case_084,post,1,12210,DIV,PIPE_V,82386,82686,300,378550
case_084,post,1,12211,REDUCE,PIPE_V,82686,82770,84,378550
case_084,post,1,12212,SUB,PIPE_V,82770,82854,84,378550
case_084,post,1,12213,EXP,PIPE_V,82854,83154,300,378550
case_084,post,1,12214,REDUCE,PIPE_V,83154,83238,84,378550
case_084,post,1,12215,DIV,PIPE_V,83238,83538,300,378550
case_084,post,1,12216,MATMUL,PIPE_M,83538,84126,588,378550
case_084,post,1,12220,MATMUL,PIPE_M,84126,84714,588,378550
case_084,post,1,1000030417,COPY_OUT,PIPE_MTE3,84126,84380,254,378550
case_084,post,1,1000030495,COPY_IN,PIPE_MTE2,84126,84129,3,378550
case_084,post,1,1000030493,COPY_IN,PIPE_MTE2,84129,84387,258,378550
case_084,post,1,1000030499,COPY_IN,PIPE_MTE2,84387,84744,357,378550
case_084,post,1,12222,DIV,PIPE_V,84714,85014,300,378550
case_084,post,1,1000030501,COPY_IN,PIPE_MTE2,84744,85153,409,378550
case_084,post,1,12223,REDUCE,PIPE_V,85014,85098,84,378550
case_084,post,1,12224,SUB,PIPE_V,85098,85182,84,378550
case_084,post,1,12225,EXP,PIPE_V,85182,85482,300,378550
case_084,post,1,12226,REDUCE,PIPE_V,85482,85566,84,378550
case_084,post,1,12227,DIV,PIPE_V,85566,85866,300,378550
case_084,post,1,12228,MATMUL,PIPE_M,85866,86454,588,378550
case_084,post,1,12232,MATMUL,PIPE_M,86454,87042,588,378550
case_084,post,1,1000030427,COPY_OUT,PIPE_MTE3,86454,86744,290,378550
case_084,post,1,1000030505,COPY_IN,PIPE_MTE2,86454,86459,5,378550
case_084,post,1,1000030503,COPY_IN,PIPE_MTE2,86459,86751,292,378550
case_084,post,1,1000030509,COPY_IN,PIPE_MTE2,86751,87125,374,378550
case_084,post,1,12234,DIV,PIPE_V,87042,87342,300,378550
case_084,post,1,1000030511,COPY_IN,PIPE_MTE2,87125,87539,414,378550
case_084,post,1,12235,REDUCE,PIPE_V,87342,87426,84,378550
case_084,post,1,12236,SUB,PIPE_V,87426,87510,84,378550
case_084,post,1,12237,EXP,PIPE_V,87510,87810,300,378550
case_084,post,1,12238,REDUCE,PIPE_V,87810,87894,84,378550
case_084,post,1,12239,DIV,PIPE_V,87894,88194,300,378550
case_084,post,1,12240,MATMUL,PIPE_M,88194,88782,588,378550
case_084,post,1,12244,MATMUL,PIPE_M,88782,89370,588,378550
case_084,post,1,1000030437,COPY_OUT,PIPE_MTE3,88782,89069,287,378550
case_084,post,1,1000030515,COPY_IN,PIPE_MTE2,88782,88787,5,378550
case_084,post,1,1000030513,COPY_IN,PIPE_MTE2,88787,89076,289,378550
case_084,post,1,1000030519,COPY_IN,PIPE_MTE2,89076,89457,381,378550
case_084,post,1,12246,DIV,PIPE_V,89370,89670,300,378550
case_084,post,1,1000030521,COPY_IN,PIPE_MTE2,89457,89816,359,378550
case_084,post,1,12247,REDUCE,PIPE_V,89670,89754,84,378550
case_084,post,1,12248,SUB,PIPE_V,89754,89838,84,378550
case_084,post,1,12249,EXP,PIPE_V,89838,90138,300,378550
case_084,post,1,12250,REDUCE,PIPE_V,90138,90222,84,378550
case_084,post,1,12251,DIV,PIPE_V,90222,90522,300,378550
case_084,post,1,12252,MATMUL,PIPE_M,90522,91110,588,378550
case_084,post,1,12256,MATMUL,PIPE_M,91110,91698,588,378550
case_084,post,1,1000030447,COPY_OUT,PIPE_MTE3,91110,91321,211,378550
case_084,post,1,1000030525,COPY_IN,PIPE_MTE2,91110,91114,4,378550
case_084,post,1,1000030523,COPY_IN,PIPE_MTE2,91114,91326,212,378550
case_084,post,1,1000030529,COPY_IN,PIPE_MTE2,91326,91592,266,378550
case_084,post,1,1000030531,COPY_IN,PIPE_MTE2,91592,91841,249,378550
case_084,post,1,12258,DIV,PIPE_V,91698,91998,300,378550
case_084,post,1,12259,REDUCE,PIPE_V,91998,92082,84,378550
case_084,post,1,12260,SUB,PIPE_V,92082,92166,84,378550
case_084,post,1,12261,EXP,PIPE_V,92166,92466,300,378550
case_084,post,1,12262,REDUCE,PIPE_V,92466,92550,84,378550
case_084,post,1,12263,DIV,PIPE_V,92550,92850,300,378550
case_084,post,1,12264,MATMUL,PIPE_M,92850,93438,588,378550
case_084,post,1,12268,MATMUL,PIPE_M,93438,94026,588,378550
case_084,post,1,1000030457,COPY_OUT,PIPE_MTE3,93438,93649,211,378550
case_084,post,1,1000030535,COPY_IN,PIPE_MTE2,93438,93442,4,378550
case_084,post,1,1000030533,COPY_IN,PIPE_MTE2,93442,93654,212,378550
case_084,post,1,1000030539,COPY_IN,PIPE_MTE2,93654,93959,305,378550
case_084,post,1,1000030541,COPY_IN,PIPE_MTE2,93959,94228,269,378550
case_084,post,1,12270,DIV,PIPE_V,94026,94326,300,378550
case_084,post,1,12271,REDUCE,PIPE_V,94326,94410,84,378550
case_084,post,1,12272,SUB,PIPE_V,94410,94494,84,378550
case_084,post,1,12273,EXP,PIPE_V,94494,94794,300,378550
case_084,post,1,12274,REDUCE,PIPE_V,94794,94878,84,378550
case_084,post,1,12275,DIV,PIPE_V,94878,95178,300,378550
case_084,post,1,12276,MATMUL,PIPE_M,95178,95766,588,378550
case_084,post,1,12280,MATMUL,PIPE_M,95766,96354,588,378550
case_084,post,1,1000030467,COPY_OUT,PIPE_MTE3,95766,95977,211,378550
case_084,post,1,1000030545,COPY_IN,PIPE_MTE2,95766,95770,4,378550
case_084,post,1,1000030543,COPY_IN,PIPE_MTE2,95770,95982,212,378550
case_084,post,1,1000030549,COPY_IN,PIPE_MTE2,95982,96240,258,378550
case_084,post,1,1000030551,COPY_IN,PIPE_MTE2,96240,96511,271,378550
case_084,post,1,12282,DIV,PIPE_V,96354,96654,300,378550
case_084,post,1,12283,REDUCE,PIPE_V,96654,96738,84,378550
case_084,post,1,12284,SUB,PIPE_V,96738,96822,84,378550
case_084,post,1,12285,EXP,PIPE_V,96822,97122,300,378550
case_084,post,1,12286,REDUCE,PIPE_V,97122,97206,84,378550
case_084,post,1,12287,DIV,PIPE_V,97206,97506,300,378550
case_084,post,1,12288,MATMUL,PIPE_M,97506,98094,588,378550
case_084,post,1,12292,MATMUL,PIPE_M,98094,98682,588,378550
case_084,post,1,1000030477,COPY_OUT,PIPE_MTE3,98094,98218,124,378550
case_084,post,1,1000030555,COPY_IN,PIPE_MTE2,98094,98096,2,378550
case_084,post,1,1000030553,COPY_IN,PIPE_MTE2,98096,98221,125,378550
case_084,post,1,1000030559,COPY_IN,PIPE_MTE2,98221,98431,210,378550
case_084,post,1,1000030561,COPY_IN,PIPE_MTE2,98431,98664,233,378550
case_084,post,1,12294,DIV,PIPE_V,98682,98982,300,378550
case_084,post,1,12295,REDUCE,PIPE_V,98982,99066,84,378550
case_084,post,1,12296,SUB,PIPE_V,99066,99150,84,378550
case_084,post,1,12297,EXP,PIPE_V,99150,99450,300,378550
case_084,post,1,12298,REDUCE,PIPE_V,99450,99534,84,378550
case_084,post,1,12299,DIV,PIPE_V,99534,99834,300,378550
case_084,post,1,12300,MATMUL,PIPE_M,99834,100422,588,378550
case_084,post,1,12304,MATMUL,PIPE_M,100422,101010,588,378550
case_084,post,1,1000030487,COPY_OUT,PIPE_MTE3,100422,100526,104,378550
case_084,post,1,1000030565,COPY_IN,PIPE_MTE2,100422,100424,2,378550
case_084,post,1,1000030563,COPY_IN,PIPE_MTE2,100424,100527,103,378550
case_084,post,1,1000030569,COPY_IN,PIPE_MTE2,100527,100629,102,378550
case_084,post,1,1000030571,COPY_IN,PIPE_MTE2,100629,100888,259,378550
case_084,post,1,12306,DIV,PIPE_V,101010,101310,300,378550
case_084,post,1,12307,REDUCE,PIPE_V,101310,101394,84,378550
case_084,post,1,12308,SUB,PIPE_V,101394,101478,84,378550
case_084,post,1,12309,EXP,PIPE_V,101478,101778,300,378550
case_084,post,1,12310,REDUCE,PIPE_V,101778,101862,84,378550
case_084,post,1,12311,DIV,PIPE_V,101862,102162,300,378550
case_084,post,1,12312,MATMUL,PIPE_M,102162,102750,588,378550
case_084,post,1,12316,MATMUL,PIPE_M,102750,103338,588,378550
case_084,post,1,1000030497,COPY_OUT,PIPE_MTE3,102750,102854,104,378550
case_084,post,1,1000030575,COPY_IN,PIPE_MTE2,102750,102752,2,378550
case_084,post,1,1000030573,COPY_IN,PIPE_MTE2,102752,102855,103,378550
case_084,post,1,1000030579,COPY_IN,PIPE_MTE2,102855,102920,65,378550
case_084,post,1,1000030581,COPY_IN,PIPE_MTE2,102920,103137,217,378550
case_084,post,1,12318,DIV,PIPE_V,103338,103638,300,378550
case_084,post,1,12319,REDUCE,PIPE_V,103638,103722,84,378550
case_084,post,1,12320,SUB,PIPE_V,103722,103806,84,378550
case_084,post,1,12321,EXP,PIPE_V,103806,104106,300,378550
case_084,post,1,12322,REDUCE,PIPE_V,104106,104190,84,378550
case_084,post,1,12323,DIV,PIPE_V,104190,104490,300,378550
case_084,post,1,12324,MATMUL,PIPE_M,104490,105078,588,378550
case_084,post,1,12328,MATMUL,PIPE_M,105078,105666,588,378550
case_084,post,1,1000030507,COPY_OUT,PIPE_MTE3,105078,105182,104,378550
case_084,post,1,1000030585,COPY_IN,PIPE_MTE2,105078,105080,2,378550
case_084,post,1,1000030583,COPY_IN,PIPE_MTE2,105080,105183,103,378550
case_084,post,1,1000030589,COPY_IN,PIPE_MTE2,105183,105235,52,378550
case_084,post,1,1000030591,COPY_IN,PIPE_MTE2,105235,105396,161,378550
case_084,post,1,12330,DIV,PIPE_V,105666,105966,300,378550
case_084,post,1,12331,REDUCE,PIPE_V,105966,106050,84,378550
case_084,post,1,12332,SUB,PIPE_V,106050,106134,84,378550
case_084,post,1,12333,EXP,PIPE_V,106134,106434,300,378550
case_084,post,1,12334,REDUCE,PIPE_V,106434,106518,84,378550
case_084,post,1,12335,DIV,PIPE_V,106518,106818,300,378550
case_084,post,1,12336,MATMUL,PIPE_M,106818,107406,588,378550
case_084,post,1,12340,MATMUL,PIPE_M,107406,107994,588,378550
case_084,post,1,1000030517,COPY_OUT,PIPE_MTE3,107406,107513,107,378550
case_084,post,1,1000030595,COPY_IN,PIPE_MTE2,107406,107408,2,378550
case_084,post,1,1000030593,COPY_IN,PIPE_MTE2,107408,107515,107,378550
case_084,post,1,1000030599,COPY_IN,PIPE_MTE2,107515,107644,129,378550
case_084,post,1,1000030601,COPY_IN,PIPE_MTE2,107644,107948,304,378550
case_084,post,1,12342,DIV,PIPE_V,107994,108294,300,378550
case_084,post,1,12343,REDUCE,PIPE_V,108294,108378,84,378550
case_084,post,1,12344,SUB,PIPE_V,108378,108462,84,378550
case_084,post,1,12345,EXP,PIPE_V,108462,108762,300,378550
case_084,post,1,12346,REDUCE,PIPE_V,108762,108846,84,378550
case_084,post,1,12347,DIV,PIPE_V,108846,109146,300,378550
case_084,post,1,12348,MATMUL,PIPE_M,109146,109734,588,378550
case_084,post,1,12352,MATMUL,PIPE_M,109734,110322,588,378550
case_084,post,1,1000030527,COPY_OUT,PIPE_MTE3,109734,110037,303,378550
case_084,post,1,1000030605,COPY_IN,PIPE_MTE2,109734,109739,5,378550
case_084,post,1,1000030603,COPY_IN,PIPE_MTE2,109739,110044,305,378550
case_084,post,1,1000030609,COPY_IN,PIPE_MTE2,110044,110441,397,378550
case_084,post,1,12354,DIV,PIPE_V,110322,110622,300,378550
case_084,post,1,1000030611,COPY_IN,PIPE_MTE2,110441,110784,343,378550
case_084,post,1,12355,REDUCE,PIPE_V,110622,110706,84,378550
case_084,post,1,12356,SUB,PIPE_V,110706,110790,84,378550
case_084,post,1,12357,EXP,PIPE_V,110790,111090,300,378550
case_084,post,1,12358,REDUCE,PIPE_V,111090,111174,84,378550
case_084,post,1,12359,DIV,PIPE_V,111174,111474,300,378550
case_084,post,1,12360,MATMUL,PIPE_M,111474,112062,588,378550
case_084,post,1,12364,MATMUL,PIPE_M,112062,112650,588,378550
case_084,post,1,1000030537,COPY_OUT,PIPE_MTE3,112062,112360,298,378550
case_084,post,1,1000030615,COPY_IN,PIPE_MTE2,112062,112068,6,378550
case_084,post,1,1000030613,COPY_IN,PIPE_MTE2,112068,112366,298,378550
case_084,post,1,1000030619,COPY_IN,PIPE_MTE2,112366,112708,342,378550
case_084,post,1,12366,DIV,PIPE_V,112650,112950,300,378550
case_084,post,1,1000030621,COPY_IN,PIPE_MTE2,112708,113036,328,378550
case_084,post,1,12367,REDUCE,PIPE_V,112950,113034,84,378550
case_084,post,1,12368,SUB,PIPE_V,113034,113118,84,378550
case_084,post,1,12369,EXP,PIPE_V,113118,113418,300,378550
case_084,post,1,12370,REDUCE,PIPE_V,113418,113502,84,378550
case_084,post,1,12371,DIV,PIPE_V,113502,113802,300,378550
case_084,post,1,12372,MATMUL,PIPE_M,113802,114390,588,378550
case_084,post,1,12376,MATMUL,PIPE_M,114390,114978,588,378550
case_084,post,1,1000030547,COPY_OUT,PIPE_MTE3,114390,114572,182,378550
case_084,post,1,1000030625,COPY_IN,PIPE_MTE2,114390,114393,3,378550
case_084,post,1,1000030623,COPY_IN,PIPE_MTE2,114393,114576,183,378550
case_084,post,1,1000030629,COPY_IN,PIPE_MTE2,114576,114912,336,378550
case_084,post,1,1000030631,COPY_IN,PIPE_MTE2,114912,115237,325,378550
case_084,post,1,12378,DIV,PIPE_V,114978,115278,300,378550
case_084,post,1,12379,REDUCE,PIPE_V,115278,115362,84,378550
case_084,post,1,12380,SUB,PIPE_V,115362,115446,84,378550
case_084,post,1,12381,EXP,PIPE_V,115446,115746,300,378550
case_084,post,1,12382,REDUCE,PIPE_V,115746,115830,84,378550
case_084,post,1,12383,DIV,PIPE_V,115830,116130,300,378550
case_084,post,1,12384,MATMUL,PIPE_M,116130,116718,588,378550
case_084,post,1,12388,MATMUL,PIPE_M,116718,117306,588,378550
case_084,post,1,1000030557,COPY_OUT,PIPE_MTE3,116718,117060,342,378550
case_084,post,1,1000030635,COPY_IN,PIPE_MTE2,116718,116723,5,378550
case_084,post,1,1000030633,COPY_IN,PIPE_MTE2,116723,117067,344,378550
case_084,post,1,1000030639,COPY_IN,PIPE_MTE2,117067,117398,331,378550
case_084,post,1,12390,DIV,PIPE_V,117306,117606,300,378550
case_084,post,1,1000030641,COPY_IN,PIPE_MTE2,117398,117810,412,378550
case_084,post,1,12391,REDUCE,PIPE_V,117606,117690,84,378550
case_084,post,1,12392,SUB,PIPE_V,117690,117774,84,378550
case_084,post,1,12393,EXP,PIPE_V,117774,118074,300,378550
case_084,post,1,12394,REDUCE,PIPE_V,118074,118158,84,378550
case_084,post,1,12395,DIV,PIPE_V,118158,118458,300,378550
case_084,post,1,12396,MATMUL,PIPE_M,118458,119046,588,378550
case_084,post,1,12400,MATMUL,PIPE_M,119046,119634,588,378550
case_084,post,1,1000030567,COPY_OUT,PIPE_MTE3,119046,119329,283,378550
case_084,post,1,1000030645,COPY_IN,PIPE_MTE2,119046,119051,5,378550
case_084,post,1,1000030643,COPY_IN,PIPE_MTE2,119051,119335,284,378550
case_084,post,1,1000030649,COPY_IN,PIPE_MTE2,119335,119701,366,378550
case_084,post,1,12402,DIV,PIPE_V,119634,119934,300,378550
case_084,post,1,1000030651,COPY_IN,PIPE_MTE2,119701,120073,372,378550
case_084,post,1,12403,REDUCE,PIPE_V,119934,120018,84,378550
case_084,post,1,12404,SUB,PIPE_V,120018,120102,84,378550
case_084,post,1,12405,EXP,PIPE_V,120102,120402,300,378550
case_084,post,1,12406,REDUCE,PIPE_V,120402,120486,84,378550
case_084,post,1,12407,DIV,PIPE_V,120486,120786,300,378550
case_084,post,1,12408,MATMUL,PIPE_M,120786,121374,588,378550
case_084,post,1,12412,MATMUL,PIPE_M,121374,121962,588,378550
case_084,post,1,1000030577,COPY_OUT,PIPE_MTE3,121374,121680,306,378550
case_084,post,1,1000030655,COPY_IN,PIPE_MTE2,121374,121379,5,378550
case_084,post,1,1000030653,COPY_IN,PIPE_MTE2,121379,121687,308,378550
case_084,post,1,1000030659,COPY_IN,PIPE_MTE2,121687,122059,372,378550
case_084,post,1,12414,DIV,PIPE_V,121962,122262,300,378550
case_084,post,1,1000030661,COPY_IN,PIPE_MTE2,122059,122354,295,378550
case_084,post,1,12415,REDUCE,PIPE_V,122262,122346,84,378550
case_084,post,1,12416,SUB,PIPE_V,122346,122430,84,378550
case_084,post,1,12417,EXP,PIPE_V,122430,122730,300,378550
case_084,post,1,12418,REDUCE,PIPE_V,122730,122814,84,378550
case_084,post,1,12419,DIV,PIPE_V,122814,123114,300,378550
case_084,post,1,12420,MATMUL,PIPE_M,123114,123702,588,378550
case_084,post,1,12424,MATMUL,PIPE_M,123702,124290,588,378550
case_084,post,1,1000030587,COPY_OUT,PIPE_MTE3,123702,123894,192,378550
case_084,post,1,1000030665,COPY_IN,PIPE_MTE2,123702,123707,5,378550
case_084,post,1,1000030663,COPY_IN,PIPE_MTE2,123707,123898,191,378550
case_084,post,1,1000030669,COPY_IN,PIPE_MTE2,123898,124207,309,378550
case_084,post,1,1000030671,COPY_IN,PIPE_MTE2,124207,124528,321,378550
case_084,post,1,12426,DIV,PIPE_V,124290,124590,300,378550
case_084,post,1,12427,REDUCE,PIPE_V,124590,124674,84,378550
case_084,post,1,12428,SUB,PIPE_V,124674,124758,84,378550
case_084,post,1,12429,EXP,PIPE_V,124758,125058,300,378550
case_084,post,1,12430,REDUCE,PIPE_V,125058,125142,84,378550
case_084,post,1,12431,DIV,PIPE_V,125142,125442,300,378550
case_084,post,1,12432,MATMUL,PIPE_M,125442,126030,588,378550
case_084,post,1,12436,MATMUL,PIPE_M,126030,126618,588,378550
case_084,post,1,1000030597,COPY_OUT,PIPE_MTE3,126030,126314,284,378550
case_084,post,1,1000030675,COPY_IN,PIPE_MTE2,126030,126035,5,378550
case_084,post,1,1000030673,COPY_IN,PIPE_MTE2,126035,126320,285,378550
case_084,post,1,1000030679,COPY_IN,PIPE_MTE2,126320,126700,380,378550
case_084,post,1,12438,DIV,PIPE_V,126618,126918,300,378550
case_084,post,1,1000030681,COPY_IN,PIPE_MTE2,126700,127073,373,378550
case_084,post,1,12439,REDUCE,PIPE_V,126918,127002,84,378550
case_084,post,1,12440,SUB,PIPE_V,127002,127086,84,378550
case_084,post,1,12441,EXP,PIPE_V,127086,127386,300,378550
case_084,post,1,12442,REDUCE,PIPE_V,127386,127470,84,378550
case_084,post,1,12443,DIV,PIPE_V,127470,127770,300,378550
case_084,post,1,12444,MATMUL,PIPE_M,127770,128358,588,378550
case_084,post,1,12448,MATMUL,PIPE_M,128358,128946,588,378550
case_084,post,1,1000030607,COPY_OUT,PIPE_MTE3,128358,128636,278,378550
case_084,post,1,1000030685,COPY_IN,PIPE_MTE2,128358,128362,4,378550
case_084,post,1,1000030683,COPY_IN,PIPE_MTE2,128362,128642,280,378550
case_084,post,1,1000030689,COPY_IN,PIPE_MTE2,128642,128962,320,378550
case_084,post,1,12450,DIV,PIPE_V,128946,129246,300,378550
case_084,post,1,1000030691,COPY_IN,PIPE_MTE2,128962,129270,308,378550
case_084,post,1,12451,REDUCE,PIPE_V,129246,129330,84,378550
case_084,post,1,12452,SUB,PIPE_V,129330,129414,84,378550
case_084,post,1,12453,EXP,PIPE_V,129414,129714,300,378550
case_084,post,1,12454,REDUCE,PIPE_V,129714,129798,84,378550
case_084,post,1,12455,DIV,PIPE_V,129798,130098,300,378550
case_084,post,1,12456,MATMUL,PIPE_M,130098,130686,588,378550
case_084,post,1,12460,MATMUL,PIPE_M,130686,131274,588,378550
case_084,post,1,1000030617,COPY_OUT,PIPE_MTE3,130686,130790,104,378550
case_084,post,1,1000030695,COPY_IN,PIPE_MTE2,130686,130688,2,378550
case_084,post,1,1000030693,COPY_IN,PIPE_MTE2,130688,130791,103,378550
case_084,post,1,1000030699,COPY_IN,PIPE_MTE2,130791,130865,74,378550
case_084,post,1,1000030701,COPY_IN,PIPE_MTE2,130865,131150,285,378550
case_084,post,1,12462,DIV,PIPE_V,131274,131574,300,378550
case_084,post,1,12463,REDUCE,PIPE_V,131574,131658,84,378550
case_084,post,1,12464,SUB,PIPE_V,131658,131742,84,378550
case_084,post,1,12465,EXP,PIPE_V,131742,132042,300,378550
case_084,post,1,12466,REDUCE,PIPE_V,132042,132126,84,378550
case_084,post,1,12467,DIV,PIPE_V,132126,132426,300,378550
case_084,post,1,12468,MATMUL,PIPE_M,132426,133014,588,378550
case_084,post,1,12472,MATMUL,PIPE_M,133014,133602,588,378550
case_084,post,1,1000030627,COPY_OUT,PIPE_MTE3,133014,133324,310,378550
case_084,post,1,1000030705,COPY_IN,PIPE_MTE2,133014,133019,5,378550
case_084,post,1,1000030703,COPY_IN,PIPE_MTE2,133019,133331,312,378550
case_084,post,1,1000030709,COPY_IN,PIPE_MTE2,133331,133674,343,378550
case_084,post,1,12474,DIV,PIPE_V,133602,133902,300,378550
case_084,post,1,1000030711,COPY_IN,PIPE_MTE2,133674,134047,373,378550
case_084,post,1,12475,REDUCE,PIPE_V,133902,133986,84,378550
case_084,post,1,12476,SUB,PIPE_V,133986,134070,84,378550
case_084,post,1,12477,EXP,PIPE_V,134070,134370,300,378550
case_084,post,1,12478,REDUCE,PIPE_V,134370,134454,84,378550
case_084,post,1,12479,DIV,PIPE_V,134454,134754,300,378550
case_084,post,1,12480,MATMUL,PIPE_M,134754,135342,588,378550
case_084,post,1,12484,MATMUL,PIPE_M,135342,135930,588,378550
case_084,post,1,1000030637,COPY_OUT,PIPE_MTE3,135342,135566,224,378550
case_084,post,1,1000030715,COPY_IN,PIPE_MTE2,135342,135347,5,378550
case_084,post,1,1000030713,COPY_IN,PIPE_MTE2,135347,135571,224,378550
case_084,post,1,1000030719,COPY_IN,PIPE_MTE2,135571,135847,276,378550
case_084,post,1,1000030721,COPY_IN,PIPE_MTE2,135847,136149,302,378550
case_084,post,1,12486,DIV,PIPE_V,135930,136230,300,378550
case_084,post,1,12487,REDUCE,PIPE_V,136230,136314,84,378550
case_084,post,1,12488,SUB,PIPE_V,136314,136398,84,378550
case_084,post,1,12489,EXP,PIPE_V,136398,136698,300,378550
case_084,post,1,12490,REDUCE,PIPE_V,136698,136782,84,378550
case_084,post,1,12491,DIV,PIPE_V,136782,137082,300,378550
case_084,post,1,12492,MATMUL,PIPE_M,137082,137670,588,378550
case_084,post,1,12496,MATMUL,PIPE_M,137670,138258,588,378550
case_084,post,1,1000030647,COPY_OUT,PIPE_MTE3,137670,137907,237,378550
case_084,post,1,1000030725,COPY_IN,PIPE_MTE2,137670,137673,3,378550
case_084,post,1,1000030723,COPY_IN,PIPE_MTE2,137673,137913,240,378550
case_084,post,1,1000030729,COPY_IN,PIPE_MTE2,137913,138265,352,378550
case_084,post,1,12498,DIV,PIPE_V,138258,138558,300,378550
case_084,post,1,1000030731,COPY_IN,PIPE_MTE2,138265,138620,355,378550
case_084,post,1,12499,REDUCE,PIPE_V,138558,138642,84,378550
case_084,post,1,12500,SUB,PIPE_V,138642,138726,84,378550
case_084,post,1,12501,EXP,PIPE_V,138726,139026,300,378550
case_084,post,1,12502,REDUCE,PIPE_V,139026,139110,84,378550
case_084,post,1,12503,DIV,PIPE_V,139110,139410,300,378550
case_084,post,1,12504,MATMUL,PIPE_M,139410,139998,588,378550
case_084,post,1,12508,MATMUL,PIPE_M,139998,140586,588,378550
case_084,post,1,1000030657,COPY_OUT,PIPE_MTE3,139998,140280,282,378550
case_084,post,1,1000030735,COPY_IN,PIPE_MTE2,139998,140003,5,378550
case_084,post,1,1000030733,COPY_IN,PIPE_MTE2,140003,140287,284,378550
case_084,post,1,1000030739,COPY_IN,PIPE_MTE2,140287,140576,289,378550
case_084,post,1,1000030741,COPY_IN,PIPE_MTE2,140576,140973,397,378550
case_084,post,1,12510,DIV,PIPE_V,140586,140886,300,378550
case_084,post,1,12511,REDUCE,PIPE_V,140886,140970,84,378550
case_084,post,1,12512,SUB,PIPE_V,140970,141054,84,378550
case_084,post,1,12513,EXP,PIPE_V,141054,141354,300,378550
case_084,post,1,12514,REDUCE,PIPE_V,141354,141438,84,378550
case_084,post,1,12515,DIV,PIPE_V,141438,141738,300,378550
case_084,post,1,12516,MATMUL,PIPE_M,141738,142326,588,378550
case_084,post,1,12520,MATMUL,PIPE_M,142326,142914,588,378550
case_084,post,1,1000030667,COPY_OUT,PIPE_MTE3,142326,142539,213,378550
case_084,post,1,1000030745,COPY_IN,PIPE_MTE2,142326,142330,4,378550
case_084,post,1,1000030743,COPY_IN,PIPE_MTE2,142330,142544,214,378550
case_084,post,1,1000030749,COPY_IN,PIPE_MTE2,142544,142825,281,378550
case_084,post,1,1000030751,COPY_IN,PIPE_MTE2,142825,143124,299,378550
case_084,post,1,12522,DIV,PIPE_V,142914,143214,300,378550
case_084,post,1,12523,REDUCE,PIPE_V,143214,143298,84,378550
case_084,post,1,12524,SUB,PIPE_V,143298,143382,84,378550
case_084,post,1,12525,EXP,PIPE_V,143382,143682,300,378550
case_084,post,1,12526,REDUCE,PIPE_V,143682,143766,84,378550
case_084,post,1,12527,DIV,PIPE_V,143766,144066,300,378550
case_084,post,1,12528,MATMUL,PIPE_M,144066,144654,588,378550
case_084,post,1,12532,MATMUL,PIPE_M,144654,145242,588,378550
case_084,post,1,1000030677,COPY_OUT,PIPE_MTE3,144654,144789,135,378550
case_084,post,1,1000030755,COPY_IN,PIPE_MTE2,144654,144656,2,378550
case_084,post,1,1000030753,COPY_IN,PIPE_MTE2,144656,144793,137,378550
case_084,post,1,1000030759,COPY_IN,PIPE_MTE2,144793,145073,280,378550
case_084,post,1,1000030761,COPY_IN,PIPE_MTE2,145073,145328,255,378550
case_084,post,1,12534,DIV,PIPE_V,145242,145542,300,378550
case_084,post,1,12535,REDUCE,PIPE_V,145542,145626,84,378550
case_084,post,1,12536,SUB,PIPE_V,145626,145710,84,378550
case_084,post,1,12537,EXP,PIPE_V,145710,146010,300,378550
case_084,post,1,12538,REDUCE,PIPE_V,146010,146094,84,378550
case_084,post,1,12539,DIV,PIPE_V,146094,146394,300,378550
case_084,post,1,12540,MATMUL,PIPE_M,146394,146982,588,378550
case_084,post,1,12544,MATMUL,PIPE_M,146982,147570,588,378550
case_084,post,1,1000030687,COPY_OUT,PIPE_MTE3,146982,147201,219,378550
case_084,post,1,1000030765,COPY_IN,PIPE_MTE2,146982,146987,5,378550
case_084,post,1,1000030763,COPY_IN,PIPE_MTE2,146987,147206,219,378550
case_084,post,1,1000030769,COPY_IN,PIPE_MTE2,147206,147557,351,378550
case_084,post,1,1000030771,COPY_IN,PIPE_MTE2,147557,147871,314,378550
case_084,post,1,12546,DIV,PIPE_V,147570,147870,300,378550
case_084,post,1,12547,REDUCE,PIPE_V,147870,147954,84,378550
case_084,post,1,12548,SUB,PIPE_V,147954,148038,84,378550
case_084,post,1,12549,EXP,PIPE_V,148038,148338,300,378550
case_084,post,1,12550,REDUCE,PIPE_V,148338,148422,84,378550
case_084,post,1,12551,DIV,PIPE_V,148422,148722,300,378550
case_084,post,1,12552,MATMUL,PIPE_M,148722,149310,588,378550
case_084,post,1,12556,MATMUL,PIPE_M,149310,149898,588,378550
case_084,post,1,1000030697,COPY_OUT,PIPE_MTE3,149310,149466,156,378550
case_084,post,1,1000030775,COPY_IN,PIPE_MTE2,149310,149313,3,378550
case_084,post,1,1000030773,COPY_IN,PIPE_MTE2,149313,149468,155,378550
case_084,post,1,1000030779,COPY_IN,PIPE_MTE2,149468,149745,277,378550
case_084,post,1,1000030781,COPY_IN,PIPE_MTE2,149745,150008,263,378550
case_084,post,1,12558,DIV,PIPE_V,149898,150198,300,378550
case_084,post,1,12559,REDUCE,PIPE_V,150198,150282,84,378550
case_084,post,1,12560,SUB,PIPE_V,150282,150366,84,378550
case_084,post,1,12561,EXP,PIPE_V,150366,150666,300,378550
case_084,post,1,12562,REDUCE,PIPE_V,150666,150750,84,378550
case_084,post,1,12563,DIV,PIPE_V,150750,151050,300,378550
case_084,post,1,12564,MATMUL,PIPE_M,151050,151638,588,378550
case_084,post,1,12568,MATMUL,PIPE_M,151638,152226,588,378550
case_084,post,1,1000030707,COPY_OUT,PIPE_MTE3,151638,151918,280,378550
case_084,post,1,1000030785,COPY_IN,PIPE_MTE2,151638,151644,6,378550
case_084,post,1,1000030783,COPY_IN,PIPE_MTE2,151644,151922,278,378550
case_084,post,1,1000030789,COPY_IN,PIPE_MTE2,151922,152152,230,378550
case_084,post,1,1000030791,COPY_IN,PIPE_MTE2,152152,152471,319,378550
case_084,post,1,12570,DIV,PIPE_V,152226,152526,300,378550
case_084,post,1,12571,REDUCE,PIPE_V,152526,152610,84,378550
case_084,post,1,12572,SUB,PIPE_V,152610,152694,84,378550
case_084,post,1,12573,EXP,PIPE_V,152694,152994,300,378550
case_084,post,1,12574,REDUCE,PIPE_V,152994,153078,84,378550
case_084,post,1,12575,DIV,PIPE_V,153078,153378,300,378550
case_084,post,1,12576,MATMUL,PIPE_M,153378,153966,588,378550
case_084,post,1,12580,MATMUL,PIPE_M,153966,154554,588,378550
case_084,post,1,1000030717,COPY_OUT,PIPE_MTE3,153966,154240,274,378550
case_084,post,1,1000030795,COPY_IN,PIPE_MTE2,153966,153970,4,378550
case_084,post,1,1000030793,COPY_IN,PIPE_MTE2,153970,154245,275,378550
case_084,post,1,1000030799,COPY_IN,PIPE_MTE2,154245,154520,275,378550
case_084,post,1,1000030801,COPY_IN,PIPE_MTE2,154520,154801,281,378550
case_084,post,1,12582,DIV,PIPE_V,154554,154854,300,378550
case_084,post,1,12583,REDUCE,PIPE_V,154854,154938,84,378550
case_084,post,1,12584,SUB,PIPE_V,154938,155022,84,378550
case_084,post,1,12585,EXP,PIPE_V,155022,155322,300,378550
case_084,post,1,12586,REDUCE,PIPE_V,155322,155406,84,378550
case_084,post,1,12587,DIV,PIPE_V,155406,155706,300,378550
case_084,post,1,12588,MATMUL,PIPE_M,155706,156294,588,378550
case_084,post,1,12592,MATMUL,PIPE_M,156294,156882,588,378550
case_084,post,1,1000030727,COPY_OUT,PIPE_MTE3,156294,156636,342,378550
case_084,post,1,1000030805,COPY_IN,PIPE_MTE2,156294,156300,6,378550
case_084,post,1,1000030803,COPY_IN,PIPE_MTE2,156300,156642,342,378550
case_084,post,1,1000030809,COPY_IN,PIPE_MTE2,156642,156943,301,378550
case_084,post,1,12594,DIV,PIPE_V,156882,157182,300,378550
case_084,post,1,1000030811,COPY_IN,PIPE_MTE2,156943,157205,262,378550
case_084,post,1,12595,REDUCE,PIPE_V,157182,157266,84,378550
case_084,post,1,12596,SUB,PIPE_V,157266,157350,84,378550
case_084,post,1,12597,EXP,PIPE_V,157350,157650,300,378550
case_084,post,1,12598,REDUCE,PIPE_V,157650,157734,84,378550
case_084,post,1,12599,DIV,PIPE_V,157734,158034,300,378550
case_084,post,1,12600,MATMUL,PIPE_M,158034,158622,588,378550
case_084,post,1,12604,MATMUL,PIPE_M,158622,159210,588,378550
case_084,post,1,1000030737,COPY_OUT,PIPE_MTE3,158622,158942,320,378550
case_084,post,1,1000030815,COPY_IN,PIPE_MTE2,158622,158628,6,378550
case_084,post,1,1000030813,COPY_IN,PIPE_MTE2,158628,158949,321,378550
case_084,post,1,1000030819,COPY_IN,PIPE_MTE2,158949,159276,327,378550
case_084,post,1,12606,DIV,PIPE_V,159210,159510,300,378550
case_084,post,1,1000030821,COPY_IN,PIPE_MTE2,159276,159577,301,378550
case_084,post,1,12607,REDUCE,PIPE_V,159510,159594,84,378550
case_084,post,1,12608,SUB,PIPE_V,159594,159678,84,378550
case_084,post,1,12609,EXP,PIPE_V,159678,159978,300,378550
case_084,post,1,12610,REDUCE,PIPE_V,159978,160062,84,378550
case_084,post,1,12611,DIV,PIPE_V,160062,160362,300,378550
case_084,post,1,12612,MATMUL,PIPE_M,160362,160950,588,378550
case_084,post,1,12616,MATMUL,PIPE_M,160950,161538,588,378550
case_084,post,1,1000030747,COPY_OUT,PIPE_MTE3,160950,161261,311,378550
case_084,post,1,1000030825,COPY_IN,PIPE_MTE2,160950,160957,7,378550
case_084,post,1,1000030823,COPY_IN,PIPE_MTE2,160957,161267,310,378550
case_084,post,1,1000030829,COPY_IN,PIPE_MTE2,161267,161596,329,378550
case_084,post,1,12618,DIV,PIPE_V,161538,161838,300,378550
case_084,post,1,1000030831,COPY_IN,PIPE_MTE2,161596,161889,293,378550
case_084,post,1,12619,REDUCE,PIPE_V,161838,161922,84,378550
case_084,post,1,12620,SUB,PIPE_V,161922,162006,84,378550
case_084,post,1,12621,EXP,PIPE_V,162006,162306,300,378550
case_084,post,1,12622,REDUCE,PIPE_V,162306,162390,84,378550
case_084,post,1,12623,DIV,PIPE_V,162390,162690,300,378550
case_084,post,1,12624,MATMUL,PIPE_M,162690,163278,588,378550
case_084,post,1,12628,MATMUL,PIPE_M,163278,163866,588,378550
case_084,post,1,1000030757,COPY_OUT,PIPE_MTE3,163278,163421,143,378550
case_084,post,1,1000030835,COPY_IN,PIPE_MTE2,163278,163281,3,378550
case_084,post,1,1000030833,COPY_IN,PIPE_MTE2,163281,163422,141,378550
case_084,post,1,1000030839,COPY_IN,PIPE_MTE2,163422,163474,52,378550
case_084,post,1,1000030841,COPY_IN,PIPE_MTE2,163474,163618,144,378550
case_084,post,1,12630,DIV,PIPE_V,163866,164166,300,378550
case_084,post,1,12631,REDUCE,PIPE_V,164166,164250,84,378550
case_084,post,1,12632,SUB,PIPE_V,164250,164334,84,378550
case_084,post,1,12633,EXP,PIPE_V,164334,164634,300,378550
case_084,post,1,12634,REDUCE,PIPE_V,164634,164718,84,378550
case_084,post,1,12635,DIV,PIPE_V,164718,165018,300,378550
case_084,post,1,12636,MATMUL,PIPE_M,165018,165606,588,378550
case_084,post,1,12640,MATMUL,PIPE_M,165606,166194,588,378550
case_084,post,1,1000030767,COPY_OUT,PIPE_MTE3,165606,165738,132,378550
case_084,post,1,1000030845,COPY_IN,PIPE_MTE2,165606,165609,3,378550
case_084,post,1,1000030843,COPY_IN,PIPE_MTE2,165609,165740,131,378550
case_084,post,1,1000030849,COPY_IN,PIPE_MTE2,165740,165862,122,378550
case_084,post,1,1000030851,COPY_IN,PIPE_MTE2,165862,166058,196,378550
case_084,post,1,12642,DIV,PIPE_V,166194,166494,300,378550
case_084,post,1,12643,REDUCE,PIPE_V,166494,166578,84,378550
case_084,post,1,12644,SUB,PIPE_V,166578,166662,84,378550
case_084,post,1,12645,EXP,PIPE_V,166662,166962,300,378550
case_084,post,1,12646,REDUCE,PIPE_V,166962,167046,84,378550
case_084,post,1,12647,DIV,PIPE_V,167046,167346,300,378550
case_084,post,1,12648,MATMUL,PIPE_M,167346,167934,588,378550
case_084,post,1,12652,MATMUL,PIPE_M,167934,168522,588,378550
case_084,post,1,1000030777,COPY_OUT,PIPE_MTE3,167934,168109,175,378550
case_084,post,1,1000030855,COPY_IN,PIPE_MTE2,167934,167938,4,378550
case_084,post,1,1000030853,COPY_IN,PIPE_MTE2,167938,168111,173,378550
case_084,post,1,1000030859,COPY_IN,PIPE_MTE2,168111,168195,84,378550
case_084,post,1,1000030861,COPY_IN,PIPE_MTE2,168195,168248,53,378550
case_084,post,1,12654,DIV,PIPE_V,168522,168822,300,378550
case_084,post,1,12655,REDUCE,PIPE_V,168822,168906,84,378550
case_084,post,1,12656,SUB,PIPE_V,168906,168990,84,378550
case_084,post,1,12657,EXP,PIPE_V,168990,169290,300,378550
case_084,post,1,12658,REDUCE,PIPE_V,169290,169374,84,378550
case_084,post,1,12659,DIV,PIPE_V,169374,169674,300,378550
case_084,post,1,12660,MATMUL,PIPE_M,169674,170262,588,378550
case_084,post,1,12664,MATMUL,PIPE_M,170262,170850,588,378550
case_084,post,1,1000030787,COPY_OUT,PIPE_MTE3,170262,170389,127,378550
case_084,post,1,1000030865,COPY_IN,PIPE_MTE2,170262,170265,3,378550
case_084,post,1,1000030863,COPY_IN,PIPE_MTE2,170265,170392,127,378550
case_084,post,1,1000030869,COPY_IN,PIPE_MTE2,170392,170558,166,378550
case_084,post,1,1000030871,COPY_IN,PIPE_MTE2,170558,170794,236,378550
case_084,post,1,12666,DIV,PIPE_V,170850,171150,300,378550
case_084,post,1,12667,REDUCE,PIPE_V,171150,171234,84,378550
case_084,post,1,12668,SUB,PIPE_V,171234,171318,84,378550
case_084,post,1,12669,EXP,PIPE_V,171318,171618,300,378550
case_084,post,1,12670,REDUCE,PIPE_V,171618,171702,84,378550
case_084,post,1,12671,DIV,PIPE_V,171702,172002,300,378550
case_084,post,1,12672,MATMUL,PIPE_M,172002,172590,588,378550
case_084,post,1,12676,MATMUL,PIPE_M,172590,173178,588,378550
case_084,post,1,1000030797,COPY_OUT,PIPE_MTE3,172590,172854,264,378550
case_084,post,1,1000030875,COPY_IN,PIPE_MTE2,172590,172595,5,378550
case_084,post,1,1000030873,COPY_IN,PIPE_MTE2,172595,172859,264,378550
case_084,post,1,1000030879,COPY_IN,PIPE_MTE2,172859,173065,206,378550
case_084,post,1,1000030881,COPY_IN,PIPE_MTE2,173065,173274,209,378550
case_084,post,1,12678,DIV,PIPE_V,173178,173478,300,378550
case_084,post,1,12679,REDUCE,PIPE_V,173478,173562,84,378550
case_084,post,1,12680,SUB,PIPE_V,173562,173646,84,378550
case_084,post,1,12681,EXP,PIPE_V,173646,173946,300,378550
case_084,post,1,12682,REDUCE,PIPE_V,173946,174030,84,378550
case_084,post,1,12683,DIV,PIPE_V,174030,174330,300,378550
case_084,post,1,12684,MATMUL,PIPE_M,174330,174918,588,378550
case_084,post,1,12688,MATMUL,PIPE_M,174918,175506,588,378550
case_084,post,1,1000030807,COPY_OUT,PIPE_MTE3,174918,175113,195,378550
case_084,post,1,1000030885,COPY_IN,PIPE_MTE2,174918,174923,5,378550
case_084,post,1,1000030883,COPY_IN,PIPE_MTE2,174923,175115,192,378550
case_084,post,1,1000030889,COPY_IN,PIPE_MTE2,175115,175294,179,378550
case_084,post,1,1000030891,COPY_IN,PIPE_MTE2,175294,175518,224,378550
case_084,post,1,12690,DIV,PIPE_V,175506,175806,300,378550
case_084,post,1,12691,REDUCE,PIPE_V,175806,175890,84,378550
case_084,post,1,12692,SUB,PIPE_V,175890,175974,84,378550
case_084,post,1,12693,EXP,PIPE_V,175974,176274,300,378550
case_084,post,1,12694,REDUCE,PIPE_V,176274,176358,84,378550
case_084,post,1,12695,DIV,PIPE_V,176358,176658,300,378550
case_084,post,1,12696,MATMUL,PIPE_M,176658,177246,588,378550
case_084,post,1,12700,MATMUL,PIPE_M,177246,177834,588,378550
case_084,post,1,1000030817,COPY_OUT,PIPE_MTE3,177246,177461,215,378550
case_084,post,1,1000030895,COPY_IN,PIPE_MTE2,177246,177250,4,378550
case_084,post,1,1000030893,COPY_IN,PIPE_MTE2,177250,177464,214,378550
case_084,post,1,1000030899,COPY_IN,PIPE_MTE2,177464,177682,218,378550
case_084,post,1,1000030901,COPY_IN,PIPE_MTE2,177682,177873,191,378550
case_084,post,1,12702,DIV,PIPE_V,177834,178134,300,378550
case_084,post,1,12703,REDUCE,PIPE_V,178134,178218,84,378550
case_084,post,1,12704,SUB,PIPE_V,178218,178302,84,378550
case_084,post,1,12705,EXP,PIPE_V,178302,178602,300,378550
case_084,post,1,12706,REDUCE,PIPE_V,178602,178686,84,378550
case_084,post,1,12707,DIV,PIPE_V,178686,178986,300,378550
case_084,post,1,12708,MATMUL,PIPE_M,178986,179574,588,378550
case_084,post,1,12712,MATMUL,PIPE_M,179574,180162,588,378550
case_084,post,1,1000030827,COPY_OUT,PIPE_MTE3,179574,179841,267,378550
case_084,post,1,1000030905,COPY_IN,PIPE_MTE2,179574,179579,5,378550
case_084,post,1,1000030903,COPY_IN,PIPE_MTE2,179579,179845,266,378550
case_084,post,1,1000030909,COPY_IN,PIPE_MTE2,179845,179980,135,378550
case_084,post,1,1000030911,COPY_IN,PIPE_MTE2,179980,180195,215,378550
case_084,post,1,12714,DIV,PIPE_V,180162,180462,300,378550
case_084,post,1,12715,REDUCE,PIPE_V,180462,180546,84,378550
case_084,post,1,12716,SUB,PIPE_V,180546,180630,84,378550
case_084,post,1,12717,EXP,PIPE_V,180630,180930,300,378550
case_084,post,1,12718,REDUCE,PIPE_V,180930,181014,84,378550
case_084,post,1,12719,DIV,PIPE_V,181014,181314,300,378550
case_084,post,1,12720,MATMUL,PIPE_M,181314,181902,588,378550
case_084,post,1,12724,MATMUL,PIPE_M,181902,182490,588,378550
case_084,post,1,1000030837,COPY_OUT,PIPE_MTE3,181902,182106,204,378550
case_084,post,1,1000030915,COPY_IN,PIPE_MTE2,181902,181905,3,378550
case_084,post,1,1000030913,COPY_IN,PIPE_MTE2,181905,182110,205,378550
case_084,post,1,1000030919,COPY_IN,PIPE_MTE2,182110,182343,233,378550
case_084,post,1,1000030921,COPY_IN,PIPE_MTE2,182343,182575,232,378550
case_084,post,1,12726,DIV,PIPE_V,182490,182790,300,378550
case_084,post,1,12727,REDUCE,PIPE_V,182790,182874,84,378550
case_084,post,1,12728,SUB,PIPE_V,182874,182958,84,378550
case_084,post,1,12729,EXP,PIPE_V,182958,183258,300,378550
case_084,post,1,12730,REDUCE,PIPE_V,183258,183342,84,378550
case_084,post,1,12731,DIV,PIPE_V,183342,183642,300,378550
case_084,post,1,12732,MATMUL,PIPE_M,183642,184230,588,378550
case_084,post,1,12736,MATMUL,PIPE_M,184230,184818,588,378550
case_084,post,1,1000030847,COPY_OUT,PIPE_MTE3,184230,184483,253,378550
case_084,post,1,1000030925,COPY_IN,PIPE_MTE2,184230,184234,4,378550
case_084,post,1,1000030923,COPY_IN,PIPE_MTE2,184234,184488,254,378550
case_084,post,1,1000030929,COPY_IN,PIPE_MTE2,184488,184689,201,378550
case_084,post,1,1000030931,COPY_IN,PIPE_MTE2,184689,184865,176,378550
case_084,post,1,12738,DIV,PIPE_V,184818,185118,300,378550
case_084,post,1,12739,REDUCE,PIPE_V,185118,185202,84,378550
case_084,post,1,12740,SUB,PIPE_V,185202,185286,84,378550
case_084,post,1,12741,EXP,PIPE_V,185286,185586,300,378550
case_084,post,1,12742,REDUCE,PIPE_V,185586,185670,84,378550
case_084,post,1,12743,DIV,PIPE_V,185670,185970,300,378550
case_084,post,1,12744,MATMUL,PIPE_M,185970,186558,588,378550
case_084,post,1,12748,MATMUL,PIPE_M,186558,187146,588,378550
case_084,post,1,1000030857,COPY_OUT,PIPE_MTE3,186558,186773,215,378550
case_084,post,1,1000030935,COPY_IN,PIPE_MTE2,186558,186563,5,378550
case_084,post,1,1000030933,COPY_IN,PIPE_MTE2,186563,186774,211,378550
case_084,post,1,1000030939,COPY_IN,PIPE_MTE2,186774,186952,178,378550
case_084,post,1,1000030941,COPY_IN,PIPE_MTE2,186952,187161,209,378550
case_084,post,1,12750,DIV,PIPE_V,187146,187446,300,378550
case_084,post,1,12751,REDUCE,PIPE_V,187446,187530,84,378550
case_084,post,1,12752,SUB,PIPE_V,187530,187614,84,378550
case_084,post,1,12753,EXP,PIPE_V,187614,187914,300,378550
case_084,post,1,12754,REDUCE,PIPE_V,187914,187998,84,378550
case_084,post,1,12755,DIV,PIPE_V,187998,188298,300,378550
case_084,post,1,12756,MATMUL,PIPE_M,188298,188886,588,378550
case_084,post,1,12760,MATMUL,PIPE_M,188886,189474,588,378550
case_084,post,1,1000030867,COPY_OUT,PIPE_MTE3,188886,189164,278,378550
case_084,post,1,1000030945,COPY_IN,PIPE_MTE2,188886,188891,5,378550
case_084,post,1,1000030943,COPY_IN,PIPE_MTE2,188891,189168,277,378550
case_084,post,1,1000030949,COPY_IN,PIPE_MTE2,189168,189350,182,378550
case_084,post,1,1000030951,COPY_IN,PIPE_MTE2,189350,189515,165,378550
case_084,post,1,12762,DIV,PIPE_V,189474,189774,300,378550
case_084,post,1,12763,REDUCE,PIPE_V,189774,189858,84,378550
case_084,post,1,12764,SUB,PIPE_V,189858,189942,84,378550
case_084,post,1,12765,EXP,PIPE_V,189942,190242,300,378550
case_084,post,1,12766,REDUCE,PIPE_V,190242,190326,84,378550
case_084,post,1,12767,DIV,PIPE_V,190326,190626,300,378550
case_084,post,1,12768,MATMUL,PIPE_M,190626,191214,588,378550
case_084,post,1,12772,MATMUL,PIPE_M,191214,191802,588,378550
case_084,post,1,1000030877,COPY_OUT,PIPE_MTE3,191214,191453,239,378550
case_084,post,1,1000030955,COPY_IN,PIPE_MTE2,191214,191219,5,378550
case_084,post,1,1000030953,COPY_IN,PIPE_MTE2,191219,191456,237,378550
case_084,post,1,1000030959,COPY_IN,PIPE_MTE2,191456,191595,139,378550
case_084,post,1,1000030961,COPY_IN,PIPE_MTE2,191595,191822,227,378550
case_084,post,1,12774,DIV,PIPE_V,191802,192102,300,378550
case_084,post,1,12775,REDUCE,PIPE_V,192102,192186,84,378550
case_084,post,1,12776,SUB,PIPE_V,192186,192270,84,378550
case_084,post,1,12777,EXP,PIPE_V,192270,192570,300,378550
case_084,post,1,12778,REDUCE,PIPE_V,192570,192654,84,378550
case_084,post,1,12779,DIV,PIPE_V,192654,192954,300,378550
case_084,post,1,12780,MATMUL,PIPE_M,192954,193542,588,378550
case_084,post,1,12784,MATMUL,PIPE_M,193542,194130,588,378550
case_084,post,1,1000030887,COPY_OUT,PIPE_MTE3,193542,193683,141,378550
case_084,post,1,1000030965,COPY_IN,PIPE_MTE2,193542,193545,3,378550
case_084,post,1,1000030963,COPY_IN,PIPE_MTE2,193545,193686,141,378550
case_084,post,1,1000030969,COPY_IN,PIPE_MTE2,193686,193892,206,378550
case_084,post,1,1000030971,COPY_IN,PIPE_MTE2,193892,194116,224,378550
case_084,post,1,12786,DIV,PIPE_V,194130,194430,300,378550
case_084,post,1,12787,REDUCE,PIPE_V,194430,194514,84,378550
case_084,post,1,12788,SUB,PIPE_V,194514,194598,84,378550
case_084,post,1,12789,EXP,PIPE_V,194598,194898,300,378550
case_084,post,1,12790,REDUCE,PIPE_V,194898,194982,84,378550
case_084,post,1,12791,DIV,PIPE_V,194982,195282,300,378550
case_084,post,1,12792,MATMUL,PIPE_M,195282,195870,588,378550
case_084,post,1,12796,MATMUL,PIPE_M,195870,196458,588,378550
case_084,post,1,1000030897,COPY_OUT,PIPE_MTE3,195870,196132,262,378550
case_084,post,1,1000030975,COPY_IN,PIPE_MTE2,195870,195875,5,378550
case_084,post,1,1000030973,COPY_IN,PIPE_MTE2,195875,196136,261,378550
case_084,post,1,1000030979,COPY_IN,PIPE_MTE2,196136,196300,164,378550
case_084,post,1,1000030981,COPY_IN,PIPE_MTE2,196300,196464,164,378550
case_084,post,1,12798,DIV,PIPE_V,196458,196758,300,378550
case_084,post,1,12799,REDUCE,PIPE_V,196758,196842,84,378550
case_084,post,1,12800,SUB,PIPE_V,196842,196926,84,378550
case_084,post,1,12801,EXP,PIPE_V,196926,197226,300,378550
case_084,post,1,12802,REDUCE,PIPE_V,197226,197310,84,378550
case_084,post,1,12803,DIV,PIPE_V,197310,197610,300,378550
case_084,post,1,12804,MATMUL,PIPE_M,197610,198198,588,378550
case_084,post,1,12808,MATMUL,PIPE_M,198198,198786,588,378550
case_084,post,1,1000030907,COPY_OUT,PIPE_MTE3,198198,198395,197,378550
case_084,post,1,1000030985,COPY_IN,PIPE_MTE2,198198,198203,5,378550
case_084,post,1,1000030983,COPY_IN,PIPE_MTE2,198203,198397,194,378550
case_084,post,1,1000030989,COPY_IN,PIPE_MTE2,198397,198615,218,378550
case_084,post,1,1000030991,COPY_IN,PIPE_MTE2,198615,198822,207,378550
case_084,post,1,12810,DIV,PIPE_V,198786,199086,300,378550
case_084,post,1,12811,REDUCE,PIPE_V,199086,199170,84,378550
case_084,post,1,12812,SUB,PIPE_V,199170,199254,84,378550
case_084,post,1,12813,EXP,PIPE_V,199254,199554,300,378550
case_084,post,1,12814,REDUCE,PIPE_V,199554,199638,84,378550
case_084,post,1,12815,DIV,PIPE_V,199638,199938,300,378550
case_084,post,1,12816,MATMUL,PIPE_M,199938,200526,588,378550
case_084,post,1,12820,MATMUL,PIPE_M,200526,201114,588,378550
case_084,post,1,1000030917,COPY_OUT,PIPE_MTE3,200526,200693,167,378550
case_084,post,1,1000030995,COPY_IN,PIPE_MTE2,200526,200528,2,378550
case_084,post,1,1000030993,COPY_IN,PIPE_MTE2,200528,200696,168,378550
case_084,post,1,1000030999,COPY_IN,PIPE_MTE2,200696,200852,156,378550
case_084,post,1,1000031001,COPY_IN,PIPE_MTE2,200852,201036,184,378550
case_084,post,1,12822,DIV,PIPE_V,201114,201414,300,378550
case_084,post,1,12823,REDUCE,PIPE_V,201414,201498,84,378550
case_084,post,1,12824,SUB,PIPE_V,201498,201582,84,378550
case_084,post,1,12825,EXP,PIPE_V,201582,201882,300,378550
case_084,post,1,12826,REDUCE,PIPE_V,201882,201966,84,378550
case_084,post,1,12827,DIV,PIPE_V,201966,202266,300,378550
case_084,post,1,12828,MATMUL,PIPE_M,202266,202854,588,378550
case_084,post,1,12832,MATMUL,PIPE_M,202854,203442,588,378550
case_084,post,1,1000030927,COPY_OUT,PIPE_MTE3,202854,202980,126,378550
case_084,post,1,1000031005,COPY_IN,PIPE_MTE2,202854,202856,2,378550
case_084,post,1,1000031003,COPY_IN,PIPE_MTE2,202856,202983,127,378550
case_084,post,1,1000030286,COPY_IN,PIPE_MTE2,202983,203124,141,378550
case_084,post,1,1000030288,COPY_IN,PIPE_MTE2,203124,203247,123,378550
case_084,post,1,12834,DIV,PIPE_V,203442,203742,300,378550
case_084,post,1,12835,REDUCE,PIPE_V,203742,203826,84,378550
case_084,post,1,12836,SUB,PIPE_V,203826,203910,84,378550
case_084,post,1,12837,EXP,PIPE_V,203910,204210,300,378550
case_084,post,1,12838,REDUCE,PIPE_V,204210,204294,84,378550
case_084,post,1,12839,DIV,PIPE_V,204294,204594,300,378550
case_084,post,1,12840,MATMUL,PIPE_M,204594,205182,588,378550
case_084,post,1,12844,MATMUL,PIPE_M,205182,205770,588,378550
case_084,post,1,1000030292,COPY_IN,PIPE_MTE2,205182,205184,2,378550
case_084,post,1,1000030937,COPY_OUT,PIPE_MTE3,205182,205235,53,378550
case_084,post,1,12846,DIV,PIPE_V,205770,206070,300,378550
case_084,post,1,12847,REDUCE,PIPE_V,206070,206154,84,378550
case_084,post,1,12848,SUB,PIPE_V,206154,206238,84,378550
case_084,post,1,12849,EXP,PIPE_V,206238,206538,300,378550
case_084,post,1,12850,REDUCE,PIPE_V,206538,206622,84,378550
case_084,post,1,12851,DIV,PIPE_V,206622,206922,300,378550
case_084,post,1,12852,MATMUL,PIPE_M,206922,207510,588,378550
case_084,post,1,1000018319,COPY_IN,PIPE_MTE2,206922,206999,77,378550
case_084,post,1,1000018314,COPY_IN,PIPE_MTE2,206999,207051,52,378550
case_084,post,1,12856,MATMUL,PIPE_M,207510,208098,588,378550
case_084,post,1,1000030947,COPY_OUT,PIPE_MTE3,207510,207612,102,378550
case_084,post,1,12858,DIV,PIPE_V,208098,208398,300,378550
case_084,post,1,12859,REDUCE,PIPE_V,208398,208482,84,378550
case_084,post,1,12860,SUB,PIPE_V,208482,208566,84,378550
case_084,post,1,12861,EXP,PIPE_V,208566,208866,300,378550
case_084,post,1,12862,REDUCE,PIPE_V,208866,208950,84,378550
case_084,post,1,1000018332,COPY_IN,PIPE_MTE2,208866,209094,228,378550
case_084,post,1,12863,DIV,PIPE_V,208950,209250,300,378550
case_084,post,1,1000018327,COPY_IN,PIPE_MTE2,209094,209198,104,378550
case_084,post,1,12864,MATMUL,PIPE_M,209250,209838,588,378550
case_084,post,1,12868,MATMUL,PIPE_M,209838,210426,588,378550
case_084,post,1,1000030957,COPY_OUT,PIPE_MTE3,209838,209890,52,378550
case_084,post,1,12870,DIV,PIPE_V,210426,210726,300,378550
case_084,post,1,12871,REDUCE,PIPE_V,210726,210810,84,378550
case_084,post,1,12872,SUB,PIPE_V,210810,210894,84,378550
case_084,post,1,12873,EXP,PIPE_V,210894,211194,300,378550
case_084,post,1,1000018345,COPY_IN,PIPE_MTE2,210894,211228,334,378550
case_084,post,1,12874,REDUCE,PIPE_V,211194,211278,84,378550
case_084,post,1,1000018340,COPY_IN,PIPE_MTE2,211228,211361,133,378550
case_084,post,1,12875,DIV,PIPE_V,211278,211578,300,378550
case_084,post,1,12876,MATMUL,PIPE_M,211578,212166,588,378550
case_084,post,1,12880,MATMUL,PIPE_M,212166,212754,588,378550
case_084,post,1,1000018358,COPY_IN,PIPE_MTE2,212166,212452,286,378550
case_084,post,1,1000030967,COPY_OUT,PIPE_MTE3,212166,212377,211,378550
case_084,post,1,1000018353,COPY_IN,PIPE_MTE2,212452,212608,156,378550
case_084,post,1,12882,DIV,PIPE_V,212754,213054,300,378550
case_084,post,1,12883,REDUCE,PIPE_V,213054,213138,84,378550
case_084,post,1,12884,SUB,PIPE_V,213138,213222,84,378550
case_084,post,1,12885,EXP,PIPE_V,213222,213522,300,378550
case_084,post,1,12886,REDUCE,PIPE_V,213522,213606,84,378550
case_084,post,1,12887,DIV,PIPE_V,213606,213906,300,378550
case_084,post,1,12888,MATMUL,PIPE_M,213906,214494,588,378550
case_084,post,1,1000018371,COPY_IN,PIPE_MTE2,213906,213983,77,378550
case_084,post,1,1000018366,COPY_IN,PIPE_MTE2,213983,214035,52,378550
case_084,post,1,12892,MATMUL,PIPE_M,214494,215082,588,378550
case_084,post,1,1000030977,COPY_OUT,PIPE_MTE3,214494,214546,52,378550
case_084,post,1,12894,DIV,PIPE_V,215082,215382,300,378550
case_084,post,1,12895,REDUCE,PIPE_V,215382,215466,84,378550
case_084,post,1,12896,SUB,PIPE_V,215466,215550,84,378550
case_084,post,1,12897,EXP,PIPE_V,215550,215850,300,378550
case_084,post,1,12898,REDUCE,PIPE_V,215850,215934,84,378550
case_084,post,1,1000018384,COPY_IN,PIPE_MTE2,215850,215978,128,378550
case_084,post,1,12899,DIV,PIPE_V,215934,216234,300,378550
case_084,post,1,1000018379,COPY_IN,PIPE_MTE2,215978,216082,104,378550
case_084,post,1,12900,MATMUL,PIPE_M,216234,216822,588,378550
case_084,post,1,12904,MATMUL,PIPE_M,216822,217410,588,378550
case_084,post,1,1000030987,COPY_OUT,PIPE_MTE3,216822,216874,52,378550
case_084,post,1,12906,DIV,PIPE_V,217410,217710,300,378550
case_084,post,1,12907,REDUCE,PIPE_V,217710,217794,84,378550
case_084,post,1,12908,SUB,PIPE_V,217794,217878,84,378550
case_084,post,1,12909,EXP,PIPE_V,217878,218178,300,378550
case_084,post,1,1000018397,COPY_IN,PIPE_MTE2,217878,218187,309,378550
case_084,post,1,12910,REDUCE,PIPE_V,218178,218262,84,378550
case_084,post,1,1000018392,COPY_IN,PIPE_MTE2,218187,218354,167,378550
case_084,post,1,12911,DIV,PIPE_V,218262,218562,300,378550
case_084,post,1,12912,MATMUL,PIPE_M,218562,219150,588,378550
case_084,post,1,12916,MATMUL,PIPE_M,219150,219738,588,378550
case_084,post,1,1000018410,COPY_IN,PIPE_MTE2,219150,219320,170,378550
case_084,post,1,1000030997,COPY_OUT,PIPE_MTE3,219150,219295,145,378550
case_084,post,1,1000018405,COPY_IN,PIPE_MTE2,219320,219372,52,378550
case_084,post,1,12918,DIV,PIPE_V,219738,220038,300,378550
case_084,post,1,12919,REDUCE,PIPE_V,220038,220122,84,378550
case_084,post,1,12920,SUB,PIPE_V,220122,220206,84,378550
case_084,post,1,12921,EXP,PIPE_V,220206,220506,300,378550
case_084,post,1,12922,REDUCE,PIPE_V,220506,220590,84,378550
case_084,post,1,12923,DIV,PIPE_V,220590,220890,300,378550
case_084,post,1,12924,MATMUL,PIPE_M,220890,221478,588,378550
case_084,post,1,1000018423,COPY_IN,PIPE_MTE2,220890,220967,77,378550
case_084,post,1,1000018418,COPY_IN,PIPE_MTE2,220967,221019,52,378550
case_084,post,1,12064,MATMUL,PIPE_M,221478,222066,588,378550
case_084,post,1,1000031007,COPY_OUT,PIPE_MTE3,221478,221530,52,378550
case_084,post,1,12066,DIV,PIPE_V,222066,222366,300,378550
case_084,post,1,12067,REDUCE,PIPE_V,222366,222450,84,378550
case_084,post,1,12068,SUB,PIPE_V,222450,222534,84,378550
case_084,post,1,9,EXP,PIPE_V,222534,222834,300,378550
case_084,post,1,1000030294,COPY_OUT,PIPE_MTE3,222534,222841,307,378550
case_084,post,1,10,REDUCE,PIPE_V,222834,222918,84,378550
case_084,post,1,1000018436,COPY_IN,PIPE_MTE2,222841,223025,184,378550
case_084,post,1,11,DIV,PIPE_V,222918,223218,300,378550
case_084,post,1,1000018431,COPY_IN,PIPE_MTE2,223025,223147,122,378550
case_084,post,1,12,MATMUL,PIPE_M,223218,223806,588,378550
case_084,post,1,21,EXP,PIPE_V,223218,223518,300,378550
case_084,post,1,22,REDUCE,PIPE_V,223518,223602,84,378550
case_084,post,1,1000018449,COPY_IN,PIPE_MTE2,223518,223642,124,378550
case_084,post,1,23,DIV,PIPE_V,223602,223902,300,378550
case_084,post,1,1000018444,COPY_IN,PIPE_MTE2,223642,223746,104,378550
case_084,post,1,1000018321,COPY_OUT,PIPE_MTE3,223806,223989,183,378550
case_084,post,1,24,MATMUL,PIPE_M,223902,224490,588,378550
case_084,post,1,33,EXP,PIPE_V,223902,224202,300,378550
case_084,post,1,34,REDUCE,PIPE_V,224202,224286,84,378550
case_084,post,1,1000018462,COPY_IN,PIPE_MTE2,224202,224356,154,378550
case_084,post,1,35,DIV,PIPE_V,224286,224586,300,378550
case_084,post,1,1000018457,COPY_IN,PIPE_MTE2,224356,224447,91,378550
case_084,post,1,1000018334,COPY_OUT,PIPE_MTE3,224490,224674,184,378550
case_084,post,1,36,MATMUL,PIPE_M,224586,225174,588,378550
case_084,post,1,45,EXP,PIPE_V,224586,224886,300,378550
case_084,post,1,46,REDUCE,PIPE_V,224886,224970,84,378550
case_084,post,1,1000018475,COPY_IN,PIPE_MTE2,224886,225123,237,378550
case_084,post,1,47,DIV,PIPE_V,224970,225270,300,378550
case_084,post,1,1000018470,COPY_IN,PIPE_MTE2,225123,225322,199,378550
case_084,post,1,1000018347,COPY_OUT,PIPE_MTE3,225174,225416,242,378550
case_084,post,1,48,MATMUL,PIPE_M,225270,225858,588,378550
case_084,post,1,57,EXP,PIPE_V,225270,225570,300,378550
case_084,post,1,58,REDUCE,PIPE_V,225570,225654,84,378550
case_084,post,1,1000018488,COPY_IN,PIPE_MTE2,225570,225724,154,378550
case_084,post,1,59,DIV,PIPE_V,225654,225954,300,378550
case_084,post,1,1000018483,COPY_IN,PIPE_MTE2,225724,225776,52,378550
case_084,post,1,1000018360,COPY_OUT,PIPE_MTE3,225858,226047,189,378550
case_084,post,1,60,MATMUL,PIPE_M,225954,226542,588,378550
case_084,post,1,69,EXP,PIPE_V,225954,226254,300,378550
case_084,post,1,70,REDUCE,PIPE_V,226254,226338,84,378550
case_084,post,1,1000018501,COPY_IN,PIPE_MTE2,226254,226339,85,378550
case_084,post,1,71,DIV,PIPE_V,226338,226638,300,378550
case_084,post,1,1000018496,COPY_IN,PIPE_MTE2,226339,226391,52,378550
case_084,post,1,1000018373,COPY_OUT,PIPE_MTE3,226542,226747,205,378550
case_084,post,1,72,MATMUL,PIPE_M,226638,227226,588,378550
case_084,post,1,81,EXP,PIPE_V,226638,226938,300,378550
case_084,post,1,82,REDUCE,PIPE_V,226938,227022,84,378550
case_084,post,1,1000018514,COPY_IN,PIPE_MTE2,226938,227168,230,378550
case_084,post,1,83,DIV,PIPE_V,227022,227322,300,378550
case_084,post,1,1000018509,COPY_IN,PIPE_MTE2,227168,227431,263,378550
case_084,post,1,1000018386,COPY_OUT,PIPE_MTE3,227226,227518,292,378550
case_084,post,1,84,MATMUL,PIPE_M,227322,227910,588,378550
case_084,post,1,93,EXP,PIPE_V,227322,227622,300,378550
case_084,post,1,94,REDUCE,PIPE_V,227622,227706,84,378550
case_084,post,1,1000018527,COPY_IN,PIPE_MTE2,227622,227817,195,378550
case_084,post,1,95,DIV,PIPE_V,227706,228006,300,378550
case_084,post,1,1000018522,COPY_IN,PIPE_MTE2,227817,227952,135,378550
case_084,post,1,1000018399,COPY_OUT,PIPE_MTE3,227910,228124,214,378550
case_084,post,1,96,MATMUL,PIPE_M,228006,228594,588,378550
case_084,post,1,105,EXP,PIPE_V,228006,228306,300,378550
case_084,post,1,106,REDUCE,PIPE_V,228306,228390,84,378550
case_084,post,1,1000018540,COPY_IN,PIPE_MTE2,228306,228460,154,378550
case_084,post,1,107,DIV,PIPE_V,228390,228690,300,378550
case_084,post,1,1000018535,COPY_IN,PIPE_MTE2,228460,228563,103,378550
case_084,post,1,1000018412,COPY_OUT,PIPE_MTE3,228594,228745,151,378550
case_084,post,1,108,MATMUL,PIPE_M,228690,229278,588,378550
case_084,post,1,117,EXP,PIPE_V,228690,228990,300,378550
case_084,post,1,118,REDUCE,PIPE_V,228990,229074,84,378550
case_084,post,1,1000018553,COPY_IN,PIPE_MTE2,228990,229099,109,378550
case_084,post,1,119,DIV,PIPE_V,229074,229374,300,378550
case_084,post,1,1000018548,COPY_IN,PIPE_MTE2,229099,229151,52,378550
case_084,post,1,1000018425,COPY_OUT,PIPE_MTE3,229278,229547,269,378550
case_084,post,1,120,MATMUL,PIPE_M,229374,229962,588,378550
case_084,post,1,129,EXP,PIPE_V,229374,229674,300,378550
case_084,post,1,130,REDUCE,PIPE_V,229674,229758,84,378550
case_084,post,1,1000018566,COPY_IN,PIPE_MTE2,229674,229912,238,378550
case_084,post,1,131,DIV,PIPE_V,229758,230058,300,378550
case_084,post,1,1000018561,COPY_IN,PIPE_MTE2,229912,230119,207,378550
case_084,post,1,1000018438,COPY_OUT,PIPE_MTE3,229962,230205,243,378550
case_084,post,1,132,MATMUL,PIPE_M,230058,230646,588,378550
case_084,post,1,141,EXP,PIPE_V,230058,230358,300,378550
case_084,post,1,142,REDUCE,PIPE_V,230358,230442,84,378550
case_084,post,1,1000018579,COPY_IN,PIPE_MTE2,230358,230497,139,378550
case_084,post,1,143,DIV,PIPE_V,230442,230742,300,378550
case_084,post,1,1000018574,COPY_IN,PIPE_MTE2,230497,230549,52,378550
case_084,post,1,1000018451,COPY_OUT,PIPE_MTE3,230646,230851,205,378550
case_084,post,1,144,MATMUL,PIPE_M,230742,231330,588,378550
case_084,post,1,153,EXP,PIPE_V,230742,231042,300,378550
case_084,post,1,154,REDUCE,PIPE_V,231042,231126,84,378550
case_084,post,1,1000018592,COPY_IN,PIPE_MTE2,231042,231119,77,378550
case_084,post,1,1000018587,COPY_IN,PIPE_MTE2,231119,231171,52,378550
case_084,post,1,155,DIV,PIPE_V,231126,231426,300,378550
case_084,post,1,1000018464,COPY_OUT,PIPE_MTE3,231330,231534,204,378550
case_084,post,1,156,MATMUL,PIPE_M,231426,232014,588,378550
case_084,post,1,165,EXP,PIPE_V,231426,231726,300,378550
case_084,post,1,166,REDUCE,PIPE_V,231726,231810,84,378550
case_084,post,1,1000018605,COPY_IN,PIPE_MTE2,231726,232088,362,378550
case_084,post,1,167,DIV,PIPE_V,231810,232110,300,378550
case_084,post,1,1000018477,COPY_OUT,PIPE_MTE3,232014,232356,342,378550
case_084,post,1,1000018600,COPY_IN,PIPE_MTE2,232088,232401,313,378550
case_084,post,1,168,MATMUL,PIPE_M,232110,232698,588,378550
case_084,post,1,177,EXP,PIPE_V,232110,232410,300,378550
case_084,post,1,178,REDUCE,PIPE_V,232410,232494,84,378550
case_084,post,1,1000018618,COPY_IN,PIPE_MTE2,232410,232715,305,378550
case_084,post,1,179,DIV,PIPE_V,232494,232794,300,378550
case_084,post,1,1000018490,COPY_OUT,PIPE_MTE3,232698,233008,310,378550
case_084,post,1,1000018613,COPY_IN,PIPE_MTE2,232715,233020,305,378550
case_084,post,1,180,MATMUL,PIPE_M,232794,233382,588,378550
case_084,post,1,189,EXP,PIPE_V,232794,233094,300,378550
case_084,post,1,190,REDUCE,PIPE_V,233094,233178,84,378550
case_084,post,1,1000018631,COPY_IN,PIPE_MTE2,233094,233349,255,378550
case_084,post,1,191,DIV,PIPE_V,233178,233478,300,378550
case_084,post,1,1000018626,COPY_IN,PIPE_MTE2,233349,233651,302,378550
case_084,post,1,1000018503,COPY_OUT,PIPE_MTE3,233382,233706,324,378550
case_084,post,1,192,MATMUL,PIPE_M,233478,234066,588,378550
case_084,post,1,201,EXP,PIPE_V,233478,233778,300,378550
case_084,post,1,202,REDUCE,PIPE_V,233778,233862,84,378550
case_084,post,1,1000018644,COPY_IN,PIPE_MTE2,233778,234235,457,378550
case_084,post,1,203,DIV,PIPE_V,233862,234162,300,378550
case_084,post,1,1000018516,COPY_OUT,PIPE_MTE3,234066,234485,419,378550
case_084,post,1,204,MATMUL,PIPE_M,234162,234750,588,378550
case_084,post,1,213,EXP,PIPE_V,234162,234462,300,378550
case_084,post,1,1000018639,COPY_IN,PIPE_MTE2,234235,234611,376,378550
case_084,post,1,214,REDUCE,PIPE_V,234462,234546,84,378550
case_084,post,1,215,DIV,PIPE_V,234546,234846,300,378550
case_084,post,1,1000018657,COPY_IN,PIPE_MTE2,234611,235104,493,378550
case_084,post,1,1000018529,COPY_OUT,PIPE_MTE3,234750,235118,368,378550
case_084,post,1,216,MATMUL,PIPE_M,234846,235434,588,378550
case_084,post,1,225,EXP,PIPE_V,234846,235146,300,378550
case_084,post,1,1000018652,COPY_IN,PIPE_MTE2,235104,235342,238,378550
case_084,post,1,226,REDUCE,PIPE_V,235146,235230,84,378550
case_084,post,1,227,DIV,PIPE_V,235230,235530,300,378550
case_084,post,1,1000018670,COPY_IN,PIPE_MTE2,235342,235779,437,378550
case_084,post,1,1000018542,COPY_OUT,PIPE_MTE3,235434,235767,333,378550
case_084,post,1,228,MATMUL,PIPE_M,235530,236118,588,378550
case_084,post,1,237,EXP,PIPE_V,235530,235830,300,378550
case_084,post,1,1000018665,COPY_IN,PIPE_MTE2,235779,236014,235,378550
case_084,post,1,238,REDUCE,PIPE_V,235830,235914,84,378550
case_084,post,1,239,DIV,PIPE_V,235914,236214,300,378550
case_084,post,1,1000018683,COPY_IN,PIPE_MTE2,236014,236514,500,378550
case_084,post,1,1000018555,COPY_OUT,PIPE_MTE3,236118,236518,400,378550
case_084,post,1,240,MATMUL,PIPE_M,236214,236802,588,378550
case_084,post,1,249,EXP,PIPE_V,236214,236514,300,378550
case_084,post,1,250,REDUCE,PIPE_V,236514,236598,84,378550
case_084,post,1,1000018678,COPY_IN,PIPE_MTE2,236514,236832,318,378550
case_084,post,1,251,DIV,PIPE_V,236598,236898,300,378550
case_084,post,1,1000018568,COPY_OUT,PIPE_MTE3,236802,237191,389,378550
case_084,post,1,1000018696,COPY_IN,PIPE_MTE2,236832,237359,527,378550
case_084,post,1,252,MATMUL,PIPE_M,236898,237486,588,378550
case_084,post,1,261,EXP,PIPE_V,236898,237198,300,378550
case_084,post,1,262,REDUCE,PIPE_V,237198,237282,84,378550
case_084,post,1,263,DIV,PIPE_V,237282,237582,300,378550
case_084,post,1,1000018691,COPY_IN,PIPE_MTE2,237359,237611,252,378550
case_084,post,1,1000018581,COPY_OUT,PIPE_MTE3,237486,237819,333,378550
case_084,post,1,264,MATMUL,PIPE_M,237582,238170,588,378550
case_084,post,1,273,EXP,PIPE_V,237582,237882,300,378550
case_084,post,1,1000018709,COPY_IN,PIPE_MTE2,237611,238031,420,378550
case_084,post,1,274,REDUCE,PIPE_V,237882,237966,84,378550
case_084,post,1,275,DIV,PIPE_V,237966,238266,300,378550
case_084,post,1,1000018704,COPY_IN,PIPE_MTE2,238031,238277,246,378550
case_084,post,1,1000018594,COPY_OUT,PIPE_MTE3,238170,238503,333,378550
case_084,post,1,276,MATMUL,PIPE_M,238266,238854,588,378550
case_084,post,1,285,EXP,PIPE_V,238266,238566,300,378550
case_084,post,1,1000018722,COPY_IN,PIPE_MTE2,238277,238752,475,378550
case_084,post,1,286,REDUCE,PIPE_V,238566,238650,84,378550
case_084,post,1,287,DIV,PIPE_V,238650,238950,300,378550
case_084,post,1,1000018717,COPY_IN,PIPE_MTE2,238752,239050,298,378550
case_084,post,1,1000018607,COPY_OUT,PIPE_MTE3,238854,239189,335,378550
case_084,post,1,288,MATMUL,PIPE_M,238950,239538,588,378550
case_084,post,1,297,EXP,PIPE_V,238950,239250,300,378550
case_084,post,1,1000018735,COPY_IN,PIPE_MTE2,239050,239443,393,378550
case_084,post,1,298,REDUCE,PIPE_V,239250,239334,84,378550
case_084,post,1,299,DIV,PIPE_V,239334,239634,300,378550
case_084,post,1,1000018730,COPY_IN,PIPE_MTE2,239443,239645,202,378550
case_084,post,1,1000018620,COPY_OUT,PIPE_MTE3,239538,239813,275,378550
case_084,post,1,300,MATMUL,PIPE_M,239634,240222,588,378550
case_084,post,1,309,EXP,PIPE_V,239634,239934,300,378550
case_084,post,1,1000018748,COPY_IN,PIPE_MTE2,239645,239986,341,378550
case_084,post,1,310,REDUCE,PIPE_V,239934,240018,84,378550
case_084,post,1,1000018743,COPY_IN,PIPE_MTE2,239986,240142,156,378550
case_084,post,1,311,DIV,PIPE_V,240018,240318,300,378550
case_084,post,1,1000018761,COPY_IN,PIPE_MTE2,240142,240492,350,378550
case_084,post,1,1000018633,COPY_OUT,PIPE_MTE3,240222,240497,275,378550
case_084,post,1,312,MATMUL,PIPE_M,240318,240906,588,378550
case_084,post,1,321,EXP,PIPE_V,240318,240618,300,378550
case_084,post,1,1000018756,COPY_IN,PIPE_MTE2,240492,240685,193,378550
case_084,post,1,322,REDUCE,PIPE_V,240618,240702,84,378550
case_084,post,1,1000018774,COPY_IN,PIPE_MTE2,240685,240901,216,378550
case_084,post,1,323,DIV,PIPE_V,240702,241002,300,378550
case_084,post,1,1000018769,COPY_IN,PIPE_MTE2,240901,241288,387,378550
case_084,post,1,1000018646,COPY_OUT,PIPE_MTE3,240906,241292,386,378550
case_084,post,1,324,MATMUL,PIPE_M,241002,241590,588,378550
case_084,post,1,333,EXP,PIPE_V,241002,241302,300,378550
case_084,post,1,334,REDUCE,PIPE_V,241302,241386,84,378550
case_084,post,1,1000018787,COPY_IN,PIPE_MTE2,241302,241653,351,378550
case_084,post,1,335,DIV,PIPE_V,241386,241686,300,378550
case_084,post,1,1000018659,COPY_OUT,PIPE_MTE3,241590,241874,284,378550
case_084,post,1,1000018782,COPY_IN,PIPE_MTE2,241653,241918,265,378550
case_084,post,1,336,MATMUL,PIPE_M,241686,242274,588,378550
case_084,post,1,345,EXP,PIPE_V,241686,241986,300,378550
case_084,post,1,346,REDUCE,PIPE_V,241986,242070,84,378550
case_084,post,1,1000018800,COPY_IN,PIPE_MTE2,241986,242189,203,378550
case_084,post,1,347,DIV,PIPE_V,242070,242370,300,378550
case_084,post,1,1000018795,COPY_IN,PIPE_MTE2,242189,242336,147,378550
case_084,post,1,1000018672,COPY_OUT,PIPE_MTE3,242274,242457,183,378550
case_084,post,1,348,MATMUL,PIPE_M,242370,242958,588,378550
case_084,post,1,357,EXP,PIPE_V,242370,242670,300,378550
case_084,post,1,358,REDUCE,PIPE_V,242670,242754,84,378550
case_084,post,1,1000018813,COPY_IN,PIPE_MTE2,242670,242773,103,378550
case_084,post,1,359,DIV,PIPE_V,242754,243054,300,378550
case_084,post,1,1000018808,COPY_IN,PIPE_MTE2,242773,242825,52,378550
case_084,post,1,1000018685,COPY_OUT,PIPE_MTE3,242958,243109,151,378550
case_084,post,1,360,MATMUL,PIPE_M,243054,243642,588,378550
case_084,post,1,369,EXP,PIPE_V,243054,243354,300,378550
case_084,post,1,370,REDUCE,PIPE_V,243354,243438,84,378550
case_084,post,1,1000018826,COPY_IN,PIPE_MTE2,243354,243475,121,378550
case_084,post,1,371,DIV,PIPE_V,243438,243738,300,378550
case_084,post,1,1000018821,COPY_IN,PIPE_MTE2,243475,243560,85,378550
case_084,post,1,1000018698,COPY_OUT,PIPE_MTE3,243642,243793,151,378550
case_084,post,1,372,MATMUL,PIPE_M,243738,244326,588,378550
case_084,post,1,381,EXP,PIPE_V,243738,244038,300,378550
case_084,post,1,382,REDUCE,PIPE_V,244038,244122,84,378550
case_084,post,1,1000018839,COPY_IN,PIPE_MTE2,244038,244115,77,378550
case_084,post,1,1000018834,COPY_IN,PIPE_MTE2,244115,244191,76,378550
case_084,post,1,383,DIV,PIPE_V,244122,244422,300,378550
case_084,post,1,1000018711,COPY_OUT,PIPE_MTE3,244326,244586,260,378550
case_084,post,1,384,MATMUL,PIPE_M,244422,245010,588,378550
case_084,post,1,393,EXP,PIPE_V,244422,244722,300,378550
case_084,post,1,394,REDUCE,PIPE_V,244722,244806,84,378550
case_084,post,1,1000018852,COPY_IN,PIPE_MTE2,244722,244974,252,378550
case_084,post,1,395,DIV,PIPE_V,244806,245106,300,378550
case_084,post,1,1000018847,COPY_IN,PIPE_MTE2,244974,245231,257,378550
case_084,post,1,1000018724,COPY_OUT,PIPE_MTE3,245010,245275,265,378550
case_084,post,1,396,MATMUL,PIPE_M,245106,245694,588,378550
case_084,post,1,405,EXP,PIPE_V,245106,245406,300,378550
case_084,post,1,406,REDUCE,PIPE_V,245406,245490,84,378550
case_084,post,1,1000018865,COPY_IN,PIPE_MTE2,245406,245817,411,378550
case_084,post,1,407,DIV,PIPE_V,245490,245790,300,378550
case_084,post,1,1000018737,COPY_OUT,PIPE_MTE3,245694,246004,310,378550
case_084,post,1,408,MATMUL,PIPE_M,245790,246378,588,378550
case_084,post,1,417,EXP,PIPE_V,245790,246090,300,378550
case_084,post,1,1000018860,COPY_IN,PIPE_MTE2,245817,246127,310,378550
case_084,post,1,418,REDUCE,PIPE_V,246090,246174,84,378550
case_084,post,1,1000018878,COPY_IN,PIPE_MTE2,246127,246536,409,378550
case_084,post,1,419,DIV,PIPE_V,246174,246474,300,378550
case_084,post,1,1000018750,COPY_OUT,PIPE_MTE3,246378,246668,290,378550
case_084,post,1,420,MATMUL,PIPE_M,246474,247062,588,378550
case_084,post,1,429,EXP,PIPE_V,246474,246774,300,378550
case_084,post,1,1000018873,COPY_IN,PIPE_MTE2,246536,246816,280,378550
case_084,post,1,430,REDUCE,PIPE_V,246774,246858,84,378550
case_084,post,1,1000018891,COPY_IN,PIPE_MTE2,246816,247232,416,378550
case_084,post,1,431,DIV,PIPE_V,246858,247158,300,378550
case_084,post,1,1000018763,COPY_OUT,PIPE_MTE3,247062,247369,307,378550
case_084,post,1,432,MATMUL,PIPE_M,247158,247746,588,378550
case_084,post,1,441,EXP,PIPE_V,247158,247458,300,378550
case_084,post,1,1000018886,COPY_IN,PIPE_MTE2,247232,247499,267,378550
case_084,post,1,442,REDUCE,PIPE_V,247458,247542,84,378550
case_084,post,1,1000018904,COPY_IN,PIPE_MTE2,247499,247940,441,378550
case_084,post,1,443,DIV,PIPE_V,247542,247842,300,378550
case_084,post,1,1000018776,COPY_OUT,PIPE_MTE3,247746,248106,360,378550
case_084,post,1,444,MATMUL,PIPE_M,247842,248430,588,378550
case_084,post,1,453,EXP,PIPE_V,247842,248142,300,378550
case_084,post,1,1000018899,COPY_IN,PIPE_MTE2,247940,248255,315,378550
case_084,post,1,454,REDUCE,PIPE_V,248142,248226,84,378550
case_084,post,1,455,DIV,PIPE_V,248226,248526,300,378550
case_084,post,1,1000018917,COPY_IN,PIPE_MTE2,248255,248723,468,378550
case_084,post,1,1000018789,COPY_OUT,PIPE_MTE3,248430,248779,349,378550
case_084,post,1,456,MATMUL,PIPE_M,248526,249114,588,378550
case_084,post,1,465,EXP,PIPE_V,248526,248826,300,378550
case_084,post,1,1000018912,COPY_IN,PIPE_MTE2,248723,248931,208,378550
case_084,post,1,466,REDUCE,PIPE_V,248826,248910,84,378550
case_084,post,1,467,DIV,PIPE_V,248910,249210,300,378550
case_084,post,1,1000018930,COPY_IN,PIPE_MTE2,248931,249386,455,378550
case_084,post,1,1000018802,COPY_OUT,PIPE_MTE3,249114,249492,378,378550
case_084,post,1,468,MATMUL,PIPE_M,249210,249798,588,378550
case_084,post,1,477,EXP,PIPE_V,249210,249510,300,378550
case_084,post,1,1000018925,COPY_IN,PIPE_MTE2,249386,249628,242,378550
case_084,post,1,478,REDUCE,PIPE_V,249510,249594,84,378550
case_084,post,1,479,DIV,PIPE_V,249594,249894,300,378550
case_084,post,1,1000018943,COPY_IN,PIPE_MTE2,249628,249979,351,378550
case_084,post,1,1000018815,COPY_OUT,PIPE_MTE3,249798,250188,390,378550
case_084,post,1,480,MATMUL,PIPE_M,249894,250482,588,378550
case_084,post,1,489,EXP,PIPE_V,249894,250194,300,378550
case_084,post,1,1000018938,COPY_IN,PIPE_MTE2,249979,250348,369,378550
case_084,post,1,490,REDUCE,PIPE_V,250194,250278,84,378550
case_084,post,1,491,DIV,PIPE_V,250278,250578,300,378550
case_084,post,1,1000018956,COPY_IN,PIPE_MTE2,250348,250742,394,378550
case_084,post,1,1000018828,COPY_OUT,PIPE_MTE3,250482,250813,331,378550
case_084,post,1,492,MATMUL,PIPE_M,250578,251166,588,378550
case_084,post,1,501,EXP,PIPE_V,250578,250878,300,378550
case_084,post,1,1000018951,COPY_IN,PIPE_MTE2,250742,251059,317,378550
case_084,post,1,502,REDUCE,PIPE_V,250878,250962,84,378550
case_084,post,1,503,DIV,PIPE_V,250962,251262,300,378550
case_084,post,1,1000018969,COPY_IN,PIPE_MTE2,251059,251419,360,378550
case_084,post,1,1000018841,COPY_OUT,PIPE_MTE3,251166,251456,290,378550
case_084,post,1,504,MATMUL,PIPE_M,251262,251850,588,378550
case_084,post,1,513,EXP,PIPE_V,251262,251562,300,378550
case_084,post,1,1000018964,COPY_IN,PIPE_MTE2,251419,251726,307,378550
case_084,post,1,514,REDUCE,PIPE_V,251562,251646,84,378550
case_084,post,1,515,DIV,PIPE_V,251646,251946,300,378550
case_084,post,1,1000018982,COPY_IN,PIPE_MTE2,251726,252121,395,378550
case_084,post,1,1000018854,COPY_OUT,PIPE_MTE3,251850,252124,274,378550
case_084,post,1,516,MATMUL,PIPE_M,251946,252534,588,378550
case_084,post,1,525,EXP,PIPE_V,251946,252246,300,378550
case_084,post,1,1000018977,COPY_IN,PIPE_MTE2,252121,252410,289,378550
case_084,post,1,526,REDUCE,PIPE_V,252246,252330,84,378550
case_084,post,1,527,DIV,PIPE_V,252330,252630,300,378550
case_084,post,1,1000018995,COPY_IN,PIPE_MTE2,252410,252884,474,378550
case_084,post,1,1000018867,COPY_OUT,PIPE_MTE3,252534,252880,346,378550
case_084,post,1,528,MATMUL,PIPE_M,252630,253218,588,378550
case_084,post,1,537,EXP,PIPE_V,252630,252930,300,378550
case_084,post,1,1000018990,COPY_IN,PIPE_MTE2,252884,253171,287,378550
case_084,post,1,538,REDUCE,PIPE_V,252930,253014,84,378550
case_084,post,1,539,DIV,PIPE_V,253014,253314,300,378550
case_084,post,1,1000019008,COPY_IN,PIPE_MTE2,253171,253590,419,378550
case_084,post,1,1000018880,COPY_OUT,PIPE_MTE3,253218,253526,308,378550
case_084,post,1,540,MATMUL,PIPE_M,253314,253902,588,378550
case_084,post,1,549,EXP,PIPE_V,253314,253614,300,378550
case_084,post,1,1000019003,COPY_IN,PIPE_MTE2,253590,253852,262,378550
case_084,post,1,550,REDUCE,PIPE_V,253614,253698,84,378550
case_084,post,1,551,DIV,PIPE_V,253698,253998,300,378550
case_084,post,1,1000019021,COPY_IN,PIPE_MTE2,253852,254290,438,378550
case_084,post,1,1000018893,COPY_OUT,PIPE_MTE3,253902,254228,326,378550
case_084,post,1,552,MATMUL,PIPE_M,253998,254586,588,378550
case_084,post,1,561,EXP,PIPE_V,253998,254298,300,378550
case_084,post,1,1000019016,COPY_IN,PIPE_MTE2,254290,254528,238,378550
case_084,post,1,562,REDUCE,PIPE_V,254298,254382,84,378550
case_084,post,1,563,DIV,PIPE_V,254382,254682,300,378550
case_084,post,1,1000019034,COPY_IN,PIPE_MTE2,254528,255013,485,378550
case_084,post,1,1000018906,COPY_OUT,PIPE_MTE3,254586,254944,358,378550
case_084,post,1,564,MATMUL,PIPE_M,254682,255270,588,378550
case_084,post,1,573,EXP,PIPE_V,254682,254982,300,378550
case_084,post,1,574,REDUCE,PIPE_V,254982,255066,84,378550
case_084,post,1,1000019029,COPY_IN,PIPE_MTE2,255013,255274,261,378550
case_084,post,1,575,DIV,PIPE_V,255066,255366,300,378550
case_084,post,1,1000018919,COPY_OUT,PIPE_MTE3,255270,255645,375,378550
case_084,post,1,1000019047,COPY_IN,PIPE_MTE2,255274,255747,473,378550
case_084,post,1,576,MATMUL,PIPE_M,255366,255954,588,378550
case_084,post,1,585,EXP,PIPE_V,255366,255666,300,378550
case_084,post,1,586,REDUCE,PIPE_V,255666,255750,84,378550
case_084,post,1,1000019042,COPY_IN,PIPE_MTE2,255747,255903,156,378550
case_084,post,1,587,DIV,PIPE_V,255750,256050,300,378550
case_084,post,1,1000019060,COPY_IN,PIPE_MTE2,255903,256433,530,378550
case_084,post,1,1000018932,COPY_OUT,PIPE_MTE3,255954,256344,390,378550
case_084,post,1,588,MATMUL,PIPE_M,256050,256638,588,378550
case_084,post,1,597,EXP,PIPE_V,256050,256350,300,378550
case_084,post,1,598,REDUCE,PIPE_V,256350,256434,84,378550
case_084,post,1,1000019055,COPY_IN,PIPE_MTE2,256433,256600,167,378550
case_084,post,1,599,DIV,PIPE_V,256434,256734,300,378550
case_084,post,1,1000019073,COPY_IN,PIPE_MTE2,256600,257060,460,378550
case_084,post,1,1000018945,COPY_OUT,PIPE_MTE3,256638,256982,344,378550
case_084,post,1,600,MATMUL,PIPE_M,256734,257322,588,378550
case_084,post,1,609,EXP,PIPE_V,256734,257034,300,378550
case_084,post,1,610,REDUCE,PIPE_V,257034,257118,84,378550
case_084,post,1,1000019068,COPY_IN,PIPE_MTE2,257060,257332,272,378550
case_084,post,1,611,DIV,PIPE_V,257118,257418,300,378550
case_084,post,1,1000018958,COPY_OUT,PIPE_MTE3,257322,257653,331,378550
case_084,post,1,1000019086,COPY_IN,PIPE_MTE2,257332,257813,481,378550
case_084,post,1,612,MATMUL,PIPE_M,257418,258006,588,378550
case_084,post,1,621,EXP,PIPE_V,257418,257718,300,378550
case_084,post,1,622,REDUCE,PIPE_V,257718,257802,84,378550
case_084,post,1,623,DIV,PIPE_V,257802,258102,300,378550
case_084,post,1,1000019081,COPY_IN,PIPE_MTE2,257813,258076,263,378550
case_084,post,1,1000018971,COPY_OUT,PIPE_MTE3,258006,258281,275,378550
case_084,post,1,1000019099,COPY_IN,PIPE_MTE2,258076,258501,425,378550
case_084,post,1,624,MATMUL,PIPE_M,258102,258690,588,378550
case_084,post,1,633,EXP,PIPE_V,258102,258402,300,378550
case_084,post,1,634,REDUCE,PIPE_V,258402,258486,84,378550
case_084,post,1,635,DIV,PIPE_V,258486,258786,300,378550
case_084,post,1,1000019094,COPY_IN,PIPE_MTE2,258501,258774,273,378550
case_084,post,1,1000018984,COPY_OUT,PIPE_MTE3,258690,258978,288,378550
case_084,post,1,1000019112,COPY_IN,PIPE_MTE2,258774,259184,410,378550
case_084,post,1,636,MATMUL,PIPE_M,258786,259374,588,378550
case_084,post,1,645,EXP,PIPE_V,258786,259086,300,378550
case_084,post,1,646,REDUCE,PIPE_V,259086,259170,84,378550
case_084,post,1,647,DIV,PIPE_V,259170,259470,300,378550
case_084,post,1,1000019107,COPY_IN,PIPE_MTE2,259184,259470,286,378550
case_084,post,1,1000018997,COPY_OUT,PIPE_MTE3,259374,259708,334,378550
case_084,post,1,648,MATMUL,PIPE_M,259470,260058,588,378550
case_084,post,1,657,EXP,PIPE_V,259470,259770,300,378550
case_084,post,1,1000019125,COPY_IN,PIPE_MTE2,259470,259936,466,378550
case_084,post,1,658,REDUCE,PIPE_V,259770,259854,84,378550
case_084,post,1,659,DIV,PIPE_V,259854,260154,300,378550
case_084,post,1,1000019120,COPY_IN,PIPE_MTE2,259936,260249,313,378550
case_084,post,1,1000019010,COPY_OUT,PIPE_MTE3,260058,260391,333,378550
case_084,post,1,660,MATMUL,PIPE_M,260154,260742,588,378550
case_084,post,1,669,EXP,PIPE_V,260154,260454,300,378550
case_084,post,1,1000019138,COPY_IN,PIPE_MTE2,260249,260607,358,378550
case_084,post,1,670,REDUCE,PIPE_V,260454,260538,84,378550
case_084,post,1,671,DIV,PIPE_V,260538,260838,300,378550
case_084,post,1,1000019133,COPY_IN,PIPE_MTE2,260607,260970,363,378550
case_084,post,1,1000019023,COPY_OUT,PIPE_MTE3,260742,261144,402,378550
case_084,post,1,672,MATMUL,PIPE_M,260838,261426,588,378550
case_084,post,1,681,EXP,PIPE_V,260838,261138,300,378550
case_084,post,1,1000019151,COPY_IN,PIPE_MTE2,260970,261324,354,378550
case_084,post,1,682,REDUCE,PIPE_V,261138,261222,84,378550
case_084,post,1,683,DIV,PIPE_V,261222,261522,300,378550
case_084,post,1,1000019146,COPY_IN,PIPE_MTE2,261324,261631,307,378550
case_084,post,1,1000019036,COPY_OUT,PIPE_MTE3,261426,261816,390,378550
case_084,post,1,684,MATMUL,PIPE_M,261522,262110,588,378550
case_084,post,1,693,EXP,PIPE_V,261522,261822,300,378550
case_084,post,1,1000019164,COPY_IN,PIPE_MTE2,261631,262021,390,378550
case_084,post,1,694,REDUCE,PIPE_V,261822,261906,84,378550
case_084,post,1,695,DIV,PIPE_V,261906,262206,300,378550
case_084,post,1,1000019159,COPY_IN,PIPE_MTE2,262021,262247,226,378550
case_084,post,1,1000019049,COPY_OUT,PIPE_MTE3,262110,262469,359,378550
case_084,post,1,696,MATMUL,PIPE_M,262206,262794,588,378550
case_084,post,1,705,EXP,PIPE_V,262206,262506,300,378550
case_084,post,1,1000019177,COPY_IN,PIPE_MTE2,262247,262718,471,378550
case_084,post,1,706,REDUCE,PIPE_V,262506,262590,84,378550
case_084,post,1,707,DIV,PIPE_V,262590,262890,300,378550
case_084,post,1,1000019172,COPY_IN,PIPE_MTE2,262718,262932,214,378550
case_084,post,1,1000019062,COPY_OUT,PIPE_MTE3,262794,263096,302,378550
case_084,post,1,708,MATMUL,PIPE_M,262890,263478,588,378550
case_084,post,1,717,EXP,PIPE_V,262890,263190,300,378550
case_084,post,1,1000019190,COPY_IN,PIPE_MTE2,262932,263394,462,378550
case_084,post,1,718,REDUCE,PIPE_V,263190,263274,84,378550
case_084,post,1,719,DIV,PIPE_V,263274,263574,300,378550
case_084,post,1,1000019185,COPY_IN,PIPE_MTE2,263394,263637,243,378550
case_084,post,1,1000019075,COPY_OUT,PIPE_MTE3,263478,263755,277,378550
case_084,post,1,720,MATMUL,PIPE_M,263574,264162,588,378550
case_084,post,1,729,EXP,PIPE_V,263574,263874,300,378550
case_084,post,1,1000019203,COPY_IN,PIPE_MTE2,263637,264074,437,378550
case_084,post,1,730,REDUCE,PIPE_V,263874,263958,84,378550
case_084,post,1,731,DIV,PIPE_V,263958,264258,300,378550
case_084,post,1,1000019198,COPY_IN,PIPE_MTE2,264074,264340,266,378550
case_084,post,1,1000019088,COPY_OUT,PIPE_MTE3,264162,264441,279,378550
case_084,post,1,732,MATMUL,PIPE_M,264258,264846,588,378550
case_084,post,1,741,EXP,PIPE_V,264258,264558,300,378550
case_084,post,1,1000019216,COPY_IN,PIPE_MTE2,264340,264758,418,378550
case_084,post,1,742,REDUCE,PIPE_V,264558,264642,84,378550
case_084,post,1,743,DIV,PIPE_V,264642,264942,300,378550
case_084,post,1,1000019211,COPY_IN,PIPE_MTE2,264758,265039,281,378550
case_084,post,1,1000019101,COPY_OUT,PIPE_MTE3,264846,265140,294,378550
case_084,post,1,744,MATMUL,PIPE_M,264942,265530,588,378550
case_084,post,1,753,EXP,PIPE_V,264942,265242,300,378550
case_084,post,1,1000019229,COPY_IN,PIPE_MTE2,265039,265440,401,378550
case_084,post,1,754,REDUCE,PIPE_V,265242,265326,84,378550
case_084,post,1,755,DIV,PIPE_V,265326,265626,300,378550
case_084,post,1,1000019224,COPY_IN,PIPE_MTE2,265440,265737,297,378550
case_084,post,1,1000019114,COPY_OUT,PIPE_MTE3,265530,265841,311,378550
case_084,post,1,756,MATMUL,PIPE_M,265626,266214,588,378550
case_084,post,1,765,EXP,PIPE_V,265626,265926,300,378550
case_084,post,1,1000019242,COPY_IN,PIPE_MTE2,265737,266120,383,378550
case_084,post,1,766,REDUCE,PIPE_V,265926,266010,84,378550
case_084,post,1,767,DIV,PIPE_V,266010,266310,300,378550
case_084,post,1,1000019237,COPY_IN,PIPE_MTE2,266120,266435,315,378550
case_084,post,1,1000019127,COPY_OUT,PIPE_MTE3,266214,266544,330,378550
case_084,post,1,768,MATMUL,PIPE_M,266310,266898,588,378550
case_084,post,1,777,EXP,PIPE_V,266310,266610,300,378550
case_084,post,1,1000026032,COPY_IN,PIPE_MTE2,266435,266670,235,378550
case_084,post,1,778,REDUCE,PIPE_V,266610,266694,84,378550
case_084,post,1,1000026034,COPY_IN,PIPE_MTE2,266670,266944,274,378550
case_084,post,1,779,DIV,PIPE_V,266694,266994,300,378550
case_084,post,1,1000019140,COPY_OUT,PIPE_MTE3,266898,267248,350,378550
case_084,post,1,1000026038,COPY_IN,PIPE_MTE2,266944,266951,7,378550
case_084,post,1,1000026036,COPY_IN,PIPE_MTE2,266951,267278,327,378550
case_084,post,1,780,MATMUL,PIPE_M,266994,267582,588,378550
case_084,post,1,789,EXP,PIPE_V,266994,267294,300,378550
case_084,post,1,1000026051,COPY_IN,PIPE_MTE2,267278,267594,316,378550
case_084,post,1,790,REDUCE,PIPE_V,267294,267378,84,378550
case_084,post,1,791,DIV,PIPE_V,267378,267678,300,378550
case_084,post,1,1000019153,COPY_OUT,PIPE_MTE3,267582,267962,380,378550
case_084,post,1,1000026046,COPY_IN,PIPE_MTE2,267594,267969,375,378550
case_084,post,1,792,MATMUL,PIPE_M,267678,268266,588,378550
case_084,post,1,801,EXP,PIPE_V,267678,267978,300,378550
case_084,post,1,1000022554,COPY_IN,PIPE_MTE2,267969,268148,179,378550
case_084,post,1,802,REDUCE,PIPE_V,267978,268062,84,378550
case_084,post,1,803,DIV,PIPE_V,268062,268362,300,378550
case_084,post,1,1000022556,COPY_IN,PIPE_MTE2,268148,268386,238,378550
case_084,post,1,1000019166,COPY_OUT,PIPE_MTE3,268266,268656,390,378550
case_084,post,1,804,MATMUL,PIPE_M,268362,268950,588,378550
case_084,post,1,813,EXP,PIPE_V,268362,268662,300,378550
case_084,post,1,1000022560,COPY_IN,PIPE_MTE2,268386,268393,7,378550
case_084,post,1,1000022558,COPY_IN,PIPE_MTE2,268393,268764,371,378550
case_084,post,1,814,REDUCE,PIPE_V,268662,268746,84,378550
case_084,post,1,815,DIV,PIPE_V,268746,269046,300,378550
case_084,post,1,1000022564,COPY_IN,PIPE_MTE2,268764,268929,165,378550
case_084,post,1,1000022566,COPY_IN,PIPE_MTE2,268929,269238,309,378550
case_084,post,1,1000019179,COPY_OUT,PIPE_MTE3,268950,269284,334,378550
case_084,post,1,816,MATMUL,PIPE_M,269046,269634,588,378550
case_084,post,1,825,EXP,PIPE_V,269046,269346,300,378550
case_084,post,1,1000022570,COPY_IN,PIPE_MTE2,269238,269246,8,378550
case_084,post,1,1000022568,COPY_IN,PIPE_MTE2,269246,269550,304,378550
case_084,post,1,826,REDUCE,PIPE_V,269346,269430,84,378550
case_084,post,1,827,DIV,PIPE_V,269430,269730,300,378550
case_084,post,1,1000022574,COPY_IN,PIPE_MTE2,269550,269766,216,378550
case_084,post,1,1000019192,COPY_OUT,PIPE_MTE3,269634,269925,291,378550
case_084,post,1,828,MATMUL,PIPE_M,269730,270318,588,378550
case_084,post,1,837,EXP,PIPE_V,269730,270030,300,378550
case_084,post,1,1000022576,COPY_IN,PIPE_MTE2,269766,270084,318,378550
case_084,post,1,838,REDUCE,PIPE_V,270030,270114,84,378550
case_084,post,1,1000022580,COPY_IN,PIPE_MTE2,270084,270090,6,378550
case_084,post,1,1000022578,COPY_IN,PIPE_MTE2,270090,270351,261,378550
case_084,post,1,839,DIV,PIPE_V,270114,270414,300,378550
case_084,post,1,1000019205,COPY_OUT,PIPE_MTE3,270318,270593,275,378550
case_084,post,1,1000022584,COPY_IN,PIPE_MTE2,270351,270627,276,378550
case_084,post,1,840,MATMUL,PIPE_M,270414,271002,588,378550
case_084,post,1,849,EXP,PIPE_V,270414,270714,300,378550
case_084,post,1,1000022586,COPY_IN,PIPE_MTE2,270627,270916,289,378550
case_084,post,1,850,REDUCE,PIPE_V,270714,270798,84,378550
case_084,post,1,851,DIV,PIPE_V,270798,271098,300,378550
case_084,post,1,1000022590,COPY_IN,PIPE_MTE2,270916,270921,5,378550
case_084,post,1,1000022588,COPY_IN,PIPE_MTE2,270921,271194,273,378550
case_084,post,1,1000019218,COPY_OUT,PIPE_MTE3,271002,271287,285,378550
case_084,post,1,852,MATMUL,PIPE_M,271098,271686,588,378550
case_084,post,1,861,EXP,PIPE_V,271098,271398,300,378550
case_084,post,1,1000022594,COPY_IN,PIPE_MTE2,271194,271480,286,378550
case_084,post,1,862,REDUCE,PIPE_V,271398,271482,84,378550
case_084,post,1,1000022596,COPY_IN,PIPE_MTE2,271480,271763,283,378550
case_084,post,1,863,DIV,PIPE_V,271482,271782,300,378550
case_084,post,1,1000019231,COPY_OUT,PIPE_MTE3,271686,271987,301,378550
case_084,post,1,1000022600,COPY_IN,PIPE_MTE2,271763,271768,5,378550
case_084,post,1,1000022598,COPY_IN,PIPE_MTE2,271768,272035,267,378550
case_084,post,1,864,MATMUL,PIPE_M,271782,272370,588,378550
case_084,post,1,1000022604,COPY_IN,PIPE_MTE2,272035,272302,267,378550
case_084,post,1,1000022606,COPY_IN,PIPE_MTE2,272302,272610,308,378550
case_084,post,1,7744,MATMUL,PIPE_M,272370,272958,588,378550
case_084,post,1,1000019244,COPY_OUT,PIPE_MTE3,272370,272688,318,378550
case_084,post,1,1000022610,COPY_IN,PIPE_MTE2,272610,272616,6,378550
case_084,post,1,1000022608,COPY_IN,PIPE_MTE2,272616,272861,245,378550
case_084,post,1,1000022614,COPY_IN,PIPE_MTE2,272861,273137,276,378550
case_084,post,1,7746,DIV,PIPE_V,272958,273258,300,378550
case_084,post,1,1000022616,COPY_IN,PIPE_MTE2,273137,273388,251,378550
case_084,post,1,7747,REDUCE,PIPE_V,273258,273342,84,378550
case_084,post,1,7748,SUB,PIPE_V,273342,273426,84,378550
case_084,post,1,7749,EXP,PIPE_V,273426,273726,300,378550
case_084,post,1,7750,REDUCE,PIPE_V,273726,273810,84,378550
case_084,post,1,7751,DIV,PIPE_V,273810,274110,300,378550
case_084,post,1,7752,MATMUL,PIPE_M,274110,274698,588,378550
case_084,post,1,7761,EXP,PIPE_V,274110,274410,300,378550
case_084,post,1,1000022620,COPY_IN,PIPE_MTE2,274110,274111,1,378550
case_084,post,1,1000022618,COPY_IN,PIPE_MTE2,274111,274268,157,378550
case_084,post,1,1000022624,COPY_IN,PIPE_MTE2,274268,274525,257,378550
case_084,post,1,7762,REDUCE,PIPE_V,274410,274494,84,378550
case_084,post,1,7763,DIV,PIPE_V,274494,274794,300,378550
case_084,post,1,1000022626,COPY_IN,PIPE_MTE2,274525,274766,241,378550
case_084,post,1,1000026040,COPY_OUT,PIPE_MTE3,274698,274958,260,378550
case_084,post,1,7764,MATMUL,PIPE_M,274794,275382,588,378550
case_084,post,1,4312,MATMUL,PIPE_M,275382,275970,588,378550
case_084,post,1,1000022630,COPY_IN,PIPE_MTE2,275382,275386,4,378550
case_084,post,1,1000026053,COPY_OUT,PIPE_MTE3,275382,275660,278,378550
case_084,post,1,1000022628,COPY_IN,PIPE_MTE2,275386,275665,279,378550
case_084,post,1,1000022634,COPY_IN,PIPE_MTE2,275665,275893,228,378550
case_084,post,1,1000022636,COPY_IN,PIPE_MTE2,275893,276073,180,378550
case_084,post,1,4314,DIV,PIPE_V,275970,276270,300,378550
case_084,post,1,4315,REDUCE,PIPE_V,276270,276354,84,378550
case_084,post,1,4316,SUB,PIPE_V,276354,276438,84,378550
case_084,post,1,4317,EXP,PIPE_V,276438,276738,300,378550
case_084,post,1,4318,REDUCE,PIPE_V,276738,276822,84,378550
case_084,post,1,4319,DIV,PIPE_V,276822,277122,300,378550
case_084,post,1,4320,MATMUL,PIPE_M,277122,277710,588,378550
case_084,post,1,4324,MATMUL,PIPE_M,277710,278298,588,378550
case_084,post,1,1000022562,COPY_OUT,PIPE_MTE3,277710,277902,192,378550
case_084,post,1,1000022640,COPY_IN,PIPE_MTE2,277710,277715,5,378550
case_084,post,1,1000022638,COPY_IN,PIPE_MTE2,277715,277904,189,378550
case_084,post,1,1000022644,COPY_IN,PIPE_MTE2,277904,277983,79,378550
case_084,post,1,1000022646,COPY_IN,PIPE_MTE2,277983,278073,90,378550
case_084,post,1,4326,DIV,PIPE_V,278298,278598,300,378550
case_084,post,1,4327,REDUCE,PIPE_V,278598,278682,84,378550
case_084,post,1,4328,SUB,PIPE_V,278682,278766,84,378550
case_084,post,1,4329,EXP,PIPE_V,278766,279066,300,378550
case_084,post,1,4330,REDUCE,PIPE_V,279066,279150,84,378550
case_084,post,1,4331,DIV,PIPE_V,279150,279450,300,378550
case_084,post,1,4332,MATMUL,PIPE_M,279450,280038,588,378550
case_084,post,1,4336,MATMUL,PIPE_M,280038,280626,588,378550
case_084,post,1,1000022572,COPY_OUT,PIPE_MTE3,280038,280185,147,378550
case_084,post,1,1000022650,COPY_IN,PIPE_MTE2,280038,280040,2,378550
case_084,post,1,1000022648,COPY_IN,PIPE_MTE2,280040,280189,149,378550
case_084,post,1,1000022654,COPY_IN,PIPE_MTE2,280189,280430,241,378550
case_084,post,1,1000022656,COPY_IN,PIPE_MTE2,280430,280635,205,378550
case_084,post,1,4338,DIV,PIPE_V,280626,280926,300,378550
case_084,post,1,4339,REDUCE,PIPE_V,280926,281010,84,378550
case_084,post,1,4340,SUB,PIPE_V,281010,281094,84,378550
case_084,post,1,4341,EXP,PIPE_V,281094,281394,300,378550
case_084,post,1,4342,REDUCE,PIPE_V,281394,281478,84,378550
case_084,post,1,4343,DIV,PIPE_V,281478,281778,300,378550
case_084,post,1,4344,MATMUL,PIPE_M,281778,282366,588,378550
case_084,post,1,4348,MATMUL,PIPE_M,282366,282954,588,378550
case_084,post,1,1000022582,COPY_OUT,PIPE_MTE3,282366,282576,210,378550
case_084,post,1,1000022660,COPY_IN,PIPE_MTE2,282366,282370,4,378550
case_084,post,1,1000022658,COPY_IN,PIPE_MTE2,282370,282579,209,378550
case_084,post,1,1000022664,COPY_IN,PIPE_MTE2,282579,282723,144,378550
case_084,post,1,1000022666,COPY_IN,PIPE_MTE2,282723,282781,58,378550
case_084,post,1,4350,DIV,PIPE_V,282954,283254,300,378550
case_084,post,1,4351,REDUCE,PIPE_V,283254,283338,84,378550
case_084,post,1,4352,SUB,PIPE_V,283338,283422,84,378550
case_084,post,1,4353,EXP,PIPE_V,283422,283722,300,378550
case_084,post,1,4354,REDUCE,PIPE_V,283722,283806,84,378550
case_084,post,1,4355,DIV,PIPE_V,283806,284106,300,378550
case_084,post,1,4356,MATMUL,PIPE_M,284106,284694,588,378550
case_084,post,1,4360,MATMUL,PIPE_M,284694,285282,588,378550
case_084,post,1,1000022592,COPY_OUT,PIPE_MTE3,284694,284947,253,378550
case_084,post,1,1000022670,COPY_IN,PIPE_MTE2,284694,284700,6,378550
case_084,post,1,1000022668,COPY_IN,PIPE_MTE2,284700,284951,251,378550
case_084,post,1,1000022674,COPY_IN,PIPE_MTE2,284951,285255,304,378550
case_084,post,1,1000022676,COPY_IN,PIPE_MTE2,285255,285522,267,378550
case_084,post,1,4362,DIV,PIPE_V,285282,285582,300,378550
case_084,post,1,4363,REDUCE,PIPE_V,285582,285666,84,378550
case_084,post,1,4364,SUB,PIPE_V,285666,285750,84,378550
case_084,post,1,4365,EXP,PIPE_V,285750,286050,300,378550
case_084,post,1,4366,REDUCE,PIPE_V,286050,286134,84,378550
case_084,post,1,4367,DIV,PIPE_V,286134,286434,300,378550
case_084,post,1,4368,MATMUL,PIPE_M,286434,287022,588,378550
case_084,post,1,4372,MATMUL,PIPE_M,287022,287610,588,378550
case_084,post,1,1000022602,COPY_OUT,PIPE_MTE3,287022,287389,367,378550
case_084,post,1,1000022680,COPY_IN,PIPE_MTE2,287022,287031,9,378550
case_084,post,1,1000022678,COPY_IN,PIPE_MTE2,287031,287395,364,378550
case_084,post,1,1000022684,COPY_IN,PIPE_MTE2,287395,287733,338,378550
case_084,post,1,4374,DIV,PIPE_V,287610,287910,300,378550
case_084,post,1,1000022686,COPY_IN,PIPE_MTE2,287733,288116,383,378550
case_084,post,1,4375,REDUCE,PIPE_V,287910,287994,84,378550
case_084,post,1,4376,SUB,PIPE_V,287994,288078,84,378550
case_084,post,1,4377,EXP,PIPE_V,288078,288378,300,378550
case_084,post,1,4378,REDUCE,PIPE_V,288378,288462,84,378550
case_084,post,1,4379,DIV,PIPE_V,288462,288762,300,378550
case_084,post,1,4380,MATMUL,PIPE_M,288762,289350,588,378550
case_084,post,1,4384,MATMUL,PIPE_M,289350,289938,588,378550
case_084,post,1,1000022612,COPY_OUT,PIPE_MTE3,289350,289688,338,378550
case_084,post,1,1000022690,COPY_IN,PIPE_MTE2,289350,289358,8,378550
case_084,post,1,1000022688,COPY_IN,PIPE_MTE2,289358,289693,335,378550
case_084,post,1,1000022694,COPY_IN,PIPE_MTE2,289693,290060,367,378550
case_084,post,1,4386,DIV,PIPE_V,289938,290238,300,378550
case_084,post,1,1000022696,COPY_IN,PIPE_MTE2,290060,290386,326,378550
case_084,post,1,4387,REDUCE,PIPE_V,290238,290322,84,378550
case_084,post,1,4388,SUB,PIPE_V,290322,290406,84,378550
case_084,post,1,4389,EXP,PIPE_V,290406,290706,300,378550
case_084,post,1,4390,REDUCE,PIPE_V,290706,290790,84,378550
case_084,post,1,4391,DIV,PIPE_V,290790,291090,300,378550
case_084,post,1,4392,MATMUL,PIPE_M,291090,291678,588,378550
case_084,post,1,4396,MATMUL,PIPE_M,291678,292266,588,378550
case_084,post,1,1000022622,COPY_OUT,PIPE_MTE3,291678,292060,382,378550
case_084,post,1,1000022700,COPY_IN,PIPE_MTE2,291678,291685,7,378550
case_084,post,1,1000022698,COPY_IN,PIPE_MTE2,291685,292067,382,378550
case_084,post,1,1000022704,COPY_IN,PIPE_MTE2,292067,292402,335,378550
case_084,post,1,4398,DIV,PIPE_V,292266,292566,300,378550
case_084,post,1,1000022706,COPY_IN,PIPE_MTE2,292402,292734,332,378550
case_084,post,1,4399,REDUCE,PIPE_V,292566,292650,84,378550
case_084,post,1,4400,SUB,PIPE_V,292650,292734,84,378550
case_084,post,1,4401,EXP,PIPE_V,292734,293034,300,378550
case_084,post,1,4402,REDUCE,PIPE_V,293034,293118,84,378550
case_084,post,1,4403,DIV,PIPE_V,293118,293418,300,378550
case_084,post,1,4404,MATMUL,PIPE_M,293418,294006,588,378550
case_084,post,1,4408,MATMUL,PIPE_M,294006,294594,588,378550
case_084,post,1,1000022632,COPY_OUT,PIPE_MTE3,294006,294395,389,378550
case_084,post,1,1000022710,COPY_IN,PIPE_MTE2,294006,294014,8,378550
case_084,post,1,1000022708,COPY_IN,PIPE_MTE2,294014,294402,388,378550
case_084,post,1,1000022714,COPY_IN,PIPE_MTE2,294402,294768,366,378550
case_084,post,1,4410,DIV,PIPE_V,294594,294894,300,378550
case_084,post,1,1000022716,COPY_IN,PIPE_MTE2,294768,295061,293,378550
case_084,post,1,4411,REDUCE,PIPE_V,294894,294978,84,378550
case_084,post,1,4412,SUB,PIPE_V,294978,295062,84,378550
case_084,post,1,4413,EXP,PIPE_V,295062,295362,300,378550
case_084,post,1,4414,REDUCE,PIPE_V,295362,295446,84,378550
case_084,post,1,4415,DIV,PIPE_V,295446,295746,300,378550
case_084,post,1,4416,MATMUL,PIPE_M,295746,296334,588,378550
case_084,post,1,4420,MATMUL,PIPE_M,296334,296922,588,378550
case_084,post,1,1000022642,COPY_OUT,PIPE_MTE3,296334,296713,379,378550
case_084,post,1,1000022720,COPY_IN,PIPE_MTE2,296334,296341,7,378550
case_084,post,1,1000022718,COPY_IN,PIPE_MTE2,296341,296721,380,378550
case_084,post,1,1000022724,COPY_IN,PIPE_MTE2,296721,297106,385,378550
case_084,post,1,4422,DIV,PIPE_V,296922,297222,300,378550
case_084,post,1,1000022726,COPY_IN,PIPE_MTE2,297106,297390,284,378550
case_084,post,1,4423,REDUCE,PIPE_V,297222,297306,84,378550
case_084,post,1,4424,SUB,PIPE_V,297306,297390,84,378550
case_084,post,1,4425,EXP,PIPE_V,297390,297690,300,378550
case_084,post,1,4426,REDUCE,PIPE_V,297690,297774,84,378550
case_084,post,1,4427,DIV,PIPE_V,297774,298074,300,378550
case_084,post,1,4428,MATMUL,PIPE_M,298074,298662,588,378550
case_084,post,1,4432,MATMUL,PIPE_M,298662,299250,588,378550
case_084,post,1,1000022652,COPY_OUT,PIPE_MTE3,298662,299082,420,378550
case_084,post,1,1000022730,COPY_IN,PIPE_MTE2,298662,298670,8,378550
case_084,post,1,1000022728,COPY_IN,PIPE_MTE2,298670,299089,419,378550
case_084,post,1,1000022734,COPY_IN,PIPE_MTE2,299089,299445,356,378550
case_084,post,1,4434,DIV,PIPE_V,299250,299550,300,378550
case_084,post,1,1000022736,COPY_IN,PIPE_MTE2,299445,299808,363,378550
case_084,post,1,4435,REDUCE,PIPE_V,299550,299634,84,378550
case_084,post,1,4436,SUB,PIPE_V,299634,299718,84,378550
case_084,post,1,4437,EXP,PIPE_V,299718,300018,300,378550
case_084,post,1,4438,REDUCE,PIPE_V,300018,300102,84,378550
case_084,post,1,4439,DIV,PIPE_V,300102,300402,300,378550
case_084,post,1,4440,MATMUL,PIPE_M,300402,300990,588,378550
case_084,post,1,4444,MATMUL,PIPE_M,300990,301578,588,378550
case_084,post,1,1000022662,COPY_OUT,PIPE_MTE3,300990,301338,348,378550
case_084,post,1,1000022740,COPY_IN,PIPE_MTE2,300990,300996,6,378550
case_084,post,1,1000022738,COPY_IN,PIPE_MTE2,300996,301344,348,378550
case_084,post,1,1000022744,COPY_IN,PIPE_MTE2,301344,301717,373,378550
case_084,post,1,4446,DIV,PIPE_V,301578,301878,300,378550
case_084,post,1,1000022746,COPY_IN,PIPE_MTE2,301717,302066,349,378550
case_084,post,1,4447,REDUCE,PIPE_V,301878,301962,84,378550
case_084,post,1,4448,SUB,PIPE_V,301962,302046,84,378550
case_084,post,1,4449,EXP,PIPE_V,302046,302346,300,378550
case_084,post,1,4450,REDUCE,PIPE_V,302346,302430,84,378550
case_084,post,1,4451,DIV,PIPE_V,302430,302730,300,378550
case_084,post,1,4452,MATMUL,PIPE_M,302730,303318,588,378550
case_084,post,1,4456,MATMUL,PIPE_M,303318,303906,588,378550
case_084,post,1,1000022672,COPY_OUT,PIPE_MTE3,303318,303713,395,378550
case_084,post,1,1000022750,COPY_IN,PIPE_MTE2,303318,303325,7,378550
case_084,post,1,1000022748,COPY_IN,PIPE_MTE2,303325,303719,394,378550
case_084,post,1,1000022754,COPY_IN,PIPE_MTE2,303719,304053,334,378550
case_084,post,1,4458,DIV,PIPE_V,303906,304206,300,378550
case_084,post,1,1000022756,COPY_IN,PIPE_MTE2,304053,304438,385,378550
case_084,post,1,4459,REDUCE,PIPE_V,304206,304290,84,378550
case_084,post,1,4460,SUB,PIPE_V,304290,304374,84,378550
case_084,post,1,4461,EXP,PIPE_V,304374,304674,300,378550
case_084,post,1,4462,REDUCE,PIPE_V,304674,304758,84,378550
case_084,post,1,4463,DIV,PIPE_V,304758,305058,300,378550
case_084,post,1,4464,MATMUL,PIPE_M,305058,305646,588,378550
case_084,post,1,4468,MATMUL,PIPE_M,305646,306234,588,378550
case_084,post,1,1000022682,COPY_OUT,PIPE_MTE3,305646,306062,416,378550
case_084,post,1,1000022760,COPY_IN,PIPE_MTE2,305646,305654,8,378550
case_084,post,1,1000022758,COPY_IN,PIPE_MTE2,305654,306068,414,378550
case_084,post,1,1000022764,COPY_IN,PIPE_MTE2,306068,306381,313,378550
case_084,post,1,4470,DIV,PIPE_V,306234,306534,300,378550
case_084,post,1,1000022766,COPY_IN,PIPE_MTE2,306381,306754,373,378550
case_084,post,1,4471,REDUCE,PIPE_V,306534,306618,84,378550
case_084,post,1,4472,SUB,PIPE_V,306618,306702,84,378550
case_084,post,1,4473,EXP,PIPE_V,306702,307002,300,378550
case_084,post,1,4474,REDUCE,PIPE_V,307002,307086,84,378550
case_084,post,1,4475,DIV,PIPE_V,307086,307386,300,378550
case_084,post,1,4476,MATMUL,PIPE_M,307386,307974,588,378550
case_084,post,1,4480,MATMUL,PIPE_M,307974,308562,588,378550
case_084,post,1,1000022692,COPY_OUT,PIPE_MTE3,307974,308409,435,378550
case_084,post,1,1000022770,COPY_IN,PIPE_MTE2,307974,307982,8,378550
case_084,post,1,1000022768,COPY_IN,PIPE_MTE2,307982,308416,434,378550
case_084,post,1,1000022774,COPY_IN,PIPE_MTE2,308416,308771,355,378550
case_084,post,1,4482,DIV,PIPE_V,308562,308862,300,378550
case_084,post,1,1000022776,COPY_IN,PIPE_MTE2,308771,309200,429,378550
case_084,post,1,4483,REDUCE,PIPE_V,308862,308946,84,378550
case_084,post,1,4484,SUB,PIPE_V,308946,309030,84,378550
case_084,post,1,4485,EXP,PIPE_V,309030,309330,300,378550
case_084,post,1,4486,REDUCE,PIPE_V,309330,309414,84,378550
case_084,post,1,4487,DIV,PIPE_V,309414,309714,300,378550
case_084,post,1,4488,MATMUL,PIPE_M,309714,310302,588,378550
case_084,post,1,4492,MATMUL,PIPE_M,310302,310890,588,378550
case_084,post,1,1000022702,COPY_OUT,PIPE_MTE3,310302,310816,514,378550
case_084,post,1,1000022780,COPY_IN,PIPE_MTE2,310302,310311,9,378550
case_084,post,1,1000022778,COPY_IN,PIPE_MTE2,310311,310823,512,378550
case_084,post,1,1000022784,COPY_IN,PIPE_MTE2,310823,311216,393,378550
case_084,post,1,4494,DIV,PIPE_V,310890,311190,300,378550
case_084,post,1,4495,REDUCE,PIPE_V,311190,311274,84,378550
case_084,post,1,1000022786,COPY_IN,PIPE_MTE2,311216,311624,408,378550
case_084,post,1,4496,SUB,PIPE_V,311274,311358,84,378550
case_084,post,1,4497,EXP,PIPE_V,311358,311658,300,378550
case_084,post,1,4498,REDUCE,PIPE_V,311658,311742,84,378550
case_084,post,1,4499,DIV,PIPE_V,311742,312042,300,378550
case_084,post,1,4500,MATMUL,PIPE_M,312042,312630,588,378550
case_084,post,1,4504,MATMUL,PIPE_M,312630,313218,588,378550
case_084,post,1,1000022712,COPY_OUT,PIPE_MTE3,312630,313061,431,378550
case_084,post,1,1000022790,COPY_IN,PIPE_MTE2,312630,312638,8,378550
case_084,post,1,1000022788,COPY_IN,PIPE_MTE2,312638,313070,432,378550
case_084,post,1,1000022794,COPY_IN,PIPE_MTE2,313070,313503,433,378550
case_084,post,1,4506,DIV,PIPE_V,313218,313518,300,378550
case_084,post,1,1000022796,COPY_IN,PIPE_MTE2,313503,313869,366,378550
case_084,post,1,4507,REDUCE,PIPE_V,313518,313602,84,378550
case_084,post,1,4508,SUB,PIPE_V,313602,313686,84,378550
case_084,post,1,4509,EXP,PIPE_V,313686,313986,300,378550
case_084,post,1,4510,REDUCE,PIPE_V,313986,314070,84,378550
case_084,post,1,4511,DIV,PIPE_V,314070,314370,300,378550
case_084,post,1,4512,MATMUL,PIPE_M,314370,314958,588,378550
case_084,post,1,4516,MATMUL,PIPE_M,314958,315546,588,378550
case_084,post,1,1000022722,COPY_OUT,PIPE_MTE3,314958,315437,479,378550
case_084,post,1,1000022800,COPY_IN,PIPE_MTE2,314958,314966,8,378550
case_084,post,1,1000022798,COPY_IN,PIPE_MTE2,314966,315445,479,378550
case_084,post,1,1000022804,COPY_IN,PIPE_MTE2,315445,315828,383,378550
case_084,post,1,4518,DIV,PIPE_V,315546,315846,300,378550
case_084,post,1,1000022806,COPY_IN,PIPE_MTE2,315828,316251,423,378550
case_084,post,1,4519,REDUCE,PIPE_V,315846,315930,84,378550
case_084,post,1,4520,SUB,PIPE_V,315930,316014,84,378550
case_084,post,1,4521,EXP,PIPE_V,316014,316314,300,378550
case_084,post,1,4522,REDUCE,PIPE_V,316314,316398,84,378550
case_084,post,1,4523,DIV,PIPE_V,316398,316698,300,378550
case_084,post,1,4524,MATMUL,PIPE_M,316698,317286,588,378550
case_084,post,1,4528,MATMUL,PIPE_M,317286,317874,588,378550
case_084,post,1,1000022732,COPY_OUT,PIPE_MTE3,317286,317730,444,378550
case_084,post,1,1000022810,COPY_IN,PIPE_MTE2,317286,317294,8,378550
case_084,post,1,1000022808,COPY_IN,PIPE_MTE2,317294,317738,444,378550
case_084,post,1,1000022814,COPY_IN,PIPE_MTE2,317738,318165,427,378550
case_084,post,1,4530,DIV,PIPE_V,317874,318174,300,378550
case_084,post,1,1000022816,COPY_IN,PIPE_MTE2,318165,318527,362,378550
case_084,post,1,4531,REDUCE,PIPE_V,318174,318258,84,378550
case_084,post,1,4532,SUB,PIPE_V,318258,318342,84,378550
case_084,post,1,4533,EXP,PIPE_V,318342,318642,300,378550
case_084,post,1,4534,REDUCE,PIPE_V,318642,318726,84,378550
case_084,post,1,4535,DIV,PIPE_V,318726,319026,300,378550
case_084,post,1,4536,MATMUL,PIPE_M,319026,319614,588,378550
case_084,post,1,4540,MATMUL,PIPE_M,319614,320202,588,378550
case_084,post,1,1000022742,COPY_OUT,PIPE_MTE3,319614,320064,450,378550
case_084,post,1,1000022820,COPY_IN,PIPE_MTE2,319614,319621,7,378550
case_084,post,1,1000022818,COPY_IN,PIPE_MTE2,319621,320072,451,378550
case_084,post,1,1000022824,COPY_IN,PIPE_MTE2,320072,320461,389,378550
case_084,post,1,4542,DIV,PIPE_V,320202,320502,300,378550
case_084,post,1,1000022826,COPY_IN,PIPE_MTE2,320461,320881,420,378550
case_084,post,1,4543,REDUCE,PIPE_V,320502,320586,84,378550
case_084,post,1,4544,SUB,PIPE_V,320586,320670,84,378550
case_084,post,1,4545,EXP,PIPE_V,320670,320970,300,378550
case_084,post,1,4546,REDUCE,PIPE_V,320970,321054,84,378550
case_084,post,1,4547,DIV,PIPE_V,321054,321354,300,378550
case_084,post,1,4548,MATMUL,PIPE_M,321354,321942,588,378550
case_084,post,1,4552,MATMUL,PIPE_M,321942,322530,588,378550
case_084,post,1,1000022752,COPY_OUT,PIPE_MTE3,321942,322365,423,378550
case_084,post,1,1000022830,COPY_IN,PIPE_MTE2,321942,321948,6,378550
case_084,post,1,1000022828,COPY_IN,PIPE_MTE2,321948,322374,426,378550
case_084,post,1,1000022834,COPY_IN,PIPE_MTE2,322374,322794,420,378550
case_084,post,1,4554,DIV,PIPE_V,322530,322830,300,378550
case_084,post,1,1000022836,COPY_IN,PIPE_MTE2,322794,323167,373,378550
case_084,post,1,4555,REDUCE,PIPE_V,322830,322914,84,378550
case_084,post,1,4556,SUB,PIPE_V,322914,322998,84,378550
case_084,post,1,4557,EXP,PIPE_V,322998,323298,300,378550
case_084,post,1,4558,REDUCE,PIPE_V,323298,323382,84,378550
case_084,post,1,4559,DIV,PIPE_V,323382,323682,300,378550
case_084,post,1,4560,MATMUL,PIPE_M,323682,324270,588,378550
case_084,post,1,4564,MATMUL,PIPE_M,324270,324858,588,378550
case_084,post,1,1000022762,COPY_OUT,PIPE_MTE3,324270,324696,426,378550
case_084,post,1,1000022840,COPY_IN,PIPE_MTE2,324270,324278,8,378550
case_084,post,1,1000022838,COPY_IN,PIPE_MTE2,324278,324704,426,378550
case_084,post,1,1000022844,COPY_IN,PIPE_MTE2,324704,325116,412,378550
case_084,post,1,4566,DIV,PIPE_V,324858,325158,300,378550
case_084,post,1,1000022846,COPY_IN,PIPE_MTE2,325116,325518,402,378550
case_084,post,1,4567,REDUCE,PIPE_V,325158,325242,84,378550
case_084,post,1,4568,SUB,PIPE_V,325242,325326,84,378550
case_084,post,1,4569,EXP,PIPE_V,325326,325626,300,378550
case_084,post,1,4570,REDUCE,PIPE_V,325626,325710,84,378550
case_084,post,1,4571,DIV,PIPE_V,325710,326010,300,378550
case_084,post,1,4572,MATMUL,PIPE_M,326010,326598,588,378550
case_084,post,1,4576,MATMUL,PIPE_M,326598,327186,588,378550
case_084,post,1,1000022772,COPY_OUT,PIPE_MTE3,326598,327049,451,378550
case_084,post,1,1000022850,COPY_IN,PIPE_MTE2,326598,326605,7,378550
case_084,post,1,1000022848,COPY_IN,PIPE_MTE2,326605,327057,452,378550
case_084,post,1,1000022854,COPY_IN,PIPE_MTE2,327057,327423,366,378550
case_084,post,1,4578,DIV,PIPE_V,327186,327486,300,378550
case_084,post,1,1000022856,COPY_IN,PIPE_MTE2,327423,327853,430,378550
case_084,post,1,4579,REDUCE,PIPE_V,327486,327570,84,378550
case_084,post,1,4580,SUB,PIPE_V,327570,327654,84,378550
case_084,post,1,4581,EXP,PIPE_V,327654,327954,300,378550
case_084,post,1,4582,REDUCE,PIPE_V,327954,328038,84,378550
case_084,post,1,4583,DIV,PIPE_V,328038,328338,300,378550
case_084,post,1,4584,MATMUL,PIPE_M,328338,328926,588,378550
case_084,post,1,4588,MATMUL,PIPE_M,328926,329514,588,378550
case_084,post,1,1000022782,COPY_OUT,PIPE_MTE3,328926,329311,385,378550
case_084,post,1,1000022860,COPY_IN,PIPE_MTE2,328926,328934,8,378550
case_084,post,1,1000022858,COPY_IN,PIPE_MTE2,328934,329319,385,378550
case_084,post,1,1000022864,COPY_IN,PIPE_MTE2,329319,329743,424,378550
case_084,post,1,4590,DIV,PIPE_V,329514,329814,300,378550
case_084,post,1,1000022866,COPY_IN,PIPE_MTE2,329743,330127,384,378550
case_084,post,1,4591,REDUCE,PIPE_V,329814,329898,84,378550
case_084,post,1,4592,SUB,PIPE_V,329898,329982,84,378550
case_084,post,1,4593,EXP,PIPE_V,329982,330282,300,378550
case_084,post,1,4594,REDUCE,PIPE_V,330282,330366,84,378550
case_084,post,1,4595,DIV,PIPE_V,330366,330666,300,378550
case_084,post,1,4596,MATMUL,PIPE_M,330666,331254,588,378550
case_084,post,1,4600,MATMUL,PIPE_M,331254,331842,588,378550
case_084,post,1,1000022792,COPY_OUT,PIPE_MTE3,331254,331710,456,378550
case_084,post,1,1000022870,COPY_IN,PIPE_MTE2,331254,331262,8,378550
case_084,post,1,1000022868,COPY_IN,PIPE_MTE2,331262,331717,455,378550
case_084,post,1,1000022874,COPY_IN,PIPE_MTE2,331717,332039,322,378550
case_084,post,1,4602,DIV,PIPE_V,331842,332142,300,378550
case_084,post,1,1000022876,COPY_IN,PIPE_MTE2,332039,332469,430,378550
case_084,post,1,4603,REDUCE,PIPE_V,332142,332226,84,378550
case_084,post,1,4604,SUB,PIPE_V,332226,332310,84,378550
case_084,post,1,4605,EXP,PIPE_V,332310,332610,300,378550
case_084,post,1,4606,REDUCE,PIPE_V,332610,332694,84,378550
case_084,post,1,4607,DIV,PIPE_V,332694,332994,300,378550
case_084,post,1,4608,MATMUL,PIPE_M,332994,333582,588,378550
case_084,post,1,4612,MATMUL,PIPE_M,333582,334170,588,378550
case_084,post,1,1000022802,COPY_OUT,PIPE_MTE3,333582,333988,406,378550
case_084,post,1,1000022880,COPY_IN,PIPE_MTE2,333582,333589,7,378550
case_084,post,1,1000022878,COPY_IN,PIPE_MTE2,333589,333997,408,378550
case_084,post,1,1000022884,COPY_IN,PIPE_MTE2,333997,334370,373,378550
case_084,post,1,4614,DIV,PIPE_V,334170,334470,300,378550
case_084,post,1,1000022886,COPY_IN,PIPE_MTE2,334370,334768,398,378550
case_084,post,1,4615,REDUCE,PIPE_V,334470,334554,84,378550
case_084,post,1,4616,SUB,PIPE_V,334554,334638,84,378550
case_084,post,1,4617,EXP,PIPE_V,334638,334938,300,378550
case_084,post,1,4618,REDUCE,PIPE_V,334938,335022,84,378550
case_084,post,1,4619,DIV,PIPE_V,335022,335322,300,378550
case_084,post,1,4620,MATMUL,PIPE_M,335322,335910,588,378550
case_084,post,1,4624,MATMUL,PIPE_M,335910,336498,588,378550
case_084,post,1,1000022812,COPY_OUT,PIPE_MTE3,335910,336288,378,378550
case_084,post,1,1000022890,COPY_IN,PIPE_MTE2,335910,335916,6,378550
case_084,post,1,1000022888,COPY_IN,PIPE_MTE2,335916,336297,381,378550
case_084,post,1,1000022894,COPY_IN,PIPE_MTE2,336297,336695,398,378550
case_084,post,1,4626,DIV,PIPE_V,336498,336798,300,378550
case_084,post,1,1000022896,COPY_IN,PIPE_MTE2,336695,337080,385,378550
case_084,post,1,4627,REDUCE,PIPE_V,336798,336882,84,378550
case_084,post,1,4628,SUB,PIPE_V,336882,336966,84,378550
case_084,post,1,4629,EXP,PIPE_V,336966,337266,300,378550
case_084,post,1,4630,REDUCE,PIPE_V,337266,337350,84,378550
case_084,post,1,4631,DIV,PIPE_V,337350,337650,300,378550
case_084,post,1,4632,MATMUL,PIPE_M,337650,338238,588,378550
case_084,post,1,4636,MATMUL,PIPE_M,338238,338826,588,378550
case_084,post,1,1000022822,COPY_OUT,PIPE_MTE3,338238,338607,369,378550
case_084,post,1,1000022900,COPY_IN,PIPE_MTE2,338238,338246,8,378550
case_084,post,1,1000022898,COPY_IN,PIPE_MTE2,338246,338615,369,378550
case_084,post,1,1000022904,COPY_IN,PIPE_MTE2,338615,339014,399,378550
case_084,post,1,4638,DIV,PIPE_V,338826,339126,300,378550
case_084,post,1,1000022906,COPY_IN,PIPE_MTE2,339014,339340,326,378550
case_084,post,1,4639,REDUCE,PIPE_V,339126,339210,84,378550
case_084,post,1,4640,SUB,PIPE_V,339210,339294,84,378550
case_084,post,1,4641,EXP,PIPE_V,339294,339594,300,378550
case_084,post,1,4642,REDUCE,PIPE_V,339594,339678,84,378550
case_084,post,1,4643,DIV,PIPE_V,339678,339978,300,378550
case_084,post,1,4644,MATMUL,PIPE_M,339978,340566,588,378550
case_084,post,1,4648,MATMUL,PIPE_M,340566,341154,588,378550
case_084,post,1,1000022832,COPY_OUT,PIPE_MTE3,340566,340926,360,378550
case_084,post,1,1000022910,COPY_IN,PIPE_MTE2,340566,340573,7,378550
case_084,post,1,1000022908,COPY_IN,PIPE_MTE2,340573,340933,360,378550
case_084,post,1,1000022914,COPY_IN,PIPE_MTE2,340933,341337,404,378550
case_084,post,1,4650,DIV,PIPE_V,341154,341454,300,378550
case_084,post,1,1000022916,COPY_IN,PIPE_MTE2,341337,341660,323,378550
case_084,post,1,4651,REDUCE,PIPE_V,341454,341538,84,378550
case_084,post,1,4652,SUB,PIPE_V,341538,341622,84,378550
case_084,post,1,4653,EXP,PIPE_V,341622,341922,300,378550
case_084,post,1,4654,REDUCE,PIPE_V,341922,342006,84,378550
case_084,post,1,4655,DIV,PIPE_V,342006,342306,300,378550
case_084,post,1,4656,MATMUL,PIPE_M,342306,342894,588,378550
case_084,post,1,4660,MATMUL,PIPE_M,342894,343482,588,378550
case_084,post,1,1000022842,COPY_OUT,PIPE_MTE3,342894,343299,405,378550
case_084,post,1,1000022920,COPY_IN,PIPE_MTE2,342894,342903,9,378550
case_084,post,1,1000022918,COPY_IN,PIPE_MTE2,342903,343305,402,378550
case_084,post,1,1000022924,COPY_IN,PIPE_MTE2,343305,343675,370,378550
case_084,post,1,4662,DIV,PIPE_V,343482,343782,300,378550
case_084,post,1,1000022926,COPY_IN,PIPE_MTE2,343675,344024,349,378550
case_084,post,1,4663,REDUCE,PIPE_V,343782,343866,84,378550
case_084,post,1,4664,SUB,PIPE_V,343866,343950,84,378550
case_084,post,1,4665,EXP,PIPE_V,343950,344250,300,378550
case_084,post,1,4666,REDUCE,PIPE_V,344250,344334,84,378550
case_084,post,1,4667,DIV,PIPE_V,344334,344634,300,378550
case_084,post,1,4668,MATMUL,PIPE_M,344634,345222,588,378550
case_084,post,1,4672,MATMUL,PIPE_M,345222,345810,588,378550
case_084,post,1,1000022852,COPY_OUT,PIPE_MTE3,345222,345651,429,378550
case_084,post,1,1000022930,COPY_IN,PIPE_MTE2,345222,345230,8,378550
case_084,post,1,1000022928,COPY_IN,PIPE_MTE2,345230,345658,428,378550
case_084,post,1,1000022934,COPY_IN,PIPE_MTE2,345658,346006,348,378550
case_084,post,1,4674,DIV,PIPE_V,345810,346110,300,378550
case_084,post,1,1000022936,COPY_IN,PIPE_MTE2,346006,346384,378,378550
case_084,post,1,4675,REDUCE,PIPE_V,346110,346194,84,378550
case_084,post,1,4676,SUB,PIPE_V,346194,346278,84,378550
case_084,post,1,4677,EXP,PIPE_V,346278,346578,300,378550
case_084,post,1,4678,REDUCE,PIPE_V,346578,346662,84,378550
case_084,post,1,4679,DIV,PIPE_V,346662,346962,300,378550
case_084,post,1,4680,MATMUL,PIPE_M,346962,347550,588,378550
case_084,post,1,4684,MATMUL,PIPE_M,347550,348138,588,378550
case_084,post,1,1000022862,COPY_OUT,PIPE_MTE3,347550,347980,430,378550
case_084,post,1,1000022940,COPY_IN,PIPE_MTE2,347550,347558,8,378550
case_084,post,1,1000022938,COPY_IN,PIPE_MTE2,347558,347987,429,378550
case_084,post,1,1000022944,COPY_IN,PIPE_MTE2,347987,348328,341,378550
case_084,post,1,4686,DIV,PIPE_V,348138,348438,300,378550
case_084,post,1,1000022946,COPY_IN,PIPE_MTE2,348328,348722,394,378550
case_084,post,1,4687,REDUCE,PIPE_V,348438,348522,84,378550
case_084,post,1,4688,SUB,PIPE_V,348522,348606,84,378550
case_084,post,1,4689,EXP,PIPE_V,348606,348906,300,378550
case_084,post,1,4690,REDUCE,PIPE_V,348906,348990,84,378550
case_084,post,1,4691,DIV,PIPE_V,348990,349290,300,378550
case_084,post,1,4692,MATMUL,PIPE_M,349290,349878,588,378550
case_084,post,1,4696,MATMUL,PIPE_M,349878,350466,588,378550
case_084,post,1,1000022872,COPY_OUT,PIPE_MTE3,349878,350240,362,378550
case_084,post,1,1000022950,COPY_IN,PIPE_MTE2,349878,349885,7,378550
case_084,post,1,1000022948,COPY_IN,PIPE_MTE2,349885,350246,361,378550
case_084,post,1,1000022954,COPY_IN,PIPE_MTE2,350246,350513,267,378550
case_084,post,1,4698,DIV,PIPE_V,350466,350766,300,378550
case_084,post,1,1000022956,COPY_IN,PIPE_MTE2,350513,350852,339,378550
case_084,post,1,4699,REDUCE,PIPE_V,350766,350850,84,378550
case_084,post,1,4700,SUB,PIPE_V,350850,350934,84,378550
case_084,post,1,4701,EXP,PIPE_V,350934,351234,300,378550
case_084,post,1,4702,REDUCE,PIPE_V,351234,351318,84,378550
case_084,post,1,4703,DIV,PIPE_V,351318,351618,300,378550
case_084,post,1,4704,MATMUL,PIPE_M,351618,352206,588,378550
case_084,post,1,4708,MATMUL,PIPE_M,352206,352794,588,378550
case_084,post,1,1000022882,COPY_OUT,PIPE_MTE3,352206,352520,314,378550
case_084,post,1,1000022960,COPY_IN,PIPE_MTE2,352206,352212,6,378550
case_084,post,1,1000022958,COPY_IN,PIPE_MTE2,352212,352525,313,378550
case_084,post,1,1000022964,COPY_IN,PIPE_MTE2,352525,352802,277,378550
case_084,post,1,4710,DIV,PIPE_V,352794,353094,300,378550
case_084,post,1,1000022966,COPY_IN,PIPE_MTE2,352802,353092,290,378550
case_084,post,1,4711,REDUCE,PIPE_V,353094,353178,84,378550
case_084,post,1,4712,SUB,PIPE_V,353178,353262,84,378550
case_084,post,1,4713,EXP,PIPE_V,353262,353562,300,378550
case_084,post,1,4714,REDUCE,PIPE_V,353562,353646,84,378550
case_084,post,1,4715,DIV,PIPE_V,353646,353946,300,378550
case_084,post,1,4716,MATMUL,PIPE_M,353946,354534,588,378550
case_084,post,1,4720,MATMUL,PIPE_M,354534,355122,588,378550
case_084,post,1,1000022892,COPY_OUT,PIPE_MTE3,354534,354833,299,378550
case_084,post,1,1000022970,COPY_IN,PIPE_MTE2,354534,354539,5,378550
case_084,post,1,1000022968,COPY_IN,PIPE_MTE2,354539,354839,300,378550
case_084,post,1,1000022974,COPY_IN,PIPE_MTE2,354839,355157,318,378550
case_084,post,1,4722,DIV,PIPE_V,355122,355422,300,378550
case_084,post,1,1000022976,COPY_IN,PIPE_MTE2,355157,355384,227,378550
case_084,post,1,4723,REDUCE,PIPE_V,355422,355506,84,378550
case_084,post,1,4724,SUB,PIPE_V,355506,355590,84,378550
case_084,post,1,4725,EXP,PIPE_V,355590,355890,300,378550
case_084,post,1,4726,REDUCE,PIPE_V,355890,355974,84,378550
case_084,post,1,4727,DIV,PIPE_V,355974,356274,300,378550
case_084,post,1,4728,MATMUL,PIPE_M,356274,356862,588,378550
case_084,post,1,4732,MATMUL,PIPE_M,356862,357450,588,378550
case_084,post,1,1000022902,COPY_OUT,PIPE_MTE3,356862,357191,329,378550
case_084,post,1,1000022980,COPY_IN,PIPE_MTE2,356862,356868,6,378550
case_084,post,1,1000022978,COPY_IN,PIPE_MTE2,356868,357197,329,378550
case_084,post,1,1000022988,COPY_IN,PIPE_MTE2,357197,357467,270,378550
case_084,post,1,4734,DIV,PIPE_V,357450,357750,300,378550
case_084,post,1,4735,REDUCE,PIPE_V,357750,357834,84,378550
case_084,post,1,4736,SUB,PIPE_V,357834,357918,84,378550
case_084,post,1,4737,EXP,PIPE_V,357918,358218,300,378550
case_084,post,1,4738,REDUCE,PIPE_V,358218,358302,84,378550
case_084,post,1,4739,DIV,PIPE_V,358302,358602,300,378550
case_084,post,1,4740,MATMUL,PIPE_M,358602,359190,588,378550
case_084,post,1,4744,MATMUL,PIPE_M,359190,359778,588,378550
case_084,post,1,1000022912,COPY_OUT,PIPE_MTE3,359190,359404,214,378550
case_084,post,1,4746,DIV,PIPE_V,359778,360078,300,378550
case_084,post,1,4747,REDUCE,PIPE_V,360078,360162,84,378550
case_084,post,1,4748,SUB,PIPE_V,360162,360246,84,378550
case_084,post,1,4749,EXP,PIPE_V,360246,360546,300,378550
case_084,post,1,1000022996,COPY_IN,PIPE_MTE2,360246,360644,398,378550
case_084,post,1,4750,REDUCE,PIPE_V,360546,360630,84,378550
case_084,post,1,4751,DIV,PIPE_V,360630,360930,300,378550
case_084,post,1,4752,MATMUL,PIPE_M,360930,361518,588,378550
case_084,post,1,4756,MATMUL,PIPE_M,361518,362106,588,378550
case_084,post,1,1000022922,COPY_OUT,PIPE_MTE3,361518,361786,268,378550
case_084,post,1,4758,DIV,PIPE_V,362106,362406,300,378550
case_084,post,1,4759,REDUCE,PIPE_V,362406,362490,84,378550
case_084,post,1,4760,SUB,PIPE_V,362490,362574,84,378550
case_084,post,1,4761,EXP,PIPE_V,362574,362874,300,378550
case_084,post,1,4762,REDUCE,PIPE_V,362874,362958,84,378550
case_084,post,1,4763,DIV,PIPE_V,362958,363258,300,378550
case_084,post,1,4764,MATMUL,PIPE_M,363258,363846,588,378550
case_084,post,1,4768,MATMUL,PIPE_M,363846,364434,588,378550
case_084,post,1,1000022932,COPY_OUT,PIPE_MTE3,363846,364090,244,378550
case_084,post,1,4770,DIV,PIPE_V,364434,364734,300,378550
case_084,post,1,4771,REDUCE,PIPE_V,364734,364818,84,378550
case_084,post,1,4772,SUB,PIPE_V,364818,364902,84,378550
case_084,post,1,4773,EXP,PIPE_V,364902,365202,300,378550
case_084,post,1,4774,REDUCE,PIPE_V,365202,365286,84,378550
case_084,post,1,4775,DIV,PIPE_V,365286,365586,300,378550
case_084,post,1,4776,MATMUL,PIPE_M,365586,366174,588,378550
case_084,post,1,4780,MATMUL,PIPE_M,366174,366762,588,378550
case_084,post,1,1000022942,COPY_OUT,PIPE_MTE3,366174,366407,233,378550
case_084,post,1,4782,DIV,PIPE_V,366762,367062,300,378550
case_084,post,1,4783,REDUCE,PIPE_V,367062,367146,84,378550
case_084,post,1,4784,SUB,PIPE_V,367146,367230,84,378550
case_084,post,1,4785,EXP,PIPE_V,367230,367530,300,378550
case_084,post,1,4786,REDUCE,PIPE_V,367530,367614,84,378550
case_084,post,1,4787,DIV,PIPE_V,367614,367914,300,378550
case_084,post,1,4788,MATMUL,PIPE_M,367914,368502,588,378550
case_084,post,1,4792,MATMUL,PIPE_M,368502,369090,588,378550
case_084,post,1,1000022952,COPY_OUT,PIPE_MTE3,368502,368778,276,378550
case_084,post,1,4794,DIV,PIPE_V,369090,369390,300,378550
case_084,post,1,4795,REDUCE,PIPE_V,369390,369474,84,378550
case_084,post,1,4796,SUB,PIPE_V,369474,369558,84,378550
case_084,post,1,4797,EXP,PIPE_V,369558,369858,300,378550
case_084,post,1,4798,REDUCE,PIPE_V,369858,369942,84,378550
case_084,post,1,4799,DIV,PIPE_V,369942,370242,300,378550
case_084,post,1,4800,MATMUL,PIPE_M,370242,370830,588,378550
case_084,post,1,4804,MATMUL,PIPE_M,370830,371418,588,378550
case_084,post,1,1000022962,COPY_OUT,PIPE_MTE3,370830,370934,104,378550
case_084,post,1,4806,DIV,PIPE_V,371418,371718,300,378550
case_084,post,1,4807,REDUCE,PIPE_V,371718,371802,84,378550
case_084,post,1,4808,SUB,PIPE_V,371802,371886,84,378550
case_084,post,1,4809,EXP,PIPE_V,371886,372186,300,378550
case_084,post,1,4810,REDUCE,PIPE_V,372186,372270,84,378550
case_084,post,1,4811,DIV,PIPE_V,372270,372570,300,378550
case_084,post,1,4812,MATMUL,PIPE_M,372570,373158,588,378550
case_084,post,1,4816,MATMUL,PIPE_M,373158,373746,588,378550
case_084,post,1,1000022972,COPY_OUT,PIPE_MTE3,373158,373226,68,378550
case_084,post,1,4818,DIV,PIPE_V,373746,374046,300,378550
case_084,post,1,4819,REDUCE,PIPE_V,374046,374130,84,378550
case_084,post,1,4820,SUB,PIPE_V,374130,374214,84,378550
case_084,post,1,4821,EXP,PIPE_V,374214,374514,300,378550
case_084,post,1,4822,REDUCE,PIPE_V,374514,374598,84,378550
case_084,post,1,4823,DIV,PIPE_V,374598,374898,300,378550
case_084,post,1,4824,MATMUL,PIPE_M,374898,375486,588,378550
case_084,post,1,4836,MATMUL,PIPE_M,375486,376074,588,378550
case_084,post,1,1000022982,COPY_OUT,PIPE_MTE3,375486,375538,52,378550
case_084,post,1,1000022998,COPY_OUT,PIPE_MTE3,376074,376126,52,378550
case_084,post,2,1000019966,COPY_IN,PIPE_MTE2,0,260,260,378550
case_084,post,2,1000019968,COPY_IN,PIPE_MTE2,260,520,260,378550
case_084,post,2,1732,MATMUL,PIPE_M,520,1108,588,378550
case_084,post,2,1000019972,COPY_IN,PIPE_MTE2,520,525,5,378550
case_084,post,2,1000019976,COPY_IN,PIPE_MTE2,525,785,260,378550
case_084,post,2,1000019978,COPY_IN,PIPE_MTE2,785,1045,260,378550
case_084,post,2,1000019982,COPY_IN,PIPE_MTE2,1045,1050,5,378550
case_084,post,2,1000019986,COPY_IN,PIPE_MTE2,1050,1310,260,378550
case_084,post,2,1734,DIV,PIPE_V,1108,1408,300,378550
case_084,post,2,1744,MATMUL,PIPE_M,1108,1696,588,378550
case_084,post,2,1000019988,COPY_IN,PIPE_MTE2,1310,1570,260,378550
case_084,post,2,1735,REDUCE,PIPE_V,1408,1492,84,378550
case_084,post,2,1736,SUB,PIPE_V,1492,1576,84,378550
case_084,post,2,1000019992,COPY_IN,PIPE_MTE2,1570,1575,5,378550
case_084,post,2,1000019996,COPY_IN,PIPE_MTE2,1575,1991,416,378550
case_084,post,2,1737,EXP,PIPE_V,1576,1876,300,378550
case_084,post,2,1756,MATMUL,PIPE_M,1696,2284,588,378550
case_084,post,2,1746,DIV,PIPE_V,1876,2176,300,378550
case_084,post,2,1000019998,COPY_IN,PIPE_MTE2,1991,2407,416,378550
case_084,post,2,1747,REDUCE,PIPE_V,2176,2260,84,378550
case_084,post,2,1748,SUB,PIPE_V,2260,2344,84,378550
case_084,post,2,1749,EXP,PIPE_V,2344,2644,300,378550
case_084,post,2,1768,MATMUL,PIPE_M,2407,2995,588,378550
case_084,post,2,1000020002,COPY_IN,PIPE_MTE2,2407,2415,8,378550
case_084,post,2,1000020006,COPY_IN,PIPE_MTE2,2415,2831,416,378550
case_084,post,2,1758,DIV,PIPE_V,2644,2944,300,378550
case_084,post,2,1000020008,COPY_IN,PIPE_MTE2,2831,3297,466,378550
case_084,post,2,1759,REDUCE,PIPE_V,2944,3028,84,378550
case_084,post,2,1760,SUB,PIPE_V,3028,3112,84,378550
case_084,post,2,1770,DIV,PIPE_V,3112,3412,300,378550
case_084,post,2,1780,MATMUL,PIPE_M,3297,3885,588,378550
case_084,post,2,1000020012,COPY_IN,PIPE_MTE2,3297,3306,9,378550
case_084,post,2,1000020016,COPY_IN,PIPE_MTE2,3306,3723,417,378550
case_084,post,2,1771,REDUCE,PIPE_V,3412,3496,84,378550
case_084,post,2,1772,SUB,PIPE_V,3496,3580,84,378550
case_084,post,2,1000020018,COPY_IN,PIPE_MTE2,3723,4121,398,378550
case_084,post,2,1782,DIV,PIPE_V,3885,4185,300,378550
case_084,post,2,1792,MATMUL,PIPE_M,4121,4709,588,378550
case_084,post,2,1000020022,COPY_IN,PIPE_MTE2,4121,4126,5,378550
case_084,post,2,1000020026,COPY_IN,PIPE_MTE2,4126,4406,280,378550
case_084,post,2,1783,REDUCE,PIPE_V,4185,4269,84,378550
case_084,post,2,1784,SUB,PIPE_V,4269,4353,84,378550
case_084,post,2,1000020028,COPY_IN,PIPE_MTE2,4406,4822,416,378550
case_084,post,2,1794,DIV,PIPE_V,4709,5009,300,378550
case_084,post,2,1804,MATMUL,PIPE_M,4822,5410,588,378550
case_084,post,2,1000020032,COPY_IN,PIPE_MTE2,4822,4830,8,378550
case_084,post,2,1000020036,COPY_IN,PIPE_MTE2,4830,5142,312,378550
case_084,post,2,1795,REDUCE,PIPE_V,5009,5093,84,378550
case_084,post,2,1796,SUB,PIPE_V,5093,5177,84,378550
case_084,post,2,1000020038,COPY_IN,PIPE_MTE2,5142,5583,441,378550
case_084,post,2,1806,DIV,PIPE_V,5410,5710,300,378550
case_084,post,2,1816,MATMUL,PIPE_M,5583,6171,588,378550
case_084,post,2,1000020042,COPY_IN,PIPE_MTE2,5583,5592,9,378550
case_084,post,2,1000020046,COPY_IN,PIPE_MTE2,5592,5994,402,378550
case_084,post,2,1807,REDUCE,PIPE_V,5710,5794,84,378550
case_084,post,2,1808,SUB,PIPE_V,5794,5878,84,378550
case_084,post,2,1000020048,COPY_IN,PIPE_MTE2,5994,6410,416,378550
case_084,post,2,1818,DIV,PIPE_V,6171,6471,300,378550
case_084,post,2,1828,MATMUL,PIPE_M,6410,6998,588,378550
case_084,post,2,1000020052,COPY_IN,PIPE_MTE2,6410,6418,8,378550
case_084,post,2,1000020056,COPY_IN,PIPE_MTE2,6418,6747,329,378550
case_084,post,2,1819,REDUCE,PIPE_V,6471,6555,84,378550
case_084,post,2,1820,SUB,PIPE_V,6555,6639,84,378550
case_084,post,2,1000020058,COPY_IN,PIPE_MTE2,6747,7163,416,378550
case_084,post,2,1830,DIV,PIPE_V,6998,7298,300,378550
case_084,post,2,1840,MATMUL,PIPE_M,7163,7751,588,378550
case_084,post,2,1000020062,COPY_IN,PIPE_MTE2,7163,7171,8,378550
case_084,post,2,1000020066,COPY_IN,PIPE_MTE2,7171,7462,291,378550
case_084,post,2,1831,REDUCE,PIPE_V,7298,7382,84,378550
case_084,post,2,1832,SUB,PIPE_V,7382,7466,84,378550
case_084,post,2,1000020068,COPY_IN,PIPE_MTE2,7462,7922,460,378550
case_084,post,2,1842,DIV,PIPE_V,7751,8051,300,378550
case_084,post,2,1852,MATMUL,PIPE_M,7922,8510,588,378550
case_084,post,2,1000020072,COPY_IN,PIPE_MTE2,7922,7931,9,378550
case_084,post,2,1000020076,COPY_IN,PIPE_MTE2,7931,8301,370,378550
case_084,post,2,1843,REDUCE,PIPE_V,8051,8135,84,378550
case_084,post,2,1844,SUB,PIPE_V,8135,8219,84,378550
case_084,post,2,1000020078,COPY_IN,PIPE_MTE2,8301,8717,416,378550
case_084,post,2,1854,DIV,PIPE_V,8510,8810,300,378550
case_084,post,2,1864,MATMUL,PIPE_M,8717,9305,588,378550
case_084,post,2,1000020082,COPY_IN,PIPE_MTE2,8717,8725,8,378550
case_084,post,2,1000020086,COPY_IN,PIPE_MTE2,8725,9055,330,378550
case_084,post,2,1855,REDUCE,PIPE_V,8810,8894,84,378550
case_084,post,2,1856,SUB,PIPE_V,8894,8978,84,378550
case_084,post,2,1000020088,COPY_IN,PIPE_MTE2,9055,9471,416,378550
case_084,post,2,1866,DIV,PIPE_V,9305,9605,300,378550
case_084,post,2,1876,MATMUL,PIPE_M,9471,10059,588,378550
case_084,post,2,1000020092,COPY_IN,PIPE_MTE2,9471,9479,8,378550
case_084,post,2,1000020096,COPY_IN,PIPE_MTE2,9479,9787,308,378550
case_084,post,2,1867,REDUCE,PIPE_V,9605,9689,84,378550
case_084,post,2,1868,SUB,PIPE_V,9689,9773,84,378550
case_084,post,2,1000020098,COPY_IN,PIPE_MTE2,9787,10250,463,378550
case_084,post,2,1878,DIV,PIPE_V,10059,10359,300,378550
case_084,post,2,1888,MATMUL,PIPE_M,10250,10838,588,378550
case_084,post,2,1000020102,COPY_IN,PIPE_MTE2,10250,10259,9,378550
case_084,post,2,1000020106,COPY_IN,PIPE_MTE2,10259,10628,369,378550
case_084,post,2,1879,REDUCE,PIPE_V,10359,10443,84,378550
case_084,post,2,1880,SUB,PIPE_V,10443,10527,84,378550
case_084,post,2,1000020108,COPY_IN,PIPE_MTE2,10628,11044,416,378550
case_084,post,2,1890,DIV,PIPE_V,10838,11138,300,378550
case_084,post,2,1900,MATMUL,PIPE_M,11044,11632,588,378550
case_084,post,2,1000020112,COPY_IN,PIPE_MTE2,11044,11052,8,378550
case_084,post,2,1000020116,COPY_IN,PIPE_MTE2,11052,11370,318,378550
case_084,post,2,1891,REDUCE,PIPE_V,11138,11222,84,378550
case_084,post,2,1892,SUB,PIPE_V,11222,11306,84,378550
case_084,post,2,1000020118,COPY_IN,PIPE_MTE2,11370,11786,416,378550
case_084,post,2,1902,DIV,PIPE_V,11632,11932,300,378550
case_084,post,2,1912,MATMUL,PIPE_M,11786,12374,588,378550
case_084,post,2,1000020122,COPY_IN,PIPE_MTE2,11786,11794,8,378550
case_084,post,2,1000020126,COPY_IN,PIPE_MTE2,11794,12103,309,378550
case_084,post,2,1903,REDUCE,PIPE_V,11932,12016,84,378550
case_084,post,2,1904,SUB,PIPE_V,12016,12100,84,378550
case_084,post,2,1000020128,COPY_IN,PIPE_MTE2,12103,12564,461,378550
case_084,post,2,1914,DIV,PIPE_V,12374,12674,300,378550
case_084,post,2,1924,MATMUL,PIPE_M,12564,13152,588,378550
case_084,post,2,1000020132,COPY_IN,PIPE_MTE2,12564,12573,9,378550
case_084,post,2,1000020136,COPY_IN,PIPE_MTE2,12573,12951,378,378550
case_084,post,2,1915,REDUCE,PIPE_V,12674,12758,84,378550
case_084,post,2,1916,SUB,PIPE_V,12758,12842,84,378550
case_084,post,2,1000020138,COPY_IN,PIPE_MTE2,12951,13367,416,378550
case_084,post,2,1926,DIV,PIPE_V,13152,13452,300,378550
case_084,post,2,1936,MATMUL,PIPE_M,13367,13955,588,378550
case_084,post,2,1000020142,COPY_IN,PIPE_MTE2,13367,13375,8,378550
case_084,post,2,1000020146,COPY_IN,PIPE_MTE2,13375,13694,319,378550
case_084,post,2,1927,REDUCE,PIPE_V,13452,13536,84,378550
case_084,post,2,1928,SUB,PIPE_V,13536,13620,84,378550
case_084,post,2,1000020148,COPY_IN,PIPE_MTE2,13694,14110,416,378550
case_084,post,2,1938,DIV,PIPE_V,13955,14255,300,378550
case_084,post,2,1948,MATMUL,PIPE_M,14110,14698,588,378550
case_084,post,2,1000020152,COPY_IN,PIPE_MTE2,14110,14118,8,378550
case_084,post,2,1000020156,COPY_IN,PIPE_MTE2,14118,14422,304,378550
case_084,post,2,1939,REDUCE,PIPE_V,14255,14339,84,378550
case_084,post,2,1940,SUB,PIPE_V,14339,14423,84,378550
case_084,post,2,1000020158,COPY_IN,PIPE_MTE2,14422,14881,459,378550
case_084,post,2,1950,DIV,PIPE_V,14698,14998,300,378550
case_084,post,2,1960,MATMUL,PIPE_M,14881,15469,588,378550
case_084,post,2,1000020162,COPY_IN,PIPE_MTE2,14881,14890,9,378550
case_084,post,2,1000020166,COPY_IN,PIPE_MTE2,14890,15269,379,378550
case_084,post,2,1951,REDUCE,PIPE_V,14998,15082,84,378550
case_084,post,2,1952,SUB,PIPE_V,15082,15166,84,378550
case_084,post,2,1000020168,COPY_IN,PIPE_MTE2,15269,15685,416,378550
case_084,post,2,1962,DIV,PIPE_V,15469,15769,300,378550
case_084,post,2,1972,MATMUL,PIPE_M,15685,16273,588,378550
case_084,post,2,1000020172,COPY_IN,PIPE_MTE2,15685,15693,8,378550
case_084,post,2,1000020176,COPY_IN,PIPE_MTE2,15693,16016,323,378550
case_084,post,2,1963,REDUCE,PIPE_V,15769,15853,84,378550
case_084,post,2,1964,SUB,PIPE_V,15853,15937,84,378550
case_084,post,2,1000020178,COPY_IN,PIPE_MTE2,16016,16426,410,378550
case_084,post,2,1974,DIV,PIPE_V,16273,16573,300,378550
case_084,post,2,1984,MATMUL,PIPE_M,16426,17014,588,378550
case_084,post,2,1000020182,COPY_IN,PIPE_MTE2,16426,16433,7,378550
case_084,post,2,1000020186,COPY_IN,PIPE_MTE2,16433,16682,249,378550
case_084,post,2,1975,REDUCE,PIPE_V,16573,16657,84,378550
case_084,post,2,1976,SUB,PIPE_V,16657,16741,84,378550
case_084,post,2,1000020188,COPY_IN,PIPE_MTE2,16682,17055,373,378550
case_084,post,2,1986,DIV,PIPE_V,17014,17314,300,378550
case_084,post,2,1996,MATMUL,PIPE_M,17055,17643,588,378550
case_084,post,2,1000020192,COPY_IN,PIPE_MTE2,17055,17064,9,378550
case_084,post,2,1000020196,COPY_IN,PIPE_MTE2,17064,17465,401,378550
case_084,post,2,1987,REDUCE,PIPE_V,17314,17398,84,378550
case_084,post,2,1988,SUB,PIPE_V,17398,17482,84,378550
case_084,post,2,1000020198,COPY_IN,PIPE_MTE2,17465,17871,406,378550
case_084,post,2,1998,DIV,PIPE_V,17643,17943,300,378550
case_084,post,2,2008,MATMUL,PIPE_M,17871,18459,588,378550
case_084,post,2,1000020202,COPY_IN,PIPE_MTE2,17871,17879,8,378550
case_084,post,2,1000020206,COPY_IN,PIPE_MTE2,17879,18255,376,378550
case_084,post,2,1999,REDUCE,PIPE_V,17943,18027,84,378550
case_084,post,2,2000,SUB,PIPE_V,18027,18111,84,378550
case_084,post,2,1000020208,COPY_IN,PIPE_MTE2,18255,18619,364,378550
case_084,post,2,2010,DIV,PIPE_V,18459,18759,300,378550
case_084,post,2,2020,MATMUL,PIPE_M,18619,19207,588,378550
case_084,post,2,1000020212,COPY_IN,PIPE_MTE2,18619,18626,7,378550
case_084,post,2,1000020216,COPY_IN,PIPE_MTE2,18626,18844,218,378550
case_084,post,2,2011,REDUCE,PIPE_V,18759,18843,84,378550
case_084,post,2,2012,SUB,PIPE_V,18843,18927,84,378550
case_084,post,2,1000020218,COPY_IN,PIPE_MTE2,18844,19147,303,378550
case_084,post,2,1000020222,COPY_IN,PIPE_MTE2,19147,19156,9,378550
case_084,post,2,1000020226,COPY_IN,PIPE_MTE2,19156,19601,445,378550
case_084,post,2,2022,DIV,PIPE_V,19207,19507,300,378550
case_084,post,2,2032,MATMUL,PIPE_M,19207,19795,588,378550
case_084,post,2,2023,REDUCE,PIPE_V,19507,19591,84,378550
case_084,post,2,2024,SUB,PIPE_V,19591,19675,84,378550
case_084,post,2,1000020228,COPY_IN,PIPE_MTE2,19601,19973,372,378550
case_084,post,2,2034,DIV,PIPE_V,19795,20095,300,378550
case_084,post,2,2044,MATMUL,PIPE_M,19973,20561,588,378550
case_084,post,2,1000020232,COPY_IN,PIPE_MTE2,19973,19981,8,378550
case_084,post,2,1000020236,COPY_IN,PIPE_MTE2,19981,20395,414,378550
case_084,post,2,2035,REDUCE,PIPE_V,20095,20179,84,378550
case_084,post,2,2036,SUB,PIPE_V,20179,20263,84,378550
case_084,post,2,1000020238,COPY_IN,PIPE_MTE2,20395,20759,364,378550
case_084,post,2,2046,DIV,PIPE_V,20561,20861,300,378550
case_084,post,2,2056,MATMUL,PIPE_M,20759,21347,588,378550
case_084,post,2,1000020242,COPY_IN,PIPE_MTE2,20759,20766,7,378550
case_084,post,2,1000020246,COPY_IN,PIPE_MTE2,20766,21006,240,378550
case_084,post,2,2047,REDUCE,PIPE_V,20861,20945,84,378550
case_084,post,2,2048,SUB,PIPE_V,20945,21029,84,378550
case_084,post,2,1000020248,COPY_IN,PIPE_MTE2,21006,21399,393,378550
case_084,post,2,1000030298,COPY_OUT,PIPE_MTE3,21029,21655,626,378550
case_084,post,2,2058,DIV,PIPE_V,21347,21647,300,378550
case_084,post,2,2068,MATMUL,PIPE_M,21399,21987,588,378550
case_084,post,2,2059,REDUCE,PIPE_V,21647,21731,84,378550
case_084,post,2,1000020252,COPY_IN,PIPE_MTE2,21655,21661,6,378550
case_084,post,2,1000020256,COPY_IN,PIPE_MTE2,21661,22056,395,378550
case_084,post,2,2060,SUB,PIPE_V,21731,21815,84,378550
case_084,post,2,1000030302,COPY_OUT,PIPE_MTE3,21815,22513,698,378550
case_084,post,2,2070,DIV,PIPE_V,21987,22287,300,378550
case_084,post,2,1000020258,COPY_IN,PIPE_MTE2,22056,22523,467,378550
case_084,post,2,2071,REDUCE,PIPE_V,22287,22371,84,378550
case_084,post,2,2072,SUB,PIPE_V,22513,22597,84,378550
case_084,post,2,2080,MATMUL,PIPE_M,22523,23111,588,378550
case_084,post,2,1000020262,COPY_IN,PIPE_MTE2,22523,22531,8,378550
case_084,post,2,1000020266,COPY_IN,PIPE_MTE2,22531,22969,438,378550
case_084,post,2,1000030306,COPY_OUT,PIPE_MTE3,22597,23203,606,378550
case_084,post,2,1000020268,COPY_IN,PIPE_MTE2,22969,23278,309,378550
case_084,post,2,2082,DIV,PIPE_V,23111,23411,300,378550
case_084,post,2,2092,MATMUL,PIPE_M,23278,23866,588,378550
case_084,post,2,1000020272,COPY_IN,PIPE_MTE2,23278,23282,4,378550
case_084,post,2,1000020276,COPY_IN,PIPE_MTE2,23282,23636,354,378550
case_084,post,2,2083,REDUCE,PIPE_V,23411,23495,84,378550
case_084,post,2,2084,SUB,PIPE_V,23495,23579,84,378550
case_084,post,2,1000030310,COPY_OUT,PIPE_MTE3,23579,24158,579,378550
case_084,post,2,1000020278,COPY_IN,PIPE_MTE2,23636,24051,415,378550
case_084,post,2,2094,DIV,PIPE_V,23866,24166,300,378550
case_084,post,2,2104,MATMUL,PIPE_M,24051,24639,588,378550
case_084,post,2,1000020282,COPY_IN,PIPE_MTE2,24158,24164,6,378550
case_084,post,2,1000020286,COPY_IN,PIPE_MTE2,24164,24589,425,378550
case_084,post,2,2095,REDUCE,PIPE_V,24166,24250,84,378550
case_084,post,2,2096,SUB,PIPE_V,24250,24334,84,378550
case_084,post,2,1000030314,COPY_OUT,PIPE_MTE3,24334,25027,693,378550
case_084,post,2,1000020288,COPY_IN,PIPE_MTE2,24589,25053,464,378550
case_084,post,2,2106,DIV,PIPE_V,24639,24939,300,378550
case_084,post,2,2107,REDUCE,PIPE_V,24939,25023,84,378550
case_084,post,2,2108,SUB,PIPE_V,25027,25111,84,378550
case_084,post,2,2116,MATMUL,PIPE_M,25053,25641,588,378550
case_084,post,2,1000020292,COPY_IN,PIPE_MTE2,25053,25061,8,378550
case_084,post,2,1000020296,COPY_IN,PIPE_MTE2,25061,25472,411,378550
case_084,post,2,1000030318,COPY_OUT,PIPE_MTE3,25111,25641,530,378550
case_084,post,2,1000020298,COPY_IN,PIPE_MTE2,25472,25750,278,378550
case_084,post,2,2118,DIV,PIPE_V,25641,25941,300,378550
case_084,post,2,2128,MATMUL,PIPE_M,25750,26338,588,378550
case_084,post,2,1000020302,COPY_IN,PIPE_MTE2,25750,25757,7,378550
case_084,post,2,1000020306,COPY_IN,PIPE_MTE2,25757,26123,366,378550
case_084,post,2,2119,REDUCE,PIPE_V,25941,26025,84,378550
case_084,post,2,2120,SUB,PIPE_V,26025,26109,84,378550
case_084,post,2,1000030322,COPY_OUT,PIPE_MTE3,26109,26696,587,378550
case_084,post,2,1000020308,COPY_IN,PIPE_MTE2,26123,26530,407,378550
case_084,post,2,2130,DIV,PIPE_V,26338,26638,300,378550
case_084,post,2,2140,MATMUL,PIPE_M,26530,27118,588,378550
case_084,post,2,2131,REDUCE,PIPE_V,26638,26722,84,378550
case_084,post,2,1000020312,COPY_IN,PIPE_MTE2,26696,26704,8,378550
case_084,post,2,1000020316,COPY_IN,PIPE_MTE2,26704,27160,456,378550
case_084,post,2,2132,SUB,PIPE_V,26722,26806,84,378550
case_084,post,2,1000030326,COPY_OUT,PIPE_MTE3,26806,27490,684,378550
case_084,post,2,2142,DIV,PIPE_V,27118,27418,300,378550
case_084,post,2,1000020318,COPY_IN,PIPE_MTE2,27160,27591,431,378550
case_084,post,2,2143,REDUCE,PIPE_V,27418,27502,84,378550
case_084,post,2,2144,SUB,PIPE_V,27502,27586,84,378550
case_084,post,2,1000030330,COPY_OUT,PIPE_MTE3,27586,28081,495,378550
case_084,post,2,2152,MATMUL,PIPE_M,27591,28179,588,378550
case_084,post,2,1000020322,COPY_IN,PIPE_MTE2,27591,27599,8,378550
case_084,post,2,1000020326,COPY_IN,PIPE_MTE2,27599,27953,354,378550
case_084,post,2,1000020328,COPY_IN,PIPE_MTE2,27953,28282,329,378550
case_084,post,2,2154,DIV,PIPE_V,28179,28479,300,378550
case_084,post,2,2164,MATMUL,PIPE_M,28282,28870,588,378550
case_084,post,2,1000020332,COPY_IN,PIPE_MTE2,28282,28289,7,378550
case_084,post,2,1000020336,COPY_IN,PIPE_MTE2,28289,28689,400,378550
case_084,post,2,2155,REDUCE,PIPE_V,28479,28563,84,378550
case_084,post,2,2156,SUB,PIPE_V,28563,28647,84,378550
case_084,post,2,1000030334,COPY_OUT,PIPE_MTE3,28647,29231,584,378550
case_084,post,2,1000020338,COPY_IN,PIPE_MTE2,28689,29079,390,378550
case_084,post,2,2166,DIV,PIPE_V,28870,29170,300,378550
case_084,post,2,2176,MATMUL,PIPE_M,29079,29667,588,378550
case_084,post,2,2167,REDUCE,PIPE_V,29170,29254,84,378550
case_084,post,2,1000020342,COPY_IN,PIPE_MTE2,29231,29239,8,378550
case_084,post,2,1000020346,COPY_IN,PIPE_MTE2,29239,29683,444,378550
case_084,post,2,2168,SUB,PIPE_V,29254,29338,84,378550
case_084,post,2,1000030338,COPY_OUT,PIPE_MTE3,29338,29987,649,378550
case_084,post,2,2178,DIV,PIPE_V,29667,29967,300,378550
case_084,post,2,1000020348,COPY_IN,PIPE_MTE2,29683,30090,407,378550
case_084,post,2,2179,REDUCE,PIPE_V,29967,30051,84,378550
case_084,post,2,2180,SUB,PIPE_V,30051,30135,84,378550
case_084,post,2,2188,MATMUL,PIPE_M,30090,30678,588,378550
case_084,post,2,1000020352,COPY_IN,PIPE_MTE2,30090,30097,7,378550
case_084,post,2,1000020356,COPY_IN,PIPE_MTE2,30097,30396,299,378550
case_084,post,2,1000030342,COPY_OUT,PIPE_MTE3,30135,30627,492,378550
case_084,post,2,1000020358,COPY_IN,PIPE_MTE2,30396,30779,383,378550
case_084,post,2,2190,DIV,PIPE_V,30678,30978,300,378550
case_084,post,2,2200,MATMUL,PIPE_M,30779,31367,588,378550
case_084,post,2,1000020362,COPY_IN,PIPE_MTE2,30779,30787,8,378550
case_084,post,2,1000020366,COPY_IN,PIPE_MTE2,30787,31189,402,378550
case_084,post,2,2191,REDUCE,PIPE_V,30978,31062,84,378550
case_084,post,2,2192,SUB,PIPE_V,31062,31146,84,378550
case_084,post,2,1000030346,COPY_OUT,PIPE_MTE3,31146,31769,623,378550
case_084,post,2,1000020368,COPY_IN,PIPE_MTE2,31189,31619,430,378550
case_084,post,2,2202,DIV,PIPE_V,31367,31667,300,378550
case_084,post,2,2212,MATMUL,PIPE_M,31619,32207,588,378550
case_084,post,2,2203,REDUCE,PIPE_V,31667,31751,84,378550
case_084,post,2,2204,SUB,PIPE_V,31769,31853,84,378550
case_084,post,2,1000020372,COPY_IN,PIPE_MTE2,31769,31777,8,378550
case_084,post,2,1000020376,COPY_IN,PIPE_MTE2,31777,32194,417,378550
case_084,post,2,1000030350,COPY_OUT,PIPE_MTE3,31853,32470,617,378550
case_084,post,2,1000020378,COPY_IN,PIPE_MTE2,32194,32587,393,378550
case_084,post,2,2214,DIV,PIPE_V,32207,32507,300,378550
case_084,post,2,2215,REDUCE,PIPE_V,32507,32591,84,378550
case_084,post,2,2224,MATMUL,PIPE_M,32587,33175,588,378550
case_084,post,2,1000020382,COPY_IN,PIPE_MTE2,32587,32591,4,378550
case_084,post,2,2216,SUB,PIPE_V,32591,32675,84,378550
case_084,post,2,1000020386,COPY_IN,PIPE_MTE2,32591,32849,258,378550
case_084,post,2,1000030354,COPY_OUT,PIPE_MTE3,32675,33244,569,378550
case_084,post,2,1000020388,COPY_IN,PIPE_MTE2,32849,33298,449,378550
case_084,post,2,2226,DIV,PIPE_V,33175,33475,300,378550
case_084,post,2,2236,MATMUL,PIPE_M,33298,33886,588,378550
case_084,post,2,1000020392,COPY_IN,PIPE_MTE2,33298,33307,9,378550
case_084,post,2,1000020396,COPY_IN,PIPE_MTE2,33307,33670,363,378550
case_084,post,2,2227,REDUCE,PIPE_V,33475,33559,84,378550
case_084,post,2,2228,SUB,PIPE_V,33559,33643,84,378550
case_084,post,2,1000030358,COPY_OUT,PIPE_MTE3,33643,34307,664,378550
case_084,post,2,1000020398,COPY_IN,PIPE_MTE2,33670,34138,468,378550
case_084,post,2,2238,DIV,PIPE_V,33886,34186,300,378550
case_084,post,2,2248,MATMUL,PIPE_M,34138,34726,588,378550
case_084,post,2,2239,REDUCE,PIPE_V,34186,34270,84,378550
case_084,post,2,2240,SUB,PIPE_V,34307,34391,84,378550
case_084,post,2,1000020402,COPY_IN,PIPE_MTE2,34307,34312,5,378550
case_084,post,2,1000020406,COPY_IN,PIPE_MTE2,34312,34720,408,378550
case_084,post,2,1000030362,COPY_OUT,PIPE_MTE3,34391,34981,590,378550
case_084,post,2,1000020408,COPY_IN,PIPE_MTE2,34720,35046,326,378550
case_084,post,2,2250,DIV,PIPE_V,34726,35026,300,378550
case_084,post,2,2251,REDUCE,PIPE_V,35026,35110,84,378550
case_084,post,2,2260,MATMUL,PIPE_M,35046,35634,588,378550
case_084,post,2,1000020412,COPY_IN,PIPE_MTE2,35046,35050,4,378550
case_084,post,2,1000020416,COPY_IN,PIPE_MTE2,35050,35346,296,378550
case_084,post,2,2252,SUB,PIPE_V,35110,35194,84,378550
case_084,post,2,1000030366,COPY_OUT,PIPE_MTE3,35194,35884,690,378550
case_084,post,2,1000020418,COPY_IN,PIPE_MTE2,35346,35843,497,378550
case_084,post,2,2262,DIV,PIPE_V,35634,35934,300,378550
case_084,post,2,2272,MATMUL,PIPE_M,35843,36431,588,378550
case_084,post,2,1000020422,COPY_IN,PIPE_MTE2,35884,35890,6,378550
case_084,post,2,1000020426,COPY_IN,PIPE_MTE2,35890,36272,382,378550
case_084,post,2,2263,REDUCE,PIPE_V,35934,36018,84,378550
case_084,post,2,2264,SUB,PIPE_V,36018,36102,84,378550
case_084,post,2,1000030370,COPY_OUT,PIPE_MTE3,36102,36789,687,378550
case_084,post,2,1000020428,COPY_IN,PIPE_MTE2,36272,36740,468,378550
case_084,post,2,2274,DIV,PIPE_V,36431,36731,300,378550
case_084,post,2,2275,REDUCE,PIPE_V,36731,36815,84,378550
case_084,post,2,2284,MATMUL,PIPE_M,36740,37328,588,378550
case_084,post,2,1000020432,COPY_IN,PIPE_MTE2,36789,36796,7,378550
case_084,post,2,1000020436,COPY_IN,PIPE_MTE2,36796,37197,401,378550
case_084,post,2,2276,SUB,PIPE_V,36815,36899,84,378550
case_084,post,2,1000030374,COPY_OUT,PIPE_MTE3,36899,37424,525,378550
case_084,post,2,1000020438,COPY_IN,PIPE_MTE2,37197,37473,276,378550
case_084,post,2,2286,DIV,PIPE_V,37328,37628,300,378550
case_084,post,2,2296,MATMUL,PIPE_M,37473,38061,588,378550
case_084,post,2,1000020442,COPY_IN,PIPE_MTE2,37473,37477,4,378550
case_084,post,2,1000020446,COPY_IN,PIPE_MTE2,37477,37826,349,378550
case_084,post,2,2287,REDUCE,PIPE_V,37628,37712,84,378550
case_084,post,2,2288,SUB,PIPE_V,37712,37796,84,378550
case_084,post,2,1000030378,COPY_OUT,PIPE_MTE3,37796,38423,627,378550
case_084,post,2,1000020448,COPY_IN,PIPE_MTE2,37826,38289,463,378550
case_084,post,2,2298,DIV,PIPE_V,38061,38361,300,378550
case_084,post,2,2308,MATMUL,PIPE_M,38289,38877,588,378550
case_084,post,2,2299,REDUCE,PIPE_V,38361,38445,84,378550
case_084,post,2,1000020452,COPY_IN,PIPE_MTE2,38423,38431,8,378550
case_084,post,2,1000020456,COPY_IN,PIPE_MTE2,38431,38887,456,378550
case_084,post,2,2300,SUB,PIPE_V,38445,38529,84,378550
case_084,post,2,1000030382,COPY_OUT,PIPE_MTE3,38529,39204,675,378550
case_084,post,2,2310,DIV,PIPE_V,38877,39177,300,378550
case_084,post,2,1000020458,COPY_IN,PIPE_MTE2,38887,39307,420,378550
case_084,post,2,2311,REDUCE,PIPE_V,39177,39261,84,378550
case_084,post,2,2312,SUB,PIPE_V,39261,39345,84,378550
case_084,post,2,2320,MATMUL,PIPE_M,39307,39895,588,378550
case_084,post,2,1000020462,COPY_IN,PIPE_MTE2,39307,39314,7,378550
case_084,post,2,1000020466,COPY_IN,PIPE_MTE2,39314,39692,378,378550
case_084,post,2,1000030386,COPY_OUT,PIPE_MTE3,39345,39840,495,378550
case_084,post,2,1000020468,COPY_IN,PIPE_MTE2,39692,39962,270,378550
case_084,post,2,2322,DIV,PIPE_V,39895,40195,300,378550
case_084,post,2,2332,MATMUL,PIPE_M,39962,40550,588,378550
case_084,post,2,1000020472,COPY_IN,PIPE_MTE2,39962,39969,7,378550
case_084,post,2,1000020476,COPY_IN,PIPE_MTE2,39969,40405,436,378550
case_084,post,2,2323,REDUCE,PIPE_V,40195,40279,84,378550
case_084,post,2,2324,SUB,PIPE_V,40279,40363,84,378550
case_084,post,2,1000030390,COPY_OUT,PIPE_MTE3,40363,40968,605,378550
case_084,post,2,1000020478,COPY_IN,PIPE_MTE2,40405,40802,397,378550
case_084,post,2,2334,DIV,PIPE_V,40550,40850,300,378550
case_084,post,2,2344,MATMUL,PIPE_M,40802,41390,588,378550
case_084,post,2,2335,REDUCE,PIPE_V,40850,40934,84,378550
case_084,post,2,2336,SUB,PIPE_V,40968,41052,84,378550
case_084,post,2,1000020482,COPY_IN,PIPE_MTE2,40968,40976,8,378550
case_084,post,2,1000020486,COPY_IN,PIPE_MTE2,40976,41419,443,378550
case_084,post,2,1000030394,COPY_OUT,PIPE_MTE3,41052,41694,642,378550
case_084,post,2,2346,DIV,PIPE_V,41390,41690,300,378550
case_084,post,2,1000020488,COPY_IN,PIPE_MTE2,41419,41817,398,378550
case_084,post,2,2347,REDUCE,PIPE_V,41690,41774,84,378550
case_084,post,2,2348,SUB,PIPE_V,41774,41858,84,378550
case_084,post,2,2356,MATMUL,PIPE_M,41817,42405,588,378550
case_084,post,2,1000020492,COPY_IN,PIPE_MTE2,41817,41824,7,378550
case_084,post,2,1000020496,COPY_IN,PIPE_MTE2,41824,42146,322,378550
case_084,post,2,1000030398,COPY_OUT,PIPE_MTE3,41858,42320,462,378550
case_084,post,2,1000020498,COPY_IN,PIPE_MTE2,42146,42491,345,378550
case_084,post,2,2358,DIV,PIPE_V,42405,42705,300,378550
case_084,post,2,2368,MATMUL,PIPE_M,42491,43079,588,378550
case_084,post,2,1000020502,COPY_IN,PIPE_MTE2,42491,42500,9,378550
case_084,post,2,1000020506,COPY_IN,PIPE_MTE2,42500,42950,450,378550
case_084,post,2,2359,REDUCE,PIPE_V,42705,42789,84,378550
case_084,post,2,2360,SUB,PIPE_V,42789,42873,84,378550
case_084,post,2,1000030402,COPY_OUT,PIPE_MTE3,42873,43473,600,378550
case_084,post,2,1000020508,COPY_IN,PIPE_MTE2,42950,43358,408,378550
case_084,post,2,2370,DIV,PIPE_V,43079,43379,300,378550
case_084,post,2,2380,MATMUL,PIPE_M,43358,43946,588,378550
case_084,post,2,2371,REDUCE,PIPE_V,43379,43463,84,378550
case_084,post,2,2372,SUB,PIPE_V,43473,43557,84,378550
case_084,post,2,1000020512,COPY_IN,PIPE_MTE2,43473,43481,8,378550
case_084,post,2,1000020516,COPY_IN,PIPE_MTE2,43481,43887,406,378550
case_084,post,2,1000030406,COPY_OUT,PIPE_MTE3,43557,44163,606,378550
case_084,post,2,1000020518,COPY_IN,PIPE_MTE2,43887,44286,399,378550
case_084,post,2,2382,DIV,PIPE_V,43946,44246,300,378550
case_084,post,2,2383,REDUCE,PIPE_V,44246,44330,84,378550
case_084,post,2,2392,MATMUL,PIPE_M,44286,44874,588,378550
case_084,post,2,1000020522,COPY_IN,PIPE_MTE2,44286,44293,7,378550
case_084,post,2,1000020526,COPY_IN,PIPE_MTE2,44293,44563,270,378550
case_084,post,2,2384,SUB,PIPE_V,44330,44414,84,378550
case_084,post,2,1000030410,COPY_OUT,PIPE_MTE3,44414,44938,524,378550
case_084,post,2,1000020528,COPY_IN,PIPE_MTE2,44563,44981,418,378550
case_084,post,2,2394,DIV,PIPE_V,44874,45174,300,378550
case_084,post,2,2404,MATMUL,PIPE_M,44981,45569,588,378550
case_084,post,2,1000020532,COPY_IN,PIPE_MTE2,44981,44990,9,378550
case_084,post,2,1000020536,COPY_IN,PIPE_MTE2,44990,45399,409,378550
case_084,post,2,2395,REDUCE,PIPE_V,45174,45258,84,378550
case_084,post,2,2396,SUB,PIPE_V,45258,45342,84,378550
case_084,post,2,1000030414,COPY_OUT,PIPE_MTE3,45342,45976,634,378550
case_084,post,2,1000020538,COPY_IN,PIPE_MTE2,45399,45853,454,378550
case_084,post,2,2406,DIV,PIPE_V,45569,45869,300,378550
case_084,post,2,2416,MATMUL,PIPE_M,45853,46441,588,378550
case_084,post,2,2407,REDUCE,PIPE_V,45869,45953,84,378550
case_084,post,2,2408,SUB,PIPE_V,45976,46060,84,378550
case_084,post,2,1000020542,COPY_IN,PIPE_MTE2,45976,45984,8,378550
case_084,post,2,1000020546,COPY_IN,PIPE_MTE2,45984,46366,382,378550
case_084,post,2,1000030418,COPY_OUT,PIPE_MTE3,46060,46642,582,378550
case_084,post,2,1000020548,COPY_IN,PIPE_MTE2,46366,46759,393,378550
case_084,post,2,2418,DIV,PIPE_V,46441,46741,300,378550
case_084,post,2,2419,REDUCE,PIPE_V,46741,46825,84,378550
case_084,post,2,2428,MATMUL,PIPE_M,46759,47347,588,378550
case_084,post,2,1000020552,COPY_IN,PIPE_MTE2,46759,46763,4,378550
case_084,post,2,1000020556,COPY_IN,PIPE_MTE2,46763,46986,223,378550
case_084,post,2,2420,SUB,PIPE_V,46825,46909,84,378550
case_084,post,2,1000030422,COPY_OUT,PIPE_MTE3,46909,47547,638,378550
case_084,post,2,1000020558,COPY_IN,PIPE_MTE2,46986,47462,476,378550
case_084,post,2,2430,DIV,PIPE_V,47347,47647,300,378550
case_084,post,2,2440,MATMUL,PIPE_M,47462,48050,588,378550
case_084,post,2,1000020562,COPY_IN,PIPE_MTE2,47547,47556,9,378550
case_084,post,2,1000020566,COPY_IN,PIPE_MTE2,47556,47938,382,378550
case_084,post,2,2431,REDUCE,PIPE_V,47647,47731,84,378550
case_084,post,2,2432,SUB,PIPE_V,47731,47815,84,378550
case_084,post,2,1000030426,COPY_OUT,PIPE_MTE3,47815,48486,671,378550
case_084,post,2,1000020568,COPY_IN,PIPE_MTE2,47938,48406,468,378550
case_084,post,2,2442,DIV,PIPE_V,48050,48350,300,378550
case_084,post,2,2443,REDUCE,PIPE_V,48350,48434,84,378550
case_084,post,2,2452,MATMUL,PIPE_M,48406,48994,588,378550
case_084,post,2,2444,SUB,PIPE_V,48486,48570,84,378550
case_084,post,2,1000020572,COPY_IN,PIPE_MTE2,48486,48490,4,378550
case_084,post,2,1000020576,COPY_IN,PIPE_MTE2,48490,48886,396,378550
case_084,post,2,1000030430,COPY_OUT,PIPE_MTE3,48570,49157,587,378550
case_084,post,2,1000020578,COPY_IN,PIPE_MTE2,48886,49215,329,378550
case_084,post,2,2454,DIV,PIPE_V,48994,49294,300,378550
case_084,post,2,2464,MATMUL,PIPE_M,49215,49803,588,378550
case_084,post,2,1000020582,COPY_IN,PIPE_MTE2,49215,49219,4,378550
case_084,post,2,1000020586,COPY_IN,PIPE_MTE2,49219,49499,280,378550
case_084,post,2,2455,REDUCE,PIPE_V,49294,49378,84,378550
case_084,post,2,2456,SUB,PIPE_V,49378,49462,84,378550
case_084,post,2,1000030434,COPY_OUT,PIPE_MTE3,49462,50144,682,378550
case_084,post,2,1000020588,COPY_IN,PIPE_MTE2,49499,50010,511,378550
case_084,post,2,2466,DIV,PIPE_V,49803,50103,300,378550
case_084,post,2,2476,MATMUL,PIPE_M,50010,50598,588,378550
case_084,post,2,2467,REDUCE,PIPE_V,50103,50187,84,378550
case_084,post,2,1000020592,COPY_IN,PIPE_MTE2,50144,50149,5,378550
case_084,post,2,1000020596,COPY_IN,PIPE_MTE2,50149,50538,389,378550
case_084,post,2,2468,SUB,PIPE_V,50187,50271,84,378550
case_084,post,2,1000030438,COPY_OUT,PIPE_MTE3,50271,50868,597,378550
case_084,post,2,1000020598,COPY_IN,PIPE_MTE2,50538,50927,389,378550
case_084,post,2,2478,DIV,PIPE_V,50598,50898,300,378550
case_084,post,2,2479,REDUCE,PIPE_V,50898,50982,84,378550
case_084,post,2,2488,MATMUL,PIPE_M,50927,51515,588,378550
case_084,post,2,1000020602,COPY_IN,PIPE_MTE2,50927,50934,7,378550
case_084,post,2,1000020606,COPY_IN,PIPE_MTE2,50934,51331,397,378550
case_084,post,2,2480,SUB,PIPE_V,50982,51066,84,378550
case_084,post,2,1000030442,COPY_OUT,PIPE_MTE3,51066,51620,554,378550
case_084,post,2,1000020608,COPY_IN,PIPE_MTE2,51331,51662,331,378550
case_084,post,2,2490,DIV,PIPE_V,51515,51815,300,378550
case_084,post,2,2500,MATMUL,PIPE_M,51662,52250,588,378550
case_084,post,2,1000020612,COPY_IN,PIPE_MTE2,51662,51669,7,378550
case_084,post,2,1000020616,COPY_IN,PIPE_MTE2,51669,52107,438,378550
case_084,post,2,2491,REDUCE,PIPE_V,51815,51899,84,378550
case_084,post,2,2492,SUB,PIPE_V,51899,51983,84,378550
case_084,post,2,1000030446,COPY_OUT,PIPE_MTE3,51983,52649,666,378550
case_084,post,2,1000020618,COPY_IN,PIPE_MTE2,52107,52549,442,378550
case_084,post,2,2502,DIV,PIPE_V,52250,52550,300,378550
case_084,post,2,2512,MATMUL,PIPE_M,52549,53137,588,378550
case_084,post,2,2503,REDUCE,PIPE_V,52550,52634,84,378550
case_084,post,2,2504,SUB,PIPE_V,52649,52733,84,378550
case_084,post,2,1000020622,COPY_IN,PIPE_MTE2,52649,52657,8,378550
case_084,post,2,1000020626,COPY_IN,PIPE_MTE2,52657,53113,456,378550
case_084,post,2,1000030450,COPY_OUT,PIPE_MTE3,52733,53346,613,378550
case_084,post,2,1000020628,COPY_IN,PIPE_MTE2,53113,53469,356,378550
case_084,post,2,2514,DIV,PIPE_V,53137,53437,300,378550
case_084,post,2,2515,REDUCE,PIPE_V,53437,53521,84,378550
case_084,post,2,2524,MATMUL,PIPE_M,53469,54057,588,378550
case_084,post,2,1000020632,COPY_IN,PIPE_MTE2,53469,53476,7,378550
case_084,post,2,1000020636,COPY_IN,PIPE_MTE2,53476,53852,376,378550
case_084,post,2,2516,SUB,PIPE_V,53521,53605,84,378550
case_084,post,2,1000030454,COPY_OUT,PIPE_MTE3,53605,54071,466,378550
case_084,post,2,1000020638,COPY_IN,PIPE_MTE2,53852,54123,271,378550
case_084,post,2,2526,DIV,PIPE_V,54057,54357,300,378550
case_084,post,2,2536,MATMUL,PIPE_M,54123,54711,588,378550
case_084,post,2,1000020642,COPY_IN,PIPE_MTE2,54123,54129,6,378550
case_084,post,2,1000020646,COPY_IN,PIPE_MTE2,54129,54594,465,378550
case_084,post,2,2527,REDUCE,PIPE_V,54357,54441,84,378550
case_084,post,2,2528,SUB,PIPE_V,54441,54525,84,378550
case_084,post,2,1000030458,COPY_OUT,PIPE_MTE3,54525,55166,641,378550
case_084,post,2,1000020648,COPY_IN,PIPE_MTE2,54594,55028,434,378550
case_084,post,2,2538,DIV,PIPE_V,54711,55011,300,378550
case_084,post,2,2539,REDUCE,PIPE_V,55011,55095,84,378550
case_084,post,2,2548,MATMUL,PIPE_M,55028,55616,588,378550
case_084,post,2,2540,SUB,PIPE_V,55166,55250,84,378550
case_084,post,2,1000020652,COPY_IN,PIPE_MTE2,55166,55174,8,378550
case_084,post,2,1000020656,COPY_IN,PIPE_MTE2,55174,55578,404,378550
case_084,post,2,1000030462,COPY_OUT,PIPE_MTE3,55250,55833,583,378550
case_084,post,2,1000020658,COPY_IN,PIPE_MTE2,55578,55957,379,378550
case_084,post,2,2550,DIV,PIPE_V,55616,55916,300,378550
case_084,post,2,2551,REDUCE,PIPE_V,55916,56000,84,378550
case_084,post,2,2560,MATMUL,PIPE_M,55957,56545,588,378550
case_084,post,2,1000020662,COPY_IN,PIPE_MTE2,55957,55964,7,378550
case_084,post,2,1000020666,COPY_IN,PIPE_MTE2,55964,56298,334,378550
case_084,post,2,2552,SUB,PIPE_V,56000,56084,84,378550
case_084,post,2,1000030466,COPY_OUT,PIPE_MTE3,56084,56583,499,378550
case_084,post,2,1000020668,COPY_IN,PIPE_MTE2,56298,56673,375,378550
case_084,post,2,2562,DIV,PIPE_V,56545,56845,300,378550
case_084,post,2,2572,MATMUL,PIPE_M,56673,57261,588,378550
case_084,post,2,1000020672,COPY_IN,PIPE_MTE2,56673,56682,9,378550
case_084,post,2,1000021612,COPY_IN,PIPE_MTE2,56682,57129,447,378550
case_084,post,2,2563,REDUCE,PIPE_V,56845,56929,84,378550
case_084,post,2,2564,SUB,PIPE_V,56929,57013,84,378550
case_084,post,2,1000030470,COPY_OUT,PIPE_MTE3,57013,57561,548,378550
case_084,post,2,1000021614,COPY_IN,PIPE_MTE2,57129,57489,360,378550
case_084,post,2,2574,DIV,PIPE_V,57261,57561,300,378550
case_084,post,2,3448,MATMUL,PIPE_M,57489,58077,588,378550
case_084,post,2,2575,REDUCE,PIPE_V,57561,57645,84,378550
case_084,post,2,1000021618,COPY_IN,PIPE_MTE2,57561,57567,6,378550
case_084,post,2,1000021625,COPY_IN,PIPE_MTE2,57567,57830,263,378550
case_084,post,2,2576,SUB,PIPE_V,57645,57729,84,378550
case_084,post,2,1000030474,COPY_OUT,PIPE_MTE3,57729,58132,403,378550
case_084,post,2,1000021627,COPY_IN,PIPE_MTE2,57830,58108,278,378550
case_084,post,2,3450,DIV,PIPE_V,58077,58377,300,378550
case_084,post,2,3460,MATMUL,PIPE_M,58108,58696,588,378550
case_084,post,2,1000021631,COPY_IN,PIPE_MTE2,58132,58137,5,378550
case_084,post,2,1000021638,COPY_IN,PIPE_MTE2,58137,58396,259,378550
case_084,post,2,3451,REDUCE,PIPE_V,58377,58461,84,378550
case_084,post,2,1000021640,COPY_IN,PIPE_MTE2,58396,58644,248,378550
case_084,post,2,3452,SUB,PIPE_V,58461,58545,84,378550
case_084,post,2,1000021620,COPY_OUT,PIPE_MTE3,58545,59051,506,378550
case_084,post,2,3462,DIV,PIPE_V,58696,58996,300,378550
case_084,post,2,3472,MATMUL,PIPE_M,58696,59284,588,378550
case_084,post,2,3463,REDUCE,PIPE_V,58996,59080,84,378550
case_084,post,2,1000021644,COPY_IN,PIPE_MTE2,59051,59058,7,378550
case_084,post,2,1000021651,COPY_IN,PIPE_MTE2,59058,59403,345,378550
case_084,post,2,3464,SUB,PIPE_V,59080,59164,84,378550
case_084,post,2,1000021633,COPY_OUT,PIPE_MTE3,59164,59695,531,378550
case_084,post,2,3474,DIV,PIPE_V,59284,59584,300,378550
case_084,post,2,1000021653,COPY_IN,PIPE_MTE2,59403,59757,354,378550
case_084,post,2,3475,REDUCE,PIPE_V,59584,59668,84,378550
case_084,post,2,3476,SUB,PIPE_V,59695,59779,84,378550
case_084,post,2,3484,MATMUL,PIPE_M,59757,60345,588,378550
case_084,post,2,1000021657,COPY_IN,PIPE_MTE2,59757,59763,6,378550
case_084,post,2,1000021664,COPY_IN,PIPE_MTE2,59763,60065,302,378550
case_084,post,2,1000021646,COPY_OUT,PIPE_MTE3,59779,60230,451,378550
case_084,post,2,1000021666,COPY_IN,PIPE_MTE2,60065,60349,284,378550
case_084,post,2,3486,DIV,PIPE_V,60345,60645,300,378550
case_084,post,2,3496,MATMUL,PIPE_M,60349,60937,588,378550
case_084,post,2,1000021670,COPY_IN,PIPE_MTE2,60349,60353,4,378550
case_084,post,2,1000021677,COPY_IN,PIPE_MTE2,60353,60574,221,378550
case_084,post,2,1000021679,COPY_IN,PIPE_MTE2,60574,60838,264,378550
case_084,post,2,3487,REDUCE,PIPE_V,60645,60729,84,378550
case_084,post,2,3488,SUB,PIPE_V,60729,60813,84,378550
case_084,post,2,1000021659,COPY_OUT,PIPE_MTE3,60813,61274,461,378550
case_084,post,2,3498,DIV,PIPE_V,60937,61237,300,378550
case_084,post,2,3508,MATMUL,PIPE_M,60937,61525,588,378550
case_084,post,2,3499,REDUCE,PIPE_V,61237,61321,84,378550
case_084,post,2,1000021683,COPY_IN,PIPE_MTE2,61274,61281,7,378550
case_084,post,2,1000021690,COPY_IN,PIPE_MTE2,61281,61645,364,378550
case_084,post,2,3500,SUB,PIPE_V,61321,61405,84,378550
case_084,post,2,1000021672,COPY_OUT,PIPE_MTE3,61405,61936,531,378550
case_084,post,2,3510,DIV,PIPE_V,61525,61825,300,378550
case_084,post,2,1000021692,COPY_IN,PIPE_MTE2,61645,61992,347,378550
case_084,post,2,3511,REDUCE,PIPE_V,61825,61909,84,378550
case_084,post,2,3512,SUB,PIPE_V,61936,62020,84,378550
case_084,post,2,3520,MATMUL,PIPE_M,61992,62580,588,378550
case_084,post,2,1000021696,COPY_IN,PIPE_MTE2,61992,61998,6,378550
case_084,post,2,1000021703,COPY_IN,PIPE_MTE2,61998,62313,315,378550
case_084,post,2,1000021685,COPY_OUT,PIPE_MTE3,62020,62480,460,378550
case_084,post,2,1000021705,COPY_IN,PIPE_MTE2,62313,62597,284,378550
case_084,post,2,3522,DIV,PIPE_V,62580,62880,300,378550
case_084,post,2,3532,MATMUL,PIPE_M,62597,63185,588,378550
case_084,post,2,1000021709,COPY_IN,PIPE_MTE2,62597,62602,5,378550
case_084,post,2,1000021716,COPY_IN,PIPE_MTE2,62602,62838,236,378550
case_084,post,2,1000021718,COPY_IN,PIPE_MTE2,62838,63069,231,378550
case_084,post,2,3523,REDUCE,PIPE_V,62880,62964,84,378550
case_084,post,2,3524,SUB,PIPE_V,62964,63048,84,378550
case_084,post,2,1000021698,COPY_OUT,PIPE_MTE3,63048,63510,462,378550
case_084,post,2,3534,DIV,PIPE_V,63185,63485,300,378550
case_084,post,2,3544,MATMUL,PIPE_M,63185,63773,588,378550
case_084,post,2,3535,REDUCE,PIPE_V,63485,63569,84,378550
case_084,post,2,1000021722,COPY_IN,PIPE_MTE2,63510,63516,6,378550
case_084,post,2,1000021729,COPY_IN,PIPE_MTE2,63516,63879,363,378550
case_084,post,2,3536,SUB,PIPE_V,63569,63653,84,378550
case_084,post,2,1000021711,COPY_OUT,PIPE_MTE3,63653,64196,543,378550
case_084,post,2,3546,DIV,PIPE_V,63773,64073,300,378550
case_084,post,2,1000021731,COPY_IN,PIPE_MTE2,63879,64231,352,378550
case_084,post,2,3547,REDUCE,PIPE_V,64073,64157,84,378550
case_084,post,2,3548,SUB,PIPE_V,64196,64280,84,378550
case_084,post,2,3556,MATMUL,PIPE_M,64231,64819,588,378550
case_084,post,2,1000021735,COPY_IN,PIPE_MTE2,64231,64237,6,378550
case_084,post,2,1000021742,COPY_IN,PIPE_MTE2,64237,64574,337,378550
case_084,post,2,1000021724,COPY_OUT,PIPE_MTE3,64280,64750,470,378550
case_084,post,2,1000021744,COPY_IN,PIPE_MTE2,64574,64845,271,378550
case_084,post,2,3558,DIV,PIPE_V,64819,65119,300,378550
case_084,post,2,3568,MATMUL,PIPE_M,64845,65433,588,378550
case_084,post,2,1000021748,COPY_IN,PIPE_MTE2,64845,64850,5,378550
case_084,post,2,1000021755,COPY_IN,PIPE_MTE2,64850,65110,260,378550
case_084,post,2,1000021757,COPY_IN,PIPE_MTE2,65110,65336,226,378550
case_084,post,2,3559,REDUCE,PIPE_V,65119,65203,84,378550
case_084,post,2,3560,SUB,PIPE_V,65203,65287,84,378550
case_084,post,2,1000021737,COPY_OUT,PIPE_MTE3,65287,65682,395,378550
case_084,post,2,3570,DIV,PIPE_V,65433,65733,300,378550
case_084,post,2,3580,MATMUL,PIPE_M,65433,66021,588,378550
case_084,post,2,1000021761,COPY_IN,PIPE_MTE2,65682,65688,6,378550
case_084,post,2,1000021768,COPY_IN,PIPE_MTE2,65688,66077,389,378550
case_084,post,2,3571,REDUCE,PIPE_V,65733,65817,84,378550
case_084,post,2,3572,SUB,PIPE_V,65817,65901,84,378550
case_084,post,2,1000021750,COPY_OUT,PIPE_MTE3,65901,66451,550,378550
case_084,post,2,3582,DIV,PIPE_V,66021,66321,300,378550
case_084,post,2,1000021770,COPY_IN,PIPE_MTE2,66077,66444,367,378550
case_084,post,2,3583,REDUCE,PIPE_V,66321,66405,84,378550
case_084,post,2,3592,MATMUL,PIPE_M,66444,67032,588,378550
case_084,post,2,3584,SUB,PIPE_V,66451,66535,84,378550
case_084,post,2,1000021774,COPY_IN,PIPE_MTE2,66451,66457,6,378550
case_084,post,2,1000021781,COPY_IN,PIPE_MTE2,66457,66799,342,378550
case_084,post,2,1000021763,COPY_OUT,PIPE_MTE3,66535,67029,494,378550
case_084,post,2,1000021783,COPY_IN,PIPE_MTE2,66799,67093,294,378550
case_084,post,2,3594,DIV,PIPE_V,67032,67332,300,378550
case_084,post,2,3604,MATMUL,PIPE_M,67093,67681,588,378550
case_084,post,2,1000021787,COPY_IN,PIPE_MTE2,67093,67097,4,378550
case_084,post,2,1000021794,COPY_IN,PIPE_MTE2,67097,67334,237,378550
case_084,post,2,3595,REDUCE,PIPE_V,67332,67416,84,378550
case_084,post,2,1000021796,COPY_IN,PIPE_MTE2,67334,67545,211,378550
case_084,post,2,3596,SUB,PIPE_V,67416,67500,84,378550
case_084,post,2,1000021776,COPY_OUT,PIPE_MTE3,67500,67744,244,378550
case_084,post,2,3606,DIV,PIPE_V,67681,67981,300,378550
case_084,post,2,3616,MATMUL,PIPE_M,67681,68269,588,378550
case_084,post,2,1000021800,COPY_IN,PIPE_MTE2,67744,67747,3,378550
case_084,post,2,1000021807,COPY_IN,PIPE_MTE2,67747,67967,220,378550
case_084,post,2,1000021809,COPY_IN,PIPE_MTE2,67967,68364,397,378550
case_084,post,2,3607,REDUCE,PIPE_V,67981,68065,84,378550
case_084,post,2,3608,SUB,PIPE_V,68065,68149,84,378550
case_084,post,2,1000021789,COPY_OUT,PIPE_MTE3,68149,68671,522,378550
case_084,post,2,3618,DIV,PIPE_V,68269,68569,300,378550
case_084,post,2,3628,MATMUL,PIPE_M,68364,68952,588,378550
case_084,post,2,3619,REDUCE,PIPE_V,68569,68653,84,378550
case_084,post,2,3620,SUB,PIPE_V,68671,68755,84,378550
case_084,post,2,1000021813,COPY_IN,PIPE_MTE2,68671,68677,6,378550
case_084,post,2,1000021820,COPY_IN,PIPE_MTE2,68677,68994,317,378550
case_084,post,2,1000021802,COPY_OUT,PIPE_MTE3,68755,69185,430,378550
case_084,post,2,3630,DIV,PIPE_V,68952,69252,300,378550
case_084,post,2,1000021822,COPY_IN,PIPE_MTE2,68994,69241,247,378550
case_084,post,2,3640,MATMUL,PIPE_M,69241,69829,588,378550
case_084,post,2,1000021826,COPY_IN,PIPE_MTE2,69241,69245,4,378550
case_084,post,2,1000021833,COPY_IN,PIPE_MTE2,69245,69442,197,378550
case_084,post,2,3631,REDUCE,PIPE_V,69252,69336,84,378550
case_084,post,2,3632,SUB,PIPE_V,69336,69420,84,378550
case_084,post,2,1000021815,COPY_OUT,PIPE_MTE3,69420,69730,310,378550
case_084,post,2,1000021835,COPY_IN,PIPE_MTE2,69442,69652,210,378550
case_084,post,2,1000021839,COPY_IN,PIPE_MTE2,69730,69734,4,378550
case_084,post,2,1000021846,COPY_IN,PIPE_MTE2,69734,69942,208,378550
case_084,post,2,3642,DIV,PIPE_V,69829,70129,300,378550
case_084,post,2,3652,MATMUL,PIPE_M,69829,70417,588,378550
case_084,post,2,1000021848,COPY_IN,PIPE_MTE2,69942,70099,157,378550
case_084,post,2,3643,REDUCE,PIPE_V,70129,70213,84,378550
case_084,post,2,3644,SUB,PIPE_V,70213,70297,84,378550
case_084,post,2,1000021828,COPY_OUT,PIPE_MTE3,70297,70807,510,378550
case_084,post,2,3654,DIV,PIPE_V,70417,70717,300,378550
case_084,post,2,3664,MATMUL,PIPE_M,70417,71005,588,378550
case_084,post,2,3655,REDUCE,PIPE_V,70717,70801,84,378550
case_084,post,2,3656,SUB,PIPE_V,70807,70891,84,378550
case_084,post,2,1000021852,COPY_IN,PIPE_MTE2,70807,70812,5,378550
case_084,post,2,1000021859,COPY_IN,PIPE_MTE2,70812,71158,346,378550
case_084,post,2,1000021841,COPY_OUT,PIPE_MTE3,70891,71374,483,378550
case_084,post,2,3666,DIV,PIPE_V,71005,71305,300,378550
case_084,post,2,1000021861,COPY_IN,PIPE_MTE2,71158,71413,255,378550
case_084,post,2,3667,REDUCE,PIPE_V,71305,71389,84,378550
case_084,post,2,3668,SUB,PIPE_V,71389,71473,84,378550
case_084,post,2,3676,MATMUL,PIPE_M,71413,72001,588,378550
case_084,post,2,1000021865,COPY_IN,PIPE_MTE2,71413,71417,4,378550
case_084,post,2,1000021872,COPY_IN,PIPE_MTE2,71417,71663,246,378550
case_084,post,2,1000021854,COPY_OUT,PIPE_MTE3,71473,71841,368,378550
case_084,post,2,1000021874,COPY_IN,PIPE_MTE2,71663,71877,214,378550
case_084,post,2,1000021878,COPY_IN,PIPE_MTE2,71877,71879,2,378550
case_084,post,2,1000021885,COPY_IN,PIPE_MTE2,71879,71983,104,378550
case_084,post,2,1000021887,COPY_IN,PIPE_MTE2,71983,72135,152,378550
case_084,post,2,3678,DIV,PIPE_V,72001,72301,300,378550
case_084,post,2,3688,MATMUL,PIPE_M,72001,72589,588,378550
case_084,post,2,3679,REDUCE,PIPE_V,72301,72385,84,378550
case_084,post,2,3680,SUB,PIPE_V,72385,72469,84,378550
case_084,post,2,1000021867,COPY_OUT,PIPE_MTE3,72469,72889,420,378550
case_084,post,2,3690,DIV,PIPE_V,72589,72889,300,378550
case_084,post,2,3700,MATMUL,PIPE_M,72589,73177,588,378550
case_084,post,2,3691,REDUCE,PIPE_V,72889,72973,84,378550
case_084,post,2,1000021891,COPY_IN,PIPE_MTE2,72889,72896,7,378550
case_084,post,2,1000021898,COPY_IN,PIPE_MTE2,72896,73263,367,378550
case_084,post,2,3692,SUB,PIPE_V,72973,73057,84,378550
case_084,post,2,1000021880,COPY_OUT,PIPE_MTE3,73057,73594,537,378550
case_084,post,2,3702,DIV,PIPE_V,73177,73477,300,378550
case_084,post,2,1000021900,COPY_IN,PIPE_MTE2,73263,73614,351,378550
case_084,post,2,3703,REDUCE,PIPE_V,73477,73561,84,378550
case_084,post,2,3704,SUB,PIPE_V,73594,73678,84,378550
case_084,post,2,3712,MATMUL,PIPE_M,73614,74202,588,378550
case_084,post,2,1000021904,COPY_IN,PIPE_MTE2,73614,73619,5,378550
case_084,post,2,1000021911,COPY_IN,PIPE_MTE2,73619,73897,278,378550
case_084,post,2,1000021893,COPY_OUT,PIPE_MTE3,73678,74118,440,378550
case_084,post,2,1000021913,COPY_IN,PIPE_MTE2,73897,74194,297,378550
case_084,post,2,1000021917,COPY_IN,PIPE_MTE2,74194,74199,5,378550
case_084,post,2,1000021924,COPY_IN,PIPE_MTE2,74199,74361,162,378550
case_084,post,2,3714,DIV,PIPE_V,74202,74502,300,378550
case_084,post,2,3724,MATMUL,PIPE_M,74202,74790,588,378550
case_084,post,2,1000021926,COPY_IN,PIPE_MTE2,74361,74618,257,378550
case_084,post,2,3715,REDUCE,PIPE_V,74502,74586,84,378550
case_084,post,2,3716,SUB,PIPE_V,74586,74670,84,378550
case_084,post,2,1000021906,COPY_OUT,PIPE_MTE3,74670,74978,308,378550
case_084,post,2,3726,DIV,PIPE_V,74790,75090,300,378550
case_084,post,2,3736,MATMUL,PIPE_M,74790,75378,588,378550
case_084,post,2,1000021930,COPY_IN,PIPE_MTE2,74978,74984,6,378550
case_084,post,2,1000021937,COPY_IN,PIPE_MTE2,74984,75372,388,378550
case_084,post,2,3727,REDUCE,PIPE_V,75090,75174,84,378550
case_084,post,2,3728,SUB,PIPE_V,75174,75258,84,378550
case_084,post,2,1000021919,COPY_OUT,PIPE_MTE3,75258,75801,543,378550
case_084,post,2,1000021939,COPY_IN,PIPE_MTE2,75372,75737,365,378550
case_084,post,2,3738,DIV,PIPE_V,75378,75678,300,378550
case_084,post,2,3739,REDUCE,PIPE_V,75678,75762,84,378550
case_084,post,2,3748,MATMUL,PIPE_M,75737,76325,588,378550
case_084,post,2,3740,SUB,PIPE_V,75801,75885,84,378550
case_084,post,2,1000021943,COPY_IN,PIPE_MTE2,75801,75807,6,378550
case_084,post,2,1000021950,COPY_IN,PIPE_MTE2,75807,76128,321,378550
case_084,post,2,1000021932,COPY_OUT,PIPE_MTE3,75885,76361,476,378550
case_084,post,2,1000021952,COPY_IN,PIPE_MTE2,76128,76418,290,378550
case_084,post,2,3750,DIV,PIPE_V,76325,76625,300,378550
case_084,post,2,3760,MATMUL,PIPE_M,76418,77006,588,378550
case_084,post,2,1000021956,COPY_IN,PIPE_MTE2,76418,76422,4,378550
case_084,post,2,1000021963,COPY_IN,PIPE_MTE2,76422,76639,217,378550
case_084,post,2,3751,REDUCE,PIPE_V,76625,76709,84,378550
case_084,post,2,1000021965,COPY_IN,PIPE_MTE2,76639,76888,249,378550
case_084,post,2,3752,SUB,PIPE_V,76709,76793,84,378550
case_084,post,2,1000021945,COPY_OUT,PIPE_MTE3,76793,77102,309,378550
case_084,post,2,3762,DIV,PIPE_V,77006,77306,300,378550
case_084,post,2,3772,MATMUL,PIPE_M,77006,77594,588,378550
case_084,post,2,1000021969,COPY_IN,PIPE_MTE2,77102,77105,3,378550
case_084,post,2,1000021976,COPY_IN,PIPE_MTE2,77105,77352,247,378550
case_084,post,2,3763,REDUCE,PIPE_V,77306,77390,84,378550
case_084,post,2,1000021978,COPY_IN,PIPE_MTE2,77352,77740,388,378550
case_084,post,2,3764,SUB,PIPE_V,77390,77474,84,378550
case_084,post,2,1000021958,COPY_OUT,PIPE_MTE3,77474,77990,516,378550
case_084,post,2,3774,DIV,PIPE_V,77594,77894,300,378550
case_084,post,2,3784,MATMUL,PIPE_M,77740,78328,588,378550
case_084,post,2,3775,REDUCE,PIPE_V,77894,77978,84,378550
case_084,post,2,3776,SUB,PIPE_V,77990,78074,84,378550
case_084,post,2,1000021982,COPY_IN,PIPE_MTE2,77990,77996,6,378550
case_084,post,2,1000021989,COPY_IN,PIPE_MTE2,77996,78354,358,378550
case_084,post,2,1000021971,COPY_OUT,PIPE_MTE3,78074,78574,500,378550
case_084,post,2,3786,DIV,PIPE_V,78328,78628,300,378550
case_084,post,2,1000021991,COPY_IN,PIPE_MTE2,78354,78632,278,378550
case_084,post,2,3787,REDUCE,PIPE_V,78628,78712,84,378550
case_084,post,2,3796,MATMUL,PIPE_M,78632,79220,588,378550
case_084,post,2,1000021995,COPY_IN,PIPE_MTE2,78632,78636,4,378550
case_084,post,2,1000022002,COPY_IN,PIPE_MTE2,78636,78897,261,378550
case_084,post,2,3788,SUB,PIPE_V,78712,78796,84,378550
case_084,post,2,1000021984,COPY_OUT,PIPE_MTE3,78796,79186,390,378550
case_084,post,2,1000022004,COPY_IN,PIPE_MTE2,78897,79160,263,378550
case_084,post,2,1000022008,COPY_IN,PIPE_MTE2,79186,79190,4,378550
case_084,post,2,1000022015,COPY_IN,PIPE_MTE2,79190,79394,204,378550
case_084,post,2,3798,DIV,PIPE_V,79220,79520,300,378550
case_084,post,2,3808,MATMUL,PIPE_M,79220,79808,588,378550
case_084,post,2,1000022017,COPY_IN,PIPE_MTE2,79394,79600,206,378550
case_084,post,2,3799,REDUCE,PIPE_V,79520,79604,84,378550
case_084,post,2,3800,SUB,PIPE_V,79604,79688,84,378550
case_084,post,2,1000021997,COPY_OUT,PIPE_MTE3,79688,80188,500,378550
case_084,post,2,3810,DIV,PIPE_V,79808,80108,300,378550
case_084,post,2,3820,MATMUL,PIPE_M,79808,80396,588,378550
case_084,post,2,3811,REDUCE,PIPE_V,80108,80192,84,378550
case_084,post,2,1000022021,COPY_IN,PIPE_MTE2,80188,80193,5,378550
case_084,post,2,3812,SUB,PIPE_V,80192,80276,84,378550
case_084,post,2,1000022028,COPY_IN,PIPE_MTE2,80193,80548,355,378550
case_084,post,2,1000022010,COPY_OUT,PIPE_MTE3,80276,80803,527,378550
case_084,post,2,3822,DIV,PIPE_V,80396,80696,300,378550
case_084,post,2,1000022030,COPY_IN,PIPE_MTE2,80548,80851,303,378550
case_084,post,2,3823,REDUCE,PIPE_V,80696,80780,84,378550
case_084,post,2,3824,SUB,PIPE_V,80803,80887,84,378550
case_084,post,2,3832,MATMUL,PIPE_M,80851,81439,588,378550
case_084,post,2,1000022034,COPY_IN,PIPE_MTE2,80851,80855,4,378550
case_084,post,2,1000022041,COPY_IN,PIPE_MTE2,80855,81150,295,378550
case_084,post,2,1000022023,COPY_OUT,PIPE_MTE3,80887,81329,442,378550
case_084,post,2,1000022043,COPY_IN,PIPE_MTE2,81150,81387,237,378550
case_084,post,2,1000022047,COPY_IN,PIPE_MTE2,81387,81390,3,378550
case_084,post,2,1000022054,COPY_IN,PIPE_MTE2,81390,81595,205,378550
case_084,post,2,3834,DIV,PIPE_V,81439,81739,300,378550
case_084,post,2,3844,MATMUL,PIPE_M,81439,82027,588,378550
case_084,post,2,1000022056,COPY_IN,PIPE_MTE2,81595,81779,184,378550
case_084,post,2,3835,REDUCE,PIPE_V,81739,81823,84,378550
case_084,post,2,3836,SUB,PIPE_V,81823,81907,84,378550
case_084,post,2,1000022036,COPY_OUT,PIPE_MTE3,81907,82400,493,378550
case_084,post,2,3846,DIV,PIPE_V,82027,82327,300,378550
case_084,post,2,3856,MATMUL,PIPE_M,82027,82615,588,378550
case_084,post,2,3847,REDUCE,PIPE_V,82327,82411,84,378550
case_084,post,2,1000022060,COPY_IN,PIPE_MTE2,82400,82406,6,378550
case_084,post,2,1000022067,COPY_IN,PIPE_MTE2,82406,82771,365,378550
case_084,post,2,3848,SUB,PIPE_V,82411,82495,84,378550
case_084,post,2,1000022049,COPY_OUT,PIPE_MTE3,82495,83050,555,378550
case_084,post,2,3858,DIV,PIPE_V,82615,82915,300,378550
case_084,post,2,1000022069,COPY_IN,PIPE_MTE2,82771,83105,334,378550
case_084,post,2,3859,REDUCE,PIPE_V,82915,82999,84,378550
case_084,post,2,3860,SUB,PIPE_V,83050,83134,84,378550
case_084,post,2,3868,MATMUL,PIPE_M,83105,83693,588,378550
case_084,post,2,1000022073,COPY_IN,PIPE_MTE2,83105,83108,3,378550
case_084,post,2,1000022080,COPY_IN,PIPE_MTE2,83108,83386,278,378550
case_084,post,2,1000022062,COPY_OUT,PIPE_MTE3,83134,83588,454,378550
case_084,post,2,1000022082,COPY_IN,PIPE_MTE2,83386,83651,265,378550
case_084,post,2,1000022086,COPY_IN,PIPE_MTE2,83651,83654,3,378550
case_084,post,2,1000022093,COPY_IN,PIPE_MTE2,83654,83829,175,378550
case_084,post,2,3870,DIV,PIPE_V,83693,83993,300,378550
case_084,post,2,3880,MATMUL,PIPE_M,83693,84281,588,378550
case_084,post,2,1000022095,COPY_IN,PIPE_MTE2,83829,84037,208,378550
case_084,post,2,3871,REDUCE,PIPE_V,83993,84077,84,378550
case_084,post,2,3872,SUB,PIPE_V,84077,84161,84,378550
case_084,post,2,1000022075,COPY_OUT,PIPE_MTE3,84161,84637,476,378550
case_084,post,2,3882,DIV,PIPE_V,84281,84581,300,378550
case_084,post,2,3892,MATMUL,PIPE_M,84281,84869,588,378550
case_084,post,2,3883,REDUCE,PIPE_V,84581,84665,84,378550
case_084,post,2,1000022099,COPY_IN,PIPE_MTE2,84637,84644,7,378550
case_084,post,2,1000022106,COPY_IN,PIPE_MTE2,84644,85029,385,378550
case_084,post,2,3884,SUB,PIPE_V,84665,84749,84,378550
case_084,post,2,1000022088,COPY_OUT,PIPE_MTE3,84749,85334,585,378550
case_084,post,2,3894,DIV,PIPE_V,84869,85169,300,378550
case_084,post,2,1000022108,COPY_IN,PIPE_MTE2,85029,85388,359,378550
case_084,post,2,3895,REDUCE,PIPE_V,85169,85253,84,378550
case_084,post,2,3896,SUB,PIPE_V,85334,85418,84,378550
case_084,post,2,3904,MATMUL,PIPE_M,85388,85976,588,378550
case_084,post,2,1000022112,COPY_IN,PIPE_MTE2,85388,85393,5,378550
case_084,post,2,1000022119,COPY_IN,PIPE_MTE2,85393,85690,297,378550
case_084,post,2,1000022101,COPY_OUT,PIPE_MTE3,85418,85870,452,378550
case_084,post,2,1000022121,COPY_IN,PIPE_MTE2,85690,85954,264,378550
case_084,post,2,1000022125,COPY_IN,PIPE_MTE2,85954,85957,3,378550
case_084,post,2,1000022132,COPY_IN,PIPE_MTE2,85957,86116,159,378550
case_084,post,2,3906,DIV,PIPE_V,85976,86276,300,378550
case_084,post,2,3916,MATMUL,PIPE_M,85976,86564,588,378550
case_084,post,2,1000022134,COPY_IN,PIPE_MTE2,86116,86324,208,378550
case_084,post,2,3907,REDUCE,PIPE_V,86276,86360,84,378550
case_084,post,2,3908,SUB,PIPE_V,86360,86444,84,378550
case_084,post,2,1000022114,COPY_OUT,PIPE_MTE3,86444,86889,445,378550
case_084,post,2,3918,DIV,PIPE_V,86564,86864,300,378550
case_084,post,2,3928,MATMUL,PIPE_M,86564,87152,588,378550
case_084,post,2,3919,REDUCE,PIPE_V,86864,86948,84,378550
case_084,post,2,1000022138,COPY_IN,PIPE_MTE2,86889,86896,7,378550
case_084,post,2,1000022145,COPY_IN,PIPE_MTE2,86896,87288,392,378550
case_084,post,2,3920,SUB,PIPE_V,86948,87032,84,378550
case_084,post,2,1000022127,COPY_OUT,PIPE_MTE3,87032,87632,600,378550
case_084,post,2,3930,DIV,PIPE_V,87152,87452,300,378550
case_084,post,2,1000022147,COPY_IN,PIPE_MTE2,87288,87670,382,378550
case_084,post,2,3931,REDUCE,PIPE_V,87452,87536,84,378550
case_084,post,2,3932,SUB,PIPE_V,87632,87716,84,378550
case_084,post,2,3940,MATMUL,PIPE_M,87670,88258,588,378550
case_084,post,2,1000022151,COPY_IN,PIPE_MTE2,87670,87675,5,378550
case_084,post,2,1000022158,COPY_IN,PIPE_MTE2,87675,87978,303,378550
case_084,post,2,1000022140,COPY_OUT,PIPE_MTE3,87716,88177,461,378550
case_084,post,2,1000022160,COPY_IN,PIPE_MTE2,87978,88253,275,378550
case_084,post,2,1000022164,COPY_IN,PIPE_MTE2,88253,88257,4,378550
case_084,post,2,1000022171,COPY_IN,PIPE_MTE2,88257,88418,161,378550
case_084,post,2,3942,DIV,PIPE_V,88258,88558,300,378550
case_084,post,2,3952,MATMUL,PIPE_M,88258,88846,588,378550
case_084,post,2,1000022173,COPY_IN,PIPE_MTE2,88418,88613,195,378550
case_084,post,2,3943,REDUCE,PIPE_V,88558,88642,84,378550
case_084,post,2,3944,SUB,PIPE_V,88642,88726,84,378550
case_084,post,2,1000022153,COPY_OUT,PIPE_MTE3,88726,89097,371,378550
case_084,post,2,3954,DIV,PIPE_V,88846,89146,300,378550
case_084,post,2,3964,MATMUL,PIPE_M,88846,89434,588,378550
case_084,post,2,1000022177,COPY_IN,PIPE_MTE2,89097,89104,7,378550
case_084,post,2,1000022184,COPY_IN,PIPE_MTE2,89104,89485,381,378550
case_084,post,2,3955,REDUCE,PIPE_V,89146,89230,84,378550
case_084,post,2,3956,SUB,PIPE_V,89230,89314,84,378550
case_084,post,2,1000022166,COPY_OUT,PIPE_MTE3,89314,89855,541,378550
case_084,post,2,3966,DIV,PIPE_V,89434,89734,300,378550
case_084,post,2,1000022186,COPY_IN,PIPE_MTE2,89485,89840,355,378550
case_084,post,2,3967,REDUCE,PIPE_V,89734,89818,84,378550
case_084,post,2,3976,MATMUL,PIPE_M,89840,90428,588,378550
case_084,post,2,3968,SUB,PIPE_V,89855,89939,84,378550
case_084,post,2,1000022190,COPY_IN,PIPE_MTE2,89855,89860,5,378550
case_084,post,2,1000022197,COPY_IN,PIPE_MTE2,89860,90103,243,378550
case_084,post,2,1000022179,COPY_OUT,PIPE_MTE3,89939,90296,357,378550
case_084,post,2,1000022199,COPY_IN,PIPE_MTE2,90103,90321,218,378550
case_084,post,2,1000022203,COPY_IN,PIPE_MTE2,90321,90324,3,378550
case_084,post,2,1000022210,COPY_IN,PIPE_MTE2,90324,90480,156,378550
case_084,post,2,3978,DIV,PIPE_V,90428,90728,300,378550
case_084,post,2,3988,MATMUL,PIPE_M,90428,91016,588,378550
case_084,post,2,1000022212,COPY_IN,PIPE_MTE2,90480,90584,104,378550
case_084,post,2,3979,REDUCE,PIPE_V,90728,90812,84,378550
case_084,post,2,3980,SUB,PIPE_V,90812,90896,84,378550
case_084,post,2,1000022192,COPY_OUT,PIPE_MTE3,90896,91018,122,378550
case_084,post,2,3990,DIV,PIPE_V,91016,91316,300,378550
case_084,post,2,4000,MATMUL,PIPE_M,91016,91604,588,378550
case_084,post,2,1000022216,COPY_IN,PIPE_MTE2,91018,91020,2,378550
case_084,post,2,1000022223,COPY_IN,PIPE_MTE2,91020,91138,118,378550
case_084,post,2,1000022225,COPY_IN,PIPE_MTE2,91138,91356,218,378550
case_084,post,2,3991,REDUCE,PIPE_V,91316,91400,84,378550
case_084,post,2,3992,SUB,PIPE_V,91400,91484,84,378550
case_084,post,2,1000022205,COPY_OUT,PIPE_MTE3,91484,91860,376,378550
case_084,post,2,4002,DIV,PIPE_V,91604,91904,300,378550
case_084,post,2,4012,MATMUL,PIPE_M,91604,92192,588,378550
case_084,post,2,1000022229,COPY_IN,PIPE_MTE2,91860,91863,3,378550
case_084,post,2,1000022236,COPY_IN,PIPE_MTE2,91863,92022,159,378550
case_084,post,2,4003,REDUCE,PIPE_V,91904,91988,84,378550
case_084,post,2,4004,SUB,PIPE_V,91988,92072,84,378550
case_084,post,2,1000022238,COPY_IN,PIPE_MTE2,92022,92241,219,378550
case_084,post,2,1000022218,COPY_OUT,PIPE_MTE3,92072,92342,270,378550
case_084,post,2,4014,DIV,PIPE_V,92192,92492,300,378550
case_084,post,2,4024,MATMUL,PIPE_M,92241,92829,588,378550
case_084,post,2,1000022242,COPY_IN,PIPE_MTE2,92342,92344,2,378550
case_084,post,2,1000022249,COPY_IN,PIPE_MTE2,92344,92448,104,378550
case_084,post,2,1000022251,COPY_IN,PIPE_MTE2,92448,92552,104,378550
case_084,post,2,4015,REDUCE,PIPE_V,92492,92576,84,378550
case_084,post,2,4016,SUB,PIPE_V,92576,92660,84,378550
case_084,post,2,1000022231,COPY_OUT,PIPE_MTE3,92660,92782,122,378550
case_084,post,2,1000022255,COPY_IN,PIPE_MTE2,92782,92784,2,378550
case_084,post,2,1000022262,COPY_IN,PIPE_MTE2,92784,92888,104,378550
case_084,post,2,4026,DIV,PIPE_V,92829,93129,300,378550
case_084,post,2,4036,MATMUL,PIPE_M,92829,93417,588,378550
case_084,post,2,1000022264,COPY_IN,PIPE_MTE2,92888,92992,104,378550
case_084,post,2,4027,REDUCE,PIPE_V,93129,93213,84,378550
case_084,post,2,4028,SUB,PIPE_V,93213,93297,84,378550
case_084,post,2,1000022244,COPY_OUT,PIPE_MTE3,93297,93430,133,378550
case_084,post,2,4038,DIV,PIPE_V,93417,93717,300,378550
case_084,post,2,4048,MATMUL,PIPE_M,93417,94005,588,378550
case_084,post,2,1000022268,COPY_IN,PIPE_MTE2,93430,93432,2,378550
case_084,post,2,1000022275,COPY_IN,PIPE_MTE2,93432,93634,202,378550
case_084,post,2,1000022277,COPY_IN,PIPE_MTE2,93634,93934,300,378550
case_084,post,2,4039,REDUCE,PIPE_V,93717,93801,84,378550
case_084,post,2,4040,SUB,PIPE_V,93801,93885,84,378550
case_084,post,2,1000022257,COPY_OUT,PIPE_MTE3,93885,94271,386,378550
case_084,post,2,4050,DIV,PIPE_V,94005,94305,300,378550
case_084,post,2,4060,MATMUL,PIPE_M,94005,94593,588,378550
case_084,post,2,1000022281,COPY_IN,PIPE_MTE2,94271,94274,3,378550
case_084,post,2,1000022288,COPY_IN,PIPE_MTE2,94274,94445,171,378550
case_084,post,2,4051,REDUCE,PIPE_V,94305,94389,84,378550
case_084,post,2,4052,SUB,PIPE_V,94389,94473,84,378550
case_084,post,2,1000022290,COPY_IN,PIPE_MTE2,94445,94674,229,378550
case_084,post,2,1000022270,COPY_OUT,PIPE_MTE3,94473,94746,273,378550
case_084,post,2,4062,DIV,PIPE_V,94593,94893,300,378550
case_084,post,2,4072,MATMUL,PIPE_M,94674,95262,588,378550
case_084,post,2,1000022294,COPY_IN,PIPE_MTE2,94746,94748,2,378550
case_084,post,2,1000022301,COPY_IN,PIPE_MTE2,94748,94852,104,378550
case_084,post,2,1000022303,COPY_IN,PIPE_MTE2,94852,94973,121,378550
case_084,post,2,4063,REDUCE,PIPE_V,94893,94977,84,378550
case_084,post,2,4064,SUB,PIPE_V,94977,95061,84,378550
case_084,post,2,1000022283,COPY_OUT,PIPE_MTE3,95061,95159,98,378550
case_084,post,2,1000022307,COPY_IN,PIPE_MTE2,95159,95161,2,378550
case_084,post,2,1000022314,COPY_IN,PIPE_MTE2,95161,95265,104,378550
case_084,post,2,4074,DIV,PIPE_V,95262,95562,300,378550
case_084,post,2,4084,MATMUL,PIPE_M,95262,95850,588,378550
case_084,post,2,1000022316,COPY_IN,PIPE_MTE2,95265,95369,104,378550
case_084,post,2,4075,REDUCE,PIPE_V,95562,95646,84,378550
case_084,post,2,4076,SUB,PIPE_V,95646,95730,84,378550
case_084,post,2,1000022296,COPY_OUT,PIPE_MTE3,95730,95987,257,378550
case_084,post,2,4086,DIV,PIPE_V,95850,96150,300,378550
case_084,post,2,4096,MATMUL,PIPE_M,95850,96438,588,378550
case_084,post,2,1000022320,COPY_IN,PIPE_MTE2,95987,95992,5,378550
case_084,post,2,1000022327,COPY_IN,PIPE_MTE2,95992,96248,256,378550
case_084,post,2,4087,REDUCE,PIPE_V,96150,96234,84,378550
case_084,post,2,4088,SUB,PIPE_V,96234,96318,84,378550
case_084,post,2,1000022329,COPY_IN,PIPE_MTE2,96248,96521,273,378550
case_084,post,2,1000022309,COPY_OUT,PIPE_MTE3,96318,96658,340,378550
case_084,post,2,4098,DIV,PIPE_V,96438,96738,300,378550
case_084,post,2,4108,MATMUL,PIPE_M,96521,97109,588,378550
case_084,post,2,1000022333,COPY_IN,PIPE_MTE2,96658,96661,3,378550
case_084,post,2,1000022340,COPY_IN,PIPE_MTE2,96661,96770,109,378550
case_084,post,2,4099,REDUCE,PIPE_V,96738,96822,84,378550
case_084,post,2,1000022342,COPY_IN,PIPE_MTE2,96770,96874,104,378550
case_084,post,2,4100,SUB,PIPE_V,96822,96906,84,378550
case_084,post,2,1000022322,COPY_OUT,PIPE_MTE3,96906,97050,144,378550
case_084,post,2,1000022346,COPY_IN,PIPE_MTE2,97050,97052,2,378550
case_084,post,2,1000022353,COPY_IN,PIPE_MTE2,97052,97156,104,378550
case_084,post,2,4110,DIV,PIPE_V,97109,97409,300,378550
case_084,post,2,4120,MATMUL,PIPE_M,97109,97697,588,378550
case_084,post,2,1000022355,COPY_IN,PIPE_MTE2,97156,97260,104,378550
case_084,post,2,4111,REDUCE,PIPE_V,97409,97493,84,378550
case_084,post,2,4112,SUB,PIPE_V,97493,97577,84,378550
case_084,post,2,1000022335,COPY_OUT,PIPE_MTE3,97577,97692,115,378550
case_084,post,2,1000022359,COPY_IN,PIPE_MTE2,97692,97694,2,378550
case_084,post,2,1000022366,COPY_IN,PIPE_MTE2,97694,97798,104,378550
case_084,post,2,4122,DIV,PIPE_V,97697,97997,300,378550
case_084,post,2,4132,MATMUL,PIPE_M,97697,98285,588,378550
case_084,post,2,1000022368,COPY_IN,PIPE_MTE2,97798,97902,104,378550
case_084,post,2,4123,REDUCE,PIPE_V,97997,98081,84,378550
case_084,post,2,4124,SUB,PIPE_V,98081,98165,84,378550
case_084,post,2,1000022348,COPY_OUT,PIPE_MTE3,98165,98469,304,378550
case_084,post,2,4134,DIV,PIPE_V,98285,98585,300,378550
case_084,post,2,4144,MATMUL,PIPE_M,98285,98873,588,378550
case_084,post,2,1000022372,COPY_IN,PIPE_MTE2,98469,98474,5,378550
case_084,post,2,1000022379,COPY_IN,PIPE_MTE2,98474,98690,216,378550
case_084,post,2,4135,REDUCE,PIPE_V,98585,98669,84,378550
case_084,post,2,4136,SUB,PIPE_V,98669,98753,84,378550
case_084,post,2,1000022381,COPY_IN,PIPE_MTE2,98690,98898,208,378550
case_084,post,2,1000022361,COPY_OUT,PIPE_MTE3,98753,99021,268,378550
case_084,post,2,4146,DIV,PIPE_V,98873,99173,300,378550
case_084,post,2,4156,MATMUL,PIPE_M,98898,99486,588,378550
case_084,post,2,1000022385,COPY_IN,PIPE_MTE2,99021,99023,2,378550
case_084,post,2,1000022392,COPY_IN,PIPE_MTE2,99023,99127,104,378550
case_084,post,2,1000022394,COPY_IN,PIPE_MTE2,99127,99231,104,378550
case_084,post,2,4147,REDUCE,PIPE_V,99173,99257,84,378550
case_084,post,2,4148,SUB,PIPE_V,99257,99341,84,378550
case_084,post,2,1000022374,COPY_OUT,PIPE_MTE3,99341,99456,115,378550
case_084,post,2,1000022398,COPY_IN,PIPE_MTE2,99456,99458,2,378550
case_084,post,2,1000022405,COPY_IN,PIPE_MTE2,99458,99562,104,378550
case_084,post,2,4158,DIV,PIPE_V,99486,99786,300,378550
case_084,post,2,4168,MATMUL,PIPE_M,99486,100074,588,378550
case_084,post,2,1000022407,COPY_IN,PIPE_MTE2,99562,99666,104,378550
case_084,post,2,4159,REDUCE,PIPE_V,99786,99870,84,378550
case_084,post,2,4160,SUB,PIPE_V,99870,99954,84,378550
case_084,post,2,1000022387,COPY_OUT,PIPE_MTE3,99954,100056,102,378550
case_084,post,2,1000022411,COPY_IN,PIPE_MTE2,100056,100058,2,378550
case_084,post,2,1000022418,COPY_IN,PIPE_MTE2,100058,100162,104,378550
case_084,post,2,4170,DIV,PIPE_V,100074,100374,300,378550
case_084,post,2,4180,MATMUL,PIPE_M,100074,100662,588,378550
case_084,post,2,1000022420,COPY_IN,PIPE_MTE2,100162,100266,104,378550
case_084,post,2,4171,REDUCE,PIPE_V,100374,100458,84,378550
case_084,post,2,4172,SUB,PIPE_V,100458,100542,84,378550
case_084,post,2,1000022400,COPY_OUT,PIPE_MTE3,100542,100829,287,378550
case_084,post,2,4182,DIV,PIPE_V,100662,100962,300,378550
case_084,post,2,4192,MATMUL,PIPE_M,100662,101250,588,378550
case_084,post,2,1000022424,COPY_IN,PIPE_MTE2,100829,100834,5,378550
case_084,post,2,1000022431,COPY_IN,PIPE_MTE2,100834,101011,177,378550
case_084,post,2,4183,REDUCE,PIPE_V,100962,101046,84,378550
case_084,post,2,1000022433,COPY_IN,PIPE_MTE2,101011,101180,169,378550
case_084,post,2,4184,SUB,PIPE_V,101046,101130,84,378550
case_084,post,2,1000022413,COPY_OUT,PIPE_MTE3,101130,101345,215,378550
case_084,post,2,4194,DIV,PIPE_V,101250,101550,300,378550
case_084,post,2,4204,MATMUL,PIPE_M,101250,101838,588,378550
case_084,post,2,1000022437,COPY_IN,PIPE_MTE2,101345,101347,2,378550
case_084,post,2,1000022444,COPY_IN,PIPE_MTE2,101347,101451,104,378550
case_084,post,2,1000022446,COPY_IN,PIPE_MTE2,101451,101555,104,378550
case_084,post,2,4195,REDUCE,PIPE_V,101550,101634,84,378550
case_084,post,2,4196,SUB,PIPE_V,101634,101718,84,378550
case_084,post,2,1000022426,COPY_OUT,PIPE_MTE3,101718,101820,102,378550
case_084,post,2,1000022450,COPY_IN,PIPE_MTE2,101820,101822,2,378550
case_084,post,2,1000022457,COPY_IN,PIPE_MTE2,101822,101926,104,378550
case_084,post,2,4206,DIV,PIPE_V,101838,102138,300,378550
case_084,post,2,4216,MATMUL,PIPE_M,101838,102426,588,378550
case_084,post,2,1000022459,COPY_IN,PIPE_MTE2,101926,102030,104,378550
case_084,post,2,4207,REDUCE,PIPE_V,102138,102222,84,378550
case_084,post,2,4208,SUB,PIPE_V,102222,102306,84,378550
case_084,post,2,1000022439,COPY_OUT,PIPE_MTE3,102306,102408,102,378550
case_084,post,2,1000022463,COPY_IN,PIPE_MTE2,102408,102410,2,378550
case_084,post,2,1000022470,COPY_IN,PIPE_MTE2,102410,102514,104,378550
case_084,post,2,4218,DIV,PIPE_V,102426,102726,300,378550
case_084,post,2,4228,MATMUL,PIPE_M,102426,103014,588,378550
case_084,post,2,1000022472,COPY_IN,PIPE_MTE2,102514,102618,104,378550
case_084,post,2,4219,REDUCE,PIPE_V,102726,102810,84,378550
case_084,post,2,4220,SUB,PIPE_V,102810,102894,84,378550
case_084,post,2,1000022452,COPY_OUT,PIPE_MTE3,102894,103185,291,378550
case_084,post,2,4230,DIV,PIPE_V,103014,103314,300,378550
case_084,post,2,4240,MATMUL,PIPE_M,103014,103602,588,378550
case_084,post,2,1000022476,COPY_IN,PIPE_MTE2,103185,103189,4,378550
case_084,post,2,1000022483,COPY_IN,PIPE_MTE2,103189,103347,158,378550
case_084,post,2,4231,REDUCE,PIPE_V,103314,103398,84,378550
case_084,post,2,1000022485,COPY_IN,PIPE_MTE2,103347,103510,163,378550
case_084,post,2,4232,SUB,PIPE_V,103398,103482,84,378550
case_084,post,2,1000022465,COPY_OUT,PIPE_MTE3,103482,103669,187,378550
case_084,post,2,4242,DIV,PIPE_V,103602,103902,300,378550
case_084,post,2,4252,MATMUL,PIPE_M,103602,104190,588,378550
case_084,post,2,1000022489,COPY_IN,PIPE_MTE2,103669,103671,2,378550
case_084,post,2,1000022496,COPY_IN,PIPE_MTE2,103671,103775,104,378550
case_084,post,2,1000022498,COPY_IN,PIPE_MTE2,103775,103879,104,378550
case_084,post,2,4243,REDUCE,PIPE_V,103902,103986,84,378550
case_084,post,2,4244,SUB,PIPE_V,103986,104070,84,378550
case_084,post,2,1000022478,COPY_OUT,PIPE_MTE3,104070,104172,102,378550
case_084,post,2,1000022502,COPY_IN,PIPE_MTE2,104172,104174,2,378550
case_084,post,2,1000022509,COPY_IN,PIPE_MTE2,104174,104278,104,378550
case_084,post,2,4254,DIV,PIPE_V,104190,104490,300,378550
case_084,post,2,4264,MATMUL,PIPE_M,104190,104778,588,378550
case_084,post,2,1000022511,COPY_IN,PIPE_MTE2,104278,104382,104,378550
case_084,post,2,4255,REDUCE,PIPE_V,104490,104574,84,378550
case_084,post,2,4256,SUB,PIPE_V,104574,104658,84,378550
case_084,post,2,1000022491,COPY_OUT,PIPE_MTE3,104658,104760,102,378550
case_084,post,2,1000022515,COPY_IN,PIPE_MTE2,104760,104762,2,378550
case_084,post,2,1000022522,COPY_IN,PIPE_MTE2,104762,104866,104,378550
case_084,post,2,4266,DIV,PIPE_V,104778,105078,300,378550
case_084,post,2,4276,MATMUL,PIPE_M,104778,105366,588,378550
case_084,post,2,1000022524,COPY_IN,PIPE_MTE2,104866,104970,104,378550
case_084,post,2,4267,REDUCE,PIPE_V,105078,105162,84,378550
case_084,post,2,4268,SUB,PIPE_V,105162,105246,84,378550
case_084,post,2,1000022504,COPY_OUT,PIPE_MTE3,105246,105532,286,378550
case_084,post,2,4278,DIV,PIPE_V,105366,105666,300,378550
case_084,post,2,4288,MATMUL,PIPE_M,105366,105954,588,378550
case_084,post,2,1000022528,COPY_IN,PIPE_MTE2,105532,105535,3,378550
case_084,post,2,1000022538,COPY_IN,PIPE_MTE2,105535,105691,156,378550
case_084,post,2,4279,REDUCE,PIPE_V,105666,105750,84,378550
case_084,post,2,1000022540,COPY_IN,PIPE_MTE2,105691,105841,150,378550
case_084,post,2,4280,SUB,PIPE_V,105750,105834,84,378550
case_084,post,2,1000022517,COPY_OUT,PIPE_MTE3,105834,106071,237,378550
case_084,post,2,1000022544,COPY_IN,PIPE_MTE2,105841,105844,3,378550
case_084,post,2,1000029566,COPY_IN,PIPE_MTE2,105844,106007,163,378550
case_084,post,2,4290,DIV,PIPE_V,105954,106254,300,378550
case_084,post,2,4300,MATMUL,PIPE_M,105954,106542,588,378550
case_084,post,2,1000029568,COPY_IN,PIPE_MTE2,106007,106132,125,378550
case_084,post,2,1000029572,COPY_IN,PIPE_MTE2,106132,106134,2,378550
case_084,post,2,1000029576,COPY_IN,PIPE_MTE2,106134,106238,104,378550
case_084,post,2,1000029578,COPY_IN,PIPE_MTE2,106238,106329,91,378550
case_084,post,2,4291,REDUCE,PIPE_V,106254,106338,84,378550
case_084,post,2,1000022533,COPY_OUT,PIPE_MTE3,106338,106340,2,378550
case_084,post,2,4302,DIV,PIPE_V,106542,106842,300,378550
case_084,post,2,11200,MATMUL,PIPE_M,106542,107130,588,378550
case_084,post,2,4303,REDUCE,PIPE_V,106842,106926,84,378550
case_084,post,2,1000022549,COPY_OUT,PIPE_MTE3,106926,106928,2,378550
case_084,post,2,1000022530,COPY_OUT,PIPE_MTE3,106928,107005,77,378550
case_084,post,2,1000022546,COPY_OUT,PIPE_MTE3,107005,107102,97,378550
case_084,post,2,1000029582,COPY_IN,PIPE_MTE2,107102,107104,2,378550
case_084,post,2,1000029586,COPY_IN,PIPE_MTE2,107104,107208,104,378550
case_084,post,2,11202,DIV,PIPE_V,107130,107430,300,378550
case_084,post,2,11212,MATMUL,PIPE_M,107130,107718,588,378550
case_084,post,2,1000029588,COPY_IN,PIPE_MTE2,107208,107312,104,378550
case_084,post,2,11203,REDUCE,PIPE_V,107430,107514,84,378550
case_084,post,2,11204,SUB,PIPE_V,107514,107598,84,378550
case_084,post,2,1000030478,COPY_OUT,PIPE_MTE3,107598,108006,408,378550
case_084,post,2,11214,DIV,PIPE_V,107718,108018,300,378550
case_084,post,2,11224,MATMUL,PIPE_M,107718,108306,588,378550
case_084,post,2,1000029592,COPY_IN,PIPE_MTE2,108006,108010,4,378550
case_084,post,2,1000029596,COPY_IN,PIPE_MTE2,108010,108226,216,378550
case_084,post,2,11215,REDUCE,PIPE_V,108018,108102,84,378550
case_084,post,2,11216,SUB,PIPE_V,108102,108186,84,378550
case_084,post,2,1000030482,COPY_OUT,PIPE_MTE3,108186,108577,391,378550
case_084,post,2,1000029598,COPY_IN,PIPE_MTE2,108226,108514,288,378550
case_084,post,2,11226,DIV,PIPE_V,108306,108606,300,378550
case_084,post,2,11236,MATMUL,PIPE_M,108514,109102,588,378550
case_084,post,2,1000029602,COPY_IN,PIPE_MTE2,108577,108580,3,378550
case_084,post,2,1000029606,COPY_IN,PIPE_MTE2,108580,108736,156,378550
case_084,post,2,11227,REDUCE,PIPE_V,108606,108690,84,378550
case_084,post,2,11228,SUB,PIPE_V,108690,108774,84,378550
case_084,post,2,1000029608,COPY_IN,PIPE_MTE2,108736,108957,221,378550
case_084,post,2,1000030486,COPY_OUT,PIPE_MTE3,108774,109081,307,378550
case_084,post,2,1000029612,COPY_IN,PIPE_MTE2,109081,109084,3,378550
case_084,post,2,1000029616,COPY_IN,PIPE_MTE2,109084,109274,190,378550
case_084,post,2,11238,DIV,PIPE_V,109102,109402,300,378550
case_084,post,2,11248,MATMUL,PIPE_M,109102,109690,588,378550
case_084,post,2,1000029618,COPY_IN,PIPE_MTE2,109274,109448,174,378550
case_084,post,2,11239,REDUCE,PIPE_V,109402,109486,84,378550
case_084,post,2,11240,SUB,PIPE_V,109486,109570,84,378550
case_084,post,2,1000030490,COPY_OUT,PIPE_MTE3,109570,109808,238,378550
case_084,post,2,11250,DIV,PIPE_V,109690,109990,300,378550
case_084,post,2,11260,MATMUL,PIPE_M,109690,110278,588,378550
case_084,post,2,1000029622,COPY_IN,PIPE_MTE2,109808,109813,5,378550
case_084,post,2,1000029626,COPY_IN,PIPE_MTE2,109813,110148,335,378550
case_084,post,2,11251,REDUCE,PIPE_V,109990,110074,84,378550
case_084,post,2,11252,SUB,PIPE_V,110074,110158,84,378550
case_084,post,2,1000029628,COPY_IN,PIPE_MTE2,110148,110545,397,378550
case_084,post,2,1000030494,COPY_OUT,PIPE_MTE3,110158,110719,561,378550
case_084,post,2,11262,DIV,PIPE_V,110278,110578,300,378550
case_084,post,2,11272,MATMUL,PIPE_M,110545,111133,588,378550
case_084,post,2,11263,REDUCE,PIPE_V,110578,110662,84,378550
case_084,post,2,11264,SUB,PIPE_V,110719,110803,84,378550
case_084,post,2,1000029632,COPY_IN,PIPE_MTE2,110719,110725,6,378550
case_084,post,2,1000029636,COPY_IN,PIPE_MTE2,110725,111043,318,378550
case_084,post,2,1000030498,COPY_OUT,PIPE_MTE3,110803,111236,433,378550
case_084,post,2,1000029638,COPY_IN,PIPE_MTE2,111043,111285,242,378550
case_084,post,2,11274,DIV,PIPE_V,111133,111433,300,378550
case_084,post,2,11284,MATMUL,PIPE_M,111285,111873,588,378550
case_084,post,2,1000029642,COPY_IN,PIPE_MTE2,111285,111289,4,378550
case_084,post,2,1000029646,COPY_IN,PIPE_MTE2,111289,111493,204,378550
case_084,post,2,11275,REDUCE,PIPE_V,111433,111517,84,378550
case_084,post,2,1000029648,COPY_IN,PIPE_MTE2,111493,111665,172,378550
case_084,post,2,11276,SUB,PIPE_V,111517,111601,84,378550
case_084,post,2,1000030502,COPY_OUT,PIPE_MTE3,111601,111811,210,378550
case_084,post,2,1000029652,COPY_IN,PIPE_MTE2,111811,111814,3,378550
case_084,post,2,1000029656,COPY_IN,PIPE_MTE2,111814,111975,161,378550
case_084,post,2,11286,DIV,PIPE_V,111873,112173,300,378550
case_084,post,2,11296,MATMUL,PIPE_M,111873,112461,588,378550
case_084,post,2,1000029658,COPY_IN,PIPE_MTE2,111975,112239,264,378550
case_084,post,2,11287,REDUCE,PIPE_V,112173,112257,84,378550
case_084,post,2,11288,SUB,PIPE_V,112257,112341,84,378550
case_084,post,2,1000030506,COPY_OUT,PIPE_MTE3,112341,112836,495,378550
case_084,post,2,11298,DIV,PIPE_V,112461,112761,300,378550
case_084,post,2,11308,MATMUL,PIPE_M,112461,113049,588,378550
case_084,post,2,11299,REDUCE,PIPE_V,112761,112845,84,378550
case_084,post,2,1000029662,COPY_IN,PIPE_MTE2,112836,112842,6,378550
case_084,post,2,1000029666,COPY_IN,PIPE_MTE2,112842,113170,328,378550
case_084,post,2,11300,SUB,PIPE_V,112845,112929,84,378550
case_084,post,2,1000030510,COPY_OUT,PIPE_MTE3,112929,113393,464,378550
case_084,post,2,11310,DIV,PIPE_V,113049,113349,300,378550
case_084,post,2,1000029668,COPY_IN,PIPE_MTE2,113170,113446,276,378550
case_084,post,2,11311,REDUCE,PIPE_V,113349,113433,84,378550
case_084,post,2,11312,SUB,PIPE_V,113433,113517,84,378550
case_084,post,2,11320,MATMUL,PIPE_M,113446,114034,588,378550
case_084,post,2,1000029672,COPY_IN,PIPE_MTE2,113446,113450,4,378550
case_084,post,2,1000029676,COPY_IN,PIPE_MTE2,113450,113668,218,378550
case_084,post,2,1000030514,COPY_OUT,PIPE_MTE3,113517,113877,360,378550
case_084,post,2,1000029678,COPY_IN,PIPE_MTE2,113668,113918,250,378550
case_084,post,2,1000029682,COPY_IN,PIPE_MTE2,113918,113922,4,378550
case_084,post,2,1000029686,COPY_IN,PIPE_MTE2,113922,114104,182,378550
case_084,post,2,11322,DIV,PIPE_V,114034,114334,300,378550
case_084,post,2,11332,MATMUL,PIPE_M,114034,114622,588,378550
case_084,post,2,1000029688,COPY_IN,PIPE_MTE2,114104,114288,184,378550
case_084,post,2,11323,REDUCE,PIPE_V,114334,114418,84,378550
case_084,post,2,11324,SUB,PIPE_V,114418,114502,84,378550
case_084,post,2,1000030518,COPY_OUT,PIPE_MTE3,114502,114971,469,378550
case_084,post,2,11334,DIV,PIPE_V,114622,114922,300,378550
case_084,post,2,11344,MATMUL,PIPE_M,114622,115210,588,378550
case_084,post,2,11335,REDUCE,PIPE_V,114922,115006,84,378550
case_084,post,2,1000029692,COPY_IN,PIPE_MTE2,114971,114977,6,378550
case_084,post,2,1000029696,COPY_IN,PIPE_MTE2,114977,115298,321,378550
case_084,post,2,11336,SUB,PIPE_V,115006,115090,84,378550
case_084,post,2,1000030522,COPY_OUT,PIPE_MTE3,115090,115603,513,378550
case_084,post,2,11346,DIV,PIPE_V,115210,115510,300,378550
case_084,post,2,1000029698,COPY_IN,PIPE_MTE2,115298,115633,335,378550
case_084,post,2,11347,REDUCE,PIPE_V,115510,115594,84,378550
case_084,post,2,11348,SUB,PIPE_V,115603,115687,84,378550
case_084,post,2,11356,MATMUL,PIPE_M,115633,116221,588,378550
case_084,post,2,1000029702,COPY_IN,PIPE_MTE2,115633,115637,4,378550
case_084,post,2,1000029706,COPY_IN,PIPE_MTE2,115637,115880,243,378550
case_084,post,2,1000030526,COPY_OUT,PIPE_MTE3,115687,116070,383,378550
case_084,post,2,1000029708,COPY_IN,PIPE_MTE2,115880,116131,251,378550
case_084,post,2,1000029712,COPY_IN,PIPE_MTE2,116131,116135,4,378550
case_084,post,2,1000029716,COPY_IN,PIPE_MTE2,116135,116326,191,378550
case_084,post,2,11358,DIV,PIPE_V,116221,116521,300,378550
case_084,post,2,11368,MATMUL,PIPE_M,116221,116809,588,378550
case_084,post,2,1000029718,COPY_IN,PIPE_MTE2,116326,116482,156,378550
case_084,post,2,11359,REDUCE,PIPE_V,116521,116605,84,378550
case_084,post,2,11360,SUB,PIPE_V,116605,116689,84,378550
case_084,post,2,1000030530,COPY_OUT,PIPE_MTE3,116689,117143,454,378550
case_084,post,2,11370,DIV,PIPE_V,116809,117109,300,378550
case_084,post,2,11380,MATMUL,PIPE_M,116809,117397,588,378550
case_084,post,2,11371,REDUCE,PIPE_V,117109,117193,84,378550
case_084,post,2,1000029722,COPY_IN,PIPE_MTE2,117143,117149,6,378550
case_084,post,2,1000029726,COPY_IN,PIPE_MTE2,117149,117497,348,378550
case_084,post,2,11372,SUB,PIPE_V,117193,117277,84,378550
case_084,post,2,1000030534,COPY_OUT,PIPE_MTE3,117277,117858,581,378550
case_084,post,2,11382,DIV,PIPE_V,117397,117697,300,378550
case_084,post,2,1000029728,COPY_IN,PIPE_MTE2,117497,117883,386,378550
case_084,post,2,11383,REDUCE,PIPE_V,117697,117781,84,378550
case_084,post,2,11384,SUB,PIPE_V,117858,117942,84,378550
case_084,post,2,11392,MATMUL,PIPE_M,117883,118471,588,378550
case_084,post,2,1000029732,COPY_IN,PIPE_MTE2,117883,117887,4,378550
case_084,post,2,1000029736,COPY_IN,PIPE_MTE2,117887,118142,255,378550
case_084,post,2,1000030538,COPY_OUT,PIPE_MTE3,117942,118375,433,378550
case_084,post,2,1000029738,COPY_IN,PIPE_MTE2,118142,118425,283,378550
case_084,post,2,1000029742,COPY_IN,PIPE_MTE2,118425,118428,3,378550
case_084,post,2,1000029746,COPY_IN,PIPE_MTE2,118428,118584,156,378550
case_084,post,2,11394,DIV,PIPE_V,118471,118771,300,378550
case_084,post,2,11404,MATMUL,PIPE_M,118471,119059,588,378550
case_084,post,2,1000029748,COPY_IN,PIPE_MTE2,118584,118740,156,378550
case_084,post,2,11395,REDUCE,PIPE_V,118771,118855,84,378550
case_084,post,2,11396,SUB,PIPE_V,118855,118939,84,378550
case_084,post,2,1000030542,COPY_OUT,PIPE_MTE3,118939,119230,291,378550
case_084,post,2,11406,DIV,PIPE_V,119059,119359,300,378550
case_084,post,2,11416,MATMUL,PIPE_M,119059,119647,588,378550
case_084,post,2,1000029752,COPY_IN,PIPE_MTE2,119230,119235,5,378550
case_084,post,2,1000029756,COPY_IN,PIPE_MTE2,119235,119577,342,378550
case_084,post,2,11407,REDUCE,PIPE_V,119359,119443,84,378550
case_084,post,2,11408,SUB,PIPE_V,119443,119527,84,378550
case_084,post,2,1000030546,COPY_OUT,PIPE_MTE3,119527,120088,561,378550
case_084,post,2,1000029758,COPY_IN,PIPE_MTE2,119577,119983,406,378550
case_084,post,2,11418,DIV,PIPE_V,119647,119947,300,378550
case_084,post,2,11419,REDUCE,PIPE_V,119947,120031,84,378550
case_084,post,2,11428,MATMUL,PIPE_M,119983,120571,588,378550
case_084,post,2,11420,SUB,PIPE_V,120088,120172,84,378550
case_084,post,2,1000029762,COPY_IN,PIPE_MTE2,120088,120092,4,378550
case_084,post,2,1000029766,COPY_IN,PIPE_MTE2,120092,120380,288,378550
case_084,post,2,1000030550,COPY_OUT,PIPE_MTE3,120172,120621,449,378550
case_084,post,2,1000029768,COPY_IN,PIPE_MTE2,120380,120646,266,378550
case_084,post,2,11430,DIV,PIPE_V,120571,120871,300,378550
case_084,post,2,11440,MATMUL,PIPE_M,120646,121234,588,378550
case_084,post,2,1000029772,COPY_IN,PIPE_MTE2,120646,120649,3,378550
case_084,post,2,1000029776,COPY_IN,PIPE_MTE2,120649,120805,156,378550
case_084,post,2,1000029778,COPY_IN,PIPE_MTE2,120805,120998,193,378550
case_084,post,2,11431,REDUCE,PIPE_V,120871,120955,84,378550
case_084,post,2,11432,SUB,PIPE_V,120955,121039,84,378550
case_084,post,2,1000030554,COPY_OUT,PIPE_MTE3,121039,121228,189,378550
case_084,post,2,1000029782,COPY_IN,PIPE_MTE2,121228,121231,3,378550
case_084,post,2,1000029786,COPY_IN,PIPE_MTE2,121231,121396,165,378550
case_084,post,2,11442,DIV,PIPE_V,121234,121534,300,378550
case_084,post,2,11452,MATMUL,PIPE_M,121234,121822,588,378550
case_084,post,2,1000029788,COPY_IN,PIPE_MTE2,121396,121712,316,378550
case_084,post,2,11443,REDUCE,PIPE_V,121534,121618,84,378550
case_084,post,2,11444,SUB,PIPE_V,121618,121702,84,378550
case_084,post,2,1000030558,COPY_OUT,PIPE_MTE3,121702,122195,493,378550
case_084,post,2,11454,DIV,PIPE_V,121822,122122,300,378550
case_084,post,2,11464,MATMUL,PIPE_M,121822,122410,588,378550
case_084,post,2,11455,REDUCE,PIPE_V,122122,122206,84,378550
case_084,post,2,1000029792,COPY_IN,PIPE_MTE2,122195,122200,5,378550
case_084,post,2,1000029796,COPY_IN,PIPE_MTE2,122200,122552,352,378550
case_084,post,2,11456,SUB,PIPE_V,122206,122290,84,378550
case_084,post,2,1000030562,COPY_OUT,PIPE_MTE3,122290,122769,479,378550
case_084,post,2,11466,DIV,PIPE_V,122410,122710,300,378550
case_084,post,2,1000029798,COPY_IN,PIPE_MTE2,122552,122805,253,378550
case_084,post,2,11467,REDUCE,PIPE_V,122710,122794,84,378550
case_084,post,2,11468,SUB,PIPE_V,122794,122878,84,378550
case_084,post,2,11476,MATMUL,PIPE_M,122805,123393,588,378550
case_084,post,2,1000029802,COPY_IN,PIPE_MTE2,122805,122808,3,378550
case_084,post,2,1000029806,COPY_IN,PIPE_MTE2,122808,123016,208,378550
case_084,post,2,1000030566,COPY_OUT,PIPE_MTE3,122878,123273,395,378550
case_084,post,2,1000029808,COPY_IN,PIPE_MTE2,123016,123288,272,378550
case_084,post,2,1000029812,COPY_IN,PIPE_MTE2,123288,123292,4,378550
case_084,post,2,1000029816,COPY_IN,PIPE_MTE2,123292,123448,156,378550
case_084,post,2,11478,DIV,PIPE_V,123393,123693,300,378550
case_084,post,2,11488,MATMUL,PIPE_M,123393,123981,588,378550
case_084,post,2,1000029818,COPY_IN,PIPE_MTE2,123448,123610,162,378550
case_084,post,2,11479,REDUCE,PIPE_V,123693,123777,84,378550
case_084,post,2,11480,SUB,PIPE_V,123777,123861,84,378550
case_084,post,2,1000030570,COPY_OUT,PIPE_MTE3,123861,124299,438,378550
case_084,post,2,11490,DIV,PIPE_V,123981,124281,300,378550
case_084,post,2,11500,MATMUL,PIPE_M,123981,124569,588,378550
case_084,post,2,11491,REDUCE,PIPE_V,124281,124365,84,378550
case_084,post,2,1000029822,COPY_IN,PIPE_MTE2,124299,124305,6,378550
case_084,post,2,1000029826,COPY_IN,PIPE_MTE2,124305,124649,344,378550
case_084,post,2,11492,SUB,PIPE_V,124365,124449,84,378550
case_084,post,2,1000030574,COPY_OUT,PIPE_MTE3,124449,124930,481,378550
case_084,post,2,11502,DIV,PIPE_V,124569,124869,300,378550
case_084,post,2,1000029828,COPY_IN,PIPE_MTE2,124649,124940,291,378550
case_084,post,2,11503,REDUCE,PIPE_V,124869,124953,84,378550
case_084,post,2,11512,MATMUL,PIPE_M,124940,125528,588,378550
case_084,post,2,1000029832,COPY_IN,PIPE_MTE2,124940,124943,3,378550
case_084,post,2,1000029836,COPY_IN,PIPE_MTE2,124943,125203,260,378550
case_084,post,2,11504,SUB,PIPE_V,124953,125037,84,378550
case_084,post,2,1000030578,COPY_OUT,PIPE_MTE3,125037,125452,415,378550
case_084,post,2,1000029838,COPY_IN,PIPE_MTE2,125203,125461,258,378550
case_084,post,2,1000029842,COPY_IN,PIPE_MTE2,125461,125464,3,378550
case_084,post,2,1000029846,COPY_IN,PIPE_MTE2,125464,125620,156,378550
case_084,post,2,11514,DIV,PIPE_V,125528,125828,300,378550
case_084,post,2,11524,MATMUL,PIPE_M,125528,126116,588,378550
case_084,post,2,1000029848,COPY_IN,PIPE_MTE2,125620,125822,202,378550
case_084,post,2,11515,REDUCE,PIPE_V,125828,125912,84,378550
case_084,post,2,11516,SUB,PIPE_V,125912,125996,84,378550
case_084,post,2,1000030582,COPY_OUT,PIPE_MTE3,125996,126406,410,378550
case_084,post,2,11526,DIV,PIPE_V,126116,126416,300,378550
case_084,post,2,11536,MATMUL,PIPE_M,126116,126704,588,378550
case_084,post,2,1000029852,COPY_IN,PIPE_MTE2,126406,126413,7,378550
case_084,post,2,1000029856,COPY_IN,PIPE_MTE2,126413,126793,380,378550
case_084,post,2,11527,REDUCE,PIPE_V,126416,126500,84,378550
case_084,post,2,11528,SUB,PIPE_V,126500,126584,84,378550
case_084,post,2,1000030586,COPY_OUT,PIPE_MTE3,126584,127147,563,378550
case_084,post,2,11538,DIV,PIPE_V,126704,127004,300,378550
case_084,post,2,1000029858,COPY_IN,PIPE_MTE2,126793,127160,367,378550
case_084,post,2,11539,REDUCE,PIPE_V,127004,127088,84,378550
case_084,post,2,11540,SUB,PIPE_V,127147,127231,84,378550
case_084,post,2,11548,MATMUL,PIPE_M,127160,127748,588,378550
case_084,post,2,1000029862,COPY_IN,PIPE_MTE2,127160,127165,5,378550
case_084,post,2,1000029866,COPY_IN,PIPE_MTE2,127165,127454,289,378550
case_084,post,2,1000030590,COPY_OUT,PIPE_MTE3,127231,127645,414,378550
case_084,post,2,1000029868,COPY_IN,PIPE_MTE2,127454,127687,233,378550
case_084,post,2,1000029872,COPY_IN,PIPE_MTE2,127687,127691,4,378550
case_084,post,2,1000029876,COPY_IN,PIPE_MTE2,127691,127899,208,378550
case_084,post,2,11550,DIV,PIPE_V,127748,128048,300,378550
case_084,post,2,11560,MATMUL,PIPE_M,127748,128336,588,378550
case_084,post,2,1000029878,COPY_IN,PIPE_MTE2,127899,128055,156,378550
case_084,post,2,11551,REDUCE,PIPE_V,128048,128132,84,378550
case_084,post,2,11552,SUB,PIPE_V,128132,128216,84,378550
case_084,post,2,1000030594,COPY_OUT,PIPE_MTE3,128216,128377,161,378550
case_084,post,2,11562,DIV,PIPE_V,128336,128636,300,378550
case_084,post,2,11572,MATMUL,PIPE_M,128336,128924,588,378550
case_084,post,2,1000029882,COPY_IN,PIPE_MTE2,128377,128382,5,378550
case_084,post,2,1000029886,COPY_IN,PIPE_MTE2,128382,128668,286,378550
case_084,post,2,11563,REDUCE,PIPE_V,128636,128720,84,378550
case_084,post,2,1000029888,COPY_IN,PIPE_MTE2,128668,128995,327,378550
case_084,post,2,11564,SUB,PIPE_V,128720,128804,84,378550
case_084,post,2,1000030598,COPY_OUT,PIPE_MTE3,128804,129288,484,378550
case_084,post,2,11574,DIV,PIPE_V,128924,129224,300,378550
case_084,post,2,11584,MATMUL,PIPE_M,128995,129583,588,378550
case_084,post,2,11575,REDUCE,PIPE_V,129224,129308,84,378550
case_084,post,2,1000029892,COPY_IN,PIPE_MTE2,129288,129293,5,378550
case_084,post,2,1000029896,COPY_IN,PIPE_MTE2,129293,129557,264,378550
case_084,post,2,11576,SUB,PIPE_V,129308,129392,84,378550
case_084,post,2,1000030602,COPY_OUT,PIPE_MTE3,129392,129802,410,378550
case_084,post,2,1000029898,COPY_IN,PIPE_MTE2,129557,129823,266,378550
case_084,post,2,11586,DIV,PIPE_V,129583,129883,300,378550
case_084,post,2,11596,MATMUL,PIPE_M,129823,130411,588,378550
case_084,post,2,1000029902,COPY_IN,PIPE_MTE2,129823,129827,4,378550
case_084,post,2,1000029906,COPY_IN,PIPE_MTE2,129827,130019,192,378550
case_084,post,2,11587,REDUCE,PIPE_V,129883,129967,84,378550
case_084,post,2,11588,SUB,PIPE_V,129967,130051,84,378550
case_084,post,2,1000029908,COPY_IN,PIPE_MTE2,130019,130238,219,378550
case_084,post,2,1000030606,COPY_OUT,PIPE_MTE3,130051,130346,295,378550
case_084,post,2,1000029912,COPY_IN,PIPE_MTE2,130346,130349,3,378550
case_084,post,2,1000029916,COPY_IN,PIPE_MTE2,130349,130531,182,378550
case_084,post,2,11598,DIV,PIPE_V,130411,130711,300,378550
case_084,post,2,11608,MATMUL,PIPE_M,130411,130999,588,378550
case_084,post,2,1000029918,COPY_IN,PIPE_MTE2,130531,130681,150,378550
case_084,post,2,11599,REDUCE,PIPE_V,130711,130795,84,378550
case_084,post,2,11600,SUB,PIPE_V,130795,130879,84,378550
case_084,post,2,1000030610,COPY_OUT,PIPE_MTE3,130879,131319,440,378550
case_084,post,2,11610,DIV,PIPE_V,130999,131299,300,378550
case_084,post,2,11620,MATMUL,PIPE_M,130999,131587,588,378550
case_084,post,2,11611,REDUCE,PIPE_V,131299,131383,84,378550
case_084,post,2,1000029922,COPY_IN,PIPE_MTE2,131319,131324,5,378550
case_084,post,2,1000029926,COPY_IN,PIPE_MTE2,131324,131554,230,378550
case_084,post,2,11612,SUB,PIPE_V,131383,131467,84,378550
case_084,post,2,1000030614,COPY_OUT,PIPE_MTE3,131467,131892,425,378550
case_084,post,2,1000029928,COPY_IN,PIPE_MTE2,131554,131854,300,378550
case_084,post,2,11622,DIV,PIPE_V,131587,131887,300,378550
case_084,post,2,11632,MATMUL,PIPE_M,131854,132442,588,378550
case_084,post,2,11623,REDUCE,PIPE_V,131887,131971,84,378550
case_084,post,2,1000029932,COPY_IN,PIPE_MTE2,131892,131896,4,378550
case_084,post,2,1000029936,COPY_IN,PIPE_MTE2,131896,132102,206,378550
case_084,post,2,11624,SUB,PIPE_V,131971,132055,84,378550
case_084,post,2,1000030618,COPY_OUT,PIPE_MTE3,132055,132395,340,378550
case_084,post,2,1000029938,COPY_IN,PIPE_MTE2,132102,132349,247,378550
case_084,post,2,1000029942,COPY_IN,PIPE_MTE2,132395,132398,3,378550
case_084,post,2,1000029946,COPY_IN,PIPE_MTE2,132398,132580,182,378550
case_084,post,2,11634,DIV,PIPE_V,132442,132742,300,378550
case_084,post,2,11644,MATMUL,PIPE_M,132442,133030,588,378550
case_084,post,2,1000029948,COPY_IN,PIPE_MTE2,132580,132739,159,378550
case_084,post,2,11635,REDUCE,PIPE_V,132742,132826,84,378550
case_084,post,2,11636,SUB,PIPE_V,132826,132910,84,378550
case_084,post,2,1000030622,COPY_OUT,PIPE_MTE3,132910,133241,331,378550
case_084,post,2,11646,DIV,PIPE_V,133030,133330,300,378550
case_084,post,2,11656,MATMUL,PIPE_M,133030,133618,588,378550
case_084,post,2,1000029952,COPY_IN,PIPE_MTE2,133241,133249,8,378550
case_084,post,2,1000029956,COPY_IN,PIPE_MTE2,133249,133601,352,378550
case_084,post,2,11647,REDUCE,PIPE_V,133330,133414,84,378550
case_084,post,2,11648,SUB,PIPE_V,133414,133498,84,378550
case_084,post,2,1000030626,COPY_OUT,PIPE_MTE3,133498,134048,550,378550
case_084,post,2,1000029958,COPY_IN,PIPE_MTE2,133601,133983,382,378550
case_084,post,2,11658,DIV,PIPE_V,133618,133918,300,378550
case_084,post,2,11659,REDUCE,PIPE_V,133918,134002,84,378550
case_084,post,2,11668,MATMUL,PIPE_M,133983,134571,588,378550
case_084,post,2,11660,SUB,PIPE_V,134048,134132,84,378550
case_084,post,2,1000029962,COPY_IN,PIPE_MTE2,134048,134053,5,378550
case_084,post,2,1000029966,COPY_IN,PIPE_MTE2,134053,134341,288,378550
case_084,post,2,1000030630,COPY_OUT,PIPE_MTE3,134132,134548,416,378550
case_084,post,2,1000029968,COPY_IN,PIPE_MTE2,134341,134594,253,378550
case_084,post,2,11670,DIV,PIPE_V,134571,134871,300,378550
case_084,post,2,11680,MATMUL,PIPE_M,134594,135182,588,378550
case_084,post,2,1000029972,COPY_IN,PIPE_MTE2,134594,134598,4,378550
case_084,post,2,1000029976,COPY_IN,PIPE_MTE2,134598,134791,193,378550
case_084,post,2,1000029978,COPY_IN,PIPE_MTE2,134791,134926,135,378550
case_084,post,2,11671,REDUCE,PIPE_V,134871,134955,84,378550
case_084,post,2,11672,SUB,PIPE_V,134955,135039,84,378550
case_084,post,2,1000030634,COPY_OUT,PIPE_MTE3,135039,135202,163,378550
case_084,post,2,11682,DIV,PIPE_V,135182,135482,300,378550
case_084,post,2,11692,MATMUL,PIPE_M,135182,135770,588,378550
case_084,post,2,1000029982,COPY_IN,PIPE_MTE2,135202,135204,2,378550
case_084,post,2,1000029986,COPY_IN,PIPE_MTE2,135204,135365,161,378550
case_084,post,2,1000029988,COPY_IN,PIPE_MTE2,135365,135589,224,378550
case_084,post,2,11683,REDUCE,PIPE_V,135482,135566,84,378550
case_084,post,2,11684,SUB,PIPE_V,135566,135650,84,378550
case_084,post,2,1000030638,COPY_OUT,PIPE_MTE3,135650,136097,447,378550
case_084,post,2,11694,DIV,PIPE_V,135770,136070,300,378550
case_084,post,2,11704,MATMUL,PIPE_M,135770,136358,588,378550
case_084,post,2,11695,REDUCE,PIPE_V,136070,136154,84,378550
case_084,post,2,1000029992,COPY_IN,PIPE_MTE2,136097,136103,6,378550
case_084,post,2,1000029996,COPY_IN,PIPE_MTE2,136103,136385,282,378550
case_084,post,2,11696,SUB,PIPE_V,136154,136238,84,378550
case_084,post,2,1000030642,COPY_OUT,PIPE_MTE3,136238,136665,427,378550
case_084,post,2,11706,DIV,PIPE_V,136358,136658,300,378550
case_084,post,2,1000029998,COPY_IN,PIPE_MTE2,136385,136663,278,378550
case_084,post,2,11707,REDUCE,PIPE_V,136658,136742,84,378550
case_084,post,2,11716,MATMUL,PIPE_M,136663,137251,588,378550
case_084,post,2,1000030002,COPY_IN,PIPE_MTE2,136665,136669,4,378550
case_084,post,2,1000030006,COPY_IN,PIPE_MTE2,136669,136886,217,378550
case_084,post,2,11708,SUB,PIPE_V,136742,136826,84,378550
case_084,post,2,1000030646,COPY_OUT,PIPE_MTE3,136826,137178,352,378550
case_084,post,2,1000030008,COPY_IN,PIPE_MTE2,136886,137139,253,378550
case_084,post,2,1000030012,COPY_IN,PIPE_MTE2,137178,137181,3,378550
case_084,post,2,1000030016,COPY_IN,PIPE_MTE2,137181,137361,180,378550
case_084,post,2,11718,DIV,PIPE_V,137251,137551,300,378550
case_084,post,2,11728,MATMUL,PIPE_M,137251,137839,588,378550
case_084,post,2,1000030018,COPY_IN,PIPE_MTE2,137361,137524,163,378550
case_084,post,2,11719,REDUCE,PIPE_V,137551,137635,84,378550
case_084,post,2,11720,SUB,PIPE_V,137635,137719,84,378550
case_084,post,2,1000030650,COPY_OUT,PIPE_MTE3,137719,138189,470,378550
case_084,post,2,11730,DIV,PIPE_V,137839,138139,300,378550
case_084,post,2,11740,MATMUL,PIPE_M,137839,138427,588,378550
case_084,post,2,11731,REDUCE,PIPE_V,138139,138223,84,378550
case_084,post,2,1000030022,COPY_IN,PIPE_MTE2,138189,138196,7,378550
case_084,post,2,1000030026,COPY_IN,PIPE_MTE2,138196,138545,349,378550
case_084,post,2,11732,SUB,PIPE_V,138223,138307,84,378550
case_084,post,2,1000030654,COPY_OUT,PIPE_MTE3,138307,138843,536,378550
case_084,post,2,11742,DIV,PIPE_V,138427,138727,300,378550
case_084,post,2,1000030028,COPY_IN,PIPE_MTE2,138545,138889,344,378550
case_084,post,2,11743,REDUCE,PIPE_V,138727,138811,84,378550
case_084,post,2,11744,SUB,PIPE_V,138843,138927,84,378550
case_084,post,2,11752,MATMUL,PIPE_M,138889,139477,588,378550
case_084,post,2,1000030032,COPY_IN,PIPE_MTE2,138889,138894,5,378550
case_084,post,2,1000030036,COPY_IN,PIPE_MTE2,138894,139156,262,378550
case_084,post,2,1000030658,COPY_OUT,PIPE_MTE3,138927,139316,389,378550
case_084,post,2,1000030038,COPY_IN,PIPE_MTE2,139156,139397,241,378550
case_084,post,2,1000030042,COPY_IN,PIPE_MTE2,139397,139401,4,378550
case_084,post,2,1000030046,COPY_IN,PIPE_MTE2,139401,139588,187,378550
case_084,post,2,11754,DIV,PIPE_V,139477,139777,300,378550
case_084,post,2,11764,MATMUL,PIPE_M,139477,140065,588,378550
case_084,post,2,1000030048,COPY_IN,PIPE_MTE2,139588,139714,126,378550
case_084,post,2,11755,REDUCE,PIPE_V,139777,139861,84,378550
case_084,post,2,11756,SUB,PIPE_V,139861,139945,84,378550
case_084,post,2,1000030662,COPY_OUT,PIPE_MTE3,139945,140256,311,378550
case_084,post,2,11766,DIV,PIPE_V,140065,140365,300,378550
case_084,post,2,11776,MATMUL,PIPE_M,140065,140653,588,378550
case_084,post,2,1000030052,COPY_IN,PIPE_MTE2,140256,140263,7,378550
case_084,post,2,1000030056,COPY_IN,PIPE_MTE2,140263,140550,287,378550
case_084,post,2,11767,REDUCE,PIPE_V,140365,140449,84,378550
case_084,post,2,11768,SUB,PIPE_V,140449,140533,84,378550
case_084,post,2,1000030666,COPY_OUT,PIPE_MTE3,140533,141064,531,378550
case_084,post,2,1000030058,COPY_IN,PIPE_MTE2,140550,140947,397,378550
case_084,post,2,11778,DIV,PIPE_V,140653,140953,300,378550
case_084,post,2,11788,MATMUL,PIPE_M,140947,141535,588,378550
case_084,post,2,11779,REDUCE,PIPE_V,140953,141037,84,378550
case_084,post,2,11780,SUB,PIPE_V,141064,141148,84,378550
case_084,post,2,1000030062,COPY_IN,PIPE_MTE2,141064,141068,4,378550
case_084,post,2,1000030066,COPY_IN,PIPE_MTE2,141068,141308,240,378550
case_084,post,2,1000030670,COPY_OUT,PIPE_MTE3,141148,141566,418,378550
case_084,post,2,1000030068,COPY_IN,PIPE_MTE2,141308,141594,286,378550
case_084,post,2,11790,DIV,PIPE_V,141535,141835,300,378550
case_084,post,2,11800,MATMUL,PIPE_M,141594,142182,588,378550
case_084,post,2,1000030072,COPY_IN,PIPE_MTE2,141594,141598,4,378550
case_084,post,2,1000030076,COPY_IN,PIPE_MTE2,141598,141765,167,378550
case_084,post,2,1000030078,COPY_IN,PIPE_MTE2,141765,141921,156,378550
case_084,post,2,11791,REDUCE,PIPE_V,141835,141919,84,378550
case_084,post,2,11792,SUB,PIPE_V,141919,142003,84,378550
case_084,post,2,1000030674,COPY_OUT,PIPE_MTE3,142003,142166,163,378550
case_084,post,2,1000030082,COPY_IN,PIPE_MTE2,142166,142169,3,378550
case_084,post,2,1000030086,COPY_IN,PIPE_MTE2,142169,142286,117,378550
case_084,post,2,11802,DIV,PIPE_V,142182,142482,300,378550
case_084,post,2,11812,MATMUL,PIPE_M,142182,142770,588,378550
case_084,post,2,1000030088,COPY_IN,PIPE_MTE2,142286,142456,170,378550
case_084,post,2,11803,REDUCE,PIPE_V,142482,142566,84,378550
case_084,post,2,11804,SUB,PIPE_V,142566,142650,84,378550
case_084,post,2,1000030678,COPY_OUT,PIPE_MTE3,142650,143111,461,378550
case_084,post,2,11814,DIV,PIPE_V,142770,143070,300,378550
case_084,post,2,11824,MATMUL,PIPE_M,142770,143358,588,378550
case_084,post,2,11815,REDUCE,PIPE_V,143070,143154,84,378550
case_084,post,2,1000030092,COPY_IN,PIPE_MTE2,143111,143116,5,378550
case_084,post,2,1000030096,COPY_IN,PIPE_MTE2,143116,143368,252,378550
case_084,post,2,11816,SUB,PIPE_V,143154,143238,84,378550
case_084,post,2,1000030682,COPY_OUT,PIPE_MTE3,143238,143683,445,378550
case_084,post,2,11826,DIV,PIPE_V,143358,143658,300,378550
case_084,post,2,1000030098,COPY_IN,PIPE_MTE2,143368,143670,302,378550
case_084,post,2,11827,REDUCE,PIPE_V,143658,143742,84,378550
case_084,post,2,11836,MATMUL,PIPE_M,143670,144258,588,378550
case_084,post,2,1000030102,COPY_IN,PIPE_MTE2,143683,143687,4,378550
case_084,post,2,1000030106,COPY_IN,PIPE_MTE2,143687,143826,139,378550
case_084,post,2,11828,SUB,PIPE_V,143742,143826,84,378550
case_084,post,2,1000030108,COPY_IN,PIPE_MTE2,143826,144086,260,378550
case_084,post,2,1000030686,COPY_OUT,PIPE_MTE3,143826,144179,353,378550
case_084,post,2,1000030112,COPY_IN,PIPE_MTE2,144179,144183,4,378550
case_084,post,2,1000030116,COPY_IN,PIPE_MTE2,144183,144368,185,378550
case_084,post,2,11838,DIV,PIPE_V,144258,144558,300,378550
case_084,post,2,11848,MATMUL,PIPE_M,144258,144846,588,378550
case_084,post,2,1000030118,COPY_IN,PIPE_MTE2,144368,144472,104,378550
case_084,post,2,11839,REDUCE,PIPE_V,144558,144642,84,378550
case_084,post,2,11840,SUB,PIPE_V,144642,144726,84,378550
case_084,post,2,1000030690,COPY_OUT,PIPE_MTE3,144726,145113,387,378550
case_084,post,2,11850,DIV,PIPE_V,144846,145146,300,378550
case_084,post,2,11860,MATMUL,PIPE_M,144846,145434,588,378550
case_084,post,2,1000030122,COPY_IN,PIPE_MTE2,145113,145118,5,378550
case_084,post,2,1000030126,COPY_IN,PIPE_MTE2,145118,145382,264,378550
case_084,post,2,11851,REDUCE,PIPE_V,145146,145230,84,378550
case_084,post,2,11852,SUB,PIPE_V,145230,145314,84,378550
case_084,post,2,1000030694,COPY_OUT,PIPE_MTE3,145314,145795,481,378550
case_084,post,2,1000030128,COPY_IN,PIPE_MTE2,145382,145731,349,378550
case_084,post,2,11862,DIV,PIPE_V,145434,145734,300,378550
case_084,post,2,11872,MATMUL,PIPE_M,145731,146319,588,378550
case_084,post,2,11863,REDUCE,PIPE_V,145734,145818,84,378550
case_084,post,2,1000030132,COPY_IN,PIPE_MTE2,145795,145799,4,378550
case_084,post,2,1000030136,COPY_IN,PIPE_MTE2,145799,145990,191,378550
case_084,post,2,11864,SUB,PIPE_V,145818,145902,84,378550
case_084,post,2,1000030698,COPY_OUT,PIPE_MTE3,145902,146299,397,378550
case_084,post,2,1000030138,COPY_IN,PIPE_MTE2,145990,146269,279,378550
case_084,post,2,1000030142,COPY_IN,PIPE_MTE2,146299,146303,4,378550
case_084,post,2,1000030146,COPY_IN,PIPE_MTE2,146303,146474,171,378550
case_084,post,2,11874,DIV,PIPE_V,146319,146619,300,378550
case_084,post,2,11884,MATMUL,PIPE_M,146319,146907,588,378550
case_084,post,2,1000030148,COPY_IN,PIPE_MTE2,146474,146591,117,378550
case_084,post,2,11875,REDUCE,PIPE_V,146619,146703,84,378550
case_084,post,2,11876,SUB,PIPE_V,146703,146787,84,378550
case_084,post,2,1000030702,COPY_OUT,PIPE_MTE3,146787,146982,195,378550
case_084,post,2,11886,DIV,PIPE_V,146907,147207,300,378550
case_084,post,2,11896,MATMUL,PIPE_M,146907,147495,588,378550
case_084,post,2,1000030152,COPY_IN,PIPE_MTE2,146982,146987,5,378550
case_084,post,2,1000030156,COPY_IN,PIPE_MTE2,146987,147206,219,378550
case_084,post,2,1000030158,COPY_IN,PIPE_MTE2,147206,147557,351,378550
case_084,post,2,11887,REDUCE,PIPE_V,147207,147291,84,378550
case_084,post,2,11888,SUB,PIPE_V,147291,147375,84,378550
case_084,post,2,1000030706,COPY_OUT,PIPE_MTE3,147375,147880,505,378550
case_084,post,2,11898,DIV,PIPE_V,147495,147795,300,378550
case_084,post,2,11908,MATMUL,PIPE_M,147557,148145,588,378550
case_084,post,2,11899,REDUCE,PIPE_V,147795,147879,84,378550
case_084,post,2,11900,SUB,PIPE_V,147880,147964,84,378550
case_084,post,2,1000030162,COPY_IN,PIPE_MTE2,147880,147884,4,378550
case_084,post,2,1000030166,COPY_IN,PIPE_MTE2,147884,148149,265,378550
case_084,post,2,1000030710,COPY_OUT,PIPE_MTE3,147964,148407,443,378550
case_084,post,2,11910,DIV,PIPE_V,148145,148445,300,378550
case_084,post,2,1000030168,COPY_IN,PIPE_MTE2,148149,148436,287,378550
case_084,post,2,11920,MATMUL,PIPE_M,148436,149024,588,378550
case_084,post,2,1000030172,COPY_IN,PIPE_MTE2,148436,148440,4,378550
case_084,post,2,1000030176,COPY_IN,PIPE_MTE2,148440,148607,167,378550
case_084,post,2,11911,REDUCE,PIPE_V,148445,148529,84,378550
case_084,post,2,11912,SUB,PIPE_V,148529,148613,84,378550
case_084,post,2,1000030178,COPY_IN,PIPE_MTE2,148607,148852,245,378550
case_084,post,2,1000030714,COPY_OUT,PIPE_MTE3,148613,148948,335,378550
case_084,post,2,1000030182,COPY_IN,PIPE_MTE2,148948,148952,4,378550
case_084,post,2,1000030186,COPY_IN,PIPE_MTE2,148952,149142,190,378550
case_084,post,2,11922,DIV,PIPE_V,149024,149324,300,378550
case_084,post,2,11932,MATMUL,PIPE_M,149024,149612,588,378550
case_084,post,2,1000030188,COPY_IN,PIPE_MTE2,149142,149246,104,378550
case_084,post,2,11923,REDUCE,PIPE_V,149324,149408,84,378550
case_084,post,2,11924,SUB,PIPE_V,149408,149492,84,378550
case_084,post,2,1000030718,COPY_OUT,PIPE_MTE3,149492,149942,450,378550
case_084,post,2,11934,DIV,PIPE_V,149612,149912,300,378550
case_084,post,2,11944,MATMUL,PIPE_M,149612,150200,588,378550
case_084,post,2,11935,REDUCE,PIPE_V,149912,149996,84,378550
case_084,post,2,1000030192,COPY_IN,PIPE_MTE2,149942,149946,4,378550
case_084,post,2,1000030196,COPY_IN,PIPE_MTE2,149946,150181,235,378550
case_084,post,2,11936,SUB,PIPE_V,149996,150080,84,378550
case_084,post,2,1000030722,COPY_OUT,PIPE_MTE3,150080,150497,417,378550
case_084,post,2,1000030198,COPY_IN,PIPE_MTE2,150181,150477,296,378550
case_084,post,2,11946,DIV,PIPE_V,150200,150500,300,378550
case_084,post,2,11956,MATMUL,PIPE_M,150477,151065,588,378550
case_084,post,2,1000030202,COPY_IN,PIPE_MTE2,150497,150501,4,378550
case_084,post,2,11947,REDUCE,PIPE_V,150500,150584,84,378550
case_084,post,2,1000030206,COPY_IN,PIPE_MTE2,150501,150641,140,378550
case_084,post,2,11948,SUB,PIPE_V,150584,150668,84,378550
case_084,post,2,1000030208,COPY_IN,PIPE_MTE2,150641,150870,229,378550
case_084,post,2,1000030726,COPY_OUT,PIPE_MTE3,150668,151034,366,378550
case_084,post,2,1000030212,COPY_IN,PIPE_MTE2,151034,151039,5,378550
case_084,post,2,1000030216,COPY_IN,PIPE_MTE2,151039,151276,237,378550
case_084,post,2,11958,DIV,PIPE_V,151065,151365,300,378550
case_084,post,2,11968,MATMUL,PIPE_M,151065,151653,588,378550
case_084,post,2,1000030218,COPY_IN,PIPE_MTE2,151276,151462,186,378550
case_084,post,2,11959,REDUCE,PIPE_V,151365,151449,84,378550
case_084,post,2,11960,SUB,PIPE_V,151449,151533,84,378550
case_084,post,2,1000030730,COPY_OUT,PIPE_MTE3,151533,151861,328,378550
case_084,post,2,11970,DIV,PIPE_V,151653,151953,300,378550
case_084,post,2,11980,MATMUL,PIPE_M,151653,152241,588,378550
case_084,post,2,1000030222,COPY_IN,PIPE_MTE2,151861,151867,6,378550
case_084,post,2,1000030226,COPY_IN,PIPE_MTE2,151867,152102,235,378550
case_084,post,2,11971,REDUCE,PIPE_V,151953,152037,84,378550
case_084,post,2,11972,SUB,PIPE_V,152037,152121,84,378550
case_084,post,2,1000030228,COPY_IN,PIPE_MTE2,152102,152419,317,378550
case_084,post,2,1000030734,COPY_OUT,PIPE_MTE3,152121,152550,429,378550
case_084,post,2,11982,DIV,PIPE_V,152241,152541,300,378550
case_084,post,2,11992,MATMUL,PIPE_M,152419,153007,588,378550
case_084,post,2,11983,REDUCE,PIPE_V,152541,152625,84,378550
case_084,post,2,1000030232,COPY_IN,PIPE_MTE2,152550,152554,4,378550
case_084,post,2,1000030236,COPY_IN,PIPE_MTE2,152554,152694,140,378550
case_084,post,2,11984,SUB,PIPE_V,152625,152709,84,378550
case_084,post,2,1000030238,COPY_IN,PIPE_MTE2,152694,152931,237,378550
case_084,post,2,1000030738,COPY_OUT,PIPE_MTE3,152709,153039,330,378550
case_084,post,2,11994,DIV,PIPE_V,153007,153307,300,378550
case_084,post,2,12004,MATMUL,PIPE_M,153007,153595,588,378550
case_084,post,2,1000030242,COPY_IN,PIPE_MTE2,153039,153043,4,378550
case_084,post,2,1000030246,COPY_IN,PIPE_MTE2,153043,153252,209,378550
case_084,post,2,1000030248,COPY_IN,PIPE_MTE2,153252,153413,161,378550
case_084,post,2,11995,REDUCE,PIPE_V,153307,153391,84,378550
case_084,post,2,11996,SUB,PIPE_V,153391,153475,84,378550
case_084,post,2,1000030742,COPY_OUT,PIPE_MTE3,153475,153789,314,378550
case_084,post,2,12006,DIV,PIPE_V,153595,153895,300,378550
case_084,post,2,12016,MATMUL,PIPE_M,153595,154183,588,378550
case_084,post,2,1000030252,COPY_IN,PIPE_MTE2,153789,153793,4,378550
case_084,post,2,1000030256,COPY_IN,PIPE_MTE2,153793,153939,146,378550
case_084,post,2,12007,REDUCE,PIPE_V,153895,153979,84,378550
case_084,post,2,1000030258,COPY_IN,PIPE_MTE2,153939,154159,220,378550
case_084,post,2,12008,SUB,PIPE_V,153979,154063,84,378550
case_084,post,2,1000030746,COPY_OUT,PIPE_MTE3,154063,154501,438,378550
case_084,post,2,12018,DIV,PIPE_V,154183,154483,300,378550
case_084,post,2,12028,MATMUL,PIPE_M,154183,154771,588,378550
case_084,post,2,12019,REDUCE,PIPE_V,154483,154567,84,378550
case_084,post,2,1000030262,COPY_IN,PIPE_MTE2,154501,154506,5,378550
case_084,post,2,1000030266,COPY_IN,PIPE_MTE2,154506,154784,278,378550
case_084,post,2,12020,SUB,PIPE_V,154567,154651,84,378550
case_084,post,2,1000030750,COPY_OUT,PIPE_MTE3,154651,155058,407,378550
case_084,post,2,12030,DIV,PIPE_V,154771,155071,300,378550
case_084,post,2,1000030268,COPY_IN,PIPE_MTE2,154784,155047,263,378550
case_084,post,2,12040,MATMUL,PIPE_M,155047,155635,588,378550
case_084,post,2,1000030272,COPY_IN,PIPE_MTE2,155058,155062,4,378550
case_084,post,2,1000030276,COPY_IN,PIPE_MTE2,155062,155281,219,378550
case_084,post,2,12031,REDUCE,PIPE_V,155071,155155,84,378550
case_084,post,2,12032,SUB,PIPE_V,155155,155239,84,378550
case_084,post,2,1000030754,COPY_OUT,PIPE_MTE3,155239,155601,362,378550
case_084,post,2,1000030278,COPY_IN,PIPE_MTE2,155281,155531,250,378550
case_084,post,2,1000030282,COPY_IN,PIPE_MTE2,155601,155605,4,378550
case_084,post,2,1000019970,COPY_IN,PIPE_MTE2,155605,155833,228,378550
case_084,post,2,12042,DIV,PIPE_V,155635,155935,300,378550
case_084,post,2,12052,MATMUL,PIPE_M,155635,156223,588,378550
case_084,post,2,1000019980,COPY_IN,PIPE_MTE2,155833,156063,230,378550
case_084,post,2,12043,REDUCE,PIPE_V,155935,156019,84,378550
case_084,post,2,12044,SUB,PIPE_V,156019,156103,84,378550
case_084,post,2,1000019990,COPY_IN,PIPE_MTE2,156063,156238,175,378550
case_084,post,2,1000030758,COPY_OUT,PIPE_MTE3,156103,156486,383,378550
case_084,post,2,12054,DIV,PIPE_V,156223,156523,300,378550
case_084,post,2,1000020000,COPY_IN,PIPE_MTE2,156238,156538,300,378550
case_084,post,2,12055,REDUCE,PIPE_V,156523,156607,84,378550
case_084,post,2,1000020010,COPY_IN,PIPE_MTE2,156538,156868,330,378550
case_084,post,2,12056,SUB,PIPE_V,156607,156691,84,378550
case_084,post,2,1738,REDUCE,PIPE_V,156691,156775,84,378550
case_084,post,2,1739,DIV,PIPE_V,156775,157075,300,378550
case_084,post,2,1000020020,COPY_IN,PIPE_MTE2,156868,157130,262,378550
case_084,post,2,1740,MATMUL,PIPE_M,157075,157663,588,378550
case_084,post,2,1750,REDUCE,PIPE_V,157075,157159,84,378550
case_084,post,2,1000020030,COPY_IN,PIPE_MTE2,157130,157364,234,378550
case_084,post,2,1751,DIV,PIPE_V,157159,157459,300,378550
case_084,post,2,1000020040,COPY_IN,PIPE_MTE2,157364,157559,195,378550
case_084,post,2,1761,EXP,PIPE_V,157459,157759,300,378550
case_084,post,2,1000020050,COPY_IN,PIPE_MTE2,157559,157732,173,378550
case_084,post,2,1752,MATMUL,PIPE_M,157663,158251,588,378550
case_084,post,2,1000019974,COPY_OUT,PIPE_MTE3,157663,157900,237,378550
case_084,post,2,1000020060,COPY_IN,PIPE_MTE2,157732,157987,255,378550
case_084,post,2,1762,REDUCE,PIPE_V,157759,157843,84,378550
case_084,post,2,1763,DIV,PIPE_V,157843,158143,300,378550
case_084,post,2,1000020070,COPY_IN,PIPE_MTE2,157987,158122,135,378550
case_084,post,2,1000020080,COPY_IN,PIPE_MTE2,158122,158289,167,378550
case_084,post,2,1773,EXP,PIPE_V,158143,158443,300,378550
case_084,post,2,1764,MATMUL,PIPE_M,158251,158839,588,378550
case_084,post,2,1000019984,COPY_OUT,PIPE_MTE3,158251,158501,250,378550
case_084,post,2,1000020090,COPY_IN,PIPE_MTE2,158289,158531,242,378550
case_084,post,2,1774,REDUCE,PIPE_V,158443,158527,84,378550
case_084,post,2,1775,DIV,PIPE_V,158527,158827,300,378550
case_084,post,2,1000020100,COPY_IN,PIPE_MTE2,158531,158790,259,378550
case_084,post,2,1000020110,COPY_IN,PIPE_MTE2,158790,159144,354,378550
case_084,post,2,1785,EXP,PIPE_V,158827,159127,300,378550
case_084,post,2,1776,MATMUL,PIPE_M,158839,159427,588,378550
case_084,post,2,1000019994,COPY_OUT,PIPE_MTE3,158839,159205,366,378550
case_084,post,2,1786,REDUCE,PIPE_V,159127,159211,84,378550
case_084,post,2,1000020120,COPY_IN,PIPE_MTE2,159144,159435,291,378550
case_084,post,2,1787,DIV,PIPE_V,159211,159511,300,378550
case_084,post,2,1000020004,COPY_OUT,PIPE_MTE3,159427,159714,287,378550
case_084,post,2,1000020130,COPY_IN,PIPE_MTE2,159435,159719,284,378550
case_084,post,2,1788,MATMUL,PIPE_M,159511,160099,588,378550
case_084,post,2,1797,EXP,PIPE_V,159511,159811,300,378550
case_084,post,2,1000020140,COPY_IN,PIPE_MTE2,159719,159901,182,378550
case_084,post,2,1798,REDUCE,PIPE_V,159811,159895,84,378550
case_084,post,2,1799,DIV,PIPE_V,159895,160195,300,378550
case_084,post,2,1000020150,COPY_IN,PIPE_MTE2,159901,160093,192,378550
case_084,post,2,1000020160,COPY_IN,PIPE_MTE2,160093,160286,193,378550
case_084,post,2,1000020014,COPY_OUT,PIPE_MTE3,160099,160296,197,378550
case_084,post,2,1800,MATMUL,PIPE_M,160195,160783,588,378550
case_084,post,2,1809,EXP,PIPE_V,160195,160495,300,378550
case_084,post,2,1000020170,COPY_IN,PIPE_MTE2,160286,160496,210,378550
case_084,post,2,1810,REDUCE,PIPE_V,160495,160579,84,378550
case_084,post,2,1000020180,COPY_IN,PIPE_MTE2,160496,160750,254,378550
case_084,post,2,1811,DIV,PIPE_V,160579,160879,300,378550
case_084,post,2,1000020190,COPY_IN,PIPE_MTE2,160750,161016,266,378550
case_084,post,2,1000020024,COPY_OUT,PIPE_MTE3,160783,161057,274,378550
case_084,post,2,1812,MATMUL,PIPE_M,160879,161467,588,378550
case_084,post,2,1821,EXP,PIPE_V,160879,161179,300,378550
case_084,post,2,1000020200,COPY_IN,PIPE_MTE2,161016,161317,301,378550
case_084,post,2,1822,REDUCE,PIPE_V,161179,161263,84,378550
case_084,post,2,1823,DIV,PIPE_V,161263,161563,300,378550
case_084,post,2,1000020210,COPY_IN,PIPE_MTE2,161317,161646,329,378550
case_084,post,2,1000020034,COPY_OUT,PIPE_MTE3,161467,161791,324,378550
case_084,post,2,1824,MATMUL,PIPE_M,161563,162151,588,378550
case_084,post,2,1833,EXP,PIPE_V,161563,161863,300,378550
case_084,post,2,1000020220,COPY_IN,PIPE_MTE2,161646,161922,276,378550
case_084,post,2,1834,REDUCE,PIPE_V,161863,161947,84,378550
case_084,post,2,1835,DIV,PIPE_V,161947,162247,300,378550
case_084,post,2,1000020044,COPY_OUT,PIPE_MTE3,162151,162280,129,378550
case_084,post,2,1836,MATMUL,PIPE_M,162247,162835,588,378550
case_084,post,2,1845,EXP,PIPE_V,162247,162547,300,378550
case_084,post,2,1846,REDUCE,PIPE_V,162547,162631,84,378550
case_084,post,2,1847,DIV,PIPE_V,162631,162931,300,378550
case_084,post,2,1000020054,COPY_OUT,PIPE_MTE3,162835,162887,52,378550
case_084,post,2,1848,MATMUL,PIPE_M,162931,163519,588,378550
case_084,post,2,1857,EXP,PIPE_V,162931,163231,300,378550
case_084,post,2,1858,REDUCE,PIPE_V,163231,163315,84,378550
case_084,post,2,1859,DIV,PIPE_V,163315,163615,300,378550
case_084,post,2,1000020064,COPY_OUT,PIPE_MTE3,163519,163685,166,378550
case_084,post,2,1860,MATMUL,PIPE_M,163615,164203,588,378550
case_084,post,2,1869,EXP,PIPE_V,163615,163915,300,378550
case_084,post,2,1870,REDUCE,PIPE_V,163915,163999,84,378550
case_084,post,2,1871,DIV,PIPE_V,163999,164299,300,378550
case_084,post,2,1000020074,COPY_OUT,PIPE_MTE3,164203,164307,104,378550
case_084,post,2,1872,MATMUL,PIPE_M,164299,164887,588,378550
case_084,post,2,1881,EXP,PIPE_V,164299,164599,300,378550
case_084,post,2,1882,REDUCE,PIPE_V,164599,164683,84,378550
case_084,post,2,1883,DIV,PIPE_V,164683,164983,300,378550
case_084,post,2,1000020084,COPY_OUT,PIPE_MTE3,164887,165034,147,378550
case_084,post,2,1884,MATMUL,PIPE_M,164983,165571,588,378550
case_084,post,2,1893,EXP,PIPE_V,164983,165283,300,378550
case_084,post,2,1894,REDUCE,PIPE_V,165283,165367,84,378550
case_084,post,2,1895,DIV,PIPE_V,165367,165667,300,378550
case_084,post,2,1000020094,COPY_OUT,PIPE_MTE3,165571,165657,86,378550
case_084,post,2,1896,MATMUL,PIPE_M,165667,166255,588,378550
case_084,post,2,1905,EXP,PIPE_V,165667,165967,300,378550
case_084,post,2,1906,REDUCE,PIPE_V,165967,166051,84,378550
case_084,post,2,1907,DIV,PIPE_V,166051,166351,300,378550
case_084,post,2,1000020104,COPY_OUT,PIPE_MTE3,166255,166307,52,378550
case_084,post,2,1908,MATMUL,PIPE_M,166351,166939,588,378550
case_084,post,2,1917,EXP,PIPE_V,166351,166651,300,378550
case_084,post,2,1918,REDUCE,PIPE_V,166651,166735,84,378550
case_084,post,2,1919,DIV,PIPE_V,166735,167035,300,378550
case_084,post,2,1000020114,COPY_OUT,PIPE_MTE3,166939,167043,104,378550
case_084,post,2,1920,MATMUL,PIPE_M,167035,167623,588,378550
case_084,post,2,1929,EXP,PIPE_V,167035,167335,300,378550
case_084,post,2,1930,REDUCE,PIPE_V,167335,167419,84,378550
case_084,post,2,1931,DIV,PIPE_V,167419,167719,300,378550
case_084,post,2,1000020124,COPY_OUT,PIPE_MTE3,167623,167692,69,378550
case_084,post,2,1932,MATMUL,PIPE_M,167719,168307,588,378550
case_084,post,2,1941,EXP,PIPE_V,167719,168019,300,378550
case_084,post,2,1942,REDUCE,PIPE_V,168019,168103,84,378550
case_084,post,2,1943,DIV,PIPE_V,168103,168403,300,378550
case_084,post,2,1000020134,COPY_OUT,PIPE_MTE3,168307,168471,164,378550
case_084,post,2,1000030299,COPY_IN,PIPE_MTE2,168307,168545,238,378550
case_084,post,2,1944,MATMUL,PIPE_M,168403,168991,588,378550
case_084,post,2,1953,EXP,PIPE_V,168403,168703,300,378550
case_084,post,2,1000020230,COPY_IN,PIPE_MTE2,168545,168695,150,378550
case_084,post,2,1954,REDUCE,PIPE_V,168703,168787,84,378550
case_084,post,2,1955,DIV,PIPE_V,168787,169087,300,378550
case_084,post,2,1000020144,COPY_OUT,PIPE_MTE3,168991,169218,227,378550
case_084,post,2,1000030303,COPY_IN,PIPE_MTE2,168991,169308,317,378550
case_084,post,2,1956,MATMUL,PIPE_M,169087,169675,588,378550
case_084,post,2,1965,EXP,PIPE_V,169087,169387,300,378550
case_084,post,2,1000020240,COPY_IN,PIPE_MTE2,169308,169491,183,378550
case_084,post,2,1966,REDUCE,PIPE_V,169387,169471,84,378550
case_084,post,2,1967,DIV,PIPE_V,169471,169771,300,378550
case_084,post,2,1000020154,COPY_OUT,PIPE_MTE3,169675,169838,163,378550
case_084,post,2,1000030307,COPY_IN,PIPE_MTE2,169675,169888,213,378550
case_084,post,2,1968,MATMUL,PIPE_M,169771,170359,588,378550
case_084,post,2,1977,EXP,PIPE_V,169771,170071,300,378550
case_084,post,2,1000020250,COPY_IN,PIPE_MTE2,169888,169992,104,378550
case_084,post,2,1978,REDUCE,PIPE_V,170071,170155,84,378550
case_084,post,2,1979,DIV,PIPE_V,170155,170455,300,378550
case_084,post,2,1000020164,COPY_OUT,PIPE_MTE3,170359,170533,174,378550
case_084,post,2,1000030311,COPY_IN,PIPE_MTE2,170359,170614,255,378550
case_084,post,2,1980,MATMUL,PIPE_M,170455,171043,588,378550
case_084,post,2,1989,EXP,PIPE_V,170455,170755,300,378550
case_084,post,2,1000020260,COPY_IN,PIPE_MTE2,170614,170876,262,378550
case_084,post,2,1990,REDUCE,PIPE_V,170755,170839,84,378550
case_084,post,2,1991,DIV,PIPE_V,170839,171139,300,378550
case_084,post,2,1000020174,COPY_OUT,PIPE_MTE3,171043,171297,254,378550
case_084,post,2,1000030315,COPY_IN,PIPE_MTE2,171043,171402,359,378550
case_084,post,2,1992,MATMUL,PIPE_M,171139,171727,588,378550
case_084,post,2,2001,EXP,PIPE_V,171139,171439,300,378550
case_084,post,2,1000020270,COPY_IN,PIPE_MTE2,171402,171646,244,378550
case_084,post,2,2002,REDUCE,PIPE_V,171439,171523,84,378550
case_084,post,2,2003,DIV,PIPE_V,171523,171823,300,378550
case_084,post,2,1000020184,COPY_OUT,PIPE_MTE3,171727,171966,239,378550
case_084,post,2,1000030319,COPY_IN,PIPE_MTE2,171727,172041,314,378550
case_084,post,2,2004,MATMUL,PIPE_M,171823,172411,588,378550
case_084,post,2,2013,EXP,PIPE_V,171823,172123,300,378550
case_084,post,2,1000020280,COPY_IN,PIPE_MTE2,172041,172213,172,378550
case_084,post,2,2014,REDUCE,PIPE_V,172123,172207,84,378550
case_084,post,2,2015,DIV,PIPE_V,172207,172507,300,378550
case_084,post,2,1000020194,COPY_OUT,PIPE_MTE3,172411,172575,164,378550
case_084,post,2,1000030323,COPY_IN,PIPE_MTE2,172411,172689,278,378550
case_084,post,2,2016,MATMUL,PIPE_M,172507,173095,588,378550
case_084,post,2,2025,EXP,PIPE_V,172507,172807,300,378550
case_084,post,2,1000020290,COPY_IN,PIPE_MTE2,172689,172953,264,378550
case_084,post,2,2026,REDUCE,PIPE_V,172807,172891,84,378550
case_084,post,2,2027,DIV,PIPE_V,172891,173191,300,378550
case_084,post,2,1000020204,COPY_OUT,PIPE_MTE3,173095,173314,219,378550
case_084,post,2,1000030327,COPY_IN,PIPE_MTE2,173095,173393,298,378550
case_084,post,2,2028,MATMUL,PIPE_M,173191,173779,588,378550
case_084,post,2,2037,EXP,PIPE_V,173191,173491,300,378550
case_084,post,2,1000020300,COPY_IN,PIPE_MTE2,173393,173691,298,378550
case_084,post,2,2038,REDUCE,PIPE_V,173491,173575,84,378550
case_084,post,2,2039,DIV,PIPE_V,173575,173875,300,378550
case_084,post,2,1000020214,COPY_OUT,PIPE_MTE3,173779,174049,270,378550
case_084,post,2,1000030331,COPY_IN,PIPE_MTE2,173779,174149,370,378550
case_084,post,2,2040,MATMUL,PIPE_M,173875,174463,588,378550
case_084,post,2,2049,EXP,PIPE_V,173875,174175,300,378550
case_084,post,2,1000020310,COPY_IN,PIPE_MTE2,174149,174391,242,378550
case_084,post,2,2050,REDUCE,PIPE_V,174175,174259,84,378550
case_084,post,2,2051,DIV,PIPE_V,174259,174559,300,378550
case_084,post,2,1000020224,COPY_OUT,PIPE_MTE3,174463,174638,175,378550
case_084,post,2,1000030335,COPY_IN,PIPE_MTE2,174463,174713,250,378550
case_084,post,2,2052,MATMUL,PIPE_M,174559,175147,588,378550
case_084,post,2,2061,EXP,PIPE_V,174559,174859,300,378550
case_084,post,2,1000020320,COPY_IN,PIPE_MTE2,174713,174863,150,378550
case_084,post,2,2062,REDUCE,PIPE_V,174859,174943,84,378550
case_084,post,2,2063,DIV,PIPE_V,174943,175243,300,378550
case_084,post,2,1000020234,COPY_OUT,PIPE_MTE3,175147,175374,227,378550
case_084,post,2,1000030339,COPY_IN,PIPE_MTE2,175147,175474,327,378550
case_084,post,2,2064,MATMUL,PIPE_M,175243,175831,588,378550
case_084,post,2,2073,EXP,PIPE_V,175243,175543,300,378550
case_084,post,2,1000020330,COPY_IN,PIPE_MTE2,175474,175686,212,378550
case_084,post,2,2074,REDUCE,PIPE_V,175543,175627,84,378550
case_084,post,2,2075,DIV,PIPE_V,175627,175927,300,378550
case_084,post,2,1000020244,COPY_OUT,PIPE_MTE3,175831,176090,259,378550
case_084,post,2,1000030343,COPY_IN,PIPE_MTE2,175831,176206,375,378550
case_084,post,2,2076,MATMUL,PIPE_M,175927,176515,588,378550
case_084,post,2,2085,EXP,PIPE_V,175927,176227,300,378550
case_084,post,2,1000020340,COPY_IN,PIPE_MTE2,176206,176493,287,378550
case_084,post,2,2086,REDUCE,PIPE_V,176227,176311,84,378550
case_084,post,2,2087,DIV,PIPE_V,176311,176611,300,378550
case_084,post,2,1000020254,COPY_OUT,PIPE_MTE3,176515,176709,194,378550
case_084,post,2,1000030347,COPY_IN,PIPE_MTE2,176515,176807,292,378550
case_084,post,2,2088,MATMUL,PIPE_M,176611,177199,588,378550
case_084,post,2,2097,EXP,PIPE_V,176611,176911,300,378550
case_084,post,2,1000020350,COPY_IN,PIPE_MTE2,176807,177012,205,378550
case_084,post,2,2098,REDUCE,PIPE_V,176911,176995,84,378550
case_084,post,2,2099,DIV,PIPE_V,176995,177295,300,378550
case_084,post,2,1000020264,COPY_OUT,PIPE_MTE3,177199,177367,168,378550
case_084,post,2,1000030351,COPY_IN,PIPE_MTE2,177199,177466,267,378550
case_084,post,2,2100,MATMUL,PIPE_M,177295,177883,588,378550
case_084,post,2,2109,EXP,PIPE_V,177295,177595,300,378550
case_084,post,2,1000020360,COPY_IN,PIPE_MTE2,177466,177686,220,378550
case_084,post,2,2110,REDUCE,PIPE_V,177595,177679,84,378550
case_084,post,2,2111,DIV,PIPE_V,177679,177979,300,378550
case_084,post,2,1000020274,COPY_OUT,PIPE_MTE3,177883,178052,169,378550
case_084,post,2,1000030355,COPY_IN,PIPE_MTE2,177883,178193,310,378550
case_084,post,2,2112,MATMUL,PIPE_M,177979,178567,588,378550
case_084,post,2,2121,EXP,PIPE_V,177979,178279,300,378550
case_084,post,2,1000020370,COPY_IN,PIPE_MTE2,178193,178455,262,378550
case_084,post,2,2122,REDUCE,PIPE_V,178279,178363,84,378550
case_084,post,2,2123,DIV,PIPE_V,178363,178663,300,378550
case_084,post,2,1000020284,COPY_OUT,PIPE_MTE3,178567,178846,279,378550
case_084,post,2,1000030359,COPY_IN,PIPE_MTE2,178567,178945,378,378550
case_084,post,2,2124,MATMUL,PIPE_M,178663,179251,588,378550
case_084,post,2,2133,EXP,PIPE_V,178663,178963,300,378550
case_084,post,2,1000020380,COPY_IN,PIPE_MTE2,178945,179139,194,378550
case_084,post,2,2134,REDUCE,PIPE_V,178963,179047,84,378550
case_084,post,2,2135,DIV,PIPE_V,179047,179347,300,378550
case_084,post,2,1000020294,COPY_OUT,PIPE_MTE3,179251,179424,173,378550
case_084,post,2,1000030363,COPY_IN,PIPE_MTE2,179251,179499,248,378550
case_084,post,2,2136,MATMUL,PIPE_M,179347,179935,588,378550
case_084,post,2,2145,EXP,PIPE_V,179347,179647,300,378550
case_084,post,2,1000020390,COPY_IN,PIPE_MTE2,179499,179716,217,378550
case_084,post,2,2146,REDUCE,PIPE_V,179647,179731,84,378550
case_084,post,2,2147,DIV,PIPE_V,179731,180031,300,378550
case_084,post,2,1000020304,COPY_OUT,PIPE_MTE3,179935,180135,200,378550
case_084,post,2,1000030367,COPY_IN,PIPE_MTE2,179935,180225,290,378550
case_084,post,2,2148,MATMUL,PIPE_M,180031,180619,588,378550
case_084,post,2,2157,EXP,PIPE_V,180031,180331,300,378550
case_084,post,2,1000020400,COPY_IN,PIPE_MTE2,180225,180401,176,378550
case_084,post,2,2158,REDUCE,PIPE_V,180331,180415,84,378550
case_084,post,2,2159,DIV,PIPE_V,180415,180715,300,378550
case_084,post,2,1000020314,COPY_OUT,PIPE_MTE3,180619,180888,269,378550
case_084,post,2,1000030371,COPY_IN,PIPE_MTE2,180619,180987,368,378550
case_084,post,2,2160,MATMUL,PIPE_M,180715,181303,588,378550
case_084,post,2,2169,EXP,PIPE_V,180715,181015,300,378550
case_084,post,2,1000020410,COPY_IN,PIPE_MTE2,180987,181222,235,378550
case_084,post,2,2170,REDUCE,PIPE_V,181015,181099,84,378550
case_084,post,2,2171,DIV,PIPE_V,181099,181399,300,378550
case_084,post,2,1000020324,COPY_OUT,PIPE_MTE3,181303,181504,201,378550
case_084,post,2,1000030375,COPY_IN,PIPE_MTE2,181303,181579,276,378550
case_084,post,2,2172,MATMUL,PIPE_M,181399,181987,588,378550
case_084,post,2,2181,EXP,PIPE_V,181399,181699,300,378550
case_084,post,2,1000020420,COPY_IN,PIPE_MTE2,181579,181738,159,378550
case_084,post,2,2182,REDUCE,PIPE_V,181699,181783,84,378550
case_084,post,2,2183,DIV,PIPE_V,181783,182083,300,378550
case_084,post,2,1000020334,COPY_OUT,PIPE_MTE3,181987,182243,256,378550
case_084,post,2,1000030379,COPY_IN,PIPE_MTE2,181987,182343,356,378550
case_084,post,2,2184,MATMUL,PIPE_M,182083,182671,588,378550
case_084,post,2,2193,EXP,PIPE_V,182083,182383,300,378550
case_084,post,2,1000020430,COPY_IN,PIPE_MTE2,182343,182575,232,378550
case_084,post,2,2194,REDUCE,PIPE_V,182383,182467,84,378550
case_084,post,2,2195,DIV,PIPE_V,182467,182767,300,378550
case_084,post,2,1000020344,COPY_OUT,PIPE_MTE3,182671,182940,269,378550
case_084,post,2,1000030383,COPY_IN,PIPE_MTE2,182671,183046,375,378550
case_084,post,2,2196,MATMUL,PIPE_M,182767,183355,588,378550
case_084,post,2,2205,EXP,PIPE_V,182767,183067,300,378550
case_084,post,2,1000020440,COPY_IN,PIPE_MTE2,183046,183326,280,378550
case_084,post,2,2206,REDUCE,PIPE_V,183067,183151,84,378550
case_084,post,2,2207,DIV,PIPE_V,183151,183451,300,378550
case_084,post,2,1000020354,COPY_OUT,PIPE_MTE3,183355,183589,234,378550
case_084,post,2,1000030387,COPY_IN,PIPE_MTE2,183355,183672,317,378550
case_084,post,2,2208,MATMUL,PIPE_M,183451,184039,588,378550
case_084,post,2,2217,EXP,PIPE_V,183451,183751,300,378550
case_084,post,2,1000020450,COPY_IN,PIPE_MTE2,183672,183901,229,378550
case_084,post,2,2218,REDUCE,PIPE_V,183751,183835,84,378550
case_084,post,2,2219,DIV,PIPE_V,183835,184135,300,378550
case_084,post,2,1000020364,COPY_OUT,PIPE_MTE3,184039,184182,143,378550
case_084,post,2,1000030391,COPY_IN,PIPE_MTE2,184039,184234,195,378550
case_084,post,2,2220,MATMUL,PIPE_M,184135,184723,588,378550
case_084,post,2,2229,EXP,PIPE_V,184135,184435,300,378550
case_084,post,2,1000020460,COPY_IN,PIPE_MTE2,184234,184488,254,378550
case_084,post,2,2230,REDUCE,PIPE_V,184435,184519,84,378550
case_084,post,2,2231,DIV,PIPE_V,184519,184819,300,378550
case_084,post,2,1000020374,COPY_OUT,PIPE_MTE3,184723,184933,210,378550
case_084,post,2,1000030395,COPY_IN,PIPE_MTE2,184723,185028,305,378550
case_084,post,2,2232,MATMUL,PIPE_M,184819,185407,588,378550
case_084,post,2,2241,EXP,PIPE_V,184819,185119,300,378550
case_084,post,2,1000020470,COPY_IN,PIPE_MTE2,185028,185315,287,378550
case_084,post,2,2242,REDUCE,PIPE_V,185119,185203,84,378550
case_084,post,2,2243,DIV,PIPE_V,185203,185503,300,378550
case_084,post,2,1000020384,COPY_OUT,PIPE_MTE3,185407,185673,266,378550
case_084,post,2,1000030399,COPY_IN,PIPE_MTE2,185407,185798,391,378550
case_084,post,2,2244,MATMUL,PIPE_M,185503,186091,588,378550
case_084,post,2,2253,EXP,PIPE_V,185503,185803,300,378550
case_084,post,2,1000020480,COPY_IN,PIPE_MTE2,185798,186009,211,378550
case_084,post,2,2254,REDUCE,PIPE_V,185803,185887,84,378550
case_084,post,2,2255,DIV,PIPE_V,185887,186187,300,378550
case_084,post,2,1000020394,COPY_OUT,PIPE_MTE3,186091,186291,200,378550
case_084,post,2,1000030403,COPY_IN,PIPE_MTE2,186091,186366,275,378550
case_084,post,2,2256,MATMUL,PIPE_M,186187,186775,588,378550
case_084,post,2,2265,EXP,PIPE_V,186187,186487,300,378550
case_084,post,2,1000020490,COPY_IN,PIPE_MTE2,186366,186525,159,378550
case_084,post,2,2266,REDUCE,PIPE_V,186487,186571,84,378550
case_084,post,2,2267,DIV,PIPE_V,186571,186871,300,378550
case_084,post,2,1000020404,COPY_OUT,PIPE_MTE3,186775,186957,182,378550
case_084,post,2,1000030407,COPY_IN,PIPE_MTE2,186775,187057,282,378550
case_084,post,2,2268,MATMUL,PIPE_M,186871,187459,588,378550
case_084,post,2,2277,EXP,PIPE_V,186871,187171,300,378550
case_084,post,2,1000020500,COPY_IN,PIPE_MTE2,187057,187253,196,378550
case_084,post,2,2278,REDUCE,PIPE_V,187171,187255,84,378550
case_084,post,2,2279,DIV,PIPE_V,187255,187555,300,378550
case_084,post,2,1000020414,COPY_OUT,PIPE_MTE3,187459,187740,281,378550
case_084,post,2,1000030411,COPY_IN,PIPE_MTE2,187459,187840,381,378550
case_084,post,2,2280,MATMUL,PIPE_M,187555,188143,588,378550
case_084,post,2,2289,EXP,PIPE_V,187555,187855,300,378550
case_084,post,2,1000020510,COPY_IN,PIPE_MTE2,187840,188093,253,378550
case_084,post,2,2290,REDUCE,PIPE_V,187855,187939,84,378550
case_084,post,2,2291,DIV,PIPE_V,187939,188239,300,378550
case_084,post,2,1000020424,COPY_OUT,PIPE_MTE3,188143,188372,229,378550
case_084,post,2,1000030415,COPY_IN,PIPE_MTE2,188143,188447,304,378550
case_084,post,2,2292,MATMUL,PIPE_M,188239,188827,588,378550
case_084,post,2,2301,EXP,PIPE_V,188239,188539,300,378550
case_084,post,2,1000020520,COPY_IN,PIPE_MTE2,188447,188615,168,378550
case_084,post,2,2302,REDUCE,PIPE_V,188539,188623,84,378550
case_084,post,2,2303,DIV,PIPE_V,188623,188923,300,378550
case_084,post,2,1000020434,COPY_OUT,PIPE_MTE3,188827,189065,238,378550
case_084,post,2,1000030419,COPY_IN,PIPE_MTE2,188827,189182,355,378550
case_084,post,2,2304,MATMUL,PIPE_M,188923,189511,588,378550
case_084,post,2,2313,EXP,PIPE_V,188923,189223,300,378550
case_084,post,2,1000020530,COPY_IN,PIPE_MTE2,189182,189368,186,378550
case_084,post,2,2314,REDUCE,PIPE_V,189223,189307,84,378550
case_084,post,2,2315,DIV,PIPE_V,189307,189607,300,378550
case_084,post,2,1000020444,COPY_OUT,PIPE_MTE3,189511,189675,164,378550
case_084,post,2,1000030423,COPY_IN,PIPE_MTE2,189511,189800,289,378550
case_084,post,2,2316,MATMUL,PIPE_M,189607,190195,588,378550
case_084,post,2,2325,EXP,PIPE_V,189607,189907,300,378550
case_084,post,2,1000020540,COPY_IN,PIPE_MTE2,189800,190077,277,378550
case_084,post,2,2326,REDUCE,PIPE_V,189907,189991,84,378550
case_084,post,2,2327,DIV,PIPE_V,189991,190291,300,378550
case_084,post,2,1000020454,COPY_OUT,PIPE_MTE3,190195,190445,250,378550
case_084,post,2,1000030427,COPY_IN,PIPE_MTE2,190195,190523,328,378550
case_084,post,2,2328,MATMUL,PIPE_M,190291,190879,588,378550
case_084,post,2,2337,EXP,PIPE_V,190291,190591,300,378550
case_084,post,2,1000020550,COPY_IN,PIPE_MTE2,190523,190743,220,378550
case_084,post,2,2338,REDUCE,PIPE_V,190591,190675,84,378550
case_084,post,2,2339,DIV,PIPE_V,190675,190975,300,378550
case_084,post,2,1000020464,COPY_OUT,PIPE_MTE3,190879,191043,164,378550
case_084,post,2,1000030431,COPY_IN,PIPE_MTE2,190879,191113,234,378550
case_084,post,2,2340,MATMUL,PIPE_M,190975,191563,588,378550
case_084,post,2,2349,EXP,PIPE_V,190975,191275,300,378550
case_084,post,2,1000020560,COPY_IN,PIPE_MTE2,191113,191233,120,378550
case_084,post,2,2350,REDUCE,PIPE_V,191275,191359,84,378550
case_084,post,2,2351,DIV,PIPE_V,191359,191659,300,378550
case_084,post,2,1000020474,COPY_OUT,PIPE_MTE3,191563,191790,227,378550
case_084,post,2,1000030435,COPY_IN,PIPE_MTE2,191563,191885,322,378550
case_084,post,2,2352,MATMUL,PIPE_M,191659,192247,588,378550
case_084,post,2,2361,EXP,PIPE_V,191659,191959,300,378550
case_084,post,2,1000020570,COPY_IN,PIPE_MTE2,191885,192095,210,378550
case_084,post,2,2362,REDUCE,PIPE_V,191959,192043,84,378550
case_084,post,2,2363,DIV,PIPE_V,192043,192343,300,378550
case_084,post,2,1000020484,COPY_OUT,PIPE_MTE3,192247,192500,253,378550
case_084,post,2,1000030439,COPY_IN,PIPE_MTE2,192247,192625,378,378550
case_084,post,2,2364,MATMUL,PIPE_M,192343,192931,588,378550
case_084,post,2,2373,EXP,PIPE_V,192343,192643,300,378550
case_084,post,2,1000020580,COPY_IN,PIPE_MTE2,192625,192870,245,378550
case_084,post,2,2374,REDUCE,PIPE_V,192643,192727,84,378550
case_084,post,2,2375,DIV,PIPE_V,192727,193027,300,378550
case_084,post,2,1000020494,COPY_OUT,PIPE_MTE3,192931,193130,199,378550
case_084,post,2,1000030443,COPY_IN,PIPE_MTE2,192931,193219,288,378550
case_084,post,2,2376,MATMUL,PIPE_M,193027,193615,588,378550
case_084,post,2,2385,EXP,PIPE_V,193027,193327,300,378550
case_084,post,2,1000020590,COPY_IN,PIPE_MTE2,193219,193383,164,378550
case_084,post,2,2386,REDUCE,PIPE_V,193327,193411,84,378550
case_084,post,2,2387,DIV,PIPE_V,193411,193711,300,378550
case_084,post,2,1000020504,COPY_OUT,PIPE_MTE3,193615,193820,205,378550
case_084,post,2,1000030447,COPY_IN,PIPE_MTE2,193615,193920,305,378550
case_084,post,2,2388,MATMUL,PIPE_M,193711,194299,588,378550
case_084,post,2,2397,EXP,PIPE_V,193711,194011,300,378550
case_084,post,2,1000020600,COPY_IN,PIPE_MTE2,193920,194144,224,378550
case_084,post,2,2398,REDUCE,PIPE_V,194011,194095,84,378550
case_084,post,2,2399,DIV,PIPE_V,194095,194395,300,378550
case_084,post,2,1000020514,COPY_OUT,PIPE_MTE3,194299,194533,234,378550
case_084,post,2,1000030451,COPY_IN,PIPE_MTE2,194299,194648,349,378550
case_084,post,2,2400,MATMUL,PIPE_M,194395,194983,588,378550
case_084,post,2,2409,EXP,PIPE_V,194395,194695,300,378550
case_084,post,2,1000020610,COPY_IN,PIPE_MTE2,194648,194890,242,378550
case_084,post,2,2410,REDUCE,PIPE_V,194695,194779,84,378550
case_084,post,2,2411,DIV,PIPE_V,194779,195079,300,378550
case_084,post,2,1000020524,COPY_OUT,PIPE_MTE3,194983,195251,268,378550
case_084,post,2,1000030455,COPY_IN,PIPE_MTE2,194983,195326,343,378550
case_084,post,2,2412,MATMUL,PIPE_M,195079,195667,588,378550
case_084,post,2,2421,EXP,PIPE_V,195079,195379,300,378550
case_084,post,2,1000020620,COPY_IN,PIPE_MTE2,195326,195509,183,378550
case_084,post,2,2422,REDUCE,PIPE_V,195379,195463,84,378550
case_084,post,2,2423,DIV,PIPE_V,195463,195763,300,378550
case_084,post,2,1000020534,COPY_OUT,PIPE_MTE3,195667,195831,164,378550
case_084,post,2,1000030459,COPY_IN,PIPE_MTE2,195667,195929,262,378550
case_084,post,2,2424,MATMUL,PIPE_M,195763,196351,588,378550
case_084,post,2,2433,EXP,PIPE_V,195763,196063,300,378550
case_084,post,2,1000020630,COPY_IN,PIPE_MTE2,195929,196180,251,378550
case_084,post,2,2434,REDUCE,PIPE_V,196063,196147,84,378550
case_084,post,2,2435,DIV,PIPE_V,196147,196447,300,378550
case_084,post,2,1000020544,COPY_OUT,PIPE_MTE3,196351,196552,201,378550
case_084,post,2,1000030463,COPY_IN,PIPE_MTE2,196351,196627,276,378550
case_084,post,2,2436,MATMUL,PIPE_M,196447,197035,588,378550
case_084,post,2,2445,EXP,PIPE_V,196447,196747,300,378550
case_084,post,2,1000020640,COPY_IN,PIPE_MTE2,196627,196886,259,378550
case_084,post,2,2446,REDUCE,PIPE_V,196747,196831,84,378550
case_084,post,2,2447,DIV,PIPE_V,196831,197131,300,378550
case_084,post,2,1000020554,COPY_OUT,PIPE_MTE3,197035,197276,241,378550
case_084,post,2,1000030467,COPY_IN,PIPE_MTE2,197035,197376,341,378550
case_084,post,2,2448,MATMUL,PIPE_M,197131,197719,588,378550
case_084,post,2,2457,EXP,PIPE_V,197131,197431,300,378550
case_084,post,2,1000020650,COPY_IN,PIPE_MTE2,197376,197599,223,378550
case_084,post,2,2458,REDUCE,PIPE_V,197431,197515,84,378550
case_084,post,2,2459,DIV,PIPE_V,197515,197815,300,378550
case_084,post,2,1000020564,COPY_OUT,PIPE_MTE3,197719,197883,164,378550
case_084,post,2,1000030471,COPY_IN,PIPE_MTE2,197719,197957,238,378550
case_084,post,2,2460,MATMUL,PIPE_M,197815,198403,588,378550
case_084,post,2,2469,EXP,PIPE_V,197815,198115,300,378550
case_084,post,2,1000020660,COPY_IN,PIPE_MTE2,197957,198106,149,378550
case_084,post,2,2470,REDUCE,PIPE_V,198115,198199,84,378550
case_084,post,2,2471,DIV,PIPE_V,198199,198499,300,378550
case_084,post,2,1000020574,COPY_OUT,PIPE_MTE3,198403,198630,227,378550
case_084,post,2,1000030475,COPY_IN,PIPE_MTE2,198403,198730,327,378550
case_084,post,2,2472,MATMUL,PIPE_M,198499,199087,588,378550
case_084,post,2,2481,EXP,PIPE_V,198499,198799,300,378550
case_084,post,2,1000020670,COPY_IN,PIPE_MTE2,198730,198933,203,378550
case_084,post,2,2482,REDUCE,PIPE_V,198799,198883,84,378550
case_084,post,2,2483,DIV,PIPE_V,198883,199183,300,378550
case_084,post,2,1000020584,COPY_OUT,PIPE_MTE3,199087,199350,263,378550
case_084,post,2,1000020685,COPY_IN,PIPE_MTE2,199087,199475,388,378550
case_084,post,2,2484,MATMUL,PIPE_M,199183,199771,588,378550
case_084,post,2,2493,EXP,PIPE_V,199183,199483,300,378550
case_084,post,2,1000020680,COPY_IN,PIPE_MTE2,199475,199741,266,378550
case_084,post,2,2494,REDUCE,PIPE_V,199483,199567,84,378550
case_084,post,2,2495,DIV,PIPE_V,199567,199867,300,378550
case_084,post,2,1000020594,COPY_OUT,PIPE_MTE3,199771,199952,181,378550
case_084,post,2,1000024296,COPY_IN,PIPE_MTE2,199771,200027,256,378550
case_084,post,2,2496,MATMUL,PIPE_M,199867,200455,588,378550
case_084,post,2,2505,EXP,PIPE_V,199867,200167,300,378550
case_084,post,2,1000024299,COPY_IN,PIPE_MTE2,200027,200033,6,378550
case_084,post,2,1000024291,COPY_IN,PIPE_MTE2,200033,200148,115,378550
case_084,post,2,2506,REDUCE,PIPE_V,200167,200251,84,378550
case_084,post,2,2507,DIV,PIPE_V,200251,200551,300,378550
case_084,post,2,1000020604,COPY_OUT,PIPE_MTE3,200455,200507,52,378550
case_084,post,2,2508,MATMUL,PIPE_M,200551,201139,588,378550
case_084,post,2,2517,EXP,PIPE_V,200551,200851,300,378550
case_084,post,2,1000023009,COPY_IN,PIPE_MTE2,200551,200805,254,378550
case_084,post,2,1000023004,COPY_IN,PIPE_MTE2,200805,200989,184,378550
case_084,post,2,2518,REDUCE,PIPE_V,200851,200935,84,378550
case_084,post,2,2519,DIV,PIPE_V,200935,201235,300,378550
case_084,post,2,1000020614,COPY_OUT,PIPE_MTE3,201139,201194,55,378550
case_084,post,2,2520,MATMUL,PIPE_M,201235,201823,588,378550
case_084,post,2,2529,EXP,PIPE_V,201235,201535,300,378550
case_084,post,2,1000023022,COPY_IN,PIPE_MTE2,201235,201462,227,378550
case_084,post,2,1000023017,COPY_IN,PIPE_MTE2,201462,201658,196,378550
case_084,post,2,2530,REDUCE,PIPE_V,201535,201619,84,378550
case_084,post,2,2531,DIV,PIPE_V,201619,201919,300,378550
case_084,post,2,1000020624,COPY_OUT,PIPE_MTE3,201823,201931,108,378550
case_084,post,2,2532,MATMUL,PIPE_M,201919,202507,588,378550
case_084,post,2,2541,EXP,PIPE_V,201919,202219,300,378550
case_084,post,2,1000023035,COPY_IN,PIPE_MTE2,201919,202077,158,378550
case_084,post,2,1000023030,COPY_IN,PIPE_MTE2,202077,202139,62,378550
case_084,post,2,2542,REDUCE,PIPE_V,202219,202303,84,378550
case_084,post,2,2543,DIV,PIPE_V,202303,202603,300,378550
case_084,post,2,1000020634,COPY_OUT,PIPE_MTE3,202507,202598,91,378550
case_084,post,2,2544,MATMUL,PIPE_M,202603,203191,588,378550
case_084,post,2,2553,EXP,PIPE_V,202603,202903,300,378550
case_084,post,2,1000023048,COPY_IN,PIPE_MTE2,202603,202680,77,378550
case_084,post,2,1000023043,COPY_IN,PIPE_MTE2,202680,202732,52,378550
case_084,post,2,2554,REDUCE,PIPE_V,202903,202987,84,378550
case_084,post,2,2555,DIV,PIPE_V,202987,203287,300,378550
case_084,post,2,1000020644,COPY_OUT,PIPE_MTE3,203191,203326,135,378550
case_084,post,2,2556,MATMUL,PIPE_M,203287,203875,588,378550
case_084,post,2,2565,EXP,PIPE_V,203287,203587,300,378550
case_084,post,2,1000023061,COPY_IN,PIPE_MTE2,203287,203426,139,378550
case_084,post,2,1000023056,COPY_IN,PIPE_MTE2,203426,203478,52,378550
case_084,post,2,2566,REDUCE,PIPE_V,203587,203671,84,378550
case_084,post,2,2567,DIV,PIPE_V,203671,203971,300,378550
case_084,post,2,1000020654,COPY_OUT,PIPE_MTE3,203875,204016,141,378550
case_084,post,2,2568,MATMUL,PIPE_M,203971,204559,588,378550
case_084,post,2,2577,EXP,PIPE_V,203971,204271,300,378550
case_084,post,2,1000023074,COPY_IN,PIPE_MTE2,203971,204112,141,378550
case_084,post,2,1000023069,COPY_IN,PIPE_MTE2,204112,204200,88,378550
case_084,post,2,2578,REDUCE,PIPE_V,204271,204355,84,378550
case_084,post,2,2579,DIV,PIPE_V,204355,204655,300,378550
case_084,post,2,1000020664,COPY_OUT,PIPE_MTE3,204559,204611,52,378550
case_084,post,2,2580,MATMUL,PIPE_M,204655,205243,588,378550
case_084,post,2,2589,EXP,PIPE_V,204655,204955,300,378550
case_084,post,2,1000023087,COPY_IN,PIPE_MTE2,204655,204748,93,378550
case_084,post,2,1000023082,COPY_IN,PIPE_MTE2,204748,204852,104,378550
case_084,post,2,2590,REDUCE,PIPE_V,204955,205039,84,378550
case_084,post,2,2591,DIV,PIPE_V,205039,205339,300,378550
case_084,post,2,1000020674,COPY_OUT,PIPE_MTE3,205243,205295,52,378550
case_084,post,2,2592,MATMUL,PIPE_M,205339,205927,588,378550
case_084,post,2,6032,SUB,PIPE_V,205339,205423,84,378550
case_084,post,2,1000023100,COPY_IN,PIPE_MTE2,205339,205493,154,378550
case_084,post,2,6033,EXP,PIPE_V,205423,205723,300,378550
case_084,post,2,1000023095,COPY_IN,PIPE_MTE2,205493,205597,104,378550
case_084,post,2,6034,REDUCE,PIPE_V,205723,205807,84,378550
case_084,post,2,6035,DIV,PIPE_V,205807,206107,300,378550
case_084,post,2,1000020687,COPY_OUT,PIPE_MTE3,205927,206157,230,378550
case_084,post,2,1000023113,COPY_IN,PIPE_MTE2,205927,206247,320,378550
case_084,post,2,4845,EXP,PIPE_V,206107,206407,300,378550
case_084,post,2,6036,MATMUL,PIPE_M,206107,206695,588,378550
case_084,post,2,1000023108,COPY_IN,PIPE_MTE2,206247,206421,174,378550
case_084,post,2,4846,REDUCE,PIPE_V,206407,206491,84,378550
case_084,post,2,4847,DIV,PIPE_V,206491,206791,300,378550
case_084,post,2,1000023126,COPY_IN,PIPE_MTE2,206695,206827,132,378550
case_084,post,2,1000024301,COPY_OUT,PIPE_MTE3,206695,206802,107,378550
case_084,post,2,4848,MATMUL,PIPE_M,206791,207379,588,378550
case_084,post,2,4857,EXP,PIPE_V,206791,207091,300,378550
case_084,post,2,1000023121,COPY_IN,PIPE_MTE2,206827,206879,52,378550
case_084,post,2,4858,REDUCE,PIPE_V,207091,207175,84,378550
case_084,post,2,4859,DIV,PIPE_V,207175,207475,300,378550
case_084,post,2,1000023011,COPY_OUT,PIPE_MTE3,207379,207483,104,378550
case_084,post,2,1000023139,COPY_IN,PIPE_MTE2,207379,207508,129,378550
case_084,post,2,4860,MATMUL,PIPE_M,207475,208063,588,378550
case_084,post,2,4869,EXP,PIPE_V,207475,207775,300,378550
case_084,post,2,1000023134,COPY_IN,PIPE_MTE2,207508,207610,102,378550
case_084,post,2,4870,REDUCE,PIPE_V,207775,207859,84,378550
case_084,post,2,4871,DIV,PIPE_V,207859,208159,300,378550
case_084,post,2,1000023024,COPY_OUT,PIPE_MTE3,208063,208167,104,378550
case_084,post,2,1000023152,COPY_IN,PIPE_MTE2,208063,208192,129,378550
case_084,post,2,4872,MATMUL,PIPE_M,208159,208747,588,378550
case_084,post,2,4881,EXP,PIPE_V,208159,208459,300,378550
case_084,post,2,1000023147,COPY_IN,PIPE_MTE2,208192,208244,52,378550
case_084,post,2,4882,REDUCE,PIPE_V,208459,208543,84,378550
case_084,post,2,4883,DIV,PIPE_V,208543,208843,300,378550
case_084,post,2,1000023037,COPY_OUT,PIPE_MTE3,208747,208861,114,378550
case_084,post,2,1000023165,COPY_IN,PIPE_MTE2,208747,208933,186,378550
case_084,post,2,4884,MATMUL,PIPE_M,208843,209431,588,378550
case_084,post,2,4893,EXP,PIPE_V,208843,209143,300,378550
case_084,post,2,1000023160,COPY_IN,PIPE_MTE2,208933,209089,156,378550
case_084,post,2,4894,REDUCE,PIPE_V,209143,209227,84,378550
case_084,post,2,4895,DIV,PIPE_V,209227,209527,300,378550
case_084,post,2,1000023050,COPY_OUT,PIPE_MTE3,209431,209587,156,378550
case_084,post,2,1000023178,COPY_IN,PIPE_MTE2,209431,209637,206,378550
case_084,post,2,4896,MATMUL,PIPE_M,209527,210115,588,378550
case_084,post,2,4905,EXP,PIPE_V,209527,209827,300,378550
case_084,post,2,1000023173,COPY_IN,PIPE_MTE2,209637,209741,104,378550
case_084,post,2,4906,REDUCE,PIPE_V,209827,209911,84,378550
case_084,post,2,4907,DIV,PIPE_V,209911,210211,300,378550
case_084,post,2,1000023063,COPY_OUT,PIPE_MTE3,210115,210271,156,378550
case_084,post,2,1000023191,COPY_IN,PIPE_MTE2,210115,210319,204,378550
case_084,post,2,4908,MATMUL,PIPE_M,210211,210799,588,378550
case_084,post,2,4917,EXP,PIPE_V,210211,210511,300,378550
case_084,post,2,1000023186,COPY_IN,PIPE_MTE2,210319,210371,52,378550
case_084,post,2,4918,REDUCE,PIPE_V,210511,210595,84,378550
case_084,post,2,4919,DIV,PIPE_V,210595,210895,300,378550
case_084,post,2,1000023076,COPY_OUT,PIPE_MTE3,210799,211036,237,378550
case_084,post,2,1000023204,COPY_IN,PIPE_MTE2,210799,211136,337,378550
case_084,post,2,4920,MATMUL,PIPE_M,210895,211483,588,378550
case_084,post,2,4929,EXP,PIPE_V,210895,211195,300,378550
case_084,post,2,1000023199,COPY_IN,PIPE_MTE2,211136,211314,178,378550
case_084,post,2,4930,REDUCE,PIPE_V,211195,211279,84,378550
case_084,post,2,4931,DIV,PIPE_V,211279,211579,300,378550
case_084,post,2,1000023089,COPY_OUT,PIPE_MTE3,211483,211587,104,378550
case_084,post,2,1000023217,COPY_IN,PIPE_MTE2,211483,211612,129,378550
case_084,post,2,4932,MATMUL,PIPE_M,211579,212167,588,378550
case_084,post,2,4941,EXP,PIPE_V,211579,211879,300,378550
case_084,post,2,1000023212,COPY_IN,PIPE_MTE2,211612,211664,52,378550
case_084,post,2,4942,REDUCE,PIPE_V,211879,211963,84,378550
case_084,post,2,4943,DIV,PIPE_V,211963,212263,300,378550
case_084,post,2,1000023102,COPY_OUT,PIPE_MTE3,212167,212379,212,378550
case_084,post,2,1000023230,COPY_IN,PIPE_MTE2,212167,212454,287,378550
case_084,post,2,4944,MATMUL,PIPE_M,212263,212851,588,378550
case_084,post,2,4953,EXP,PIPE_V,212263,212563,300,378550
case_084,post,2,1000023225,COPY_IN,PIPE_MTE2,212454,212609,155,378550
case_084,post,2,4954,REDUCE,PIPE_V,212563,212647,84,378550
case_084,post,2,4955,DIV,PIPE_V,212647,212947,300,378550
case_084,post,2,1000023115,COPY_OUT,PIPE_MTE3,212851,212961,110,378550
case_084,post,2,1000023243,COPY_IN,PIPE_MTE2,212851,213061,210,378550
case_084,post,2,4956,MATMUL,PIPE_M,212947,213535,588,378550
case_084,post,2,4965,EXP,PIPE_V,212947,213247,300,378550
case_084,post,2,1000023238,COPY_IN,PIPE_MTE2,213061,213243,182,378550
case_084,post,2,4966,REDUCE,PIPE_V,213247,213331,84,378550
case_084,post,2,4967,DIV,PIPE_V,213331,213631,300,378550
case_084,post,2,1000023128,COPY_OUT,PIPE_MTE3,213535,213691,156,378550
case_084,post,2,1000023256,COPY_IN,PIPE_MTE2,213535,213741,206,378550
case_084,post,2,4968,MATMUL,PIPE_M,213631,214219,588,378550
case_084,post,2,4977,EXP,PIPE_V,213631,213931,300,378550
case_084,post,2,1000023251,COPY_IN,PIPE_MTE2,213741,213845,104,378550
case_084,post,2,4978,REDUCE,PIPE_V,213931,214015,84,378550
case_084,post,2,4979,DIV,PIPE_V,214015,214315,300,378550
case_084,post,2,1000023141,COPY_OUT,PIPE_MTE3,214219,214375,156,378550
case_084,post,2,1000023269,COPY_IN,PIPE_MTE2,214219,214425,206,378550
case_084,post,2,4980,MATMUL,PIPE_M,214315,214903,588,378550
case_084,post,2,4989,EXP,PIPE_V,214315,214615,300,378550
case_084,post,2,1000023264,COPY_IN,PIPE_MTE2,214425,214487,62,378550
case_084,post,2,4990,REDUCE,PIPE_V,214615,214699,84,378550
case_084,post,2,4991,DIV,PIPE_V,214699,214999,300,378550
case_084,post,2,1000023154,COPY_OUT,PIPE_MTE3,214903,215007,104,378550
case_084,post,2,1000023282,COPY_IN,PIPE_MTE2,214903,215032,129,378550
case_084,post,2,4992,MATMUL,PIPE_M,214999,215587,588,378550
case_084,post,2,5001,EXP,PIPE_V,214999,215299,300,378550
case_084,post,2,1000023277,COPY_IN,PIPE_MTE2,215032,215084,52,378550
case_084,post,2,5002,REDUCE,PIPE_V,215299,215383,84,378550
case_084,post,2,5003,DIV,PIPE_V,215383,215683,300,378550
case_084,post,2,1000023167,COPY_OUT,PIPE_MTE3,215587,215771,184,378550
case_084,post,2,1000023295,COPY_IN,PIPE_MTE2,215587,215804,217,378550
case_084,post,2,5004,MATMUL,PIPE_M,215683,216271,588,378550
case_084,post,2,5013,EXP,PIPE_V,215683,215983,300,378550
case_084,post,2,1000023290,COPY_IN,PIPE_MTE2,215804,215862,58,378550
case_084,post,2,5014,REDUCE,PIPE_V,215983,216067,84,378550
case_084,post,2,5015,DIV,PIPE_V,216067,216367,300,378550
case_084,post,2,1000023180,COPY_OUT,PIPE_MTE3,216271,216375,104,378550
case_084,post,2,1000023308,COPY_IN,PIPE_MTE2,216271,216400,129,378550
case_084,post,2,5016,MATMUL,PIPE_M,216367,216955,588,378550
case_084,post,2,5025,EXP,PIPE_V,216367,216667,300,378550
case_084,post,2,1000023303,COPY_IN,PIPE_MTE2,216400,216452,52,378550
case_084,post,2,5026,REDUCE,PIPE_V,216667,216751,84,378550
case_084,post,2,5027,DIV,PIPE_V,216751,217051,300,378550
case_084,post,2,1000023193,COPY_OUT,PIPE_MTE3,216955,217059,104,378550
case_084,post,2,1000023321,COPY_IN,PIPE_MTE2,216955,217104,149,378550
case_084,post,2,5028,MATMUL,PIPE_M,217051,217639,588,378550
case_084,post,2,5037,EXP,PIPE_V,217051,217351,300,378550
case_084,post,2,1000023316,COPY_IN,PIPE_MTE2,217104,217208,104,378550
case_084,post,2,5038,REDUCE,PIPE_V,217351,217435,84,378550
case_084,post,2,5039,DIV,PIPE_V,217435,217735,300,378550
case_084,post,2,1000023206,COPY_OUT,PIPE_MTE3,217639,217883,244,378550
case_084,post,2,1000023334,COPY_IN,PIPE_MTE2,217639,217983,344,378550
case_084,post,2,5040,MATMUL,PIPE_M,217735,218323,588,378550
case_084,post,2,5049,EXP,PIPE_V,217735,218035,300,378550
case_084,post,2,1000023329,COPY_IN,PIPE_MTE2,217983,218191,208,378550
case_084,post,2,5050,REDUCE,PIPE_V,218035,218119,84,378550
case_084,post,2,5051,DIV,PIPE_V,218119,218419,300,378550
case_084,post,2,1000023219,COPY_OUT,PIPE_MTE3,218323,218497,174,378550
case_084,post,2,1000023347,COPY_IN,PIPE_MTE2,218323,218547,224,378550
case_084,post,2,5052,MATMUL,PIPE_M,218419,219007,588,378550
case_084,post,2,5061,EXP,PIPE_V,218419,218719,300,378550
case_084,post,2,1000023342,COPY_IN,PIPE_MTE2,218547,218651,104,378550
case_084,post,2,5062,REDUCE,PIPE_V,218719,218803,84,378550
case_084,post,2,5063,DIV,PIPE_V,218803,219103,300,378550
case_084,post,2,1000023232,COPY_OUT,PIPE_MTE3,219007,219114,107,378550
case_084,post,2,1000023360,COPY_IN,PIPE_MTE2,219007,219139,132,378550
case_084,post,2,5064,MATMUL,PIPE_M,219103,219691,588,378550
case_084,post,2,5073,EXP,PIPE_V,219103,219403,300,378550
case_084,post,2,1000023355,COPY_IN,PIPE_MTE2,219139,219273,134,378550
case_084,post,2,5074,REDUCE,PIPE_V,219403,219487,84,378550
case_084,post,2,5075,DIV,PIPE_V,219487,219787,300,378550
case_084,post,2,1000023245,COPY_OUT,PIPE_MTE3,219691,219795,104,378550
case_084,post,2,1000023373,COPY_IN,PIPE_MTE2,219691,219820,129,378550
case_084,post,2,5076,MATMUL,PIPE_M,219787,220375,588,378550
case_084,post,2,5085,EXP,PIPE_V,219787,220087,300,378550
case_084,post,2,1000023368,COPY_IN,PIPE_MTE2,219820,219872,52,378550
case_084,post,2,5086,REDUCE,PIPE_V,220087,220171,84,378550
case_084,post,2,5087,DIV,PIPE_V,220171,220471,300,378550
case_084,post,2,1000023258,COPY_OUT,PIPE_MTE3,220375,220479,104,378550
case_084,post,2,1000023386,COPY_IN,PIPE_MTE2,220375,220504,129,378550
case_084,post,2,5088,MATMUL,PIPE_M,220471,221059,588,378550
case_084,post,2,5097,EXP,PIPE_V,220471,220771,300,378550
case_084,post,2,1000023381,COPY_IN,PIPE_MTE2,220504,220556,52,378550
case_084,post,2,5098,REDUCE,PIPE_V,220771,220855,84,378550
case_084,post,2,5099,DIV,PIPE_V,220855,221155,300,378550
case_084,post,2,1000023271,COPY_OUT,PIPE_MTE3,221059,221163,104,378550
case_084,post,2,1000023399,COPY_IN,PIPE_MTE2,221059,221188,129,378550
case_084,post,2,5100,MATMUL,PIPE_M,221155,221743,588,378550
case_084,post,2,5109,EXP,PIPE_V,221155,221455,300,378550
case_084,post,2,1000023394,COPY_IN,PIPE_MTE2,221188,221284,96,378550
case_084,post,2,5110,REDUCE,PIPE_V,221455,221539,84,378550
case_084,post,2,5111,DIV,PIPE_V,221539,221839,300,378550
case_084,post,2,1000023284,COPY_OUT,PIPE_MTE3,221743,221879,136,378550
case_084,post,2,1000023412,COPY_IN,PIPE_MTE2,221743,221929,186,378550
case_084,post,2,5112,MATMUL,PIPE_M,221839,222427,588,378550
case_084,post,2,5121,EXP,PIPE_V,221839,222139,300,378550
case_084,post,2,1000023407,COPY_IN,PIPE_MTE2,221929,222033,104,378550
case_084,post,2,5122,REDUCE,PIPE_V,222139,222223,84,378550
case_084,post,2,5123,DIV,PIPE_V,222223,222523,300,378550
case_084,post,2,1000023297,COPY_OUT,PIPE_MTE3,222427,222661,234,378550
case_084,post,2,1000023425,COPY_IN,PIPE_MTE2,222427,222761,334,378550
case_084,post,2,5124,MATMUL,PIPE_M,222523,223111,588,378550
case_084,post,2,5133,EXP,PIPE_V,222523,222823,300,378550
case_084,post,2,1000023420,COPY_IN,PIPE_MTE2,222761,222917,156,378550
case_084,post,2,5134,REDUCE,PIPE_V,222823,222907,84,378550
case_084,post,2,5135,DIV,PIPE_V,222907,223207,300,378550
case_084,post,2,1000023310,COPY_OUT,PIPE_MTE3,223111,223276,165,378550
case_084,post,2,1000023438,COPY_IN,PIPE_MTE2,223111,223326,215,378550
case_084,post,2,5136,MATMUL,PIPE_M,223207,223795,588,378550
case_084,post,2,5145,EXP,PIPE_V,223207,223507,300,378550
case_084,post,2,1000023433,COPY_IN,PIPE_MTE2,223326,223409,83,378550
case_084,post,2,5146,REDUCE,PIPE_V,223507,223591,84,378550
case_084,post,2,5147,DIV,PIPE_V,223591,223891,300,378550
case_084,post,2,1000023323,COPY_OUT,PIPE_MTE3,223795,223982,187,378550
case_084,post,2,1000023451,COPY_IN,PIPE_MTE2,223795,224010,215,378550
case_084,post,2,5148,MATMUL,PIPE_M,223891,224479,588,378550
case_084,post,2,5157,EXP,PIPE_V,223891,224191,300,378550
case_084,post,2,1000023446,COPY_IN,PIPE_MTE2,224010,224062,52,378550
case_084,post,2,5158,REDUCE,PIPE_V,224191,224275,84,378550
case_084,post,2,5159,DIV,PIPE_V,224275,224575,300,378550
case_084,post,2,1000023336,COPY_OUT,PIPE_MTE3,224479,224652,173,378550
case_084,post,2,1000023464,COPY_IN,PIPE_MTE2,224479,224736,257,378550
case_084,post,2,5160,MATMUL,PIPE_M,224575,225163,588,378550
case_084,post,2,5169,EXP,PIPE_V,224575,224875,300,378550
case_084,post,2,1000023459,COPY_IN,PIPE_MTE2,224736,224915,179,378550
case_084,post,2,5170,REDUCE,PIPE_V,224875,224959,84,378550
case_084,post,2,5171,DIV,PIPE_V,224959,225259,300,378550
case_084,post,2,1000023349,COPY_OUT,PIPE_MTE3,225163,225407,244,378550
case_084,post,2,1000023477,COPY_IN,PIPE_MTE2,225163,225460,297,378550
case_084,post,2,5172,MATMUL,PIPE_M,225259,225847,588,378550
case_084,post,2,5181,EXP,PIPE_V,225259,225559,300,378550
case_084,post,2,1000023472,COPY_IN,PIPE_MTE2,225460,225564,104,378550
case_084,post,2,5182,REDUCE,PIPE_V,225559,225643,84,378550
case_084,post,2,5183,DIV,PIPE_V,225643,225943,300,378550
case_084,post,2,1000023362,COPY_OUT,PIPE_MTE3,225847,226030,183,378550
case_084,post,2,1000023490,COPY_IN,PIPE_MTE2,225847,226086,239,378550
case_084,post,2,5184,MATMUL,PIPE_M,225943,226531,588,378550
case_084,post,2,5193,EXP,PIPE_V,225943,226243,300,378550
case_084,post,2,1000023485,COPY_IN,PIPE_MTE2,226086,226190,104,378550
case_084,post,2,5194,REDUCE,PIPE_V,226243,226327,84,378550
case_084,post,2,5195,DIV,PIPE_V,226327,226627,300,378550
case_084,post,2,1000023375,COPY_OUT,PIPE_MTE3,226531,226736,205,378550
case_084,post,2,1000023503,COPY_IN,PIPE_MTE2,226531,226789,258,378550
case_084,post,2,5196,MATMUL,PIPE_M,226627,227215,588,378550
case_084,post,2,5205,EXP,PIPE_V,226627,226927,300,378550
case_084,post,2,1000023498,COPY_IN,PIPE_MTE2,226789,226893,104,378550
case_084,post,2,5206,REDUCE,PIPE_V,226927,227011,84,378550
case_084,post,2,5207,DIV,PIPE_V,227011,227311,300,378550
case_084,post,2,1000023388,COPY_OUT,PIPE_MTE3,227215,227509,294,378550
case_084,post,2,1000023516,COPY_IN,PIPE_MTE2,227215,227567,352,378550
case_084,post,2,5208,MATMUL,PIPE_M,227311,227899,588,378550
case_084,post,2,5217,EXP,PIPE_V,227311,227611,300,378550
case_084,post,2,1000023511,COPY_IN,PIPE_MTE2,227567,227706,139,378550
case_084,post,2,5218,REDUCE,PIPE_V,227611,227695,84,378550
case_084,post,2,5219,DIV,PIPE_V,227695,227995,300,378550
case_084,post,2,1000023401,COPY_OUT,PIPE_MTE3,227899,228115,216,378550
case_084,post,2,1000023529,COPY_IN,PIPE_MTE2,227899,228168,269,378550
case_084,post,2,5220,MATMUL,PIPE_M,227995,228583,588,378550
case_084,post,2,5229,EXP,PIPE_V,227995,228295,300,378550
case_084,post,2,1000023524,COPY_IN,PIPE_MTE2,228168,228221,53,378550
case_084,post,2,5230,REDUCE,PIPE_V,228295,228379,84,378550
case_084,post,2,5231,DIV,PIPE_V,228379,228679,300,378550
case_084,post,2,1000023414,COPY_OUT,PIPE_MTE3,228583,228734,151,378550
case_084,post,2,1000023542,COPY_IN,PIPE_MTE2,228583,228764,181,378550
case_084,post,2,5232,MATMUL,PIPE_M,228679,229267,588,378550
case_084,post,2,5241,EXP,PIPE_V,228679,228979,300,378550
case_084,post,2,1000023537,COPY_IN,PIPE_MTE2,228764,228816,52,378550
case_084,post,2,5242,REDUCE,PIPE_V,228979,229063,84,378550
case_084,post,2,5243,DIV,PIPE_V,229063,229363,300,378550
case_084,post,2,1000023427,COPY_OUT,PIPE_MTE3,229267,229536,269,378550
case_084,post,2,1000023555,COPY_IN,PIPE_MTE2,229267,229614,347,378550
case_084,post,2,5244,MATMUL,PIPE_M,229363,229951,588,378550
case_084,post,2,5253,EXP,PIPE_V,229363,229663,300,378550
case_084,post,2,1000023550,COPY_IN,PIPE_MTE2,229614,229802,188,378550
case_084,post,2,5254,REDUCE,PIPE_V,229663,229747,84,378550
case_084,post,2,5255,DIV,PIPE_V,229747,230047,300,378550
case_084,post,2,1000023440,COPY_OUT,PIPE_MTE3,229951,230197,246,378550
case_084,post,2,1000023568,COPY_IN,PIPE_MTE2,229951,230250,299,378550
case_084,post,2,5256,MATMUL,PIPE_M,230047,230635,588,378550
case_084,post,2,5265,EXP,PIPE_V,230047,230347,300,378550
case_084,post,2,1000023563,COPY_IN,PIPE_MTE2,230250,230354,104,378550
case_084,post,2,5266,REDUCE,PIPE_V,230347,230431,84,378550
case_084,post,2,5267,DIV,PIPE_V,230431,230731,300,378550
case_084,post,2,1000023453,COPY_OUT,PIPE_MTE3,230635,230840,205,378550
case_084,post,2,1000023581,COPY_IN,PIPE_MTE2,230635,230893,258,378550
case_084,post,2,5268,MATMUL,PIPE_M,230731,231319,588,378550
case_084,post,2,5277,EXP,PIPE_V,230731,231031,300,378550
case_084,post,2,1000023576,COPY_IN,PIPE_MTE2,230893,230997,104,378550
case_084,post,2,5278,REDUCE,PIPE_V,231031,231115,84,378550
case_084,post,2,5279,DIV,PIPE_V,231115,231415,300,378550
case_084,post,2,1000023466,COPY_OUT,PIPE_MTE3,231319,231524,205,378550
case_084,post,2,1000023594,COPY_IN,PIPE_MTE2,231319,231577,258,378550
case_084,post,2,5280,MATMUL,PIPE_M,231415,232003,588,378550
case_084,post,2,5289,EXP,PIPE_V,231415,231715,300,378550
case_084,post,2,1000023589,COPY_IN,PIPE_MTE2,231577,231800,223,378550
case_084,post,2,5290,REDUCE,PIPE_V,231715,231799,84,378550
case_084,post,2,5291,DIV,PIPE_V,231799,232099,300,378550
case_084,post,2,1000023479,COPY_OUT,PIPE_MTE3,232003,232345,342,378550
case_084,post,2,1000023607,COPY_IN,PIPE_MTE2,232003,232448,445,378550
case_084,post,2,5292,MATMUL,PIPE_M,232099,232687,588,378550
case_084,post,2,5301,EXP,PIPE_V,232099,232399,300,378550
case_084,post,2,5302,REDUCE,PIPE_V,232399,232483,84,378550
case_084,post,2,1000023602,COPY_IN,PIPE_MTE2,232448,232656,208,378550
case_084,post,2,5303,DIV,PIPE_V,232483,232783,300,378550
case_084,post,2,1000023492,COPY_OUT,PIPE_MTE3,232687,232997,310,378550
case_084,post,2,1000023620,COPY_IN,PIPE_MTE2,232687,233062,375,378550
case_084,post,2,5304,MATMUL,PIPE_M,232783,233371,588,378550
case_084,post,2,5313,EXP,PIPE_V,232783,233083,300,378550
case_084,post,2,1000023615,COPY_IN,PIPE_MTE2,233062,233227,165,378550
case_084,post,2,5314,REDUCE,PIPE_V,233083,233167,84,378550
case_084,post,2,5315,DIV,PIPE_V,233167,233467,300,378550
case_084,post,2,1000023505,COPY_OUT,PIPE_MTE3,233371,233695,324,378550
case_084,post,2,1000023633,COPY_IN,PIPE_MTE2,233371,233801,430,378550
case_084,post,2,5316,MATMUL,PIPE_M,233467,234055,588,378550
case_084,post,2,5325,EXP,PIPE_V,233467,233767,300,378550
case_084,post,2,5326,REDUCE,PIPE_V,233767,233851,84,378550
case_084,post,2,1000023628,COPY_IN,PIPE_MTE2,233801,234072,271,378550
case_084,post,2,5327,DIV,PIPE_V,233851,234151,300,378550
case_084,post,2,1000023518,COPY_OUT,PIPE_MTE3,234055,234474,419,378550
case_084,post,2,1000023646,COPY_IN,PIPE_MTE2,234072,234635,563,378550
case_084,post,2,5328,MATMUL,PIPE_M,234151,234739,588,378550
case_084,post,2,5337,EXP,PIPE_V,234151,234451,300,378550
case_084,post,2,5338,REDUCE,PIPE_V,234451,234535,84,378550
case_084,post,2,5339,DIV,PIPE_V,234535,234835,300,378550
case_084,post,2,1000023641,COPY_IN,PIPE_MTE2,234635,234960,325,378550
case_084,post,2,1000023531,COPY_OUT,PIPE_MTE3,234739,235107,368,378550
case_084,post,2,5340,MATMUL,PIPE_M,234835,235423,588,378550
case_084,post,2,5349,EXP,PIPE_V,234835,235135,300,378550
case_084,post,2,1000023659,COPY_IN,PIPE_MTE2,234960,235360,400,378550
case_084,post,2,5350,REDUCE,PIPE_V,235135,235219,84,378550
case_084,post,2,5351,DIV,PIPE_V,235219,235519,300,378550
case_084,post,2,1000023654,COPY_IN,PIPE_MTE2,235360,235644,284,378550
case_084,post,2,1000023544,COPY_OUT,PIPE_MTE3,235423,235754,331,378550
case_084,post,2,5352,MATMUL,PIPE_M,235519,236107,588,378550
case_084,post,2,5361,EXP,PIPE_V,235519,235819,300,378550
case_084,post,2,1000023672,COPY_IN,PIPE_MTE2,235644,236033,389,378550
case_084,post,2,5362,REDUCE,PIPE_V,235819,235903,84,378550
case_084,post,2,5363,DIV,PIPE_V,235903,236203,300,378550
case_084,post,2,1000023667,COPY_IN,PIPE_MTE2,236033,236334,301,378550
case_084,post,2,1000023557,COPY_OUT,PIPE_MTE3,236107,236501,394,378550
case_084,post,2,5364,MATMUL,PIPE_M,236203,236791,588,378550
case_084,post,2,5373,EXP,PIPE_V,236203,236503,300,378550
case_084,post,2,1000023685,COPY_IN,PIPE_MTE2,236334,236866,532,378550
case_084,post,2,5374,REDUCE,PIPE_V,236503,236587,84,378550
case_084,post,2,5375,DIV,PIPE_V,236587,236887,300,378550
case_084,post,2,1000023570,COPY_OUT,PIPE_MTE3,236791,237178,387,378550
case_084,post,2,1000023680,COPY_IN,PIPE_MTE2,236866,237246,380,378550
case_084,post,2,5376,MATMUL,PIPE_M,236887,237475,588,378550
case_084,post,2,5385,EXP,PIPE_V,236887,237187,300,378550
case_084,post,2,5386,REDUCE,PIPE_V,237187,237271,84,378550
case_084,post,2,1000023698,COPY_IN,PIPE_MTE2,237246,237639,393,378550
case_084,post,2,5387,DIV,PIPE_V,237271,237571,300,378550
case_084,post,2,1000023583,COPY_OUT,PIPE_MTE3,237475,237806,331,378550
case_084,post,2,5388,MATMUL,PIPE_M,237571,238159,588,378550
case_084,post,2,5397,EXP,PIPE_V,237571,237871,300,378550
case_084,post,2,1000023693,COPY_IN,PIPE_MTE2,237639,237947,308,378550
case_084,post,2,5398,REDUCE,PIPE_V,237871,237955,84,378550
case_084,post,2,1000023711,COPY_IN,PIPE_MTE2,237947,238306,359,378550
case_084,post,2,5399,DIV,PIPE_V,237955,238255,300,378550
case_084,post,2,1000023596,COPY_OUT,PIPE_MTE3,238159,238490,331,378550
case_084,post,2,5400,MATMUL,PIPE_M,238255,238843,588,378550
case_084,post,2,5409,EXP,PIPE_V,238255,238555,300,378550
case_084,post,2,1000023706,COPY_IN,PIPE_MTE2,238306,238637,331,378550
case_084,post,2,5410,REDUCE,PIPE_V,238555,238639,84,378550
case_084,post,2,1000023724,COPY_IN,PIPE_MTE2,238637,239084,447,378550
case_084,post,2,5411,DIV,PIPE_V,238639,238939,300,378550
case_084,post,2,1000023609,COPY_OUT,PIPE_MTE3,238843,239178,335,378550
case_084,post,2,5412,MATMUL,PIPE_M,238939,239527,588,378550
case_084,post,2,5421,EXP,PIPE_V,238939,239239,300,378550
case_084,post,2,1000023719,COPY_IN,PIPE_MTE2,239084,239365,281,378550
case_084,post,2,5422,REDUCE,PIPE_V,239239,239323,84,378550
case_084,post,2,5423,DIV,PIPE_V,239323,239623,300,378550
case_084,post,2,1000023737,COPY_IN,PIPE_MTE2,239365,239668,303,378550
case_084,post,2,1000023622,COPY_OUT,PIPE_MTE3,239527,239799,272,378550
case_084,post,2,5424,MATMUL,PIPE_M,239623,240211,588,378550
case_084,post,2,5433,EXP,PIPE_V,239623,239923,300,378550
case_084,post,2,1000023732,COPY_IN,PIPE_MTE2,239668,239917,249,378550
case_084,post,2,1000023750,COPY_IN,PIPE_MTE2,239917,240157,240,378550
case_084,post,2,5434,REDUCE,PIPE_V,239923,240007,84,378550
case_084,post,2,5435,DIV,PIPE_V,240007,240307,300,378550
case_084,post,2,1000023745,COPY_IN,PIPE_MTE2,240157,240379,222,378550
case_084,post,2,1000023635,COPY_OUT,PIPE_MTE3,240211,240483,272,378550
case_084,post,2,5436,MATMUL,PIPE_M,240307,240895,588,378550
case_084,post,2,5445,EXP,PIPE_V,240307,240607,300,378550
case_084,post,2,1000023763,COPY_IN,PIPE_MTE2,240379,240700,321,378550
case_084,post,2,5446,REDUCE,PIPE_V,240607,240691,84,378550
case_084,post,2,5447,DIV,PIPE_V,240691,240991,300,378550
case_084,post,2,1000023758,COPY_IN,PIPE_MTE2,240700,240856,156,378550
case_084,post,2,1000023648,COPY_OUT,PIPE_MTE3,240895,241282,387,378550
case_084,post,2,1000023776,COPY_IN,PIPE_MTE2,240895,241405,510,378550
case_084,post,2,5448,MATMUL,PIPE_M,240991,241579,588,378550
case_084,post,2,5457,EXP,PIPE_V,240991,241291,300,378550
case_084,post,2,5458,REDUCE,PIPE_V,241291,241375,84,378550
case_084,post,2,5459,DIV,PIPE_V,241375,241675,300,378550
case_084,post,2,1000023771,COPY_IN,PIPE_MTE2,241405,241631,226,378550
case_084,post,2,1000023661,COPY_OUT,PIPE_MTE3,241579,241863,284,378550
case_084,post,2,1000023789,COPY_IN,PIPE_MTE2,241631,241980,349,378550
case_084,post,2,5460,MATMUL,PIPE_M,241675,242263,588,378550
case_084,post,2,5469,EXP,PIPE_V,241675,241975,300,378550
case_084,post,2,5470,REDUCE,PIPE_V,241975,242059,84,378550
case_084,post,2,1000023784,COPY_IN,PIPE_MTE2,241980,242136,156,378550
case_084,post,2,5471,DIV,PIPE_V,242059,242359,300,378550
case_084,post,2,1000023674,COPY_OUT,PIPE_MTE3,242263,242449,186,378550
case_084,post,2,1000023802,COPY_IN,PIPE_MTE2,242263,242502,239,378550
case_084,post,2,5472,MATMUL,PIPE_M,242359,242947,588,378550
case_084,post,2,5481,EXP,PIPE_V,242359,242659,300,378550
case_084,post,2,1000023797,COPY_IN,PIPE_MTE2,242502,242580,78,378550
case_084,post,2,5482,REDUCE,PIPE_V,242659,242743,84,378550
case_084,post,2,5483,DIV,PIPE_V,242743,243043,300,378550
case_084,post,2,1000023687,COPY_OUT,PIPE_MTE3,242947,243098,151,378550
case_084,post,2,1000023815,COPY_IN,PIPE_MTE2,242947,243128,181,378550
case_084,post,2,5484,MATMUL,PIPE_M,243043,243631,588,378550
case_084,post,2,5493,EXP,PIPE_V,243043,243343,300,378550
case_084,post,2,1000023810,COPY_IN,PIPE_MTE2,243128,243236,108,378550
case_084,post,2,5494,REDUCE,PIPE_V,243343,243427,84,378550
case_084,post,2,5495,DIV,PIPE_V,243427,243727,300,378550
case_084,post,2,1000023700,COPY_OUT,PIPE_MTE3,243631,243782,151,378550
case_084,post,2,1000023828,COPY_IN,PIPE_MTE2,243631,243812,181,378550
case_084,post,2,5496,MATMUL,PIPE_M,243727,244315,588,378550
case_084,post,2,5505,EXP,PIPE_V,243727,244027,300,378550
case_084,post,2,1000023823,COPY_IN,PIPE_MTE2,243812,243912,100,378550
case_084,post,2,5506,REDUCE,PIPE_V,244027,244111,84,378550
case_084,post,2,5507,DIV,PIPE_V,244111,244411,300,378550
case_084,post,2,1000023713,COPY_OUT,PIPE_MTE3,244315,244577,262,378550
case_084,post,2,1000023841,COPY_IN,PIPE_MTE2,244315,244654,339,378550
case_084,post,2,5508,MATMUL,PIPE_M,244411,244999,588,378550
case_084,post,2,5517,EXP,PIPE_V,244411,244711,300,378550
case_084,post,2,1000023836,COPY_IN,PIPE_MTE2,244654,244762,108,378550
case_084,post,2,5518,REDUCE,PIPE_V,244711,244795,84,378550
case_084,post,2,5519,DIV,PIPE_V,244795,245095,300,378550
case_084,post,2,1000023726,COPY_OUT,PIPE_MTE3,244999,245264,265,378550
case_084,post,2,1000023854,COPY_IN,PIPE_MTE2,244999,245371,372,378550
case_084,post,2,5520,MATMUL,PIPE_M,245095,245683,588,378550
case_084,post,2,5529,EXP,PIPE_V,245095,245395,300,378550
case_084,post,2,1000023849,COPY_IN,PIPE_MTE2,245371,245635,264,378550
case_084,post,2,5530,REDUCE,PIPE_V,245395,245479,84,378550
case_084,post,2,5531,DIV,PIPE_V,245479,245779,300,378550
case_084,post,2,1000023739,COPY_OUT,PIPE_MTE3,245683,245991,308,378550
case_084,post,2,1000023867,COPY_IN,PIPE_MTE2,245683,246142,459,378550
case_084,post,2,5532,MATMUL,PIPE_M,245779,246367,588,378550
case_084,post,2,5541,EXP,PIPE_V,245779,246079,300,378550
case_084,post,2,5542,REDUCE,PIPE_V,246079,246163,84,378550
case_084,post,2,1000023862,COPY_IN,PIPE_MTE2,246142,246423,281,378550
case_084,post,2,5543,DIV,PIPE_V,246163,246463,300,378550
case_084,post,2,1000023752,COPY_OUT,PIPE_MTE3,246367,246659,292,378550
case_084,post,2,1000023880,COPY_IN,PIPE_MTE2,246423,246830,407,378550
case_084,post,2,5544,MATMUL,PIPE_M,246463,247051,588,378550
case_084,post,2,5553,EXP,PIPE_V,246463,246763,300,378550
case_084,post,2,5554,REDUCE,PIPE_V,246763,246847,84,378550
case_084,post,2,1000023875,COPY_IN,PIPE_MTE2,246830,247105,275,378550
case_084,post,2,5555,DIV,PIPE_V,246847,247147,300,378550
case_084,post,2,1000023765,COPY_OUT,PIPE_MTE3,247051,247360,309,378550
case_084,post,2,1000023893,COPY_IN,PIPE_MTE2,247105,247512,407,378550
case_084,post,2,5556,MATMUL,PIPE_M,247147,247735,588,378550
case_084,post,2,5565,EXP,PIPE_V,247147,247447,300,378550
case_084,post,2,5566,REDUCE,PIPE_V,247447,247531,84,378550
case_084,post,2,1000023888,COPY_IN,PIPE_MTE2,247512,247785,273,378550
case_084,post,2,5567,DIV,PIPE_V,247531,247831,300,378550
case_084,post,2,1000023778,COPY_OUT,PIPE_MTE3,247735,248095,360,378550
case_084,post,2,1000023906,COPY_IN,PIPE_MTE2,247785,248267,482,378550
case_084,post,2,5568,MATMUL,PIPE_M,247831,248419,588,378550
case_084,post,2,5577,EXP,PIPE_V,247831,248131,300,378550
case_084,post,2,5578,REDUCE,PIPE_V,248131,248215,84,378550
case_084,post,2,5579,DIV,PIPE_V,248215,248515,300,378550
case_084,post,2,1000023901,COPY_IN,PIPE_MTE2,248267,248569,302,378550
case_084,post,2,1000023791,COPY_OUT,PIPE_MTE3,248419,248770,351,378550
case_084,post,2,5580,MATMUL,PIPE_M,248515,249103,588,378550
case_084,post,2,5589,EXP,PIPE_V,248515,248815,300,378550
case_084,post,2,1000023919,COPY_IN,PIPE_MTE2,248569,248938,369,378550
case_084,post,2,5590,REDUCE,PIPE_V,248815,248899,84,378550
case_084,post,2,5591,DIV,PIPE_V,248899,249199,300,378550
case_084,post,2,1000023914,COPY_IN,PIPE_MTE2,248938,249216,278,378550
case_084,post,2,1000023804,COPY_OUT,PIPE_MTE3,249103,249483,380,378550
case_084,post,2,5592,MATMUL,PIPE_M,249199,249787,588,378550
case_084,post,2,5601,EXP,PIPE_V,249199,249499,300,378550
case_084,post,2,1000023932,COPY_IN,PIPE_MTE2,249216,249635,419,378550
case_084,post,2,5602,REDUCE,PIPE_V,249499,249583,84,378550
case_084,post,2,5603,DIV,PIPE_V,249583,249883,300,378550
case_084,post,2,1000023927,COPY_IN,PIPE_MTE2,249635,249820,185,378550
case_084,post,2,1000023817,COPY_OUT,PIPE_MTE3,249787,250175,388,378550
case_084,post,2,1000023945,COPY_IN,PIPE_MTE2,249820,250357,537,378550
case_084,post,2,5604,MATMUL,PIPE_M,249883,250471,588,378550
case_084,post,2,5613,EXP,PIPE_V,249883,250183,300,378550
case_084,post,2,5614,REDUCE,PIPE_V,250183,250267,84,378550
case_084,post,2,5615,DIV,PIPE_V,250267,250567,300,378550
case_084,post,2,1000023940,COPY_IN,PIPE_MTE2,250357,250583,226,378550
case_084,post,2,1000023830,COPY_OUT,PIPE_MTE3,250471,250793,322,378550
case_084,post,2,5616,MATMUL,PIPE_M,250567,251155,588,378550
case_084,post,2,5625,EXP,PIPE_V,250567,250867,300,378550
case_084,post,2,1000023958,COPY_IN,PIPE_MTE2,250583,251071,488,378550
case_084,post,2,5626,REDUCE,PIPE_V,250867,250951,84,378550
case_084,post,2,5627,DIV,PIPE_V,250951,251251,300,378550
case_084,post,2,1000023953,COPY_IN,PIPE_MTE2,251071,251289,218,378550
case_084,post,2,1000023843,COPY_OUT,PIPE_MTE3,251155,251437,282,378550
case_084,post,2,5628,MATMUL,PIPE_M,251251,251839,588,378550
case_084,post,2,5637,EXP,PIPE_V,251251,251551,300,378550
case_084,post,2,1000023971,COPY_IN,PIPE_MTE2,251289,251739,450,378550
case_084,post,2,5638,REDUCE,PIPE_V,251551,251635,84,378550
case_084,post,2,5639,DIV,PIPE_V,251635,251935,300,378550
case_084,post,2,1000023966,COPY_IN,PIPE_MTE2,251739,251995,256,378550
case_084,post,2,1000023856,COPY_OUT,PIPE_MTE3,251839,252111,272,378550
case_084,post,2,5640,MATMUL,PIPE_M,251935,252523,588,378550
case_084,post,2,5649,EXP,PIPE_V,251935,252235,300,378550
case_084,post,2,1000023984,COPY_IN,PIPE_MTE2,251995,252422,427,378550
case_084,post,2,5650,REDUCE,PIPE_V,252235,252319,84,378550
case_084,post,2,5651,DIV,PIPE_V,252319,252619,300,378550
case_084,post,2,1000023979,COPY_IN,PIPE_MTE2,252422,252725,303,378550
case_084,post,2,1000023869,COPY_OUT,PIPE_MTE3,252523,252867,344,378550
case_084,post,2,5652,MATMUL,PIPE_M,252619,253207,588,378550
case_084,post,2,5661,EXP,PIPE_V,252619,252919,300,378550
case_084,post,2,1000023997,COPY_IN,PIPE_MTE2,252725,253183,458,378550
case_084,post,2,5662,REDUCE,PIPE_V,252919,253003,84,378550
case_084,post,2,5663,DIV,PIPE_V,253003,253303,300,378550
case_084,post,2,1000023992,COPY_IN,PIPE_MTE2,253183,253489,306,378550
case_084,post,2,1000023882,COPY_OUT,PIPE_MTE3,253207,253517,310,378550
case_084,post,2,5664,MATMUL,PIPE_M,253303,253891,588,378550
case_084,post,2,5673,EXP,PIPE_V,253303,253603,300,378550
case_084,post,2,1000024010,COPY_IN,PIPE_MTE2,253489,253864,375,378550
case_084,post,2,5674,REDUCE,PIPE_V,253603,253687,84,378550
case_084,post,2,5675,DIV,PIPE_V,253687,253987,300,378550
case_084,post,2,1000024005,COPY_IN,PIPE_MTE2,253864,254187,323,378550
case_084,post,2,1000023895,COPY_OUT,PIPE_MTE3,253891,254219,328,378550
case_084,post,2,5676,MATMUL,PIPE_M,253987,254575,588,378550
case_084,post,2,5685,EXP,PIPE_V,253987,254287,300,378550
case_084,post,2,1000024023,COPY_IN,PIPE_MTE2,254187,254540,353,378550
case_084,post,2,5686,REDUCE,PIPE_V,254287,254371,84,378550
case_084,post,2,5687,DIV,PIPE_V,254371,254671,300,378550
case_084,post,2,1000024018,COPY_IN,PIPE_MTE2,254540,254884,344,378550
case_084,post,2,1000023908,COPY_OUT,PIPE_MTE3,254575,254933,358,378550
case_084,post,2,5688,MATMUL,PIPE_M,254671,255259,588,378550
case_084,post,2,5697,EXP,PIPE_V,254671,254971,300,378550
case_084,post,2,1000024036,COPY_IN,PIPE_MTE2,254884,255290,406,378550
case_084,post,2,5698,REDUCE,PIPE_V,254971,255055,84,378550
case_084,post,2,5699,DIV,PIPE_V,255055,255355,300,378550
case_084,post,2,1000023921,COPY_OUT,PIPE_MTE3,255259,255636,377,378550
case_084,post,2,1000024031,COPY_IN,PIPE_MTE2,255290,255657,367,378550
case_084,post,2,5700,MATMUL,PIPE_M,255355,255943,588,378550
case_084,post,2,5709,EXP,PIPE_V,255355,255655,300,378550
case_084,post,2,5710,REDUCE,PIPE_V,255655,255739,84,378550
case_084,post,2,1000024049,COPY_IN,PIPE_MTE2,255657,255912,255,378550
case_084,post,2,5711,DIV,PIPE_V,255739,256039,300,378550
case_084,post,2,1000024044,COPY_IN,PIPE_MTE2,255912,256281,369,378550
case_084,post,2,1000023934,COPY_OUT,PIPE_MTE3,255943,256331,388,378550
case_084,post,2,5712,MATMUL,PIPE_M,256039,256627,588,378550
case_084,post,2,5721,EXP,PIPE_V,256039,256339,300,378550
case_084,post,2,1000024062,COPY_IN,PIPE_MTE2,256281,256607,326,378550
case_084,post,2,5722,REDUCE,PIPE_V,256339,256423,84,378550
case_084,post,2,5723,DIV,PIPE_V,256423,256723,300,378550
case_084,post,2,1000024057,COPY_IN,PIPE_MTE2,256607,256909,302,378550
case_084,post,2,1000023947,COPY_OUT,PIPE_MTE3,256627,256962,335,378550
case_084,post,2,5724,MATMUL,PIPE_M,256723,257311,588,378550
case_084,post,2,5733,EXP,PIPE_V,256723,257023,300,378550
case_084,post,2,1000024075,COPY_IN,PIPE_MTE2,256909,257347,438,378550
case_084,post,2,5734,REDUCE,PIPE_V,257023,257107,84,378550
case_084,post,2,5735,DIV,PIPE_V,257107,257407,300,378550
case_084,post,2,1000023960,COPY_OUT,PIPE_MTE3,257311,257638,327,378550
case_084,post,2,1000024070,COPY_IN,PIPE_MTE2,257347,257678,331,378550
case_084,post,2,5736,MATMUL,PIPE_M,257407,257995,588,378550
case_084,post,2,5745,EXP,PIPE_V,257407,257707,300,378550
case_084,post,2,1000024088,COPY_IN,PIPE_MTE2,257678,258088,410,378550
case_084,post,2,5746,REDUCE,PIPE_V,257707,257791,84,378550
case_084,post,2,5747,DIV,PIPE_V,257791,258091,300,378550
case_084,post,2,1000023973,COPY_OUT,PIPE_MTE3,257995,258269,274,378550
case_084,post,2,1000024083,COPY_IN,PIPE_MTE2,258088,258370,282,378550
case_084,post,2,5748,MATMUL,PIPE_M,258091,258679,588,378550
case_084,post,2,5757,EXP,PIPE_V,258091,258391,300,378550
case_084,post,2,1000024101,COPY_IN,PIPE_MTE2,258370,258786,416,378550
case_084,post,2,5758,REDUCE,PIPE_V,258391,258475,84,378550
case_084,post,2,5759,DIV,PIPE_V,258475,258775,300,378550
case_084,post,2,1000023986,COPY_OUT,PIPE_MTE3,258679,258969,290,378550
case_084,post,2,5760,MATMUL,PIPE_M,258775,259363,588,378550
case_084,post,2,5769,EXP,PIPE_V,258775,259075,300,378550
case_084,post,2,1000024096,COPY_IN,PIPE_MTE2,258786,259056,270,378550
case_084,post,2,1000024114,COPY_IN,PIPE_MTE2,259056,259483,427,378550
case_084,post,2,5770,REDUCE,PIPE_V,259075,259159,84,378550
case_084,post,2,5771,DIV,PIPE_V,259159,259459,300,378550
case_084,post,2,1000023999,COPY_OUT,PIPE_MTE3,259363,259697,334,378550
case_084,post,2,5772,MATMUL,PIPE_M,259459,260047,588,378550
case_084,post,2,5781,EXP,PIPE_V,259459,259759,300,378550
case_084,post,2,1000024109,COPY_IN,PIPE_MTE2,259483,259806,323,378550
case_084,post,2,5782,REDUCE,PIPE_V,259759,259843,84,378550
case_084,post,2,1000024127,COPY_IN,PIPE_MTE2,259806,260265,459,378550
case_084,post,2,5783,DIV,PIPE_V,259843,260143,300,378550
case_084,post,2,1000024012,COPY_OUT,PIPE_MTE3,260047,260382,335,378550
case_084,post,2,5784,MATMUL,PIPE_M,260143,260731,588,378550
case_084,post,2,5793,EXP,PIPE_V,260143,260443,300,378550
case_084,post,2,1000024122,COPY_IN,PIPE_MTE2,260265,260508,243,378550
case_084,post,2,5794,REDUCE,PIPE_V,260443,260527,84,378550
case_084,post,2,1000024140,COPY_IN,PIPE_MTE2,260508,260995,487,378550
case_084,post,2,5795,DIV,PIPE_V,260527,260827,300,378550
case_084,post,2,1000024025,COPY_OUT,PIPE_MTE3,260731,261136,405,378550
case_084,post,2,5796,MATMUL,PIPE_M,260827,261415,588,378550
case_084,post,2,5805,EXP,PIPE_V,260827,261127,300,378550
case_084,post,2,1000024135,COPY_IN,PIPE_MTE2,260995,261257,262,378550
case_084,post,2,5806,REDUCE,PIPE_V,261127,261211,84,378550
case_084,post,2,5807,DIV,PIPE_V,261211,261511,300,378550
case_084,post,2,1000024153,COPY_IN,PIPE_MTE2,261257,261651,394,378550
case_084,post,2,1000024038,COPY_OUT,PIPE_MTE3,261415,261803,388,378550
case_084,post,2,5808,MATMUL,PIPE_M,261511,262099,588,378550
case_084,post,2,5817,EXP,PIPE_V,261511,261811,300,378550
case_084,post,2,1000024148,COPY_IN,PIPE_MTE2,261651,261954,303,378550
case_084,post,2,5818,REDUCE,PIPE_V,261811,261895,84,378550
case_084,post,2,5819,DIV,PIPE_V,261895,262195,300,378550
case_084,post,2,1000024166,COPY_IN,PIPE_MTE2,261954,262265,311,378550
case_084,post,2,1000024051,COPY_OUT,PIPE_MTE3,262099,262449,350,378550
case_084,post,2,5820,MATMUL,PIPE_M,262195,262783,588,378550
case_084,post,2,5829,EXP,PIPE_V,262195,262495,300,378550
case_084,post,2,1000024161,COPY_IN,PIPE_MTE2,262265,262624,359,378550
case_084,post,2,5830,REDUCE,PIPE_V,262495,262579,84,378550
case_084,post,2,5831,DIV,PIPE_V,262579,262879,300,378550
case_084,post,2,1000024179,COPY_IN,PIPE_MTE2,262624,262945,321,378550
case_084,post,2,1000024064,COPY_OUT,PIPE_MTE3,262783,263077,294,378550
case_084,post,2,5832,MATMUL,PIPE_M,262879,263467,588,378550
case_084,post,2,5841,EXP,PIPE_V,262879,263179,300,378550
case_084,post,2,1000024174,COPY_IN,PIPE_MTE2,262945,263278,333,378550
case_084,post,2,5842,REDUCE,PIPE_V,263179,263263,84,378550
case_084,post,2,5843,DIV,PIPE_V,263263,263563,300,378550
case_084,post,2,1000024192,COPY_IN,PIPE_MTE2,263278,263651,373,378550
case_084,post,2,1000024077,COPY_OUT,PIPE_MTE3,263467,263739,272,378550
case_084,post,2,5844,MATMUL,PIPE_M,263563,264151,588,378550
case_084,post,2,5853,EXP,PIPE_V,263563,263863,300,378550
case_084,post,2,1000024187,COPY_IN,PIPE_MTE2,263651,263963,312,378550
case_084,post,2,5854,REDUCE,PIPE_V,263863,263947,84,378550
case_084,post,2,5855,DIV,PIPE_V,263947,264247,300,378550
case_084,post,2,1000024205,COPY_IN,PIPE_MTE2,263963,264356,393,378550
case_084,post,2,1000024090,COPY_OUT,PIPE_MTE3,264151,264432,281,378550
case_084,post,2,5856,MATMUL,PIPE_M,264247,264835,588,378550
case_084,post,2,5865,EXP,PIPE_V,264247,264547,300,378550
case_084,post,2,1000024200,COPY_IN,PIPE_MTE2,264356,264647,291,378550
case_084,post,2,5866,REDUCE,PIPE_V,264547,264631,84,378550
case_084,post,2,5867,DIV,PIPE_V,264631,264931,300,378550
case_084,post,2,1000024218,COPY_IN,PIPE_MTE2,264647,265056,409,378550
case_084,post,2,1000024103,COPY_OUT,PIPE_MTE3,264835,265131,296,378550
case_084,post,2,5868,MATMUL,PIPE_M,264931,265519,588,378550
case_084,post,2,5877,EXP,PIPE_V,264931,265231,300,378550
case_084,post,2,1000024213,COPY_IN,PIPE_MTE2,265056,265329,273,378550
case_084,post,2,5878,REDUCE,PIPE_V,265231,265315,84,378550
case_084,post,2,5879,DIV,PIPE_V,265315,265615,300,378550
case_084,post,2,1000024231,COPY_IN,PIPE_MTE2,265329,265754,425,378550
case_084,post,2,1000024116,COPY_OUT,PIPE_MTE3,265519,265832,313,378550
case_084,post,2,5880,MATMUL,PIPE_M,265615,266203,588,378550
case_084,post,2,5889,EXP,PIPE_V,265615,265915,300,378550
case_084,post,2,1000024226,COPY_IN,PIPE_MTE2,265754,266009,255,378550
case_084,post,2,5890,REDUCE,PIPE_V,265915,265999,84,378550
case_084,post,2,5891,DIV,PIPE_V,265999,266299,300,378550
case_084,post,2,1000024244,COPY_IN,PIPE_MTE2,266009,266452,443,378550
case_084,post,2,1000024129,COPY_OUT,PIPE_MTE3,266203,266535,332,378550
case_084,post,2,5892,MATMUL,PIPE_M,266299,266887,588,378550
case_084,post,2,5901,EXP,PIPE_V,266299,266599,300,378550
case_084,post,2,1000024239,COPY_IN,PIPE_MTE2,266452,266683,231,378550
case_084,post,2,5902,REDUCE,PIPE_V,266599,266683,84,378550
case_084,post,2,5903,DIV,PIPE_V,266683,266983,300,378550
case_084,post,2,1000024257,COPY_IN,PIPE_MTE2,266683,267144,461,378550
case_084,post,2,1000024142,COPY_OUT,PIPE_MTE3,266887,267239,352,378550
case_084,post,2,5904,MATMUL,PIPE_M,266983,267571,588,378550
case_084,post,2,5913,EXP,PIPE_V,266983,267283,300,378550
case_084,post,2,1000024252,COPY_IN,PIPE_MTE2,267144,267376,232,378550
case_084,post,2,5914,REDUCE,PIPE_V,267283,267367,84,378550
case_084,post,2,5915,DIV,PIPE_V,267367,267667,300,378550
case_084,post,2,1000024270,COPY_IN,PIPE_MTE2,267376,267788,412,378550
case_084,post,2,1000024155,COPY_OUT,PIPE_MTE3,267571,267953,382,378550
case_084,post,2,5916,MATMUL,PIPE_M,267667,268255,588,378550
case_084,post,2,5925,EXP,PIPE_V,267667,267967,300,378550
case_084,post,2,1000024265,COPY_IN,PIPE_MTE2,267788,268073,285,378550
case_084,post,2,5926,REDUCE,PIPE_V,267967,268051,84,378550
case_084,post,2,5927,DIV,PIPE_V,268051,268351,300,378550
case_084,post,2,1000024283,COPY_IN,PIPE_MTE2,268073,268386,313,378550
case_084,post,2,1000024168,COPY_OUT,PIPE_MTE3,268255,268643,388,378550
case_084,post,2,5928,MATMUL,PIPE_M,268351,268939,588,378550
case_084,post,2,5937,EXP,PIPE_V,268351,268651,300,378550
case_084,post,2,1000024278,COPY_IN,PIPE_MTE2,268386,268759,373,378550
case_084,post,2,5938,REDUCE,PIPE_V,268651,268735,84,378550
case_084,post,2,5939,DIV,PIPE_V,268735,269035,300,378550
case_084,post,2,1000022993,COPY_IN,PIPE_MTE2,268759,269040,281,378550
case_084,post,2,1000024181,COPY_OUT,PIPE_MTE3,268939,269264,325,378550
case_084,post,2,5940,MATMUL,PIPE_M,269035,269623,588,378550
case_084,post,2,5949,EXP,PIPE_V,269035,269335,300,378550
case_084,post,2,1000030479,COPY_IN,PIPE_MTE2,269040,269530,490,378550
case_084,post,2,5950,REDUCE,PIPE_V,269335,269419,84,378550
case_084,post,2,5951,DIV,PIPE_V,269419,269719,300,378550
case_084,post,2,1000030483,COPY_IN,PIPE_MTE2,269530,269890,360,378550
case_084,post,2,1000024194,COPY_OUT,PIPE_MTE3,269623,269906,283,378550
case_084,post,2,5952,MATMUL,PIPE_M,269719,270307,588,378550
case_084,post,2,5961,EXP,PIPE_V,269719,270019,300,378550
case_084,post,2,1000029580,COPY_IN,PIPE_MTE2,269890,270197,307,378550
case_084,post,2,5962,REDUCE,PIPE_V,270019,270103,84,378550
case_084,post,2,5963,DIV,PIPE_V,270103,270403,300,378550
case_084,post,2,1000030487,COPY_IN,PIPE_MTE2,270197,270591,394,378550
case_084,post,2,1000024207,COPY_OUT,PIPE_MTE3,270307,270579,272,378550
case_084,post,2,5964,MATMUL,PIPE_M,270403,270991,588,378550
case_084,post,2,5973,EXP,PIPE_V,270403,270703,300,378550
case_084,post,2,1000029590,COPY_IN,PIPE_MTE2,270591,270881,290,378550
case_084,post,2,5974,REDUCE,PIPE_V,270703,270787,84,378550
case_084,post,2,5975,DIV,PIPE_V,270787,271087,300,378550
case_084,post,2,1000030491,COPY_IN,PIPE_MTE2,270881,271291,410,378550
case_084,post,2,1000024220,COPY_OUT,PIPE_MTE3,270991,271277,286,378550
case_084,post,2,5976,MATMUL,PIPE_M,271087,271675,588,378550
case_084,post,2,5985,EXP,PIPE_V,271087,271387,300,378550
case_084,post,2,1000029600,COPY_IN,PIPE_MTE2,271291,271564,273,378550
case_084,post,2,5986,REDUCE,PIPE_V,271387,271471,84,378550
case_084,post,2,5987,DIV,PIPE_V,271471,271771,300,378550
case_084,post,2,1000030495,COPY_IN,PIPE_MTE2,271564,271990,426,378550
case_084,post,2,1000024233,COPY_OUT,PIPE_MTE3,271675,271977,302,378550
case_084,post,2,5988,MATMUL,PIPE_M,271771,272359,588,378550
case_084,post,2,5997,EXP,PIPE_V,271771,272071,300,378550
case_084,post,2,1000029610,COPY_IN,PIPE_MTE2,271990,272245,255,378550
case_084,post,2,5998,REDUCE,PIPE_V,272071,272155,84,378550
case_084,post,2,5999,DIV,PIPE_V,272155,272455,300,378550
case_084,post,2,1000030499,COPY_IN,PIPE_MTE2,272245,272689,444,378550
case_084,post,2,1000024246,COPY_OUT,PIPE_MTE3,272359,272679,320,378550
case_084,post,2,6000,MATMUL,PIPE_M,272455,273043,588,378550
case_084,post,2,6009,EXP,PIPE_V,272455,272755,300,378550
case_084,post,2,1000029620,COPY_IN,PIPE_MTE2,272689,272924,235,378550
case_084,post,2,6010,REDUCE,PIPE_V,272755,272839,84,378550
case_084,post,2,6011,DIV,PIPE_V,272839,273139,300,378550
case_084,post,2,1000030503,COPY_IN,PIPE_MTE2,272924,273330,406,378550
case_084,post,2,1000024259,COPY_OUT,PIPE_MTE3,273043,273325,282,378550
case_084,post,2,6012,MATMUL,PIPE_M,273139,273727,588,378550
case_084,post,2,6021,EXP,PIPE_V,273139,273439,300,378550
case_084,post,2,1000029630,COPY_IN,PIPE_MTE2,273330,273480,150,378550
case_084,post,2,6022,REDUCE,PIPE_V,273439,273523,84,378550
case_084,post,2,1000030507,COPY_IN,PIPE_MTE2,273480,273769,289,378550
case_084,post,2,6023,DIV,PIPE_V,273523,273823,300,378550
case_084,post,2,1000024272,COPY_OUT,PIPE_MTE3,273727,273933,206,378550
case_084,post,2,1000029640,COPY_IN,PIPE_MTE2,273769,273958,189,378550
case_084,post,2,4833,EXP,PIPE_V,273823,274123,300,378550
case_084,post,2,6024,MATMUL,PIPE_M,273823,274411,588,378550
case_084,post,2,4834,REDUCE,PIPE_V,274123,274207,84,378550
case_084,post,2,1000030511,COPY_IN,PIPE_MTE2,274123,274450,327,378550
case_084,post,2,4835,DIV,PIPE_V,274207,274507,300,378550
case_084,post,2,1000024285,COPY_OUT,PIPE_MTE3,274411,274660,249,378550
case_084,post,2,1000029650,COPY_IN,PIPE_MTE2,274450,274692,242,378550
case_084,post,2,11205,EXP,PIPE_V,274507,274807,300,378550
case_084,post,2,1000022995,COPY_OUT,PIPE_MTE3,274660,275014,354,378550
case_084,post,2,11217,EXP,PIPE_V,274807,275107,300,378550
case_084,post,2,1000030515,COPY_IN,PIPE_MTE2,275014,275225,211,378550
case_084,post,2,11218,REDUCE,PIPE_V,275107,275191,84,378550
case_084,post,2,11219,DIV,PIPE_V,275191,275491,300,378550
case_084,post,2,1000029660,COPY_IN,PIPE_MTE2,275225,275354,129,378550
case_084,post,2,11220,MATMUL,PIPE_M,275491,276079,588,378550
case_084,post,2,11229,EXP,PIPE_V,275491,275791,300,378550
case_084,post,2,1000030519,COPY_IN,PIPE_MTE2,275491,275880,389,378550
case_084,post,2,11230,REDUCE,PIPE_V,275791,275875,84,378550
case_084,post,2,11231,DIV,PIPE_V,275875,276175,300,378550
case_084,post,2,1000029670,COPY_IN,PIPE_MTE2,275880,276060,180,378550
case_084,post,2,1000029584,COPY_OUT,PIPE_MTE3,276079,276285,206,378550
case_084,post,2,11232,MATMUL,PIPE_M,276175,276763,588,378550
case_084,post,2,11241,EXP,PIPE_V,276175,276475,300,378550
case_084,post,2,1000030523,COPY_IN,PIPE_MTE2,276175,276489,314,378550
case_084,post,2,11242,REDUCE,PIPE_V,276475,276559,84,378550
case_084,post,2,1000029680,COPY_IN,PIPE_MTE2,276489,276569,80,378550
case_084,post,2,11243,DIV,PIPE_V,276559,276859,300,378550
case_084,post,2,1000029594,COPY_OUT,PIPE_MTE3,276763,276976,213,378550
case_084,post,2,11244,MATMUL,PIPE_M,276859,277447,588,378550
case_084,post,2,11253,EXP,PIPE_V,276859,277159,300,378550
case_084,post,2,1000030527,COPY_IN,PIPE_MTE2,276859,277117,258,378550
case_084,post,2,1000029690,COPY_IN,PIPE_MTE2,277117,277221,104,378550
case_084,post,2,11254,REDUCE,PIPE_V,277159,277243,84,378550
case_084,post,2,11255,DIV,PIPE_V,277243,277543,300,378550
case_084,post,2,1000029604,COPY_OUT,PIPE_MTE3,277447,277626,179,378550
case_084,post,2,11256,MATMUL,PIPE_M,277543,278131,588,378550
case_084,post,2,11265,EXP,PIPE_V,277543,277843,300,378550
case_084,post,2,1000030531,COPY_IN,PIPE_MTE2,277543,277831,288,378550
case_084,post,2,1000029700,COPY_IN,PIPE_MTE2,277831,277958,127,378550
case_084,post,2,11266,REDUCE,PIPE_V,277843,277927,84,378550
case_084,post,2,11267,DIV,PIPE_V,277927,278227,300,378550
case_084,post,2,1000029614,COPY_OUT,PIPE_MTE3,278131,278317,186,378550
case_084,post,2,11268,MATMUL,PIPE_M,278227,278815,588,378550
case_084,post,2,11277,EXP,PIPE_V,278227,278527,300,378550
case_084,post,2,1000030535,COPY_IN,PIPE_MTE2,278227,278450,223,378550
case_084,post,2,1000029710,COPY_IN,PIPE_MTE2,278450,278593,143,378550
case_084,post,2,11278,REDUCE,PIPE_V,278527,278611,84,378550
case_084,post,2,11279,DIV,PIPE_V,278611,278911,300,378550
case_084,post,2,1000029624,COPY_OUT,PIPE_MTE3,278815,278954,139,378550
case_084,post,2,11280,MATMUL,PIPE_M,278911,279499,588,378550
case_084,post,2,11289,EXP,PIPE_V,278911,279211,300,378550
case_084,post,2,1000030539,COPY_IN,PIPE_MTE2,278911,279122,211,378550
case_084,post,2,1000029720,COPY_IN,PIPE_MTE2,279122,279226,104,378550
case_084,post,2,11290,REDUCE,PIPE_V,279211,279295,84,378550
case_084,post,2,11291,DIV,PIPE_V,279295,279595,300,378550
case_084,post,2,1000029634,COPY_OUT,PIPE_MTE3,279499,279639,140,378550
case_084,post,2,11292,MATMUL,PIPE_M,279595,280183,588,378550
case_084,post,2,11301,EXP,PIPE_V,279595,279895,300,378550
case_084,post,2,1000030543,COPY_IN,PIPE_MTE2,279595,279768,173,378550
case_084,post,2,1000029730,COPY_IN,PIPE_MTE2,279768,279918,150,378550
case_084,post,2,11302,REDUCE,PIPE_V,279895,279979,84,378550
case_084,post,2,11303,DIV,PIPE_V,279979,280279,300,378550
case_084,post,2,1000029644,COPY_OUT,PIPE_MTE3,280183,280424,241,378550
case_084,post,2,11304,MATMUL,PIPE_M,280279,280867,588,378550
case_084,post,2,11313,EXP,PIPE_V,280279,280579,300,378550
case_084,post,2,1000030547,COPY_IN,PIPE_MTE2,280279,280618,339,378550
case_084,post,2,11314,REDUCE,PIPE_V,280579,280663,84,378550
case_084,post,2,1000029740,COPY_IN,PIPE_MTE2,280618,280728,110,378550
case_084,post,2,11315,DIV,PIPE_V,280663,280963,300,378550
case_084,post,2,1000029654,COPY_OUT,PIPE_MTE3,280867,280961,94,378550
case_084,post,2,11316,MATMUL,PIPE_M,280963,281551,588,378550
case_084,post,2,11325,EXP,PIPE_V,280963,281263,300,378550
case_084,post,2,1000030551,COPY_IN,PIPE_MTE2,280963,281040,77,378550
case_084,post,2,1000029750,COPY_IN,PIPE_MTE2,281040,281143,103,378550
case_084,post,2,11326,REDUCE,PIPE_V,281263,281347,84,378550
case_084,post,2,11327,DIV,PIPE_V,281347,281647,300,378550
case_084,post,2,1000029664,COPY_OUT,PIPE_MTE3,281551,281664,113,378550
case_084,post,2,11328,MATMUL,PIPE_M,281647,282235,588,378550
case_084,post,2,11337,EXP,PIPE_V,281647,281947,300,378550
case_084,post,2,1000030555,COPY_IN,PIPE_MTE2,281647,281843,196,378550
case_084,post,2,1000029760,COPY_IN,PIPE_MTE2,281843,281949,106,378550
case_084,post,2,11338,REDUCE,PIPE_V,281947,282031,84,378550
case_084,post,2,11339,DIV,PIPE_V,282031,282331,300,378550
case_084,post,2,1000029674,COPY_OUT,PIPE_MTE3,282235,282300,65,378550
case_084,post,2,11340,MATMUL,PIPE_M,282331,282919,588,378550
case_084,post,2,11349,EXP,PIPE_V,282331,282631,300,378550
case_084,post,2,1000030559,COPY_IN,PIPE_MTE2,282331,282599,268,378550
case_084,post,2,1000029770,COPY_IN,PIPE_MTE2,282599,282735,136,378550
case_084,post,2,11350,REDUCE,PIPE_V,282631,282715,84,378550
case_084,post,2,11351,DIV,PIPE_V,282715,283015,300,378550
case_084,post,2,1000029684,COPY_OUT,PIPE_MTE3,282919,282971,52,378550
case_084,post,2,11352,MATMUL,PIPE_M,283015,283603,588,378550
case_084,post,2,11361,EXP,PIPE_V,283015,283315,300,378550
case_084,post,2,1000030563,COPY_IN,PIPE_MTE2,283015,283171,156,378550
case_084,post,2,1000029780,COPY_IN,PIPE_MTE2,283171,283325,154,378550
case_084,post,2,11362,REDUCE,PIPE_V,283315,283399,84,378550
case_084,post,2,11363,DIV,PIPE_V,283399,283699,300,378550
case_084,post,2,1000029694,COPY_OUT,PIPE_MTE3,283603,283755,152,378550
case_084,post,2,11364,MATMUL,PIPE_M,283699,284287,588,378550
case_084,post,2,11373,EXP,PIPE_V,283699,283999,300,378550
case_084,post,2,1000030567,COPY_IN,PIPE_MTE2,283699,283885,186,378550
case_084,post,2,1000029790,COPY_IN,PIPE_MTE2,283885,284012,127,378550
case_084,post,2,11374,REDUCE,PIPE_V,283999,284083,84,378550
case_084,post,2,11375,DIV,PIPE_V,284083,284383,300,378550
case_084,post,2,1000029704,COPY_OUT,PIPE_MTE3,284287,284354,67,378550
case_084,post,2,11376,MATMUL,PIPE_M,284383,284971,588,378550
case_084,post,2,11385,EXP,PIPE_V,284383,284683,300,378550
case_084,post,2,1000030571,COPY_IN,PIPE_MTE2,284383,284611,228,378550
case_084,post,2,1000029800,COPY_IN,PIPE_MTE2,284611,284863,252,378550
case_084,post,2,11386,REDUCE,PIPE_V,284683,284767,84,378550
case_084,post,2,11387,DIV,PIPE_V,284767,285067,300,378550
case_084,post,2,1000029714,COPY_OUT,PIPE_MTE3,284971,285285,314,378550
case_084,post,2,11388,MATMUL,PIPE_M,285067,285655,588,378550
case_084,post,2,11397,EXP,PIPE_V,285067,285367,300,378550
case_084,post,2,1000030575,COPY_IN,PIPE_MTE2,285067,285506,439,378550
case_084,post,2,11398,REDUCE,PIPE_V,285367,285451,84,378550
case_084,post,2,11399,DIV,PIPE_V,285451,285751,300,378550
case_084,post,2,1000029810,COPY_IN,PIPE_MTE2,285506,285789,283,378550
case_084,post,2,1000029724,COPY_OUT,PIPE_MTE3,285655,285960,305,378550
case_084,post,2,11400,MATMUL,PIPE_M,285751,286339,588,378550
case_084,post,2,11409,EXP,PIPE_V,285751,286051,300,378550
case_084,post,2,1000030579,COPY_IN,PIPE_MTE2,285789,286101,312,378550
case_084,post,2,11410,REDUCE,PIPE_V,286051,286135,84,378550
case_084,post,2,1000029820,COPY_IN,PIPE_MTE2,286101,286350,249,378550
case_084,post,2,11411,DIV,PIPE_V,286135,286435,300,378550
case_084,post,2,1000029734,COPY_OUT,PIPE_MTE3,286339,286618,279,378550
case_084,post,2,11412,MATMUL,PIPE_M,286435,287023,588,378550
case_084,post,2,11421,EXP,PIPE_V,286435,286735,300,378550
case_084,post,2,1000030583,COPY_IN,PIPE_MTE2,286435,286810,375,378550
case_084,post,2,11422,REDUCE,PIPE_V,286735,286819,84,378550
case_084,post,2,1000029830,COPY_IN,PIPE_MTE2,286810,287131,321,378550
case_084,post,2,11423,DIV,PIPE_V,286819,287119,300,378550
case_084,post,2,1000029744,COPY_OUT,PIPE_MTE3,287023,287390,367,378550
case_084,post,2,11424,MATMUL,PIPE_M,287119,287707,588,378550
case_084,post,2,11433,EXP,PIPE_V,287119,287419,300,378550
case_084,post,2,1000030587,COPY_IN,PIPE_MTE2,287131,287633,502,378550
case_084,post,2,11434,REDUCE,PIPE_V,287419,287503,84,378550
case_084,post,2,11435,DIV,PIPE_V,287503,287803,300,378550
case_084,post,2,1000029840,COPY_IN,PIPE_MTE2,287633,288023,390,378550
case_084,post,2,1000029754,COPY_OUT,PIPE_MTE3,287707,288096,389,378550
case_084,post,2,11436,MATMUL,PIPE_M,287803,288391,588,378550
case_084,post,2,11445,EXP,PIPE_V,287803,288103,300,378550
case_084,post,2,1000030591,COPY_IN,PIPE_MTE2,288023,288443,420,378550
case_084,post,2,11446,REDUCE,PIPE_V,288103,288187,84,378550
case_084,post,2,11447,DIV,PIPE_V,288187,288487,300,378550
case_084,post,2,1000029764,COPY_OUT,PIPE_MTE3,288391,288662,271,378550
case_084,post,2,1000029850,COPY_IN,PIPE_MTE2,288443,288714,271,378550
case_084,post,2,11448,MATMUL,PIPE_M,288487,289075,588,378550
case_084,post,2,11457,EXP,PIPE_V,288487,288787,300,378550
case_084,post,2,1000030595,COPY_IN,PIPE_MTE2,288714,289086,372,378550
case_084,post,2,11458,REDUCE,PIPE_V,288787,288871,84,378550
case_084,post,2,11459,DIV,PIPE_V,288871,289171,300,378550
case_084,post,2,1000029774,COPY_OUT,PIPE_MTE3,289075,289435,360,378550
case_084,post,2,1000029860,COPY_IN,PIPE_MTE2,289086,289446,360,378550
case_084,post,2,11460,MATMUL,PIPE_M,289171,289759,588,378550
case_084,post,2,11469,EXP,PIPE_V,289171,289471,300,378550
case_084,post,2,1000030599,COPY_IN,PIPE_MTE2,289446,289933,487,378550
case_084,post,2,11470,REDUCE,PIPE_V,289471,289555,84,378550
case_084,post,2,11471,DIV,PIPE_V,289555,289855,300,378550
case_084,post,2,1000029784,COPY_OUT,PIPE_MTE3,289759,290159,400,378550
case_084,post,2,11472,MATMUL,PIPE_M,289855,290443,588,378550
case_084,post,2,11481,EXP,PIPE_V,289855,290155,300,378550
case_084,post,2,1000029870,COPY_IN,PIPE_MTE2,289933,290290,357,378550
case_084,post,2,11482,REDUCE,PIPE_V,290155,290239,84,378550
case_084,post,2,11483,DIV,PIPE_V,290239,290539,300,378550
case_084,post,2,1000030603,COPY_IN,PIPE_MTE2,290290,290786,496,378550
case_084,post,2,1000029794,COPY_OUT,PIPE_MTE3,290443,290793,350,378550
case_084,post,2,11484,MATMUL,PIPE_M,290539,291127,588,378550
case_084,post,2,11493,EXP,PIPE_V,290539,290839,300,378550
case_084,post,2,1000029880,COPY_IN,PIPE_MTE2,290786,291002,216,378550
case_084,post,2,11494,REDUCE,PIPE_V,290839,290923,84,378550
case_084,post,2,11495,DIV,PIPE_V,290923,291223,300,378550
case_084,post,2,1000030607,COPY_IN,PIPE_MTE2,291002,291371,369,378550
case_084,post,2,1000029804,COPY_OUT,PIPE_MTE3,291127,291408,281,378550
case_084,post,2,11496,MATMUL,PIPE_M,291223,291811,588,378550
case_084,post,2,11505,EXP,PIPE_V,291223,291523,300,378550
case_084,post,2,1000029890,COPY_IN,PIPE_MTE2,291371,291665,294,378550
case_084,post,2,11506,REDUCE,PIPE_V,291523,291607,84,378550
case_084,post,2,11507,DIV,PIPE_V,291607,291907,300,378550
case_084,post,2,1000030611,COPY_IN,PIPE_MTE2,291665,292218,553,378550
case_084,post,2,1000029814,COPY_OUT,PIPE_MTE3,291811,292197,386,378550
case_084,post,2,11508,MATMUL,PIPE_M,291907,292495,588,378550
case_084,post,2,11517,EXP,PIPE_V,291907,292207,300,378550
case_084,post,2,11518,REDUCE,PIPE_V,292207,292291,84,378550
case_084,post,2,1000029900,COPY_IN,PIPE_MTE2,292218,292529,311,378550
case_084,post,2,11519,DIV,PIPE_V,292291,292591,300,378550
case_084,post,2,1000029824,COPY_OUT,PIPE_MTE3,292495,292839,344,378550
case_084,post,2,1000030615,COPY_IN,PIPE_MTE2,292529,293025,496,378550
case_084,post,2,11520,MATMUL,PIPE_M,292591,293179,588,378550
case_084,post,2,11529,EXP,PIPE_V,292591,292891,300,378550
case_084,post,2,11530,REDUCE,PIPE_V,292891,292975,84,378550
case_084,post,2,11531,DIV,PIPE_V,292975,293275,300,378550
case_084,post,2,1000029910,COPY_IN,PIPE_MTE2,293025,293292,267,378550
case_084,post,2,1000029834,COPY_OUT,PIPE_MTE3,293179,293465,286,378550
case_084,post,2,11532,MATMUL,PIPE_M,293275,293863,588,378550
case_084,post,2,11541,EXP,PIPE_V,293275,293575,300,378550
case_084,post,2,1000030619,COPY_IN,PIPE_MTE2,293292,293652,360,378550
case_084,post,2,11542,REDUCE,PIPE_V,293575,293659,84,378550
case_084,post,2,1000029920,COPY_IN,PIPE_MTE2,293652,293924,272,378550
case_084,post,2,11543,DIV,PIPE_V,293659,293959,300,378550
case_084,post,2,1000029844,COPY_OUT,PIPE_MTE3,293863,294233,370,378550
case_084,post,2,1000030623,COPY_IN,PIPE_MTE2,293924,294474,550,378550
case_084,post,2,11544,MATMUL,PIPE_M,293959,294547,588,378550
case_084,post,2,11553,EXP,PIPE_V,293959,294259,300,378550
case_084,post,2,11554,REDUCE,PIPE_V,294259,294343,84,378550
case_084,post,2,11555,DIV,PIPE_V,294343,294643,300,378550
case_084,post,2,1000029930,COPY_IN,PIPE_MTE2,294474,294829,355,378550
case_084,post,2,1000029854,COPY_OUT,PIPE_MTE3,294547,294889,342,378550
case_084,post,2,11556,MATMUL,PIPE_M,294643,295231,588,378550
case_084,post,2,11565,EXP,PIPE_V,294643,294943,300,378550
case_084,post,2,1000030627,COPY_IN,PIPE_MTE2,294829,295278,449,378550
case_084,post,2,11566,REDUCE,PIPE_V,294943,295027,84,378550
case_084,post,2,11567,DIV,PIPE_V,295027,295327,300,378550
case_084,post,2,1000029864,COPY_OUT,PIPE_MTE3,295231,295542,311,378550
case_084,post,2,1000029940,COPY_IN,PIPE_MTE2,295278,295576,298,378550
case_084,post,2,11568,MATMUL,PIPE_M,295327,295915,588,378550
case_084,post,2,11577,EXP,PIPE_V,295327,295627,300,378550
case_084,post,2,1000030631,COPY_IN,PIPE_MTE2,295576,295966,390,378550
case_084,post,2,11578,REDUCE,PIPE_V,295627,295711,84,378550
case_084,post,2,11579,DIV,PIPE_V,295711,296011,300,378550
case_084,post,2,1000029874,COPY_OUT,PIPE_MTE3,295915,296169,254,378550
case_084,post,2,1000029950,COPY_IN,PIPE_MTE2,295966,296220,254,378550
case_084,post,2,11580,MATMUL,PIPE_M,296011,296599,588,378550
case_084,post,2,11589,EXP,PIPE_V,296011,296311,300,378550
case_084,post,2,1000030635,COPY_IN,PIPE_MTE2,296220,296730,510,378550
case_084,post,2,11590,REDUCE,PIPE_V,296311,296395,84,378550
case_084,post,2,11591,DIV,PIPE_V,296395,296695,300,378550
case_084,post,2,1000029884,COPY_OUT,PIPE_MTE3,296599,297016,417,378550
case_084,post,2,11592,MATMUL,PIPE_M,296695,297283,588,378550
case_084,post,2,11601,EXP,PIPE_V,296695,296995,300,378550
case_084,post,2,1000029960,COPY_IN,PIPE_MTE2,296730,297113,383,378550
case_084,post,2,11602,REDUCE,PIPE_V,296995,297079,84,378550
case_084,post,2,11603,DIV,PIPE_V,297079,297379,300,378550
case_084,post,2,1000030639,COPY_IN,PIPE_MTE2,297113,297563,450,378550
case_084,post,2,1000029894,COPY_OUT,PIPE_MTE3,297283,297636,353,378550
case_084,post,2,11604,MATMUL,PIPE_M,297379,297967,588,378550
case_084,post,2,11613,EXP,PIPE_V,297379,297679,300,378550
case_084,post,2,1000029970,COPY_IN,PIPE_MTE2,297563,297827,264,378550
case_084,post,2,11614,REDUCE,PIPE_V,297679,297763,84,378550
case_084,post,2,11615,DIV,PIPE_V,297763,298063,300,378550
case_084,post,2,1000030643,COPY_IN,PIPE_MTE2,297827,298282,455,378550
case_084,post,2,1000029904,COPY_OUT,PIPE_MTE3,297967,298317,350,378550
case_084,post,2,11616,MATMUL,PIPE_M,298063,298651,588,378550
case_084,post,2,11625,EXP,PIPE_V,298063,298363,300,378550
case_084,post,2,1000029980,COPY_IN,PIPE_MTE2,298282,298488,206,378550
case_084,post,2,11626,REDUCE,PIPE_V,298363,298447,84,378550
case_084,post,2,11627,DIV,PIPE_V,298447,298747,300,378550
case_084,post,2,1000030647,COPY_IN,PIPE_MTE2,298488,298944,456,378550
case_084,post,2,1000029914,COPY_OUT,PIPE_MTE3,298651,299067,416,378550
case_084,post,2,11628,MATMUL,PIPE_M,298747,299335,588,378550
case_084,post,2,11637,EXP,PIPE_V,298747,299047,300,378550
case_084,post,2,1000029990,COPY_IN,PIPE_MTE2,298944,299321,377,378550
case_084,post,2,11638,REDUCE,PIPE_V,299047,299131,84,378550
case_084,post,2,11639,DIV,PIPE_V,299131,299431,300,378550
case_084,post,2,1000030651,COPY_IN,PIPE_MTE2,299321,299843,522,378550
case_084,post,2,1000029924,COPY_OUT,PIPE_MTE3,299335,299705,370,378550
case_084,post,2,11640,MATMUL,PIPE_M,299431,300019,588,378550
case_084,post,2,11649,EXP,PIPE_V,299431,299731,300,378550
case_084,post,2,11650,REDUCE,PIPE_V,299731,299815,84,378550
case_084,post,2,11651,DIV,PIPE_V,299815,300115,300,378550
case_084,post,2,1000030000,COPY_IN,PIPE_MTE2,299843,300074,231,378550
case_084,post,2,1000029934,COPY_OUT,PIPE_MTE3,300019,300285,266,378550
case_084,post,2,1000030655,COPY_IN,PIPE_MTE2,300074,300508,434,378550
case_084,post,2,11652,MATMUL,PIPE_M,300115,300703,588,378550
case_084,post,2,11661,EXP,PIPE_V,300115,300415,300,378550
case_084,post,2,11662,REDUCE,PIPE_V,300415,300499,84,378550
case_084,post,2,11663,DIV,PIPE_V,300499,300799,300,378550
case_084,post,2,1000030010,COPY_IN,PIPE_MTE2,300508,300776,268,378550
case_084,post,2,1000029944,COPY_OUT,PIPE_MTE3,300703,300978,275,378550
case_084,post,2,1000030659,COPY_IN,PIPE_MTE2,300776,301221,445,378550
case_084,post,2,11664,MATMUL,PIPE_M,300799,301387,588,378550
case_084,post,2,11673,EXP,PIPE_V,300799,301099,300,378550
case_084,post,2,11674,REDUCE,PIPE_V,301099,301183,84,378550
case_084,post,2,11675,DIV,PIPE_V,301183,301483,300,378550
case_084,post,2,1000030020,COPY_IN,PIPE_MTE2,301221,301601,380,378550
case_084,post,2,1000029954,COPY_OUT,PIPE_MTE3,301387,301767,380,378550
case_084,post,2,11676,MATMUL,PIPE_M,301483,302071,588,378550
case_084,post,2,11685,EXP,PIPE_V,301483,301783,300,378550
case_084,post,2,1000030663,COPY_IN,PIPE_MTE2,301601,302123,522,378550
case_084,post,2,11686,REDUCE,PIPE_V,301783,301867,84,378550
case_084,post,2,11687,DIV,PIPE_V,301867,302167,300,378550
case_084,post,2,1000029964,COPY_OUT,PIPE_MTE3,302071,302378,307,378550
case_084,post,2,1000030030,COPY_IN,PIPE_MTE2,302123,302408,285,378550
case_084,post,2,11688,MATMUL,PIPE_M,302167,302755,588,378550
case_084,post,2,11697,EXP,PIPE_V,302167,302467,300,378550
case_084,post,2,1000030667,COPY_IN,PIPE_MTE2,302408,302730,322,378550
case_084,post,2,11698,REDUCE,PIPE_V,302467,302551,84,378550
case_084,post,2,11699,DIV,PIPE_V,302551,302851,300,378550
case_084,post,2,1000030040,COPY_IN,PIPE_MTE2,302730,303059,329,378550
case_084,post,2,1000029974,COPY_OUT,PIPE_MTE3,302755,303080,325,378550
case_084,post,2,11700,MATMUL,PIPE_M,302851,303439,588,378550
case_084,post,2,11709,EXP,PIPE_V,302851,303151,300,378550
case_084,post,2,1000030671,COPY_IN,PIPE_MTE2,303059,303467,408,378550
case_084,post,2,11710,REDUCE,PIPE_V,303151,303235,84,378550
case_084,post,2,11711,DIV,PIPE_V,303235,303535,300,378550
case_084,post,2,1000029984,COPY_OUT,PIPE_MTE3,303439,303838,399,378550
case_084,post,2,1000030050,COPY_IN,PIPE_MTE2,303467,303858,391,378550
case_084,post,2,11712,MATMUL,PIPE_M,303535,304123,588,378550
case_084,post,2,11721,EXP,PIPE_V,303535,303835,300,378550
case_084,post,2,11722,REDUCE,PIPE_V,303835,303919,84,378550
case_084,post,2,1000030675,COPY_IN,PIPE_MTE2,303858,304378,520,378550
case_084,post,2,11723,DIV,PIPE_V,303919,304219,300,378550
case_084,post,2,1000029994,COPY_OUT,PIPE_MTE3,304123,304520,397,378550
case_084,post,2,11724,MATMUL,PIPE_M,304219,304807,588,378550
case_084,post,2,11733,EXP,PIPE_V,304219,304519,300,378550
case_084,post,2,1000030060,COPY_IN,PIPE_MTE2,304378,304684,306,378550
case_084,post,2,11734,REDUCE,PIPE_V,304519,304603,84,378550
case_084,post,2,11735,DIV,PIPE_V,304603,304903,300,378550
case_084,post,2,1000030679,COPY_IN,PIPE_MTE2,304684,305063,379,378550
case_084,post,2,1000030004,COPY_OUT,PIPE_MTE3,304807,305103,296,378550
case_084,post,2,11736,MATMUL,PIPE_M,304903,305491,588,378550
case_084,post,2,11745,EXP,PIPE_V,304903,305203,300,378550
case_084,post,2,1000030070,COPY_IN,PIPE_MTE2,305063,305335,272,378550
case_084,post,2,11746,REDUCE,PIPE_V,305203,305287,84,378550
case_084,post,2,11747,DIV,PIPE_V,305287,305587,300,378550
case_084,post,2,1000030683,COPY_IN,PIPE_MTE2,305335,305752,417,378550
case_084,post,2,1000030014,COPY_OUT,PIPE_MTE3,305491,305866,375,378550
case_084,post,2,11748,MATMUL,PIPE_M,305587,306175,588,378550
case_084,post,2,11757,EXP,PIPE_V,305587,305887,300,378550
case_084,post,2,1000030080,COPY_IN,PIPE_MTE2,305752,306127,375,378550
case_084,post,2,11758,REDUCE,PIPE_V,305887,305971,84,378550
case_084,post,2,11759,DIV,PIPE_V,305971,306271,300,378550
case_084,post,2,1000030687,COPY_IN,PIPE_MTE2,306127,306654,527,378550
case_084,post,2,1000030024,COPY_OUT,PIPE_MTE3,306175,306550,375,378550
case_084,post,2,11760,MATMUL,PIPE_M,306271,306859,588,378550
case_084,post,2,11769,EXP,PIPE_V,306271,306571,300,378550
case_084,post,2,11770,REDUCE,PIPE_V,306571,306655,84,378550
case_084,post,2,1000030090,COPY_IN,PIPE_MTE2,306654,306957,303,378550
case_084,post,2,11771,DIV,PIPE_V,306655,306955,300,378550
case_084,post,2,1000030034,COPY_OUT,PIPE_MTE3,306859,307182,323,378550
case_084,post,2,11772,MATMUL,PIPE_M,306955,307543,588,378550
case_084,post,2,11781,EXP,PIPE_V,306955,307255,300,378550
case_084,post,2,1000030691,COPY_IN,PIPE_MTE2,306957,307370,413,378550
case_084,post,2,11782,REDUCE,PIPE_V,307255,307339,84,378550
case_084,post,2,11783,DIV,PIPE_V,307339,307639,300,378550
case_084,post,2,1000030100,COPY_IN,PIPE_MTE2,307370,307601,231,378550
case_084,post,2,1000030044,COPY_OUT,PIPE_MTE3,307543,307820,277,378550
case_084,post,2,1000030695,COPY_IN,PIPE_MTE2,307601,307988,387,378550
case_084,post,2,11784,MATMUL,PIPE_M,307639,308227,588,378550
case_084,post,2,11793,EXP,PIPE_V,307639,307939,300,378550
case_084,post,2,11794,REDUCE,PIPE_V,307939,308023,84,378550
case_084,post,2,1000030110,COPY_IN,PIPE_MTE2,307988,308422,434,378550
case_084,post,2,11795,DIV,PIPE_V,308023,308323,300,378550
case_084,post,2,1000030054,COPY_OUT,PIPE_MTE3,308227,308628,401,378550
case_084,post,2,11796,MATMUL,PIPE_M,308323,308911,588,378550
case_084,post,2,11805,EXP,PIPE_V,308323,308623,300,378550
case_084,post,2,1000030699,COPY_IN,PIPE_MTE2,308422,308981,559,378550
case_084,post,2,11806,REDUCE,PIPE_V,308623,308707,84,378550
case_084,post,2,11807,DIV,PIPE_V,308707,309007,300,378550
case_084,post,2,1000030064,COPY_OUT,PIPE_MTE3,308911,309327,416,378550
case_084,post,2,1000030120,COPY_IN,PIPE_MTE2,308981,309377,396,378550
case_084,post,2,11808,MATMUL,PIPE_M,309007,309595,588,378550
case_084,post,2,11817,EXP,PIPE_V,309007,309307,300,378550
case_084,post,2,11818,REDUCE,PIPE_V,309307,309391,84,378550
case_084,post,2,1000030703,COPY_IN,PIPE_MTE2,309377,309844,467,378550
case_084,post,2,11819,DIV,PIPE_V,309391,309691,300,378550
case_084,post,2,1000030074,COPY_OUT,PIPE_MTE3,309595,309912,317,378550
case_084,post,2,11820,MATMUL,PIPE_M,309691,310279,588,378550
case_084,post,2,11829,EXP,PIPE_V,309691,309991,300,378550
case_084,post,2,1000030130,COPY_IN,PIPE_MTE2,309844,310107,263,378550
case_084,post,2,11830,REDUCE,PIPE_V,309991,310075,84,378550
case_084,post,2,11831,DIV,PIPE_V,310075,310375,300,378550
case_084,post,2,1000030707,COPY_IN,PIPE_MTE2,310107,310632,525,378550
case_084,post,2,1000030084,COPY_OUT,PIPE_MTE3,310279,310786,507,378550
case_084,post,2,11832,MATMUL,PIPE_M,310375,310963,588,378550
case_084,post,2,11841,EXP,PIPE_V,310375,310675,300,378550
case_084,post,2,1000030140,COPY_IN,PIPE_MTE2,310632,311049,417,378550
case_084,post,2,11842,REDUCE,PIPE_V,310675,310759,84,378550
case_084,post,2,11843,DIV,PIPE_V,310759,311059,300,378550
case_084,post,2,1000030094,COPY_OUT,PIPE_MTE3,310963,311395,432,378550
case_084,post,2,1000030711,COPY_IN,PIPE_MTE2,311049,311655,606,378550
case_084,post,2,11844,MATMUL,PIPE_M,311059,311647,588,378550
case_084,post,2,11853,EXP,PIPE_V,311059,311359,300,378550
case_084,post,2,11854,REDUCE,PIPE_V,311359,311443,84,378550
case_084,post,2,11855,DIV,PIPE_V,311443,311743,300,378550
case_084,post,2,1000030104,COPY_OUT,PIPE_MTE3,311647,311990,343,378550
case_084,post,2,1000030150,COPY_IN,PIPE_MTE2,311655,311997,342,378550
case_084,post,2,11856,MATMUL,PIPE_M,311743,312331,588,378550
case_084,post,2,11865,EXP,PIPE_V,311743,312043,300,378550
case_084,post,2,1000030715,COPY_IN,PIPE_MTE2,311997,312509,512,378550
case_084,post,2,11866,REDUCE,PIPE_V,312043,312127,84,378550
case_084,post,2,11867,DIV,PIPE_V,312127,312427,300,378550
case_084,post,2,1000030114,COPY_OUT,PIPE_MTE3,312331,312650,319,378550
case_084,post,2,11868,MATMUL,PIPE_M,312427,313015,588,378550
case_084,post,2,11877,EXP,PIPE_V,312427,312727,300,378550
case_084,post,2,1000030160,COPY_IN,PIPE_MTE2,312509,312871,362,378550
case_084,post,2,11878,REDUCE,PIPE_V,312727,312811,84,378550
case_084,post,2,11879,DIV,PIPE_V,312811,313111,300,378550
case_084,post,2,1000030719,COPY_IN,PIPE_MTE2,312871,313516,645,378550
case_084,post,2,1000030124,COPY_OUT,PIPE_MTE3,313015,313463,448,378550
case_084,post,2,11880,MATMUL,PIPE_M,313111,313699,588,378550
case_084,post,2,11889,EXP,PIPE_V,313111,313411,300,378550
case_084,post,2,11890,REDUCE,PIPE_V,313411,313495,84,378550
case_084,post,2,11891,DIV,PIPE_V,313495,313795,300,378550
case_084,post,2,1000030170,COPY_IN,PIPE_MTE2,313516,313884,368,378550
case_084,post,2,1000030134,COPY_OUT,PIPE_MTE3,313699,314104,405,378550
case_084,post,2,11892,MATMUL,PIPE_M,313795,314383,588,378550
case_084,post,2,11901,EXP,PIPE_V,313795,314095,300,378550
case_084,post,2,1000030723,COPY_IN,PIPE_MTE2,313884,314378,494,378550
case_084,post,2,11902,REDUCE,PIPE_V,314095,314179,84,378550
case_084,post,2,11903,DIV,PIPE_V,314179,314479,300,378550
case_084,post,2,1000030180,COPY_IN,PIPE_MTE2,314378,314737,359,378550
case_084,post,2,1000030144,COPY_OUT,PIPE_MTE3,314383,314743,360,378550
case_084,post,2,11904,MATMUL,PIPE_M,314479,315067,588,378550
case_084,post,2,11913,EXP,PIPE_V,314479,314779,300,378550
case_084,post,2,1000030727,COPY_IN,PIPE_MTE2,314737,315281,544,378550
case_084,post,2,11914,REDUCE,PIPE_V,314779,314863,84,378550
case_084,post,2,11915,DIV,PIPE_V,314863,315163,300,378550
case_084,post,2,1000030154,COPY_OUT,PIPE_MTE3,315067,315529,462,378550
case_084,post,2,11916,MATMUL,PIPE_M,315163,315751,588,378550
case_084,post,2,11925,EXP,PIPE_V,315163,315463,300,378550
case_084,post,2,1000030190,COPY_IN,PIPE_MTE2,315281,315675,394,378550
case_084,post,2,11926,REDUCE,PIPE_V,315463,315547,84,378550
case_084,post,2,11927,DIV,PIPE_V,315547,315847,300,378550
case_084,post,2,1000030731,COPY_IN,PIPE_MTE2,315675,316291,616,378550
case_084,post,2,1000030164,COPY_OUT,PIPE_MTE3,315751,316191,440,378550
case_084,post,2,11928,MATMUL,PIPE_M,315847,316435,588,378550
case_084,post,2,11937,EXP,PIPE_V,315847,316147,300,378550
case_084,post,2,11938,REDUCE,PIPE_V,316147,316231,84,378550
case_084,post,2,11939,DIV,PIPE_V,316231,316531,300,378550
case_084,post,2,1000030200,COPY_IN,PIPE_MTE2,316291,316613,322,378550
case_084,post,2,1000030174,COPY_OUT,PIPE_MTE3,316435,316783,348,378550
case_084,post,2,11940,MATMUL,PIPE_M,316531,317119,588,378550
case_084,post,2,11949,EXP,PIPE_V,316531,316831,300,378550
case_084,post,2,1000030735,COPY_IN,PIPE_MTE2,316613,317126,513,378550
case_084,post,2,11950,REDUCE,PIPE_V,316831,316915,84,378550
case_084,post,2,11951,DIV,PIPE_V,316915,317215,300,378550
case_084,post,2,1000030184,COPY_OUT,PIPE_MTE3,317119,317470,351,378550
case_084,post,2,1000030210,COPY_IN,PIPE_MTE2,317126,317480,354,378550
case_084,post,2,11952,MATMUL,PIPE_M,317215,317803,588,378550
case_084,post,2,11961,EXP,PIPE_V,317215,317515,300,378550
case_084,post,2,1000030739,COPY_IN,PIPE_MTE2,317480,318120,640,378550
case_084,post,2,11962,REDUCE,PIPE_V,317515,317599,84,378550
case_084,post,2,11963,DIV,PIPE_V,317599,317899,300,378550
case_084,post,2,1000030194,COPY_OUT,PIPE_MTE3,317803,318231,428,378550
case_084,post,2,11964,MATMUL,PIPE_M,317899,318487,588,378550
case_084,post,2,11973,EXP,PIPE_V,317899,318199,300,378550
case_084,post,2,1000030220,COPY_IN,PIPE_MTE2,318120,318483,363,378550
case_084,post,2,11974,REDUCE,PIPE_V,318199,318283,84,378550
case_084,post,2,11975,DIV,PIPE_V,318283,318583,300,378550
case_084,post,2,1000030743,COPY_IN,PIPE_MTE2,318483,319023,540,378550
case_084,post,2,1000030204,COPY_OUT,PIPE_MTE3,318487,318897,410,378550
case_084,post,2,11976,MATMUL,PIPE_M,318583,319171,588,378550
case_084,post,2,11985,EXP,PIPE_V,318583,318883,300,378550
case_084,post,2,11986,REDUCE,PIPE_V,318883,318967,84,378550
case_084,post,2,11987,DIV,PIPE_V,318967,319267,300,378550
case_084,post,2,1000030230,COPY_IN,PIPE_MTE2,319023,319337,314,378550
case_084,post,2,1000030214,COPY_OUT,PIPE_MTE3,319171,319538,367,378550
case_084,post,2,11988,MATMUL,PIPE_M,319267,319855,588,378550
case_084,post,2,11997,EXP,PIPE_V,319267,319567,300,378550
case_084,post,2,1000030747,COPY_IN,PIPE_MTE2,319337,319900,563,378550
case_084,post,2,11998,REDUCE,PIPE_V,319567,319651,84,378550
case_084,post,2,11999,DIV,PIPE_V,319651,319951,300,378550
case_084,post,2,1000030224,COPY_OUT,PIPE_MTE3,319855,320276,421,378550
case_084,post,2,1000030240,COPY_IN,PIPE_MTE2,319900,320310,410,378550
case_084,post,2,12000,MATMUL,PIPE_M,319951,320539,588,378550
case_084,post,2,12009,EXP,PIPE_V,319951,320251,300,378550
case_084,post,2,12010,REDUCE,PIPE_V,320251,320335,84,378550
case_084,post,2,1000030751,COPY_IN,PIPE_MTE2,320310,320922,612,378550
case_084,post,2,12011,DIV,PIPE_V,320335,320635,300,378550
case_084,post,2,1000030234,COPY_OUT,PIPE_MTE3,320539,320949,410,378550
case_084,post,2,12012,MATMUL,PIPE_M,320635,321223,588,378550
case_084,post,2,12021,EXP,PIPE_V,320922,321222,300,378550
case_084,post,2,1000030250,COPY_IN,PIPE_MTE2,320922,321233,311,378550
case_084,post,2,12022,REDUCE,PIPE_V,321222,321306,84,378550
case_084,post,2,1000030244,COPY_OUT,PIPE_MTE3,321223,321597,374,378550
case_084,post,2,1000030755,COPY_IN,PIPE_MTE2,321233,321758,525,378550
case_084,post,2,12023,DIV,PIPE_V,321306,321606,300,378550
case_084,post,2,12024,MATMUL,PIPE_M,321606,322194,588,378550
case_084,post,2,12033,EXP,PIPE_V,321758,322058,300,378550
case_084,post,2,1000030260,COPY_IN,PIPE_MTE2,321758,322033,275,378550
case_084,post,2,1000030759,COPY_IN,PIPE_MTE2,322033,322696,663,378550
case_084,post,2,12034,REDUCE,PIPE_V,322058,322142,84,378550
case_084,post,2,12035,DIV,PIPE_V,322142,322442,300,378550
case_084,post,2,1000030254,COPY_OUT,PIPE_MTE3,322194,322659,465,378550
case_084,post,2,12036,MATMUL,PIPE_M,322442,323030,588,378550
case_084,post,2,12045,EXP,PIPE_V,322696,322996,300,378550
case_084,post,2,1000030270,COPY_IN,PIPE_MTE2,322696,323057,361,378550
case_084,post,2,12046,REDUCE,PIPE_V,322996,323080,84,378550
case_084,post,2,1000030264,COPY_OUT,PIPE_MTE3,323030,323432,402,378550
case_084,post,2,1000030280,COPY_IN,PIPE_MTE2,323057,323459,402,378550
case_084,post,2,12047,DIV,PIPE_V,323080,323380,300,378550
case_084,post,2,12048,MATMUL,PIPE_M,323380,323968,588,378550
case_084,post,2,12057,EXP,PIPE_V,323380,323680,300,378550
case_084,post,2,1000030295,COPY_IN,PIPE_MTE2,323459,323863,404,378550
case_084,post,2,12058,REDUCE,PIPE_V,323680,323764,84,378550
case_084,post,2,12059,DIV,PIPE_V,323764,324064,300,378550
case_084,post,2,1000030290,COPY_IN,PIPE_MTE2,323863,324230,367,378550
case_084,post,2,1000030274,COPY_OUT,PIPE_MTE3,323968,324364,396,378550
case_084,post,2,12060,MATMUL,PIPE_M,324064,324652,588,378550
case_084,post,2,12069,EXP,PIPE_V,324064,324364,300,378550
case_084,post,2,1000029570,COPY_IN,PIPE_MTE2,324230,324642,412,378550
case_084,post,2,12070,REDUCE,PIPE_V,324364,324448,84,378550
case_084,post,2,12071,DIV,PIPE_V,324448,324748,300,378550
case_084,post,2,1000028665,COPY_IN,PIPE_MTE2,324642,325259,617,378550
case_084,post,2,1000030284,COPY_OUT,PIPE_MTE3,324652,325069,417,378550
case_084,post,2,11206,REDUCE,PIPE_V,324748,324832,84,378550
case_084,post,2,12072,MATMUL,PIPE_M,324748,325336,588,378550
case_084,post,2,11207,DIV,PIPE_V,324832,325132,300,378550
case_084,post,2,10365,EXP,PIPE_V,325259,325559,300,378550
case_084,post,2,1000028660,COPY_IN,PIPE_MTE2,325259,325633,374,378550
case_084,post,2,11208,MATMUL,PIPE_M,325336,325924,588,378550
case_084,post,2,1000030297,COPY_OUT,PIPE_MTE3,325336,325700,364,378550
case_084,post,2,10366,REDUCE,PIPE_V,325559,325643,84,378550
case_084,post,2,1000028678,COPY_IN,PIPE_MTE2,325633,326154,521,378550
case_084,post,2,10367,DIV,PIPE_V,325643,325943,300,378550
case_084,post,2,1000029574,COPY_OUT,PIPE_MTE3,325924,326276,352,378550
case_084,post,2,10368,MATMUL,PIPE_M,325943,326531,588,378550
case_084,post,2,10377,EXP,PIPE_V,326154,326454,300,378550
case_084,post,2,1000028673,COPY_IN,PIPE_MTE2,326154,326482,328,378550
case_084,post,2,10378,REDUCE,PIPE_V,326454,326538,84,378550
case_084,post,2,1000028691,COPY_IN,PIPE_MTE2,326482,327077,595,378550
case_084,post,2,1000028667,COPY_OUT,PIPE_MTE3,326531,326941,410,378550
case_084,post,2,10379,DIV,PIPE_V,326538,326838,300,378550
case_084,post,2,10380,MATMUL,PIPE_M,326838,327426,588,378550
case_084,post,2,10389,EXP,PIPE_V,327077,327377,300,378550
case_084,post,2,1000028686,COPY_IN,PIPE_MTE2,327077,327442,365,378550
case_084,post,2,10390,REDUCE,PIPE_V,327377,327461,84,378550
case_084,post,2,1000028680,COPY_OUT,PIPE_MTE3,327426,327856,430,378550
case_084,post,2,1000028704,COPY_IN,PIPE_MTE2,327442,328031,589,378550
case_084,post,2,10391,DIV,PIPE_V,327461,327761,300,378550
case_084,post,2,10392,MATMUL,PIPE_M,327761,328349,588,378550
case_084,post,2,10401,EXP,PIPE_V,328031,328331,300,378550
case_084,post,2,1000028699,COPY_IN,PIPE_MTE2,328031,328329,298,378550
case_084,post,2,1000028717,COPY_IN,PIPE_MTE2,328329,328826,497,378550
case_084,post,2,10402,REDUCE,PIPE_V,328331,328415,84,378550
case_084,post,2,1000028693,COPY_OUT,PIPE_MTE3,328349,328679,330,378550
case_084,post,2,10403,DIV,PIPE_V,328415,328715,300,378550
case_084,post,2,10404,MATMUL,PIPE_M,328715,329303,588,378550
case_084,post,2,10413,EXP,PIPE_V,328826,329126,300,378550
case_084,post,2,1000028712,COPY_IN,PIPE_MTE2,328826,329190,364,378550
case_084,post,2,10414,REDUCE,PIPE_V,329126,329210,84,378550
case_084,post,2,1000028730,COPY_IN,PIPE_MTE2,329190,329815,625,378550
case_084,post,2,10415,DIV,PIPE_V,329210,329510,300,378550
case_084,post,2,1000028706,COPY_OUT,PIPE_MTE3,329303,329728,425,378550
case_084,post,2,10416,MATMUL,PIPE_M,329510,330098,588,378550
case_084,post,2,10425,EXP,PIPE_V,329815,330115,300,378550
case_084,post,2,1000028725,COPY_IN,PIPE_MTE2,329815,330181,366,378550
case_084,post,2,1000028719,COPY_OUT,PIPE_MTE3,330098,330415,317,378550
case_084,post,2,10426,REDUCE,PIPE_V,330115,330199,84,378550
case_084,post,2,1000028743,COPY_IN,PIPE_MTE2,330181,330650,469,378550
case_084,post,2,10427,DIV,PIPE_V,330199,330499,300,378550
case_084,post,2,10428,MATMUL,PIPE_M,330499,331087,588,378550
case_084,post,2,10437,EXP,PIPE_V,330650,330950,300,378550
case_084,post,2,1000028738,COPY_IN,PIPE_MTE2,330650,330903,253,378550
case_084,post,2,1000028756,COPY_IN,PIPE_MTE2,330903,331324,421,378550
case_084,post,2,10438,REDUCE,PIPE_V,330950,331034,84,378550
case_084,post,2,10439,DIV,PIPE_V,331034,331334,300,378550
case_084,post,2,1000028732,COPY_OUT,PIPE_MTE3,331087,331430,343,378550
case_084,post,2,1000028751,COPY_IN,PIPE_MTE2,331324,331770,446,378550
case_084,post,2,10440,MATMUL,PIPE_M,331334,331922,588,378550
case_084,post,2,10449,EXP,PIPE_V,331334,331634,300,378550
case_084,post,2,10450,REDUCE,PIPE_V,331634,331718,84,378550
case_084,post,2,10451,DIV,PIPE_V,331718,332018,300,378550
case_084,post,2,1000028769,COPY_IN,PIPE_MTE2,331770,332327,557,378550
case_084,post,2,1000028745,COPY_OUT,PIPE_MTE3,331922,332348,426,378550
case_084,post,2,10452,MATMUL,PIPE_M,332018,332606,588,378550
case_084,post,2,10461,EXP,PIPE_V,332327,332627,300,378550
case_084,post,2,1000028764,COPY_IN,PIPE_MTE2,332327,332605,278,378550
case_084,post,2,1000028782,COPY_IN,PIPE_MTE2,332605,333106,501,378550
case_084,post,2,1000028758,COPY_OUT,PIPE_MTE3,332606,332976,370,378550
case_084,post,2,10462,REDUCE,PIPE_V,332627,332711,84,378550
case_084,post,2,10463,DIV,PIPE_V,332711,333011,300,378550
case_084,post,2,10464,MATMUL,PIPE_M,333011,333599,588,378550
case_084,post,2,10473,EXP,PIPE_V,333106,333406,300,378550
case_084,post,2,1000028777,COPY_IN,PIPE_MTE2,333106,333367,261,378550
case_084,post,2,1000028795,COPY_IN,PIPE_MTE2,333367,333871,504,378550
case_084,post,2,10474,REDUCE,PIPE_V,333406,333490,84,378550
case_084,post,2,10475,DIV,PIPE_V,333490,333790,300,378550
case_084,post,2,1000028771,COPY_OUT,PIPE_MTE3,333599,334010,411,378550
case_084,post,2,10476,MATMUL,PIPE_M,333790,334378,588,378550
case_084,post,2,10485,EXP,PIPE_V,333871,334171,300,378550
case_084,post,2,1000028790,COPY_IN,PIPE_MTE2,333871,334287,416,378550
case_084,post,2,10486,REDUCE,PIPE_V,334171,334255,84,378550
case_084,post,2,10487,DIV,PIPE_V,334255,334555,300,378550
case_084,post,2,1000028808,COPY_IN,PIPE_MTE2,334287,334839,552,378550
case_084,post,2,1000028784,COPY_OUT,PIPE_MTE3,334378,334780,402,378550
case_084,post,2,10488,MATMUL,PIPE_M,334555,335143,588,378550
case_084,post,2,10497,EXP,PIPE_V,334839,335139,300,378550
case_084,post,2,1000028803,COPY_IN,PIPE_MTE2,334839,335115,276,378550
case_084,post,2,1000028821,COPY_IN,PIPE_MTE2,335115,335559,444,378550
case_084,post,2,10498,REDUCE,PIPE_V,335139,335223,84,378550
case_084,post,2,1000028797,COPY_OUT,PIPE_MTE3,335143,335443,300,378550
case_084,post,2,10499,DIV,PIPE_V,335223,335523,300,378550
case_084,post,2,10500,MATMUL,PIPE_M,335523,336111,588,378550
case_084,post,2,10509,EXP,PIPE_V,335559,335859,300,378550
case_084,post,2,1000028816,COPY_IN,PIPE_MTE2,335559,335863,304,378550
case_084,post,2,10510,REDUCE,PIPE_V,335859,335943,84,378550
case_084,post,2,1000028834,COPY_IN,PIPE_MTE2,335863,336412,549,378550
case_084,post,2,10511,DIV,PIPE_V,335943,336243,300,378550
case_084,post,2,1000028810,COPY_OUT,PIPE_MTE3,336111,336562,451,378550
case_084,post,2,10512,MATMUL,PIPE_M,336243,336831,588,378550
case_084,post,2,10521,EXP,PIPE_V,336412,336712,300,378550
case_084,post,2,1000028829,COPY_IN,PIPE_MTE2,336412,336770,358,378550
case_084,post,2,10522,REDUCE,PIPE_V,336712,336796,84,378550
case_084,post,2,1000028847,COPY_IN,PIPE_MTE2,336770,337305,535,378550
case_084,post,2,10523,DIV,PIPE_V,336796,337096,300,378550
case_084,post,2,1000028823,COPY_OUT,PIPE_MTE3,336831,337224,393,378550
case_084,post,2,10524,MATMUL,PIPE_M,337096,337684,588,378550
case_084,post,2,10533,EXP,PIPE_V,337305,337605,300,378550
case_084,post,2,1000028842,COPY_IN,PIPE_MTE2,337305,337552,247,378550
case_084,post,2,1000028860,COPY_IN,PIPE_MTE2,337552,337980,428,378550
case_084,post,2,10534,REDUCE,PIPE_V,337605,337689,84,378550
case_084,post,2,1000028836,COPY_OUT,PIPE_MTE3,337684,337997,313,378550
case_084,post,2,10535,DIV,PIPE_V,337689,337989,300,378550
case_084,post,2,1000028855,COPY_IN,PIPE_MTE2,337980,338296,316,378550
case_084,post,2,10536,MATMUL,PIPE_M,337989,338577,588,378550
case_084,post,2,10545,EXP,PIPE_V,337989,338289,300,378550
case_084,post,2,10546,REDUCE,PIPE_V,338289,338373,84,378550
case_084,post,2,1000028873,COPY_IN,PIPE_MTE2,338296,338860,564,378550
case_084,post,2,10547,DIV,PIPE_V,338373,338673,300,378550
case_084,post,2,1000028849,COPY_OUT,PIPE_MTE3,338577,338979,402,378550
case_084,post,2,10548,MATMUL,PIPE_M,338673,339261,588,378550
case_084,post,2,10557,EXP,PIPE_V,338860,339160,300,378550
case_084,post,2,1000028868,COPY_IN,PIPE_MTE2,338860,339212,352,378550
case_084,post,2,10558,REDUCE,PIPE_V,339160,339244,84,378550
case_084,post,2,1000028886,COPY_IN,PIPE_MTE2,339212,339723,511,378550
case_084,post,2,10559,DIV,PIPE_V,339244,339544,300,378550
case_084,post,2,1000028862,COPY_OUT,PIPE_MTE3,339261,339623,362,378550
case_084,post,2,10560,MATMUL,PIPE_M,339544,340132,588,378550
case_084,post,2,10569,EXP,PIPE_V,339723,340023,300,378550
case_084,post,2,1000028881,COPY_IN,PIPE_MTE2,339723,339956,233,378550
case_084,post,2,1000028899,COPY_IN,PIPE_MTE2,339956,340369,413,378550
case_084,post,2,10570,REDUCE,PIPE_V,340023,340107,84,378550
case_084,post,2,10571,DIV,PIPE_V,340107,340407,300,378550
case_084,post,2,1000028875,COPY_OUT,PIPE_MTE3,340132,340509,377,378550
case_084,post,2,1000028894,COPY_IN,PIPE_MTE2,340369,340726,357,378550
case_084,post,2,10572,MATMUL,PIPE_M,340407,340995,588,378550
case_084,post,2,10581,EXP,PIPE_V,340407,340707,300,378550
case_084,post,2,10582,REDUCE,PIPE_V,340707,340791,84,378550
case_084,post,2,1000028912,COPY_IN,PIPE_MTE2,340726,341301,575,378550
case_084,post,2,10583,DIV,PIPE_V,340791,341091,300,378550
case_084,post,2,1000028888,COPY_OUT,PIPE_MTE3,340995,341399,404,378550
case_084,post,2,10584,MATMUL,PIPE_M,341091,341679,588,378550
case_084,post,2,10593,EXP,PIPE_V,341301,341601,300,378550
case_084,post,2,1000028907,COPY_IN,PIPE_MTE2,341301,341628,327,378550
case_084,post,2,10594,REDUCE,PIPE_V,341601,341685,84,378550
case_084,post,2,1000028925,COPY_IN,PIPE_MTE2,341628,342121,493,378550
case_084,post,2,1000028901,COPY_OUT,PIPE_MTE3,341679,342037,358,378550
case_084,post,2,10595,DIV,PIPE_V,341685,341985,300,378550
case_084,post,2,10596,MATMUL,PIPE_M,341985,342573,588,378550
case_084,post,2,10605,EXP,PIPE_V,342121,342421,300,378550
case_084,post,2,1000028920,COPY_IN,PIPE_MTE2,342121,342374,253,378550
case_084,post,2,1000028938,COPY_IN,PIPE_MTE2,342374,342770,396,378550
case_084,post,2,10606,REDUCE,PIPE_V,342421,342505,84,378550
case_084,post,2,10607,DIV,PIPE_V,342505,342805,300,378550
case_084,post,2,1000028914,COPY_OUT,PIPE_MTE3,342573,342901,328,378550
case_084,post,2,1000028933,COPY_IN,PIPE_MTE2,342770,343164,394,378550
case_084,post,2,10608,MATMUL,PIPE_M,342805,343393,588,378550
case_084,post,2,10617,EXP,PIPE_V,342805,343105,300,378550
case_084,post,2,10618,REDUCE,PIPE_V,343105,343189,84,378550
case_084,post,2,1000028951,COPY_IN,PIPE_MTE2,343164,343719,555,378550
case_084,post,2,10619,DIV,PIPE_V,343189,343489,300,378550
case_084,post,2,1000028927,COPY_OUT,PIPE_MTE3,343393,343792,399,378550
case_084,post,2,10620,MATMUL,PIPE_M,343489,344077,588,378550
case_084,post,2,10629,EXP,PIPE_V,343719,344019,300,378550
case_084,post,2,1000028946,COPY_IN,PIPE_MTE2,343719,344046,327,378550
case_084,post,2,10630,REDUCE,PIPE_V,344019,344103,84,378550
case_084,post,2,1000028964,COPY_IN,PIPE_MTE2,344046,344529,483,378550
case_084,post,2,1000028940,COPY_OUT,PIPE_MTE3,344077,344424,347,378550
case_084,post,2,10631,DIV,PIPE_V,344103,344403,300,378550
case_084,post,2,10632,MATMUL,PIPE_M,344403,344991,588,378550
case_084,post,2,10641,EXP,PIPE_V,344529,344829,300,378550
case_084,post,2,1000028959,COPY_IN,PIPE_MTE2,344529,344770,241,378550
case_084,post,2,1000028977,COPY_IN,PIPE_MTE2,344770,345144,374,378550
case_084,post,2,10642,REDUCE,PIPE_V,344829,344913,84,378550
case_084,post,2,10643,DIV,PIPE_V,344913,345213,300,378550
case_084,post,2,1000028953,COPY_OUT,PIPE_MTE3,344991,345339,348,378550
case_084,post,2,1000028972,COPY_IN,PIPE_MTE2,345144,345543,399,378550
case_084,post,2,10644,MATMUL,PIPE_M,345213,345801,588,378550
case_084,post,2,10653,EXP,PIPE_V,345213,345513,300,378550
case_084,post,2,10654,REDUCE,PIPE_V,345513,345597,84,378550
case_084,post,2,1000028990,COPY_IN,PIPE_MTE2,345543,346091,548,378550
case_084,post,2,10655,DIV,PIPE_V,345597,345897,300,378550
case_084,post,2,1000028966,COPY_OUT,PIPE_MTE3,345801,346196,395,378550
case_084,post,2,10656,MATMUL,PIPE_M,345897,346485,588,378550
case_084,post,2,10665,EXP,PIPE_V,346091,346391,300,378550
case_084,post,2,1000028985,COPY_IN,PIPE_MTE2,346091,346427,336,378550
case_084,post,2,10666,REDUCE,PIPE_V,346391,346475,84,378550
case_084,post,2,1000029003,COPY_IN,PIPE_MTE2,346427,346908,481,378550
case_084,post,2,10667,DIV,PIPE_V,346475,346775,300,378550
case_084,post,2,1000028979,COPY_OUT,PIPE_MTE3,346485,346835,350,378550
case_084,post,2,10668,MATMUL,PIPE_M,346775,347363,588,378550
case_084,post,2,10677,EXP,PIPE_V,346908,347208,300,378550
case_084,post,2,1000028998,COPY_IN,PIPE_MTE2,346908,347151,243,378550
case_084,post,2,1000029016,COPY_IN,PIPE_MTE2,347151,347527,376,378550
case_084,post,2,10678,REDUCE,PIPE_V,347208,347292,84,378550
case_084,post,2,10679,DIV,PIPE_V,347292,347592,300,378550
case_084,post,2,1000028992,COPY_OUT,PIPE_MTE3,347363,347731,368,378550
case_084,post,2,1000029011,COPY_IN,PIPE_MTE2,347527,347949,422,378550
case_084,post,2,10680,MATMUL,PIPE_M,347592,348180,588,378550
case_084,post,2,10689,EXP,PIPE_V,347592,347892,300,378550
case_084,post,2,10690,REDUCE,PIPE_V,347892,347976,84,378550
case_084,post,2,1000029029,COPY_IN,PIPE_MTE2,347949,348487,538,378550
case_084,post,2,10691,DIV,PIPE_V,347976,348276,300,378550
case_084,post,2,1000029005,COPY_OUT,PIPE_MTE3,348180,348574,394,378550
case_084,post,2,10692,MATMUL,PIPE_M,348276,348864,588,378550
case_084,post,2,10701,EXP,PIPE_V,348487,348787,300,378550
case_084,post,2,1000029024,COPY_IN,PIPE_MTE2,348487,348807,320,378550
case_084,post,2,10702,REDUCE,PIPE_V,348787,348871,84,378550
case_084,post,2,1000029042,COPY_IN,PIPE_MTE2,348807,349278,471,378550
case_084,post,2,1000029018,COPY_OUT,PIPE_MTE3,348864,349208,344,378550
case_084,post,2,10703,DIV,PIPE_V,348871,349171,300,378550
case_084,post,2,10704,MATMUL,PIPE_M,349171,349759,588,378550
case_084,post,2,10713,EXP,PIPE_V,349278,349578,300,378550
case_084,post,2,1000029037,COPY_IN,PIPE_MTE2,349278,349531,253,378550
case_084,post,2,1000029055,COPY_IN,PIPE_MTE2,349531,349852,321,378550
case_084,post,2,10714,REDUCE,PIPE_V,349578,349662,84,378550
case_084,post,2,10715,DIV,PIPE_V,349662,349962,300,378550
case_084,post,2,1000029031,COPY_OUT,PIPE_MTE3,349759,350073,314,378550
case_084,post,2,1000029050,COPY_IN,PIPE_MTE2,349852,350203,351,378550
case_084,post,2,10716,MATMUL,PIPE_M,349962,350550,588,378550
case_084,post,2,10725,EXP,PIPE_V,349962,350262,300,378550
case_084,post,2,1000029068,COPY_IN,PIPE_MTE2,350203,350622,419,378550
case_084,post,2,10726,REDUCE,PIPE_V,350262,350346,84,378550
case_084,post,2,10727,DIV,PIPE_V,350346,350646,300,378550
case_084,post,2,1000029044,COPY_OUT,PIPE_MTE3,350550,350896,346,378550
case_084,post,2,1000029063,COPY_IN,PIPE_MTE2,350622,350945,323,378550
case_084,post,2,10728,MATMUL,PIPE_M,350646,351234,588,378550
case_084,post,2,10737,EXP,PIPE_V,350646,350946,300,378550
case_084,post,2,1000029081,COPY_IN,PIPE_MTE2,350945,351238,293,378550
case_084,post,2,10738,REDUCE,PIPE_V,350946,351030,84,378550
case_084,post,2,10739,DIV,PIPE_V,351030,351330,300,378550
case_084,post,2,1000029057,COPY_OUT,PIPE_MTE3,351234,351459,225,378550
case_084,post,2,1000029076,COPY_IN,PIPE_MTE2,351238,351462,224,378550
case_084,post,2,10740,MATMUL,PIPE_M,351330,351918,588,378550
case_084,post,2,10749,EXP,PIPE_V,351330,351630,300,378550
case_084,post,2,1000029094,COPY_IN,PIPE_MTE2,351462,351736,274,378550
case_084,post,2,10750,REDUCE,PIPE_V,351630,351714,84,378550
case_084,post,2,10751,DIV,PIPE_V,351714,352014,300,378550
case_084,post,2,1000029089,COPY_IN,PIPE_MTE2,351736,351918,182,378550
case_084,post,2,1000029070,COPY_OUT,PIPE_MTE3,351918,352158,240,378550
case_084,post,2,1000029107,COPY_IN,PIPE_MTE2,351918,352284,366,378550
case_084,post,2,10752,MATMUL,PIPE_M,352014,352602,588,378550
case_084,post,2,10761,EXP,PIPE_V,352014,352314,300,378550
case_084,post,2,1000029102,COPY_IN,PIPE_MTE2,352284,352584,300,378550
case_084,post,2,10762,REDUCE,PIPE_V,352314,352398,84,378550
case_084,post,2,10763,DIV,PIPE_V,352398,352698,300,378550
case_084,post,2,1000029120,COPY_IN,PIPE_MTE2,352584,352999,415,378550
case_084,post,2,1000029083,COPY_OUT,PIPE_MTE3,352602,352891,289,378550
case_084,post,2,10764,MATMUL,PIPE_M,352698,353286,588,378550
case_084,post,2,10773,EXP,PIPE_V,352698,352998,300,378550
case_084,post,2,10774,REDUCE,PIPE_V,352998,353082,84,378550
case_084,post,2,1000029115,COPY_IN,PIPE_MTE2,352999,353239,240,378550
case_084,post,2,10775,DIV,PIPE_V,353082,353382,300,378550
case_084,post,2,1000029133,COPY_IN,PIPE_MTE2,353239,353530,291,378550
case_084,post,2,1000029096,COPY_OUT,PIPE_MTE3,353286,353494,208,378550
case_084,post,2,10776,MATMUL,PIPE_M,353382,353970,588,378550
case_084,post,2,10785,EXP,PIPE_V,353382,353682,300,378550
case_084,post,2,1000029128,COPY_IN,PIPE_MTE2,353530,353770,240,378550
case_084,post,2,10786,REDUCE,PIPE_V,353682,353766,84,378550
case_084,post,2,10787,DIV,PIPE_V,353766,354066,300,378550
case_084,post,2,1000029146,COPY_IN,PIPE_MTE2,353770,354027,257,378550
case_084,post,2,1000029109,COPY_OUT,PIPE_MTE3,353970,354181,211,378550
case_084,post,2,1000029141,COPY_IN,PIPE_MTE2,354027,354252,225,378550
case_084,post,2,10788,MATMUL,PIPE_M,354066,354654,588,378550
case_084,post,2,10797,EXP,PIPE_V,354066,354366,300,378550
case_084,post,2,1000029159,COPY_IN,PIPE_MTE2,354252,354571,319,378550
case_084,post,2,10798,REDUCE,PIPE_V,354366,354450,84,378550
case_084,post,2,10799,DIV,PIPE_V,354450,354750,300,378550
case_084,post,2,1000029154,COPY_IN,PIPE_MTE2,354571,354880,309,378550
case_084,post,2,1000029122,COPY_OUT,PIPE_MTE3,354654,354996,342,378550
case_084,post,2,10800,MATMUL,PIPE_M,354750,355338,588,378550
case_084,post,2,10809,EXP,PIPE_V,354750,355050,300,378550
case_084,post,2,1000029172,COPY_IN,PIPE_MTE2,354880,355288,408,378550
case_084,post,2,10810,REDUCE,PIPE_V,355050,355134,84,378550
case_084,post,2,10811,DIV,PIPE_V,355134,355434,300,378550
case_084,post,2,1000029167,COPY_IN,PIPE_MTE2,355288,355543,255,378550
case_084,post,2,1000029135,COPY_OUT,PIPE_MTE3,355338,355616,278,378550
case_084,post,2,10812,MATMUL,PIPE_M,355434,356022,588,378550
case_084,post,2,10821,EXP,PIPE_V,355434,355734,300,378550
case_084,post,2,1000029185,COPY_IN,PIPE_MTE2,355543,355852,309,378550
case_084,post,2,10822,REDUCE,PIPE_V,355734,355818,84,378550
case_084,post,2,10823,DIV,PIPE_V,355818,356118,300,378550
case_084,post,2,1000029180,COPY_IN,PIPE_MTE2,355852,356036,184,378550
case_084,post,2,1000029148,COPY_OUT,PIPE_MTE3,356022,356266,244,378550
case_084,post,2,1000029198,COPY_IN,PIPE_MTE2,356036,356377,341,378550
case_084,post,2,10824,MATMUL,PIPE_M,356118,356706,588,378550
case_084,post,2,10833,EXP,PIPE_V,356118,356418,300,378550
case_084,post,2,1000029193,COPY_IN,PIPE_MTE2,356377,356561,184,378550
case_084,post,2,10834,REDUCE,PIPE_V,356418,356502,84,378550
case_084,post,2,10835,DIV,PIPE_V,356502,356802,300,378550
case_084,post,2,1000029211,COPY_IN,PIPE_MTE2,356561,356880,319,378550
case_084,post,2,1000029161,COPY_OUT,PIPE_MTE3,356706,356953,247,378550
case_084,post,2,10836,MATMUL,PIPE_M,356802,357390,588,378550
case_084,post,2,10845,EXP,PIPE_V,356802,357102,300,378550
case_084,post,2,1000029206,COPY_IN,PIPE_MTE2,356880,357209,329,378550
case_084,post,2,10846,REDUCE,PIPE_V,357102,357186,84,378550
case_084,post,2,10847,DIV,PIPE_V,357186,357486,300,378550
case_084,post,2,1000029224,COPY_IN,PIPE_MTE2,357209,357575,366,378550
case_084,post,2,1000029174,COPY_OUT,PIPE_MTE3,357390,357619,229,378550
case_084,post,2,10848,MATMUL,PIPE_M,357486,358074,588,378550
case_084,post,2,10857,EXP,PIPE_V,357486,357786,300,378550
case_084,post,2,1000029219,COPY_IN,PIPE_MTE2,357575,357809,234,378550
case_084,post,2,10858,REDUCE,PIPE_V,357786,357870,84,378550
case_084,post,2,1000029237,COPY_IN,PIPE_MTE2,357809,358076,267,378550
case_084,post,2,10859,DIV,PIPE_V,357870,358170,300,378550
case_084,post,2,1000029187,COPY_OUT,PIPE_MTE3,358074,358282,208,378550
case_084,post,2,1000029232,COPY_IN,PIPE_MTE2,358076,358284,208,378550
case_084,post,2,10860,MATMUL,PIPE_M,358170,358758,588,378550
case_084,post,2,10869,EXP,PIPE_V,358170,358470,300,378550
case_084,post,2,1000029250,COPY_IN,PIPE_MTE2,358284,358619,335,378550
case_084,post,2,10870,REDUCE,PIPE_V,358470,358554,84,378550
case_084,post,2,10871,DIV,PIPE_V,358554,358854,300,378550
case_084,post,2,1000029245,COPY_IN,PIPE_MTE2,358619,358781,162,378550
case_084,post,2,1000029200,COPY_OUT,PIPE_MTE3,358758,358993,235,378550
case_084,post,2,1000029263,COPY_IN,PIPE_MTE2,358781,359145,364,378550
case_084,post,2,10872,MATMUL,PIPE_M,358854,359442,588,378550
case_084,post,2,10881,EXP,PIPE_V,358854,359154,300,378550
case_084,post,2,1000029258,COPY_IN,PIPE_MTE2,359145,359359,214,378550
case_084,post,2,10882,REDUCE,PIPE_V,359154,359238,84,378550
case_084,post,2,10883,DIV,PIPE_V,359238,359538,300,378550
case_084,post,2,1000029276,COPY_IN,PIPE_MTE2,359359,359711,352,378550
case_084,post,2,1000029213,COPY_OUT,PIPE_MTE3,359442,359706,264,378550
case_084,post,2,10884,MATMUL,PIPE_M,359538,360126,588,378550
case_084,post,2,10893,EXP,PIPE_V,359538,359838,300,378550
case_084,post,2,1000029271,COPY_IN,PIPE_MTE2,359711,359913,202,378550
case_084,post,2,10894,REDUCE,PIPE_V,359838,359922,84,378550
case_084,post,2,1000029289,COPY_IN,PIPE_MTE2,359913,360188,275,378550
case_084,post,2,10895,DIV,PIPE_V,359922,360222,300,378550
case_084,post,2,1000029226,COPY_OUT,PIPE_MTE3,360126,360406,280,378550
case_084,post,2,1000029284,COPY_IN,PIPE_MTE2,360188,360468,280,378550
case_084,post,2,10896,MATMUL,PIPE_M,360222,360810,588,378550
case_084,post,2,10905,EXP,PIPE_V,360222,360522,300,378550
case_084,post,2,1000029302,COPY_IN,PIPE_MTE2,360468,360806,338,378550
case_084,post,2,10906,REDUCE,PIPE_V,360522,360606,84,378550
case_084,post,2,10907,DIV,PIPE_V,360606,360906,300,378550
case_084,post,2,1000029297,COPY_IN,PIPE_MTE2,360806,361023,217,378550
case_084,post,2,1000029239,COPY_OUT,PIPE_MTE3,360810,361028,218,378550
case_084,post,2,10908,MATMUL,PIPE_M,360906,361494,588,378550
case_084,post,2,10917,EXP,PIPE_V,360906,361206,300,378550
case_084,post,2,1000029315,COPY_IN,PIPE_MTE2,361023,361334,311,378550
case_084,post,2,10918,REDUCE,PIPE_V,361206,361290,84,378550
case_084,post,2,10919,DIV,PIPE_V,361290,361590,300,378550
case_084,post,2,1000029310,COPY_IN,PIPE_MTE2,361334,361523,189,378550
case_084,post,2,1000029252,COPY_OUT,PIPE_MTE3,361494,361756,262,378550
case_084,post,2,1000029328,COPY_IN,PIPE_MTE2,361523,361910,387,378550
case_084,post,2,10920,MATMUL,PIPE_M,361590,362178,588,378550
case_084,post,2,10929,EXP,PIPE_V,361590,361890,300,378550
case_084,post,2,10930,REDUCE,PIPE_V,361890,361974,84,378550
case_084,post,2,1000029323,COPY_IN,PIPE_MTE2,361910,362110,200,378550
case_084,post,2,10931,DIV,PIPE_V,361974,362274,300,378550
case_084,post,2,1000029341,COPY_IN,PIPE_MTE2,362110,362394,284,378550
case_084,post,2,1000029265,COPY_OUT,PIPE_MTE3,362178,362386,208,378550
case_084,post,2,10932,MATMUL,PIPE_M,362274,362862,588,378550
case_084,post,2,10941,EXP,PIPE_V,362274,362574,300,378550
case_084,post,2,1000029336,COPY_IN,PIPE_MTE2,362394,362652,258,378550
case_084,post,2,10942,REDUCE,PIPE_V,362574,362658,84,378550
case_084,post,2,1000029354,COPY_IN,PIPE_MTE2,362652,362891,239,378550
case_084,post,2,10943,DIV,PIPE_V,362658,362958,300,378550
case_084,post,2,1000029278,COPY_OUT,PIPE_MTE3,362862,363094,232,378550
case_084,post,2,1000029349,COPY_IN,PIPE_MTE2,362891,363130,239,378550
case_084,post,2,10944,MATMUL,PIPE_M,362958,363546,588,378550
case_084,post,2,10953,EXP,PIPE_V,362958,363258,300,378550
case_084,post,2,1000029367,COPY_IN,PIPE_MTE2,363130,363427,297,378550
case_084,post,2,10954,REDUCE,PIPE_V,363258,363342,84,378550
case_084,post,2,10955,DIV,PIPE_V,363342,363642,300,378550
case_084,post,2,1000029362,COPY_IN,PIPE_MTE2,363427,363600,173,378550
case_084,post,2,1000029291,COPY_OUT,PIPE_MTE3,363546,363806,260,378550
case_084,post,2,1000029380,COPY_IN,PIPE_MTE2,363600,363993,393,378550
case_084,post,2,10956,MATMUL,PIPE_M,363642,364230,588,378550
case_084,post,2,10965,EXP,PIPE_V,363642,363942,300,378550
case_084,post,2,10966,REDUCE,PIPE_V,363942,364026,84,378550
case_084,post,2,1000029375,COPY_IN,PIPE_MTE2,363993,364182,189,378550
case_084,post,2,10967,DIV,PIPE_V,364026,364326,300,378550
case_084,post,2,1000029393,COPY_IN,PIPE_MTE2,364182,364534,352,378550
case_084,post,2,1000029304,COPY_OUT,PIPE_MTE3,364230,364482,252,378550
case_084,post,2,10968,MATMUL,PIPE_M,364326,364914,588,378550
case_084,post,2,10977,EXP,PIPE_V,364326,364626,300,378550
case_084,post,2,1000029388,COPY_IN,PIPE_MTE2,364534,364721,187,378550
case_084,post,2,10978,REDUCE,PIPE_V,364626,364710,84,378550
case_084,post,2,10979,DIV,PIPE_V,364710,365010,300,378550
case_084,post,2,1000029406,COPY_IN,PIPE_MTE2,364721,365030,309,378550
case_084,post,2,1000029317,COPY_OUT,PIPE_MTE3,364914,365135,221,378550
case_084,post,2,10980,MATMUL,PIPE_M,365010,365598,588,378550
case_084,post,2,10989,EXP,PIPE_V,365010,365310,300,378550
case_084,post,2,1000029401,COPY_IN,PIPE_MTE2,365030,365240,210,378550
case_084,post,2,1000029419,COPY_IN,PIPE_MTE2,365240,365547,307,378550
case_084,post,2,10990,REDUCE,PIPE_V,365310,365394,84,378550
case_084,post,2,10991,DIV,PIPE_V,365394,365694,300,378550
case_084,post,2,1000029414,COPY_IN,PIPE_MTE2,365547,365739,192,378550
case_084,post,2,1000029330,COPY_OUT,PIPE_MTE3,365598,365806,208,378550
case_084,post,2,10992,MATMUL,PIPE_M,365694,366282,588,378550
case_084,post,2,11001,EXP,PIPE_V,365694,365994,300,378550
case_084,post,2,1000029432,COPY_IN,PIPE_MTE2,365739,366068,329,378550
case_084,post,2,11002,REDUCE,PIPE_V,365994,366078,84,378550
case_084,post,2,1000029427,COPY_IN,PIPE_MTE2,366068,366271,203,378550
case_084,post,2,11003,DIV,PIPE_V,366078,366378,300,378550
case_084,post,2,1000029445,COPY_IN,PIPE_MTE2,366271,366632,361,378550
case_084,post,2,1000029343,COPY_OUT,PIPE_MTE3,366282,366521,239,378550
case_084,post,2,11004,MATMUL,PIPE_M,366378,366966,588,378550
case_084,post,2,11013,EXP,PIPE_V,366378,366678,300,378550
case_084,post,2,1000029440,COPY_IN,PIPE_MTE2,366632,366842,210,378550
case_084,post,2,11014,REDUCE,PIPE_V,366678,366762,84,378550
case_084,post,2,11015,DIV,PIPE_V,366762,367062,300,378550
case_084,post,2,1000029458,COPY_IN,PIPE_MTE2,366842,367110,268,378550
case_084,post,2,1000029356,COPY_OUT,PIPE_MTE3,366966,367194,228,378550
case_084,post,2,11016,MATMUL,PIPE_M,367062,367650,588,378550
case_084,post,2,11025,EXP,PIPE_V,367062,367362,300,378550
case_084,post,2,1000029453,COPY_IN,PIPE_MTE2,367110,367371,261,378550
case_084,post,2,11026,REDUCE,PIPE_V,367362,367446,84,378550
case_084,post,2,1000029471,COPY_IN,PIPE_MTE2,367371,367616,245,378550
case_084,post,2,11027,DIV,PIPE_V,367446,367746,300,378550
case_084,post,2,1000029466,COPY_IN,PIPE_MTE2,367616,367843,227,378550
case_084,post,2,1000029369,COPY_OUT,PIPE_MTE3,367650,367907,257,378550
case_084,post,2,11028,MATMUL,PIPE_M,367746,368334,588,378550
case_084,post,2,11037,EXP,PIPE_V,367746,368046,300,378550
case_084,post,2,1000029484,COPY_IN,PIPE_MTE2,367843,368159,316,378550
case_084,post,2,11038,REDUCE,PIPE_V,368046,368130,84,378550
case_084,post,2,11039,DIV,PIPE_V,368130,368430,300,378550
case_084,post,2,1000029479,COPY_IN,PIPE_MTE2,368159,368326,167,378550
case_084,post,2,1000029497,COPY_IN,PIPE_MTE2,368326,368724,398,378550
case_084,post,2,1000029382,COPY_OUT,PIPE_MTE3,368334,368609,275,378550
case_084,post,2,11040,MATMUL,PIPE_M,368430,369018,588,378550
case_084,post,2,11049,EXP,PIPE_V,368430,368730,300,378550
case_084,post,2,1000029492,COPY_IN,PIPE_MTE2,368724,368922,198,378550
case_084,post,2,11050,REDUCE,PIPE_V,368730,368814,84,378550
case_084,post,2,11051,DIV,PIPE_V,368814,369114,300,378550
case_084,post,2,1000029510,COPY_IN,PIPE_MTE2,368922,369201,279,378550
case_084,post,2,1000029395,COPY_OUT,PIPE_MTE3,369018,369199,181,378550
case_084,post,2,11052,MATMUL,PIPE_M,369114,369702,588,378550
case_084,post,2,11061,EXP,PIPE_V,369114,369414,300,378550
case_084,post,2,1000029505,COPY_IN,PIPE_MTE2,369201,369343,142,378550
case_084,post,2,1000029523,COPY_IN,PIPE_MTE2,369343,369539,196,378550
case_084,post,2,11062,REDUCE,PIPE_V,369414,369498,84,378550
case_084,post,2,11063,DIV,PIPE_V,369498,369798,300,378550
case_084,post,2,1000029518,COPY_IN,PIPE_MTE2,369539,369667,128,378550
case_084,post,2,1000029536,COPY_IN,PIPE_MTE2,369667,369873,206,378550
case_084,post,2,1000029408,COPY_OUT,PIPE_MTE3,369702,369858,156,378550
case_084,post,2,11064,MATMUL,PIPE_M,369798,370386,588,378550
case_084,post,2,11073,EXP,PIPE_V,369798,370098,300,378550
case_084,post,2,1000029531,COPY_IN,PIPE_MTE2,369873,370009,136,378550
case_084,post,2,11074,REDUCE,PIPE_V,370098,370182,84,378550
case_084,post,2,1000029549,COPY_IN,PIPE_MTE2,370098,370266,168,378550
case_084,post,2,11075,DIV,PIPE_V,370182,370482,300,378550
case_084,post,2,1000029544,COPY_IN,PIPE_MTE2,370266,370318,52,378550
case_084,post,2,1000029421,COPY_OUT,PIPE_MTE3,370386,370438,52,378550
case_084,post,2,11076,MATMUL,PIPE_M,370482,371070,588,378550
case_084,post,2,11085,EXP,PIPE_V,370482,370782,300,378550
case_084,post,2,11086,REDUCE,PIPE_V,370782,370866,84,378550
case_084,post,2,1000029562,COPY_IN,PIPE_MTE2,370782,370888,106,378550
case_084,post,2,11087,DIV,PIPE_V,370866,371166,300,378550
case_084,post,2,1000029557,COPY_IN,PIPE_MTE2,370888,370963,75,378550
case_084,post,2,1000029434,COPY_OUT,PIPE_MTE3,371070,371122,52,378550
case_084,post,2,11088,MATMUL,PIPE_M,371166,371754,588,378550
case_084,post,2,11097,EXP,PIPE_V,371166,371466,300,378550
case_084,post,2,11098,REDUCE,PIPE_V,371466,371550,84,378550
case_084,post,2,1000028652,COPY_IN,PIPE_MTE2,371466,371543,77,378550
case_084,post,2,1000028647,COPY_IN,PIPE_MTE2,371543,371595,52,378550
case_084,post,2,11099,DIV,PIPE_V,371550,371850,300,378550
case_084,post,2,1000029447,COPY_OUT,PIPE_MTE3,371754,371806,52,378550
case_084,post,2,11100,MATMUL,PIPE_M,371850,372438,588,378550
case_084,post,2,11109,EXP,PIPE_V,371850,372150,300,378550
case_084,post,2,11110,REDUCE,PIPE_V,372150,372234,84,378550
case_084,post,2,11111,DIV,PIPE_V,372234,372534,300,378550
case_084,post,2,1000029460,COPY_OUT,PIPE_MTE3,372438,372500,62,378550
case_084,post,2,11112,MATMUL,PIPE_M,372534,373122,588,378550
case_084,post,2,11121,EXP,PIPE_V,372534,372834,300,378550
case_084,post,2,11122,REDUCE,PIPE_V,372834,372918,84,378550
case_084,post,2,11123,DIV,PIPE_V,372918,373218,300,378550
case_084,post,2,1000029473,COPY_OUT,PIPE_MTE3,373122,373190,68,378550
case_084,post,2,11124,MATMUL,PIPE_M,373218,373806,588,378550
case_084,post,2,11133,EXP,PIPE_V,373218,373518,300,378550
case_084,post,2,11134,REDUCE,PIPE_V,373518,373602,84,378550
case_084,post,2,11135,DIV,PIPE_V,373602,373902,300,378550
case_084,post,2,1000029486,COPY_OUT,PIPE_MTE3,373806,373858,52,378550
case_084,post,2,11136,MATMUL,PIPE_M,373902,374490,588,378550
case_084,post,2,11145,EXP,PIPE_V,373902,374202,300,378550
case_084,post,2,11146,REDUCE,PIPE_V,374202,374286,84,378550
case_084,post,2,11147,DIV,PIPE_V,374286,374586,300,378550
case_084,post,2,1000029499,COPY_OUT,PIPE_MTE3,374490,374542,52,378550
case_084,post,2,11148,MATMUL,PIPE_M,374586,375174,588,378550
case_084,post,2,11157,EXP,PIPE_V,374586,374886,300,378550
case_084,post,2,11158,REDUCE,PIPE_V,374886,374970,84,378550
case_084,post,2,11159,DIV,PIPE_V,374970,375270,300,378550
case_084,post,2,1000029512,COPY_OUT,PIPE_MTE3,375174,375226,52,378550
case_084,post,2,11160,MATMUL,PIPE_M,375270,375858,588,378550
case_084,post,2,11169,EXP,PIPE_V,375270,375570,300,378550
case_084,post,2,11170,REDUCE,PIPE_V,375570,375654,84,378550
case_084,post,2,11171,DIV,PIPE_V,375654,375954,300,378550
case_084,post,2,1000029525,COPY_OUT,PIPE_MTE3,375858,375910,52,378550
case_084,post,2,11172,MATMUL,PIPE_M,375954,376542,588,378550
case_084,post,2,11181,EXP,PIPE_V,375954,376254,300,378550
case_084,post,2,11182,REDUCE,PIPE_V,376254,376338,84,378550
case_084,post,2,11183,DIV,PIPE_V,376338,376638,300,378550
case_084,post,2,1000029538,COPY_OUT,PIPE_MTE3,376542,376594,52,378550
case_084,post,2,11184,MATMUL,PIPE_M,376638,377226,588,378550
case_084,post,2,11193,EXP,PIPE_V,376638,376938,300,378550
case_084,post,2,11194,REDUCE,PIPE_V,376938,377022,84,378550
case_084,post,2,11195,DIV,PIPE_V,377022,377322,300,378550
case_084,post,2,1000029551,COPY_OUT,PIPE_MTE3,377226,377278,52,378550
case_084,post,2,10354,REDUCE,PIPE_V,377322,377406,84,378550
case_084,post,2,11196,MATMUL,PIPE_M,377322,377910,588,378550
case_084,post,2,10355,DIV,PIPE_V,377406,377706,300,378550
case_084,post,2,10356,MATMUL,PIPE_M,377910,378498,588,378550
case_084,post,2,1000029564,COPY_OUT,PIPE_MTE3,377910,377962,52,378550
case_084,post,2,1000028654,COPY_OUT,PIPE_MTE3,378498,378550,52,378550
case_084,post,3,1000018310,COPY_IN,PIPE_MTE2,0,260,260,378550
case_084,post,3,1000018312,COPY_IN,PIPE_MTE2,260,520,260,378550
case_084,post,3,4,MATMUL,PIPE_M,520,1108,588,378550
case_084,post,3,1000018316,COPY_IN,PIPE_MTE2,520,525,5,378550
case_084,post,3,1000018323,COPY_IN,PIPE_MTE2,525,785,260,378550
case_084,post,3,1000018325,COPY_IN,PIPE_MTE2,785,1045,260,378550
case_084,post,3,1000018329,COPY_IN,PIPE_MTE2,1045,1050,5,378550
case_084,post,3,1000018336,COPY_IN,PIPE_MTE2,1050,1310,260,378550
case_084,post,3,6,DIV,PIPE_V,1108,1408,300,378550
case_084,post,3,16,MATMUL,PIPE_M,1108,1696,588,378550
case_084,post,3,1000018338,COPY_IN,PIPE_MTE2,1310,1570,260,378550
case_084,post,3,7,REDUCE,PIPE_V,1408,1492,84,378550
case_084,post,3,8,SUB,PIPE_V,1492,1576,84,378550
case_084,post,3,1000018342,COPY_IN,PIPE_MTE2,1570,1575,5,378550
case_084,post,3,1000018349,COPY_IN,PIPE_MTE2,1575,1991,416,378550
case_084,post,3,1000018318,COPY_OUT,PIPE_MTE3,1576,2192,616,378550
case_084,post,3,18,DIV,PIPE_V,1696,1996,300,378550
case_084,post,3,28,MATMUL,PIPE_M,1696,2284,588,378550
case_084,post,3,1000018351,COPY_IN,PIPE_MTE2,1991,2407,416,378550
case_084,post,3,19,REDUCE,PIPE_V,1996,2080,84,378550
case_084,post,3,20,SUB,PIPE_V,2080,2164,84,378550
case_084,post,3,1000018331,COPY_OUT,PIPE_MTE3,2192,2808,616,378550
case_084,post,3,30,DIV,PIPE_V,2284,2584,300,378550
case_084,post,3,40,MATMUL,PIPE_M,2407,2995,588,378550
case_084,post,3,1000018355,COPY_IN,PIPE_MTE2,2407,2415,8,378550
case_084,post,3,1000018362,COPY_IN,PIPE_MTE2,2415,2831,416,378550
case_084,post,3,31,REDUCE,PIPE_V,2584,2668,84,378550
case_084,post,3,32,SUB,PIPE_V,2668,2752,84,378550
case_084,post,3,1000018344,COPY_OUT,PIPE_MTE3,2808,3476,668,378550
case_084,post,3,1000018364,COPY_IN,PIPE_MTE2,2831,3297,466,378550
case_084,post,3,42,DIV,PIPE_V,2995,3295,300,378550
case_084,post,3,43,REDUCE,PIPE_V,3295,3379,84,378550
case_084,post,3,52,MATMUL,PIPE_M,3297,3885,588,378550
case_084,post,3,1000018368,COPY_IN,PIPE_MTE2,3297,3306,9,378550
case_084,post,3,1000018375,COPY_IN,PIPE_MTE2,3306,3723,417,378550
case_084,post,3,44,SUB,PIPE_V,3379,3463,84,378550
case_084,post,3,1000018357,COPY_OUT,PIPE_MTE3,3476,4092,616,378550
case_084,post,3,1000018377,COPY_IN,PIPE_MTE2,3723,4121,398,378550
case_084,post,3,54,DIV,PIPE_V,3885,4185,300,378550
case_084,post,3,64,MATMUL,PIPE_M,4121,4709,588,378550
case_084,post,3,1000018381,COPY_IN,PIPE_MTE2,4121,4126,5,378550
case_084,post,3,1000018388,COPY_IN,PIPE_MTE2,4126,4406,280,378550
case_084,post,3,55,REDUCE,PIPE_V,4185,4269,84,378550
case_084,post,3,56,SUB,PIPE_V,4269,4353,84,378550
case_084,post,3,1000018370,COPY_OUT,PIPE_MTE3,4353,4969,616,378550
case_084,post,3,1000018390,COPY_IN,PIPE_MTE2,4406,4822,416,378550
case_084,post,3,66,DIV,PIPE_V,4709,5009,300,378550
case_084,post,3,76,MATMUL,PIPE_M,4822,5410,588,378550
case_084,post,3,1000018394,COPY_IN,PIPE_MTE2,4822,4830,8,378550
case_084,post,3,1000018401,COPY_IN,PIPE_MTE2,4830,5142,312,378550
case_084,post,3,67,REDUCE,PIPE_V,5009,5093,84,378550
case_084,post,3,68,SUB,PIPE_V,5093,5177,84,378550
case_084,post,3,1000018403,COPY_IN,PIPE_MTE2,5142,5583,441,378550
case_084,post,3,1000018383,COPY_OUT,PIPE_MTE3,5177,5845,668,378550
case_084,post,3,78,DIV,PIPE_V,5410,5710,300,378550
case_084,post,3,88,MATMUL,PIPE_M,5583,6171,588,378550
case_084,post,3,1000018407,COPY_IN,PIPE_MTE2,5583,5592,9,378550
case_084,post,3,1000018414,COPY_IN,PIPE_MTE2,5592,5994,402,378550
case_084,post,3,79,REDUCE,PIPE_V,5710,5794,84,378550
case_084,post,3,80,SUB,PIPE_V,5794,5878,84,378550
case_084,post,3,1000018396,COPY_OUT,PIPE_MTE3,5878,6494,616,378550
case_084,post,3,1000018416,COPY_IN,PIPE_MTE2,5994,6410,416,378550
case_084,post,3,90,DIV,PIPE_V,6171,6471,300,378550
case_084,post,3,100,MATMUL,PIPE_M,6410,6998,588,378550
case_084,post,3,1000018420,COPY_IN,PIPE_MTE2,6410,6418,8,378550
case_084,post,3,1000018427,COPY_IN,PIPE_MTE2,6418,6747,329,378550
case_084,post,3,91,REDUCE,PIPE_V,6471,6555,84,378550
case_084,post,3,92,SUB,PIPE_V,6555,6639,84,378550
case_084,post,3,1000018409,COPY_OUT,PIPE_MTE3,6639,7255,616,378550
case_084,post,3,1000018429,COPY_IN,PIPE_MTE2,6747,7163,416,378550
case_084,post,3,102,DIV,PIPE_V,6998,7298,300,378550
case_084,post,3,112,MATMUL,PIPE_M,7163,7751,588,378550
case_084,post,3,1000018433,COPY_IN,PIPE_MTE2,7163,7171,8,378550
case_084,post,3,1000018440,COPY_IN,PIPE_MTE2,7171,7462,291,378550
case_084,post,3,103,REDUCE,PIPE_V,7298,7382,84,378550
case_084,post,3,104,SUB,PIPE_V,7382,7466,84,378550
case_084,post,3,1000018442,COPY_IN,PIPE_MTE2,7462,7922,460,378550
case_084,post,3,1000018422,COPY_OUT,PIPE_MTE3,7466,8134,668,378550
case_084,post,3,114,DIV,PIPE_V,7751,8051,300,378550
case_084,post,3,124,MATMUL,PIPE_M,7922,8510,588,378550
case_084,post,3,1000018446,COPY_IN,PIPE_MTE2,7922,7931,9,378550
case_084,post,3,1000018453,COPY_IN,PIPE_MTE2,7931,8301,370,378550
case_084,post,3,115,REDUCE,PIPE_V,8051,8135,84,378550
case_084,post,3,116,SUB,PIPE_V,8135,8219,84,378550
case_084,post,3,1000018435,COPY_OUT,PIPE_MTE3,8219,8835,616,378550
case_084,post,3,1000018455,COPY_IN,PIPE_MTE2,8301,8717,416,378550
case_084,post,3,126,DIV,PIPE_V,8510,8810,300,378550
case_084,post,3,136,MATMUL,PIPE_M,8717,9305,588,378550
case_084,post,3,1000018459,COPY_IN,PIPE_MTE2,8717,8725,8,378550
case_084,post,3,1000018466,COPY_IN,PIPE_MTE2,8725,9055,330,378550
case_084,post,3,127,REDUCE,PIPE_V,8810,8894,84,378550
case_084,post,3,128,SUB,PIPE_V,8894,8978,84,378550
case_084,post,3,1000018448,COPY_OUT,PIPE_MTE3,8978,9594,616,378550
case_084,post,3,1000018468,COPY_IN,PIPE_MTE2,9055,9471,416,378550
case_084,post,3,138,DIV,PIPE_V,9305,9605,300,378550
case_084,post,3,148,MATMUL,PIPE_M,9471,10059,588,378550
case_084,post,3,1000018472,COPY_IN,PIPE_MTE2,9471,9479,8,378550
case_084,post,3,1000018479,COPY_IN,PIPE_MTE2,9479,9787,308,378550
case_084,post,3,139,REDUCE,PIPE_V,9605,9689,84,378550
case_084,post,3,140,SUB,PIPE_V,9689,9773,84,378550
case_084,post,3,1000018461,COPY_OUT,PIPE_MTE3,9773,10441,668,378550
case_084,post,3,1000018481,COPY_IN,PIPE_MTE2,9787,10250,463,378550
case_084,post,3,150,DIV,PIPE_V,10059,10359,300,378550
case_084,post,3,160,MATMUL,PIPE_M,10250,10838,588,378550
case_084,post,3,1000018485,COPY_IN,PIPE_MTE2,10250,10259,9,378550
case_084,post,3,1000018492,COPY_IN,PIPE_MTE2,10259,10628,369,378550
case_084,post,3,151,REDUCE,PIPE_V,10359,10443,84,378550
case_084,post,3,152,SUB,PIPE_V,10443,10527,84,378550
case_084,post,3,1000018474,COPY_OUT,PIPE_MTE3,10527,11143,616,378550
case_084,post,3,1000018494,COPY_IN,PIPE_MTE2,10628,11044,416,378550
case_084,post,3,162,DIV,PIPE_V,10838,11138,300,378550
case_084,post,3,172,MATMUL,PIPE_M,11044,11632,588,378550
case_084,post,3,1000018498,COPY_IN,PIPE_MTE2,11044,11052,8,378550
case_084,post,3,1000018505,COPY_IN,PIPE_MTE2,11052,11370,318,378550
case_084,post,3,163,REDUCE,PIPE_V,11138,11222,84,378550
case_084,post,3,164,SUB,PIPE_V,11222,11306,84,378550
case_084,post,3,1000018487,COPY_OUT,PIPE_MTE3,11306,11922,616,378550
case_084,post,3,1000018507,COPY_IN,PIPE_MTE2,11370,11786,416,378550
case_084,post,3,174,DIV,PIPE_V,11632,11932,300,378550
case_084,post,3,184,MATMUL,PIPE_M,11786,12374,588,378550
case_084,post,3,1000018511,COPY_IN,PIPE_MTE2,11786,11794,8,378550
case_084,post,3,1000018518,COPY_IN,PIPE_MTE2,11794,12103,309,378550
case_084,post,3,175,REDUCE,PIPE_V,11932,12016,84,378550
case_084,post,3,176,SUB,PIPE_V,12016,12100,84,378550
case_084,post,3,1000018500,COPY_OUT,PIPE_MTE3,12100,12768,668,378550
case_084,post,3,1000018520,COPY_IN,PIPE_MTE2,12103,12564,461,378550
case_084,post,3,186,DIV,PIPE_V,12374,12674,300,378550
case_084,post,3,196,MATMUL,PIPE_M,12564,13152,588,378550
case_084,post,3,1000018524,COPY_IN,PIPE_MTE2,12564,12573,9,378550
case_084,post,3,1000018531,COPY_IN,PIPE_MTE2,12573,12951,378,378550
case_084,post,3,187,REDUCE,PIPE_V,12674,12758,84,378550
case_084,post,3,188,SUB,PIPE_V,12758,12842,84,378550
case_084,post,3,1000018513,COPY_OUT,PIPE_MTE3,12842,13458,616,378550
case_084,post,3,1000018533,COPY_IN,PIPE_MTE2,12951,13367,416,378550
case_084,post,3,198,DIV,PIPE_V,13152,13452,300,378550
case_084,post,3,208,MATMUL,PIPE_M,13367,13955,588,378550
case_084,post,3,1000018537,COPY_IN,PIPE_MTE2,13367,13375,8,378550
case_084,post,3,1000018544,COPY_IN,PIPE_MTE2,13375,13694,319,378550
case_084,post,3,199,REDUCE,PIPE_V,13452,13536,84,378550
case_084,post,3,200,SUB,PIPE_V,13536,13620,84,378550
case_084,post,3,1000018526,COPY_OUT,PIPE_MTE3,13620,14235,615,378550
case_084,post,3,1000018546,COPY_IN,PIPE_MTE2,13694,14110,416,378550
case_084,post,3,210,DIV,PIPE_V,13955,14255,300,378550
case_084,post,3,220,MATMUL,PIPE_M,14110,14698,588,378550
case_084,post,3,1000018550,COPY_IN,PIPE_MTE2,14110,14118,8,378550
case_084,post,3,1000018557,COPY_IN,PIPE_MTE2,14118,14422,304,378550
case_084,post,3,211,REDUCE,PIPE_V,14255,14339,84,378550
case_084,post,3,212,SUB,PIPE_V,14339,14423,84,378550
case_084,post,3,1000018559,COPY_IN,PIPE_MTE2,14422,14881,459,378550
case_084,post,3,1000018539,COPY_OUT,PIPE_MTE3,14423,15091,668,378550
case_084,post,3,222,DIV,PIPE_V,14698,14998,300,378550
case_084,post,3,232,MATMUL,PIPE_M,14881,15469,588,378550
case_084,post,3,1000018563,COPY_IN,PIPE_MTE2,14881,14890,9,378550
case_084,post,3,1000018570,COPY_IN,PIPE_MTE2,14890,15269,379,378550
case_084,post,3,223,REDUCE,PIPE_V,14998,15082,84,378550
case_084,post,3,224,SUB,PIPE_V,15082,15166,84,378550
case_084,post,3,1000018552,COPY_OUT,PIPE_MTE3,15166,15781,615,378550
case_084,post,3,1000018572,COPY_IN,PIPE_MTE2,15269,15685,416,378550
case_084,post,3,234,DIV,PIPE_V,15469,15769,300,378550
case_084,post,3,244,MATMUL,PIPE_M,15685,16273,588,378550
case_084,post,3,1000018576,COPY_IN,PIPE_MTE2,15685,15693,8,378550
case_084,post,3,1000018583,COPY_IN,PIPE_MTE2,15693,16016,323,378550
case_084,post,3,235,REDUCE,PIPE_V,15769,15853,84,378550
case_084,post,3,236,SUB,PIPE_V,15853,15937,84,378550
case_084,post,3,1000018565,COPY_OUT,PIPE_MTE3,15937,16529,592,378550
case_084,post,3,1000018585,COPY_IN,PIPE_MTE2,16016,16426,410,378550
case_084,post,3,246,DIV,PIPE_V,16273,16573,300,378550
case_084,post,3,256,MATMUL,PIPE_M,16426,17014,588,378550
case_084,post,3,1000018589,COPY_IN,PIPE_MTE2,16426,16433,7,378550
case_084,post,3,1000018596,COPY_IN,PIPE_MTE2,16433,16682,249,378550
case_084,post,3,247,REDUCE,PIPE_V,16573,16657,84,378550
case_084,post,3,248,SUB,PIPE_V,16657,16741,84,378550
case_084,post,3,1000018598,COPY_IN,PIPE_MTE2,16682,17055,373,378550
case_084,post,3,1000018578,COPY_OUT,PIPE_MTE3,16741,17399,658,378550
case_084,post,3,258,DIV,PIPE_V,17014,17314,300,378550
case_084,post,3,268,MATMUL,PIPE_M,17055,17643,588,378550
case_084,post,3,1000018602,COPY_IN,PIPE_MTE2,17055,17064,9,378550
case_084,post,3,1000018609,COPY_IN,PIPE_MTE2,17064,17465,401,378550
case_084,post,3,259,REDUCE,PIPE_V,17314,17398,84,378550
case_084,post,3,260,SUB,PIPE_V,17398,17482,84,378550
case_084,post,3,1000018611,COPY_IN,PIPE_MTE2,17465,17871,406,378550
case_084,post,3,1000018591,COPY_OUT,PIPE_MTE3,17482,18095,613,378550
case_084,post,3,270,DIV,PIPE_V,17643,17943,300,378550
case_084,post,3,280,MATMUL,PIPE_M,17871,18459,588,378550
case_084,post,3,1000018615,COPY_IN,PIPE_MTE2,17871,17879,8,378550
case_084,post,3,1000018622,COPY_IN,PIPE_MTE2,17879,18255,376,378550
case_084,post,3,271,REDUCE,PIPE_V,17943,18027,84,378550
case_084,post,3,272,SUB,PIPE_V,18027,18111,84,378550
case_084,post,3,1000018604,COPY_OUT,PIPE_MTE3,18111,18650,539,378550
case_084,post,3,1000018624,COPY_IN,PIPE_MTE2,18255,18619,364,378550
case_084,post,3,282,DIV,PIPE_V,18459,18759,300,378550
case_084,post,3,292,MATMUL,PIPE_M,18619,19207,588,378550
case_084,post,3,1000018628,COPY_IN,PIPE_MTE2,18619,18626,7,378550
case_084,post,3,1000018635,COPY_IN,PIPE_MTE2,18626,18844,218,378550
case_084,post,3,283,REDUCE,PIPE_V,18759,18843,84,378550
case_084,post,3,284,SUB,PIPE_V,18843,18927,84,378550
case_084,post,3,1000018637,COPY_IN,PIPE_MTE2,18844,19147,303,378550
case_084,post,3,1000018617,COPY_OUT,PIPE_MTE3,18927,19558,631,378550
case_084,post,3,1000018641,COPY_IN,PIPE_MTE2,19147,19156,9,378550
case_084,post,3,1000018648,COPY_IN,PIPE_MTE2,19156,19601,445,378550
case_084,post,3,294,DIV,PIPE_V,19207,19507,300,378550
case_084,post,3,304,MATMUL,PIPE_M,19207,19795,588,378550
case_084,post,3,295,REDUCE,PIPE_V,19507,19591,84,378550
case_084,post,3,296,SUB,PIPE_V,19591,19675,84,378550
case_084,post,3,1000018650,COPY_IN,PIPE_MTE2,19601,19973,372,378550
case_084,post,3,1000018630,COPY_OUT,PIPE_MTE3,19675,20291,616,378550
case_084,post,3,306,DIV,PIPE_V,19795,20095,300,378550
case_084,post,3,316,MATMUL,PIPE_M,19973,20561,588,378550
case_084,post,3,1000018654,COPY_IN,PIPE_MTE2,19973,19981,8,378550
case_084,post,3,1000018661,COPY_IN,PIPE_MTE2,19981,20395,414,378550
case_084,post,3,307,REDUCE,PIPE_V,20095,20179,84,378550
case_084,post,3,308,SUB,PIPE_V,20179,20263,84,378550
case_084,post,3,1000018643,COPY_OUT,PIPE_MTE3,20291,20841,550,378550
case_084,post,3,1000018663,COPY_IN,PIPE_MTE2,20395,20759,364,378550
case_084,post,3,318,DIV,PIPE_V,20561,20861,300,378550
case_084,post,3,328,MATMUL,PIPE_M,20759,21347,588,378550
case_084,post,3,1000018667,COPY_IN,PIPE_MTE2,20759,20766,7,378550
case_084,post,3,1000018674,COPY_IN,PIPE_MTE2,20766,21006,240,378550
case_084,post,3,319,REDUCE,PIPE_V,20861,20945,84,378550
case_084,post,3,320,SUB,PIPE_V,20945,21029,84,378550
case_084,post,3,1000018676,COPY_IN,PIPE_MTE2,21006,21399,393,378550
case_084,post,3,1000018656,COPY_OUT,PIPE_MTE3,21029,21655,626,378550
case_084,post,3,330,DIV,PIPE_V,21347,21647,300,378550
case_084,post,3,340,MATMUL,PIPE_M,21399,21987,588,378550
case_084,post,3,1000018680,COPY_IN,PIPE_MTE2,21399,21406,7,378550
case_084,post,3,1000018687,COPY_IN,PIPE_MTE2,21406,21789,383,378550
case_084,post,3,331,REDUCE,PIPE_V,21647,21731,84,378550
case_084,post,3,332,SUB,PIPE_V,21731,21815,84,378550
case_084,post,3,1000018689,COPY_IN,PIPE_MTE2,21789,22249,460,378550
case_084,post,3,1000018669,COPY_OUT,PIPE_MTE3,21815,22513,698,378550
case_084,post,3,342,DIV,PIPE_V,21987,22287,300,378550
case_084,post,3,352,MATMUL,PIPE_M,22249,22837,588,378550
case_084,post,3,1000018693,COPY_IN,PIPE_MTE2,22249,22258,9,378550
case_084,post,3,1000018700,COPY_IN,PIPE_MTE2,22258,22716,458,378550
case_084,post,3,343,REDUCE,PIPE_V,22287,22371,84,378550
case_084,post,3,344,SUB,PIPE_V,22371,22455,84,378550
case_084,post,3,1000018682,COPY_OUT,PIPE_MTE3,22513,23151,638,378550
case_084,post,3,1000018702,COPY_IN,PIPE_MTE2,22716,23142,426,378550
case_084,post,3,354,DIV,PIPE_V,22837,23137,300,378550
case_084,post,3,355,REDUCE,PIPE_V,23137,23221,84,378550
case_084,post,3,364,MATMUL,PIPE_M,23142,23730,588,378550
case_084,post,3,1000018706,COPY_IN,PIPE_MTE2,23142,23150,8,378550
case_084,post,3,1000018713,COPY_IN,PIPE_MTE2,23150,23417,267,378550
case_084,post,3,356,SUB,PIPE_V,23221,23305,84,378550
case_084,post,3,1000018695,COPY_OUT,PIPE_MTE3,23305,23902,597,378550
case_084,post,3,1000018715,COPY_IN,PIPE_MTE2,23417,23813,396,378550
case_084,post,3,366,DIV,PIPE_V,23730,24030,300,378550
case_084,post,3,376,MATMUL,PIPE_M,23813,24401,588,378550
case_084,post,3,1000018719,COPY_IN,PIPE_MTE2,23813,23823,10,378550
case_084,post,3,1000018726,COPY_IN,PIPE_MTE2,23823,24186,363,378550
case_084,post,3,367,REDUCE,PIPE_V,24030,24114,84,378550
case_084,post,3,368,SUB,PIPE_V,24114,24198,84,378550
case_084,post,3,1000018728,COPY_IN,PIPE_MTE2,24186,24628,442,378550
case_084,post,3,1000018708,COPY_OUT,PIPE_MTE3,24198,24874,676,378550
case_084,post,3,378,DIV,PIPE_V,24401,24701,300,378550
case_084,post,3,388,MATMUL,PIPE_M,24628,25216,588,378550
case_084,post,3,1000018732,COPY_IN,PIPE_MTE2,24628,24637,9,378550
case_084,post,3,1000018739,COPY_IN,PIPE_MTE2,24637,25094,457,378550
case_084,post,3,379,REDUCE,PIPE_V,24701,24785,84,378550
case_084,post,3,380,SUB,PIPE_V,24785,24869,84,378550
case_084,post,3,1000018721,COPY_OUT,PIPE_MTE3,24874,25501,627,378550
case_084,post,3,1000018741,COPY_IN,PIPE_MTE2,25094,25506,412,378550
case_084,post,3,390,DIV,PIPE_V,25216,25516,300,378550
case_084,post,3,400,MATMUL,PIPE_M,25506,26094,588,378550
case_084,post,3,1000018745,COPY_IN,PIPE_MTE2,25506,25511,5,378550
case_084,post,3,1000018752,COPY_IN,PIPE_MTE2,25511,25791,280,378550
case_084,post,3,391,REDUCE,PIPE_V,25516,25600,84,378550
case_084,post,3,392,SUB,PIPE_V,25600,25684,84,378550
case_084,post,3,1000018734,COPY_OUT,PIPE_MTE3,25684,26267,583,378550
case_084,post,3,1000018754,COPY_IN,PIPE_MTE2,25791,26170,379,378550
case_084,post,3,402,DIV,PIPE_V,26094,26394,300,378550
case_084,post,3,412,MATMUL,PIPE_M,26170,26758,588,378550
case_084,post,3,1000018758,COPY_IN,PIPE_MTE2,26170,26180,10,378550
case_084,post,3,1000018765,COPY_IN,PIPE_MTE2,26180,26559,379,378550
case_084,post,3,403,REDUCE,PIPE_V,26394,26478,84,378550
case_084,post,3,404,SUB,PIPE_V,26478,26562,84,378550
case_084,post,3,1000018767,COPY_IN,PIPE_MTE2,26559,26994,435,378550
case_084,post,3,1000018747,COPY_OUT,PIPE_MTE3,26562,27225,663,378550
case_084,post,3,414,DIV,PIPE_V,26758,27058,300,378550
case_084,post,3,424,MATMUL,PIPE_M,26994,27582,588,378550
case_084,post,3,1000018771,COPY_IN,PIPE_MTE2,26994,27003,9,378550
case_084,post,3,1000018778,COPY_IN,PIPE_MTE2,27003,27465,462,378550
case_084,post,3,415,REDUCE,PIPE_V,27058,27142,84,378550
case_084,post,3,416,SUB,PIPE_V,27142,27226,84,378550
case_084,post,3,1000018760,COPY_OUT,PIPE_MTE3,27226,27850,624,378550
case_084,post,3,1000018780,COPY_IN,PIPE_MTE2,27465,27861,396,378550
case_084,post,3,426,DIV,PIPE_V,27582,27882,300,378550
case_084,post,3,436,MATMUL,PIPE_M,27861,28449,588,378550
case_084,post,3,1000018784,COPY_IN,PIPE_MTE2,27861,27866,5,378550
case_084,post,3,1000018791,COPY_IN,PIPE_MTE2,27866,28161,295,378550
case_084,post,3,427,REDUCE,PIPE_V,27882,27966,84,378550
case_084,post,3,428,SUB,PIPE_V,27966,28050,84,378550
case_084,post,3,1000018773,COPY_OUT,PIPE_MTE3,28050,28631,581,378550
case_084,post,3,1000018793,COPY_IN,PIPE_MTE2,28161,28545,384,378550
case_084,post,3,438,DIV,PIPE_V,28449,28749,300,378550
case_084,post,3,448,MATMUL,PIPE_M,28545,29133,588,378550
case_084,post,3,1000018797,COPY_IN,PIPE_MTE2,28545,28554,9,378550
case_084,post,3,1000018804,COPY_IN,PIPE_MTE2,28554,28924,370,378550
case_084,post,3,439,REDUCE,PIPE_V,28749,28833,84,378550
case_084,post,3,440,SUB,PIPE_V,28833,28917,84,378550
case_084,post,3,1000018786,COPY_OUT,PIPE_MTE3,28917,29577,660,378550
case_084,post,3,1000018806,COPY_IN,PIPE_MTE2,28924,29360,436,378550
case_084,post,3,450,DIV,PIPE_V,29133,29433,300,378550
case_084,post,3,460,MATMUL,PIPE_M,29360,29948,588,378550
case_084,post,3,1000018810,COPY_IN,PIPE_MTE2,29360,29369,9,378550
case_084,post,3,1000018817,COPY_IN,PIPE_MTE2,29369,29814,445,378550
case_084,post,3,451,REDUCE,PIPE_V,29433,29517,84,378550
case_084,post,3,452,SUB,PIPE_V,29517,29601,84,378550
case_084,post,3,1000018799,COPY_OUT,PIPE_MTE3,29601,30209,608,378550
case_084,post,3,1000018819,COPY_IN,PIPE_MTE2,29814,30209,395,378550
case_084,post,3,462,DIV,PIPE_V,29948,30248,300,378550
case_084,post,3,472,MATMUL,PIPE_M,30209,30797,588,378550
case_084,post,3,1000018823,COPY_IN,PIPE_MTE2,30209,30214,5,378550
case_084,post,3,1000018830,COPY_IN,PIPE_MTE2,30214,30509,295,378550
case_084,post,3,463,REDUCE,PIPE_V,30248,30332,84,378550
case_084,post,3,464,SUB,PIPE_V,30332,30416,84,378550
case_084,post,3,1000018812,COPY_OUT,PIPE_MTE3,30416,31038,622,378550
case_084,post,3,1000018832,COPY_IN,PIPE_MTE2,30509,30917,408,378550
case_084,post,3,474,DIV,PIPE_V,30797,31097,300,378550
case_084,post,3,484,MATMUL,PIPE_M,30917,31505,588,378550
case_084,post,3,1000018836,COPY_IN,PIPE_MTE2,30917,30926,9,378550
case_084,post,3,1000018843,COPY_IN,PIPE_MTE2,30926,31289,363,378550
case_084,post,3,475,REDUCE,PIPE_V,31097,31181,84,378550
case_084,post,3,476,SUB,PIPE_V,31181,31265,84,378550
case_084,post,3,1000018825,COPY_OUT,PIPE_MTE3,31265,31928,663,378550
case_084,post,3,1000018845,COPY_IN,PIPE_MTE2,31289,31742,453,378550
case_084,post,3,486,DIV,PIPE_V,31505,31805,300,378550
case_084,post,3,496,MATMUL,PIPE_M,31742,32330,588,378550
case_084,post,3,1000018849,COPY_IN,PIPE_MTE2,31742,31750,8,378550
case_084,post,3,1000018856,COPY_IN,PIPE_MTE2,31750,32167,417,378550
case_084,post,3,487,REDUCE,PIPE_V,31805,31889,84,378550
case_084,post,3,488,SUB,PIPE_V,31889,31973,84,378550
case_084,post,3,1000018838,COPY_OUT,PIPE_MTE3,31973,32580,607,378550
case_084,post,3,1000018858,COPY_IN,PIPE_MTE2,32167,32569,402,378550
case_084,post,3,498,DIV,PIPE_V,32330,32630,300,378550
case_084,post,3,508,MATMUL,PIPE_M,32569,33157,588,378550
case_084,post,3,1000018862,COPY_IN,PIPE_MTE2,32569,32576,7,378550
case_084,post,3,1000018869,COPY_IN,PIPE_MTE2,32576,32823,247,378550
case_084,post,3,499,REDUCE,PIPE_V,32630,32714,84,378550
case_084,post,3,500,SUB,PIPE_V,32714,32798,84,378550
case_084,post,3,1000018851,COPY_OUT,PIPE_MTE3,32798,33465,667,378550
case_084,post,3,1000018871,COPY_IN,PIPE_MTE2,32823,33268,445,378550
case_084,post,3,510,DIV,PIPE_V,33157,33457,300,378550
case_084,post,3,520,MATMUL,PIPE_M,33268,33856,588,378550
case_084,post,3,1000018875,COPY_IN,PIPE_MTE2,33268,33277,9,378550
case_084,post,3,1000018882,COPY_IN,PIPE_MTE2,33277,33640,363,378550
case_084,post,3,511,REDUCE,PIPE_V,33457,33541,84,378550
case_084,post,3,512,SUB,PIPE_V,33541,33625,84,378550
case_084,post,3,1000018864,COPY_OUT,PIPE_MTE3,33625,34296,671,378550
case_084,post,3,1000018884,COPY_IN,PIPE_MTE2,33640,34108,468,378550
case_084,post,3,522,DIV,PIPE_V,33856,34156,300,378550
case_084,post,3,532,MATMUL,PIPE_M,34108,34696,588,378550
case_084,post,3,1000018888,COPY_IN,PIPE_MTE2,34108,34117,9,378550
case_084,post,3,1000018895,COPY_IN,PIPE_MTE2,34117,34518,401,378550
case_084,post,3,523,REDUCE,PIPE_V,34156,34240,84,378550
case_084,post,3,524,SUB,PIPE_V,34240,34324,84,378550
case_084,post,3,1000018877,COPY_OUT,PIPE_MTE3,34324,34939,615,378550
case_084,post,3,1000018897,COPY_IN,PIPE_MTE2,34518,34934,416,378550
case_084,post,3,534,DIV,PIPE_V,34696,34996,300,378550
case_084,post,3,544,MATMUL,PIPE_M,34934,35522,588,378550
case_084,post,3,1000018901,COPY_IN,PIPE_MTE2,34934,34941,7,378550
case_084,post,3,1000018908,COPY_IN,PIPE_MTE2,34941,35157,216,378550
case_084,post,3,535,REDUCE,PIPE_V,34996,35080,84,378550
case_084,post,3,536,SUB,PIPE_V,35080,35164,84,378550
case_084,post,3,1000018910,COPY_IN,PIPE_MTE2,35157,35593,436,378550
case_084,post,3,1000018890,COPY_OUT,PIPE_MTE3,35164,35858,694,378550
case_084,post,3,546,DIV,PIPE_V,35522,35822,300,378550
case_084,post,3,556,MATMUL,PIPE_M,35593,36181,588,378550
case_084,post,3,1000018914,COPY_IN,PIPE_MTE2,35593,35603,10,378550
case_084,post,3,1000018921,COPY_IN,PIPE_MTE2,35603,36005,402,378550
case_084,post,3,547,REDUCE,PIPE_V,35822,35906,84,378550
case_084,post,3,548,SUB,PIPE_V,35906,35990,84,378550
case_084,post,3,1000018903,COPY_OUT,PIPE_MTE3,35990,36669,679,378550
case_084,post,3,1000018923,COPY_IN,PIPE_MTE2,36005,36461,456,378550
case_084,post,3,558,DIV,PIPE_V,36181,36481,300,378550
case_084,post,3,568,MATMUL,PIPE_M,36461,37049,588,378550
case_084,post,3,1000018927,COPY_IN,PIPE_MTE2,36461,36470,9,378550
case_084,post,3,1000018934,COPY_IN,PIPE_MTE2,36470,36900,430,378550
case_084,post,3,559,REDUCE,PIPE_V,36481,36565,84,378550
case_084,post,3,560,SUB,PIPE_V,36565,36649,84,378550
case_084,post,3,1000018916,COPY_OUT,PIPE_MTE3,36669,37277,608,378550
case_084,post,3,1000018936,COPY_IN,PIPE_MTE2,36900,37302,402,378550
case_084,post,3,570,DIV,PIPE_V,37049,37349,300,378550
case_084,post,3,580,MATMUL,PIPE_M,37302,37890,588,378550
case_084,post,3,1000018940,COPY_IN,PIPE_MTE2,37302,37307,5,378550
case_084,post,3,1000018947,COPY_IN,PIPE_MTE2,37307,37555,248,378550
case_084,post,3,571,REDUCE,PIPE_V,37349,37433,84,378550
case_084,post,3,572,SUB,PIPE_V,37433,37517,84,378550
case_084,post,3,1000018929,COPY_OUT,PIPE_MTE3,37517,38176,659,378550
case_084,post,3,1000018949,COPY_IN,PIPE_MTE2,37555,37981,426,378550
case_084,post,3,582,DIV,PIPE_V,37890,38190,300,378550
case_084,post,3,592,MATMUL,PIPE_M,37981,38569,588,378550
case_084,post,3,1000018953,COPY_IN,PIPE_MTE2,37981,37991,10,378550
case_084,post,3,1000018960,COPY_IN,PIPE_MTE2,37991,38380,389,378550
case_084,post,3,583,REDUCE,PIPE_V,38190,38274,84,378550
case_084,post,3,584,SUB,PIPE_V,38274,38358,84,378550
case_084,post,3,1000018942,COPY_OUT,PIPE_MTE3,38358,39029,671,378550
case_084,post,3,1000018962,COPY_IN,PIPE_MTE2,38380,38830,450,378550
case_084,post,3,594,DIV,PIPE_V,38569,38869,300,378550
case_084,post,3,604,MATMUL,PIPE_M,38830,39418,588,378550
case_084,post,3,1000018966,COPY_IN,PIPE_MTE2,38830,38839,9,378550
case_084,post,3,1000018973,COPY_IN,PIPE_MTE2,38839,39271,432,378550
case_084,post,3,595,REDUCE,PIPE_V,38869,38953,84,378550
case_084,post,3,596,SUB,PIPE_V,38953,39037,84,378550
case_084,post,3,1000018955,COPY_OUT,PIPE_MTE3,39037,39639,602,378550
case_084,post,3,1000018975,COPY_IN,PIPE_MTE2,39271,39663,392,378550
case_084,post,3,606,DIV,PIPE_V,39418,39718,300,378550
case_084,post,3,616,MATMUL,PIPE_M,39663,40251,588,378550
case_084,post,3,1000018979,COPY_IN,PIPE_MTE2,39663,39668,5,378550
case_084,post,3,1000018986,COPY_IN,PIPE_MTE2,39668,39929,261,378550
case_084,post,3,607,REDUCE,PIPE_V,39718,39802,84,378550
case_084,post,3,608,SUB,PIPE_V,39802,39886,84,378550
case_084,post,3,1000018968,COPY_OUT,PIPE_MTE3,39886,40535,649,378550
case_084,post,3,1000018988,COPY_IN,PIPE_MTE2,39929,40350,421,378550
case_084,post,3,618,DIV,PIPE_V,40251,40551,300,378550
case_084,post,3,628,MATMUL,PIPE_M,40350,40938,588,378550
case_084,post,3,1000018992,COPY_IN,PIPE_MTE2,40350,40359,9,378550
case_084,post,3,1000018999,COPY_IN,PIPE_MTE2,40359,40760,401,378550
case_084,post,3,619,REDUCE,PIPE_V,40551,40635,84,378550
case_084,post,3,620,SUB,PIPE_V,40635,40719,84,378550
case_084,post,3,1000018981,COPY_OUT,PIPE_MTE3,40719,41381,662,378550
case_084,post,3,1000019001,COPY_IN,PIPE_MTE2,40760,41197,437,378550
case_084,post,3,630,DIV,PIPE_V,40938,41238,300,378550
case_084,post,3,640,MATMUL,PIPE_M,41197,41785,588,378550
case_084,post,3,1000019005,COPY_IN,PIPE_MTE2,41197,41206,9,378550
case_084,post,3,1000019012,COPY_IN,PIPE_MTE2,41206,41632,426,378550
case_084,post,3,631,REDUCE,PIPE_V,41238,41322,84,378550
case_084,post,3,632,SUB,PIPE_V,41322,41406,84,378550
case_084,post,3,1000018994,COPY_OUT,PIPE_MTE3,41406,41998,592,378550
case_084,post,3,1000019014,COPY_IN,PIPE_MTE2,41632,42015,383,378550
case_084,post,3,642,DIV,PIPE_V,41785,42085,300,378550
case_084,post,3,652,MATMUL,PIPE_M,42015,42603,588,378550
case_084,post,3,1000019018,COPY_IN,PIPE_MTE2,42015,42020,5,378550
case_084,post,3,1000019025,COPY_IN,PIPE_MTE2,42020,42296,276,378550
case_084,post,3,643,REDUCE,PIPE_V,42085,42169,84,378550
case_084,post,3,644,SUB,PIPE_V,42169,42253,84,378550
case_084,post,3,1000019007,COPY_OUT,PIPE_MTE3,42253,42910,657,378550
case_084,post,3,1000019027,COPY_IN,PIPE_MTE2,42296,42732,436,378550
case_084,post,3,654,DIV,PIPE_V,42603,42903,300,378550
case_084,post,3,664,MATMUL,PIPE_M,42732,43320,588,378550
case_084,post,3,1000019031,COPY_IN,PIPE_MTE2,42732,42741,9,378550
case_084,post,3,1000019038,COPY_IN,PIPE_MTE2,42741,43130,389,378550
case_084,post,3,655,REDUCE,PIPE_V,42903,42987,84,378550
case_084,post,3,656,SUB,PIPE_V,42987,43071,84,378550
case_084,post,3,1000019020,COPY_OUT,PIPE_MTE3,43071,43739,668,378550
case_084,post,3,1000019040,COPY_IN,PIPE_MTE2,43130,43573,443,378550
case_084,post,3,666,DIV,PIPE_V,43320,43620,300,378550
case_084,post,3,676,MATMUL,PIPE_M,43573,44161,588,378550
case_084,post,3,1000019044,COPY_IN,PIPE_MTE2,43573,43582,9,378550
case_084,post,3,1000019051,COPY_IN,PIPE_MTE2,43582,43985,403,378550
case_084,post,3,667,REDUCE,PIPE_V,43620,43704,84,378550
case_084,post,3,668,SUB,PIPE_V,43704,43788,84,378550
case_084,post,3,1000019033,COPY_OUT,PIPE_MTE3,43788,44373,585,378550
case_084,post,3,1000019053,COPY_IN,PIPE_MTE2,43985,44372,387,378550
case_084,post,3,678,DIV,PIPE_V,44161,44461,300,378550
case_084,post,3,688,MATMUL,PIPE_M,44372,44960,588,378550
case_084,post,3,1000019057,COPY_IN,PIPE_MTE2,44372,44377,5,378550
case_084,post,3,1000019064,COPY_IN,PIPE_MTE2,44377,44628,251,378550
case_084,post,3,679,REDUCE,PIPE_V,44461,44545,84,378550
case_084,post,3,680,SUB,PIPE_V,44545,44629,84,378550
case_084,post,3,1000019066,COPY_IN,PIPE_MTE2,44628,45099,471,378550
case_084,post,3,1000019046,COPY_OUT,PIPE_MTE3,44629,45315,686,378550
case_084,post,3,690,DIV,PIPE_V,44960,45260,300,378550
case_084,post,3,700,MATMUL,PIPE_M,45099,45687,588,378550
case_084,post,3,1000019070,COPY_IN,PIPE_MTE2,45099,45108,9,378550
case_084,post,3,1000019077,COPY_IN,PIPE_MTE2,45108,45502,394,378550
case_084,post,3,691,REDUCE,PIPE_V,45260,45344,84,378550
case_084,post,3,692,SUB,PIPE_V,45344,45428,84,378550
case_084,post,3,1000019059,COPY_OUT,PIPE_MTE3,45428,46094,666,378550
case_084,post,3,1000019079,COPY_IN,PIPE_MTE2,45502,45957,455,378550
case_084,post,3,702,DIV,PIPE_V,45687,45987,300,378550
case_084,post,3,712,MATMUL,PIPE_M,45957,46545,588,378550
case_084,post,3,1000019083,COPY_IN,PIPE_MTE2,45957,45965,8,378550
case_084,post,3,1000019090,COPY_IN,PIPE_MTE2,45965,46347,382,378550
case_084,post,3,703,REDUCE,PIPE_V,45987,46071,84,378550
case_084,post,3,704,SUB,PIPE_V,46071,46155,84,378550
case_084,post,3,1000019072,COPY_OUT,PIPE_MTE3,46155,46755,600,378550
case_084,post,3,1000019092,COPY_IN,PIPE_MTE2,46347,46748,401,378550
case_084,post,3,714,DIV,PIPE_V,46545,46845,300,378550
case_084,post,3,724,MATMUL,PIPE_M,46748,47336,588,378550
case_084,post,3,1000019096,COPY_IN,PIPE_MTE2,46748,46755,7,378550
case_084,post,3,1000019103,COPY_IN,PIPE_MTE2,46755,46977,222,378550
case_084,post,3,715,REDUCE,PIPE_V,46845,46929,84,378550
case_084,post,3,716,SUB,PIPE_V,46929,47013,84,378550
case_084,post,3,1000019105,COPY_IN,PIPE_MTE2,46977,47445,468,378550
case_084,post,3,1000019085,COPY_OUT,PIPE_MTE3,47013,47719,706,378550
case_084,post,3,726,DIV,PIPE_V,47336,47636,300,378550
case_084,post,3,736,MATMUL,PIPE_M,47445,48033,588,378550
case_084,post,3,1000019109,COPY_IN,PIPE_MTE2,47445,47455,10,378550
case_084,post,3,1000019116,COPY_IN,PIPE_MTE2,47455,47838,383,378550
case_084,post,3,727,REDUCE,PIPE_V,47636,47720,84,378550
case_084,post,3,728,SUB,PIPE_V,47720,47804,84,378550
case_084,post,3,1000019098,COPY_OUT,PIPE_MTE3,47804,48480,676,378550
case_084,post,3,1000019118,COPY_IN,PIPE_MTE2,47838,48306,468,378550
case_084,post,3,738,DIV,PIPE_V,48033,48333,300,378550
case_084,post,3,748,MATMUL,PIPE_M,48306,48894,588,378550
case_084,post,3,1000019122,COPY_IN,PIPE_MTE2,48306,48315,9,378550
case_084,post,3,1000019129,COPY_IN,PIPE_MTE2,48315,48704,389,378550
case_084,post,3,739,REDUCE,PIPE_V,48333,48417,84,378550
case_084,post,3,740,SUB,PIPE_V,48417,48501,84,378550
case_084,post,3,1000019111,COPY_OUT,PIPE_MTE3,48501,49107,606,378550
case_084,post,3,1000019131,COPY_IN,PIPE_MTE2,48704,49115,411,378550
case_084,post,3,750,DIV,PIPE_V,48894,49194,300,378550
case_084,post,3,760,MATMUL,PIPE_M,49115,49703,588,378550
case_084,post,3,1000019135,COPY_IN,PIPE_MTE2,49115,49120,5,378550
case_084,post,3,1000019142,COPY_IN,PIPE_MTE2,49120,49335,215,378550
case_084,post,3,751,REDUCE,PIPE_V,49194,49278,84,378550
case_084,post,3,752,SUB,PIPE_V,49278,49362,84,378550
case_084,post,3,1000019144,COPY_IN,PIPE_MTE2,49335,49789,454,378550
case_084,post,3,1000019124,COPY_OUT,PIPE_MTE3,49362,50079,717,378550
case_084,post,3,762,DIV,PIPE_V,49703,50003,300,378550
case_084,post,3,772,MATMUL,PIPE_M,49789,50377,588,378550
case_084,post,3,1000019148,COPY_IN,PIPE_MTE2,49789,49799,10,378550
case_084,post,3,1000019155,COPY_IN,PIPE_MTE2,49799,50194,395,378550
case_084,post,3,763,REDUCE,PIPE_V,50003,50087,84,378550
case_084,post,3,764,SUB,PIPE_V,50087,50171,84,378550
case_084,post,3,1000019137,COPY_OUT,PIPE_MTE3,50171,50776,605,378550
case_084,post,3,1000019157,COPY_IN,PIPE_MTE2,50194,50599,405,378550
case_084,post,3,774,DIV,PIPE_V,50377,50677,300,378550
case_084,post,3,784,MATMUL,PIPE_M,50599,51187,588,378550
case_084,post,3,1000019161,COPY_IN,PIPE_MTE2,50599,50607,8,378550
case_084,post,3,1000019168,COPY_IN,PIPE_MTE2,50607,50987,380,378550
case_084,post,3,775,REDUCE,PIPE_V,50677,50761,84,378550
case_084,post,3,776,SUB,PIPE_V,50761,50845,84,378550
case_084,post,3,1000019150,COPY_OUT,PIPE_MTE3,50845,51432,587,378550
case_084,post,3,1000019170,COPY_IN,PIPE_MTE2,50987,51392,405,378550
case_084,post,3,786,DIV,PIPE_V,51187,51487,300,378550
case_084,post,3,796,MATMUL,PIPE_M,51392,51980,588,378550
case_084,post,3,1000019174,COPY_IN,PIPE_MTE2,51392,51400,8,378550
case_084,post,3,1000019181,COPY_IN,PIPE_MTE2,51400,51723,323,378550
case_084,post,3,787,REDUCE,PIPE_V,51487,51571,84,378550
case_084,post,3,788,SUB,PIPE_V,51571,51655,84,378550
case_084,post,3,1000019163,COPY_OUT,PIPE_MTE3,51655,52323,668,378550
case_084,post,3,1000019183,COPY_IN,PIPE_MTE2,51723,52184,461,378550
case_084,post,3,798,DIV,PIPE_V,51980,52280,300,378550
case_084,post,3,808,MATMUL,PIPE_M,52184,52772,588,378550
case_084,post,3,1000019187,COPY_IN,PIPE_MTE2,52184,52194,10,378550
case_084,post,3,1000019194,COPY_IN,PIPE_MTE2,52194,52619,425,378550
case_084,post,3,799,REDUCE,PIPE_V,52280,52364,84,378550
case_084,post,3,800,SUB,PIPE_V,52364,52448,84,378550
case_084,post,3,1000019176,COPY_OUT,PIPE_MTE3,52448,53114,666,378550
case_084,post,3,1000019196,COPY_IN,PIPE_MTE2,52619,53073,454,378550
case_084,post,3,810,DIV,PIPE_V,52772,53072,300,378550
case_084,post,3,811,REDUCE,PIPE_V,53072,53156,84,378550
case_084,post,3,820,MATMUL,PIPE_M,53073,53661,588,378550
case_084,post,3,1000019200,COPY_IN,PIPE_MTE2,53073,53082,9,378550
case_084,post,3,1000019207,COPY_IN,PIPE_MTE2,53082,53443,361,378550
case_084,post,3,812,SUB,PIPE_V,53156,53240,84,378550
case_084,post,3,1000019189,COPY_OUT,PIPE_MTE3,53240,53819,579,378550
case_084,post,3,1000019209,COPY_IN,PIPE_MTE2,53443,53830,387,378550
case_084,post,3,822,DIV,PIPE_V,53661,53961,300,378550
case_084,post,3,832,MATMUL,PIPE_M,53830,54418,588,378550
case_084,post,3,1000019213,COPY_IN,PIPE_MTE2,53830,53835,5,378550
case_084,post,3,1000019220,COPY_IN,PIPE_MTE2,53835,54102,267,378550
case_084,post,3,823,REDUCE,PIPE_V,53961,54045,84,378550
case_084,post,3,824,SUB,PIPE_V,54045,54129,84,378550
case_084,post,3,1000019222,COPY_IN,PIPE_MTE2,54102,54554,452,378550
case_084,post,3,1000019202,COPY_OUT,PIPE_MTE3,54129,54819,690,378550
case_084,post,3,834,DIV,PIPE_V,54418,54718,300,378550
case_084,post,3,844,MATMUL,PIPE_M,54554,55142,588,378550
case_084,post,3,1000019226,COPY_IN,PIPE_MTE2,54554,54563,9,378550
case_084,post,3,1000019233,COPY_IN,PIPE_MTE2,54563,54998,435,378550
case_084,post,3,835,REDUCE,PIPE_V,54718,54802,84,378550
case_084,post,3,836,SUB,PIPE_V,54802,54886,84,378550
case_084,post,3,1000019215,COPY_OUT,PIPE_MTE3,54886,55532,646,378550
case_084,post,3,1000019235,COPY_IN,PIPE_MTE2,54998,55432,434,378550
case_084,post,3,846,DIV,PIPE_V,55142,55442,300,378550
case_084,post,3,856,MATMUL,PIPE_M,55432,56020,588,378550
case_084,post,3,1000019239,COPY_IN,PIPE_MTE2,55432,55440,8,378550
case_084,post,3,1000019246,COPY_IN,PIPE_MTE2,55440,55809,369,378550
case_084,post,3,847,REDUCE,PIPE_V,55442,55526,84,378550
case_084,post,3,848,SUB,PIPE_V,55526,55610,84,378550
case_084,post,3,1000019228,COPY_OUT,PIPE_MTE3,55610,56190,580,378550
case_084,post,3,1000019248,COPY_IN,PIPE_MTE2,55809,56190,381,378550
case_084,post,3,858,DIV,PIPE_V,56020,56320,300,378550
case_084,post,3,868,MATMUL,PIPE_M,56190,56778,588,378550
case_084,post,3,1000019252,COPY_IN,PIPE_MTE2,56190,56195,5,378550
case_084,post,3,1000019256,COPY_IN,PIPE_MTE2,56195,56480,285,378550
case_084,post,3,859,REDUCE,PIPE_V,56320,56404,84,378550
case_084,post,3,860,SUB,PIPE_V,56404,56488,84,378550
case_084,post,3,1000019258,COPY_IN,PIPE_MTE2,56480,56943,463,378550
case_084,post,3,1000019241,COPY_OUT,PIPE_MTE3,56488,57169,681,378550
case_084,post,3,870,DIV,PIPE_V,56778,57078,300,378550
case_084,post,3,880,MATMUL,PIPE_M,56943,57531,588,378550
case_084,post,3,1000019262,COPY_IN,PIPE_MTE2,56943,56951,8,378550
case_084,post,3,1000019266,COPY_IN,PIPE_MTE2,56951,57345,394,378550
case_084,post,3,871,REDUCE,PIPE_V,57078,57162,84,378550
case_084,post,3,872,SUB,PIPE_V,57162,57246,84,378550
case_084,post,3,1000019268,COPY_IN,PIPE_MTE2,57345,57665,320,378550
case_084,post,3,882,DIV,PIPE_V,57531,57831,300,378550
case_084,post,3,892,MATMUL,PIPE_M,57665,58253,588,378550
case_084,post,3,1000019272,COPY_IN,PIPE_MTE2,57665,57670,5,378550
case_084,post,3,1000019276,COPY_IN,PIPE_MTE2,57670,57927,257,378550
case_084,post,3,883,REDUCE,PIPE_V,57831,57915,84,378550
case_084,post,3,884,SUB,PIPE_V,57915,57999,84,378550
case_084,post,3,1000019278,COPY_IN,PIPE_MTE2,57927,58206,279,378550
case_084,post,3,1000019282,COPY_IN,PIPE_MTE2,58206,58211,5,378550
case_084,post,3,1000019286,COPY_IN,PIPE_MTE2,58211,58457,246,378550
case_084,post,3,894,DIV,PIPE_V,58253,58553,300,378550
case_084,post,3,904,MATMUL,PIPE_M,58253,58841,588,378550
case_084,post,3,1000019288,COPY_IN,PIPE_MTE2,58457,58718,261,378550
case_084,post,3,895,REDUCE,PIPE_V,58553,58637,84,378550
case_084,post,3,896,SUB,PIPE_V,58637,58721,84,378550
case_084,post,3,1000019292,COPY_IN,PIPE_MTE2,58718,58725,7,378550
case_084,post,3,1000019296,COPY_IN,PIPE_MTE2,58725,59103,378,378550
case_084,post,3,906,DIV,PIPE_V,58841,59141,300,378550
case_084,post,3,916,MATMUL,PIPE_M,58841,59429,588,378550
case_084,post,3,1000019298,COPY_IN,PIPE_MTE2,59103,59450,347,378550
case_084,post,3,907,REDUCE,PIPE_V,59141,59225,84,378550
case_084,post,3,908,SUB,PIPE_V,59225,59309,84,378550
case_084,post,3,918,DIV,PIPE_V,59429,59729,300,378550
case_084,post,3,928,MATMUL,PIPE_M,59450,60038,588,378550
case_084,post,3,1000019302,COPY_IN,PIPE_MTE2,59450,59457,7,378550
case_084,post,3,1000019306,COPY_IN,PIPE_MTE2,59457,59806,349,378550
case_084,post,3,919,REDUCE,PIPE_V,59729,59813,84,378550
case_084,post,3,1000019308,COPY_IN,PIPE_MTE2,59806,60105,299,378550
case_084,post,3,920,SUB,PIPE_V,59813,59897,84,378550
case_084,post,3,930,DIV,PIPE_V,60038,60338,300,378550
case_084,post,3,940,MATMUL,PIPE_M,60105,60693,588,378550
case_084,post,3,1000019312,COPY_IN,PIPE_MTE2,60105,60111,6,378550
case_084,post,3,1000019316,COPY_IN,PIPE_MTE2,60111,60380,269,378550
case_084,post,3,931,REDUCE,PIPE_V,60338,60422,84,378550
case_084,post,3,1000019318,COPY_IN,PIPE_MTE2,60380,60609,229,378550
case_084,post,3,932,SUB,PIPE_V,60422,60506,84,378550
case_084,post,3,1000019322,COPY_IN,PIPE_MTE2,60609,60614,5,378550
case_084,post,3,1000019326,COPY_IN,PIPE_MTE2,60614,60885,271,378550
case_084,post,3,942,DIV,PIPE_V,60693,60993,300,378550
case_084,post,3,952,MATMUL,PIPE_M,60693,61281,588,378550
case_084,post,3,1000019328,COPY_IN,PIPE_MTE2,60885,61185,300,378550
case_084,post,3,943,REDUCE,PIPE_V,60993,61077,84,378550
case_084,post,3,944,SUB,PIPE_V,61077,61161,84,378550
case_084,post,3,1000019332,COPY_IN,PIPE_MTE2,61185,61192,7,378550
case_084,post,3,1000019336,COPY_IN,PIPE_MTE2,61192,61557,365,378550
case_084,post,3,954,DIV,PIPE_V,61281,61581,300,378550
case_084,post,3,964,MATMUL,PIPE_M,61281,61869,588,378550
case_084,post,3,1000019338,COPY_IN,PIPE_MTE2,61557,61913,356,378550
case_084,post,3,955,REDUCE,PIPE_V,61581,61665,84,378550
case_084,post,3,956,SUB,PIPE_V,61665,61749,84,378550
case_084,post,3,966,DIV,PIPE_V,61869,62169,300,378550
case_084,post,3,976,MATMUL,PIPE_M,61913,62501,588,378550
case_084,post,3,1000019342,COPY_IN,PIPE_MTE2,61913,61920,7,378550
case_084,post,3,1000019346,COPY_IN,PIPE_MTE2,61920,62249,329,378550
case_084,post,3,967,REDUCE,PIPE_V,62169,62253,84,378550
case_084,post,3,1000019348,COPY_IN,PIPE_MTE2,62249,62533,284,378550
case_084,post,3,968,SUB,PIPE_V,62253,62337,84,378550
case_084,post,3,978,DIV,PIPE_V,62501,62801,300,378550
case_084,post,3,988,MATMUL,PIPE_M,62533,63121,588,378550
case_084,post,3,1000019352,COPY_IN,PIPE_MTE2,62533,62538,5,378550
case_084,post,3,1000019356,COPY_IN,PIPE_MTE2,62538,62788,250,378550
case_084,post,3,1000019358,COPY_IN,PIPE_MTE2,62788,63003,215,378550
case_084,post,3,979,REDUCE,PIPE_V,62801,62885,84,378550
case_084,post,3,980,SUB,PIPE_V,62885,62969,84,378550
case_084,post,3,1000019362,COPY_IN,PIPE_MTE2,63003,63008,5,378550
case_084,post,3,1000019366,COPY_IN,PIPE_MTE2,63008,63291,283,378550
case_084,post,3,990,DIV,PIPE_V,63121,63421,300,378550
case_084,post,3,1000,MATMUL,PIPE_M,63121,63709,588,378550
case_084,post,3,1000019368,COPY_IN,PIPE_MTE2,63291,63630,339,378550
case_084,post,3,991,REDUCE,PIPE_V,63421,63505,84,378550
case_084,post,3,992,SUB,PIPE_V,63505,63589,84,378550
case_084,post,3,1000019372,COPY_IN,PIPE_MTE2,63630,63637,7,378550
case_084,post,3,1000019376,COPY_IN,PIPE_MTE2,63637,64012,375,378550
case_084,post,3,1002,DIV,PIPE_V,63709,64009,300,378550
case_084,post,3,1012,MATMUL,PIPE_M,63709,64297,588,378550
case_084,post,3,1003,REDUCE,PIPE_V,64009,64093,84,378550
case_084,post,3,1000019378,COPY_IN,PIPE_MTE2,64012,64356,344,378550
case_084,post,3,1004,SUB,PIPE_V,64093,64177,84,378550
case_084,post,3,1014,DIV,PIPE_V,64297,64597,300,378550
case_084,post,3,1024,MATMUL,PIPE_M,64356,64944,588,378550
case_084,post,3,1000019382,COPY_IN,PIPE_MTE2,64356,64363,7,378550
case_084,post,3,1000019386,COPY_IN,PIPE_MTE2,64363,64685,322,378550
case_084,post,3,1015,REDUCE,PIPE_V,64597,64681,84,378550
case_084,post,3,1016,SUB,PIPE_V,64681,64765,84,378550
case_084,post,3,1000019388,COPY_IN,PIPE_MTE2,64685,64941,256,378550
case_084,post,3,1000019392,COPY_IN,PIPE_MTE2,64941,64946,5,378550
case_084,post,3,1026,DIV,PIPE_V,64944,65244,300,378550
case_084,post,3,1036,MATMUL,PIPE_M,64944,65532,588,378550
case_084,post,3,1000019396,COPY_IN,PIPE_MTE2,64946,65195,249,378550
case_084,post,3,1000019398,COPY_IN,PIPE_MTE2,65195,65413,218,378550
case_084,post,3,1027,REDUCE,PIPE_V,65244,65328,84,378550
case_084,post,3,1028,SUB,PIPE_V,65328,65412,84,378550
case_084,post,3,1000019402,COPY_IN,PIPE_MTE2,65413,65418,5,378550
case_084,post,3,1000019406,COPY_IN,PIPE_MTE2,65418,65716,298,378550
case_084,post,3,1038,DIV,PIPE_V,65532,65832,300,378550
case_084,post,3,1048,MATMUL,PIPE_M,65532,66120,588,378550
case_084,post,3,1000019408,COPY_IN,PIPE_MTE2,65716,66109,393,378550
case_084,post,3,1039,REDUCE,PIPE_V,65832,65916,84,378550
case_084,post,3,1040,SUB,PIPE_V,65916,66000,84,378550
case_084,post,3,1000019412,COPY_IN,PIPE_MTE2,66109,66116,7,378550
case_084,post,3,1000019416,COPY_IN,PIPE_MTE2,66116,66475,359,378550
case_084,post,3,1050,DIV,PIPE_V,66120,66420,300,378550
case_084,post,3,1060,MATMUL,PIPE_M,66120,66708,588,378550
case_084,post,3,1051,REDUCE,PIPE_V,66420,66504,84,378550
case_084,post,3,1000019418,COPY_IN,PIPE_MTE2,66475,66819,344,378550
case_084,post,3,1052,SUB,PIPE_V,66504,66588,84,378550
case_084,post,3,1062,DIV,PIPE_V,66708,67008,300,378550
case_084,post,3,1072,MATMUL,PIPE_M,66819,67407,588,378550
case_084,post,3,1000019422,COPY_IN,PIPE_MTE2,66819,66825,6,378550
case_084,post,3,1000019426,COPY_IN,PIPE_MTE2,66825,67110,285,378550
case_084,post,3,1063,REDUCE,PIPE_V,67008,67092,84,378550
case_084,post,3,1064,SUB,PIPE_V,67092,67176,84,378550
case_084,post,3,1000019428,COPY_IN,PIPE_MTE2,67110,67347,237,378550
case_084,post,3,1000019432,COPY_IN,PIPE_MTE2,67347,67351,4,378550
case_084,post,3,1000019436,COPY_IN,PIPE_MTE2,67351,67558,207,378550
case_084,post,3,1074,DIV,PIPE_V,67407,67707,300,378550
case_084,post,3,1084,MATMUL,PIPE_M,67407,67995,588,378550
case_084,post,3,1000019438,COPY_IN,PIPE_MTE2,67558,67714,156,378550
case_084,post,3,1075,REDUCE,PIPE_V,67707,67791,84,378550
case_084,post,3,1000019442,COPY_IN,PIPE_MTE2,67714,67717,3,378550
case_084,post,3,1000019446,COPY_IN,PIPE_MTE2,67717,67907,190,378550
case_084,post,3,1076,SUB,PIPE_V,67791,67875,84,378550
case_084,post,3,1000019448,COPY_IN,PIPE_MTE2,67907,68284,377,378550
case_084,post,3,1086,DIV,PIPE_V,67995,68295,300,378550
case_084,post,3,1096,MATMUL,PIPE_M,67995,68583,588,378550
case_084,post,3,1000019452,COPY_IN,PIPE_MTE2,68284,68292,8,378550
case_084,post,3,1000019456,COPY_IN,PIPE_MTE2,68292,68627,335,378550
case_084,post,3,1087,REDUCE,PIPE_V,68295,68379,84,378550
case_084,post,3,1088,SUB,PIPE_V,68379,68463,84,378550
case_084,post,3,1098,DIV,PIPE_V,68583,68883,300,378550
case_084,post,3,1108,MATMUL,PIPE_M,68583,69171,588,378550
case_084,post,3,1000019458,COPY_IN,PIPE_MTE2,68627,68953,326,378550
case_084,post,3,1099,REDUCE,PIPE_V,68883,68967,84,378550
case_084,post,3,1000019462,COPY_IN,PIPE_MTE2,68953,68958,5,378550
case_084,post,3,1000019466,COPY_IN,PIPE_MTE2,68958,69213,255,378550
case_084,post,3,1100,SUB,PIPE_V,68967,69051,84,378550
case_084,post,3,1110,DIV,PIPE_V,69171,69471,300,378550
case_084,post,3,1120,MATMUL,PIPE_M,69171,69759,588,378550
case_084,post,3,1000019468,COPY_IN,PIPE_MTE2,69213,69412,199,378550
case_084,post,3,1000019472,COPY_IN,PIPE_MTE2,69412,69415,3,378550
case_084,post,3,1000019476,COPY_IN,PIPE_MTE2,69415,69622,207,378550
case_084,post,3,1111,REDUCE,PIPE_V,69471,69555,84,378550
case_084,post,3,1112,SUB,PIPE_V,69555,69639,84,378550
case_084,post,3,1000019478,COPY_IN,PIPE_MTE2,69622,69833,211,378550
case_084,post,3,1122,DIV,PIPE_V,69759,70059,300,378550
case_084,post,3,1132,MATMUL,PIPE_M,69759,70347,588,378550
case_084,post,3,1000019482,COPY_IN,PIPE_MTE2,69833,69837,4,378550
case_084,post,3,1000019486,COPY_IN,PIPE_MTE2,69837,70021,184,378550
case_084,post,3,1000019488,COPY_IN,PIPE_MTE2,70021,70151,130,378550
case_084,post,3,1123,REDUCE,PIPE_V,70059,70143,84,378550
case_084,post,3,1124,SUB,PIPE_V,70143,70227,84,378550
case_084,post,3,1000019492,COPY_IN,PIPE_MTE2,70151,70153,2,378550
case_084,post,3,1000019496,COPY_IN,PIPE_MTE2,70153,70422,269,378550
case_084,post,3,1134,DIV,PIPE_V,70347,70647,300,378550
case_084,post,3,1144,MATMUL,PIPE_M,70347,70935,588,378550
case_084,post,3,1000019498,COPY_IN,PIPE_MTE2,70422,70774,352,378550
case_084,post,3,1135,REDUCE,PIPE_V,70647,70731,84,378550
case_084,post,3,1136,SUB,PIPE_V,70731,70815,84,378550
case_084,post,3,1000019502,COPY_IN,PIPE_MTE2,70774,70779,5,378550
case_084,post,3,1000019506,COPY_IN,PIPE_MTE2,70779,71116,337,378550
case_084,post,3,1146,DIV,PIPE_V,70935,71235,300,378550
case_084,post,3,1156,MATMUL,PIPE_M,70935,71523,588,378550
case_084,post,3,1000019508,COPY_IN,PIPE_MTE2,71116,71396,280,378550
case_084,post,3,1147,REDUCE,PIPE_V,71235,71319,84,378550
case_084,post,3,1148,SUB,PIPE_V,71319,71403,84,378550
case_084,post,3,1000019512,COPY_IN,PIPE_MTE2,71403,71407,4,378550
case_084,post,3,1000019516,COPY_IN,PIPE_MTE2,71407,71651,244,378550
case_084,post,3,1158,DIV,PIPE_V,71523,71823,300,378550
case_084,post,3,1168,MATMUL,PIPE_M,71523,72111,588,378550
case_084,post,3,1000019518,COPY_IN,PIPE_MTE2,71651,71872,221,378550
case_084,post,3,1159,REDUCE,PIPE_V,71823,71907,84,378550
case_084,post,3,1160,SUB,PIPE_V,71907,71991,84,378550
case_084,post,3,1170,DIV,PIPE_V,72111,72411,300,378550
case_084,post,3,1180,MATMUL,PIPE_M,72111,72699,588,378550
case_084,post,3,1171,REDUCE,PIPE_V,72411,72495,84,378550
case_084,post,3,1172,SUB,PIPE_V,72495,72579,84,378550
case_084,post,3,1000019522,COPY_IN,PIPE_MTE2,72579,72585,6,378550
case_084,post,3,1000019526,COPY_IN,PIPE_MTE2,72585,72943,358,378550
case_084,post,3,1182,DIV,PIPE_V,72699,72999,300,378550
case_084,post,3,1192,MATMUL,PIPE_M,72699,73287,588,378550
case_084,post,3,1000019528,COPY_IN,PIPE_MTE2,72943,73317,374,378550
case_084,post,3,1183,REDUCE,PIPE_V,72999,73083,84,378550
case_084,post,3,1184,SUB,PIPE_V,73083,73167,84,378550
case_084,post,3,1000028642,COPY_OUT,PIPE_MTE3,73167,73678,511,378550
case_084,post,3,1194,DIV,PIPE_V,73287,73587,300,378550
case_084,post,3,1204,MATMUL,PIPE_M,73317,73905,588,378550
case_084,post,3,1195,REDUCE,PIPE_V,73587,73671,84,378550
case_084,post,3,1196,SUB,PIPE_V,73678,73762,84,378550
case_084,post,3,1000019532,COPY_IN,PIPE_MTE2,73678,73683,5,378550
case_084,post,3,1000019536,COPY_IN,PIPE_MTE2,73683,73974,291,378550
case_084,post,3,1000028646,COPY_OUT,PIPE_MTE3,73762,74205,443,378550
case_084,post,3,1206,DIV,PIPE_V,73905,74205,300,378550
case_084,post,3,1000019538,COPY_IN,PIPE_MTE2,73974,74236,262,378550
case_084,post,3,1207,REDUCE,PIPE_V,74205,74289,84,378550
case_084,post,3,1216,MATMUL,PIPE_M,74236,74824,588,378550
case_084,post,3,1000019542,COPY_IN,PIPE_MTE2,74236,74239,3,378550
case_084,post,3,1000019546,COPY_IN,PIPE_MTE2,74239,74422,183,378550
case_084,post,3,1208,SUB,PIPE_V,74289,74373,84,378550
case_084,post,3,1000028650,COPY_OUT,PIPE_MTE3,74373,74723,350,378550
case_084,post,3,1000019548,COPY_IN,PIPE_MTE2,74422,74670,248,378550
case_084,post,3,1000019552,COPY_IN,PIPE_MTE2,74723,74726,3,378550
case_084,post,3,1000019556,COPY_IN,PIPE_MTE2,74726,74927,201,378550
case_084,post,3,1218,DIV,PIPE_V,74824,75124,300,378550
case_084,post,3,1228,MATMUL,PIPE_M,74824,75412,588,378550
case_084,post,3,1000019558,COPY_IN,PIPE_MTE2,74927,75295,368,378550
case_084,post,3,1219,REDUCE,PIPE_V,75124,75208,84,378550
case_084,post,3,1220,SUB,PIPE_V,75208,75292,84,378550
case_084,post,3,1000028654,COPY_OUT,PIPE_MTE3,75292,75827,535,378550
case_084,post,3,1230,DIV,PIPE_V,75412,75712,300,378550
case_084,post,3,1240,MATMUL,PIPE_M,75412,76000,588,378550
case_084,post,3,1231,REDUCE,PIPE_V,75712,75796,84,378550
case_084,post,3,1232,SUB,PIPE_V,75827,75911,84,378550
case_084,post,3,1000019562,COPY_IN,PIPE_MTE2,75827,75833,6,378550
case_084,post,3,1000019566,COPY_IN,PIPE_MTE2,75833,76154,321,378550
case_084,post,3,1000028658,COPY_OUT,PIPE_MTE3,75911,76382,471,378550
case_084,post,3,1242,DIV,PIPE_V,76000,76300,300,378550
case_084,post,3,1000019568,COPY_IN,PIPE_MTE2,76154,76435,281,378550
case_084,post,3,1243,REDUCE,PIPE_V,76300,76384,84,378550
case_084,post,3,1244,SUB,PIPE_V,76384,76468,84,378550
case_084,post,3,1252,MATMUL,PIPE_M,76435,77023,588,378550
case_084,post,3,1000019572,COPY_IN,PIPE_MTE2,76435,76439,4,378550
case_084,post,3,1000019576,COPY_IN,PIPE_MTE2,76439,76656,217,378550
case_084,post,3,1000028662,COPY_OUT,PIPE_MTE3,76468,76810,342,378550
case_084,post,3,1000019578,COPY_IN,PIPE_MTE2,76656,76905,249,378550
case_084,post,3,1000019582,COPY_IN,PIPE_MTE2,76905,76909,4,378550
case_084,post,3,1000019586,COPY_IN,PIPE_MTE2,76909,77099,190,378550
case_084,post,3,1254,DIV,PIPE_V,77023,77323,300,378550
case_084,post,3,1264,MATMUL,PIPE_M,77023,77611,588,378550
case_084,post,3,1000019588,COPY_IN,PIPE_MTE2,77099,77340,241,378550
case_084,post,3,1255,REDUCE,PIPE_V,77323,77407,84,378550
case_084,post,3,1256,SUB,PIPE_V,77407,77491,84,378550
case_084,post,3,1000028666,COPY_OUT,PIPE_MTE3,77491,78004,513,378550
case_084,post,3,1266,DIV,PIPE_V,77611,77911,300,378550
case_084,post,3,1276,MATMUL,PIPE_M,77611,78199,588,378550
case_084,post,3,1267,REDUCE,PIPE_V,77911,77995,84,378550
case_084,post,3,1268,SUB,PIPE_V,78004,78088,84,378550
case_084,post,3,1000019592,COPY_IN,PIPE_MTE2,78004,78010,6,378550
case_084,post,3,1000019596,COPY_IN,PIPE_MTE2,78010,78370,360,378550
case_084,post,3,1000028670,COPY_OUT,PIPE_MTE3,78088,78584,496,378550
case_084,post,3,1278,DIV,PIPE_V,78199,78499,300,378550
case_084,post,3,1000019598,COPY_IN,PIPE_MTE2,78370,78642,272,378550
case_084,post,3,1279,REDUCE,PIPE_V,78499,78583,84,378550
case_084,post,3,1280,SUB,PIPE_V,78584,78668,84,378550
case_084,post,3,1288,MATMUL,PIPE_M,78642,79230,588,378550
case_084,post,3,1000019602,COPY_IN,PIPE_MTE2,78642,78646,4,378550
case_084,post,3,1000019606,COPY_IN,PIPE_MTE2,78646,78910,264,378550
case_084,post,3,1000028674,COPY_OUT,PIPE_MTE3,78668,79065,397,378550
case_084,post,3,1000019608,COPY_IN,PIPE_MTE2,78910,79171,261,378550
case_084,post,3,1000019612,COPY_IN,PIPE_MTE2,79171,79175,4,378550
case_084,post,3,1000019616,COPY_IN,PIPE_MTE2,79175,79382,207,378550
case_084,post,3,1290,DIV,PIPE_V,79230,79530,300,378550
case_084,post,3,1300,MATMUL,PIPE_M,79230,79818,588,378550
case_084,post,3,1000019618,COPY_IN,PIPE_MTE2,79382,79583,201,378550
case_084,post,3,1291,REDUCE,PIPE_V,79530,79614,84,378550
case_084,post,3,1292,SUB,PIPE_V,79614,79698,84,378550
case_084,post,3,1000028678,COPY_OUT,PIPE_MTE3,79698,80195,497,378550
case_084,post,3,1302,DIV,PIPE_V,79818,80118,300,378550
case_084,post,3,1312,MATMUL,PIPE_M,79818,80406,588,378550
case_084,post,3,1303,REDUCE,PIPE_V,80118,80202,84,378550
case_084,post,3,1000019622,COPY_IN,PIPE_MTE2,80195,80200,5,378550
case_084,post,3,1000019626,COPY_IN,PIPE_MTE2,80200,80558,358,378550
case_084,post,3,1304,SUB,PIPE_V,80202,80286,84,378550
case_084,post,3,1000028682,COPY_OUT,PIPE_MTE3,80286,80809,523,378550
case_084,post,3,1314,DIV,PIPE_V,80406,80706,300,378550
case_084,post,3,1000019628,COPY_IN,PIPE_MTE2,80558,80856,298,378550
case_084,post,3,1315,REDUCE,PIPE_V,80706,80790,84,378550
case_084,post,3,1316,SUB,PIPE_V,80809,80893,84,378550
case_084,post,3,1324,MATMUL,PIPE_M,80856,81444,588,378550
case_084,post,3,1000019632,COPY_IN,PIPE_MTE2,80856,80860,4,378550
case_084,post,3,1000019636,COPY_IN,PIPE_MTE2,80860,81158,298,378550
case_084,post,3,1000028686,COPY_OUT,PIPE_MTE3,80893,81334,441,378550
case_084,post,3,1000019638,COPY_IN,PIPE_MTE2,81158,81391,233,378550
case_084,post,3,1000019642,COPY_IN,PIPE_MTE2,81391,81394,3,378550
case_084,post,3,1000019646,COPY_IN,PIPE_MTE2,81394,81600,206,378550
case_084,post,3,1326,DIV,PIPE_V,81444,81744,300,378550
case_084,post,3,1336,MATMUL,PIPE_M,81444,82032,588,378550
case_084,post,3,1000019648,COPY_IN,PIPE_MTE2,81600,81782,182,378550
case_084,post,3,1327,REDUCE,PIPE_V,81744,81828,84,378550
case_084,post,3,1328,SUB,PIPE_V,81828,81912,84,378550
case_084,post,3,1000028690,COPY_OUT,PIPE_MTE3,81912,82408,496,378550
case_084,post,3,1338,DIV,PIPE_V,82032,82332,300,378550
case_084,post,3,1348,MATMUL,PIPE_M,82032,82620,588,378550
case_084,post,3,1339,REDUCE,PIPE_V,82332,82416,84,378550
case_084,post,3,1000019652,COPY_IN,PIPE_MTE2,82408,82414,6,378550
case_084,post,3,1000019656,COPY_IN,PIPE_MTE2,82414,82781,367,378550
case_084,post,3,1340,SUB,PIPE_V,82416,82500,84,378550
case_084,post,3,1000028694,COPY_OUT,PIPE_MTE3,82500,83055,555,378550
case_084,post,3,1350,DIV,PIPE_V,82620,82920,300,378550
case_084,post,3,1000019658,COPY_IN,PIPE_MTE2,82781,83110,329,378550
case_084,post,3,1351,REDUCE,PIPE_V,82920,83004,84,378550
case_084,post,3,1352,SUB,PIPE_V,83055,83139,84,378550
case_084,post,3,1360,MATMUL,PIPE_M,83110,83698,588,378550
case_084,post,3,1000019662,COPY_IN,PIPE_MTE2,83110,83113,3,378550
case_084,post,3,1000019666,COPY_IN,PIPE_MTE2,83113,83397,284,378550
case_084,post,3,1000028698,COPY_OUT,PIPE_MTE3,83139,83595,456,378550
case_084,post,3,1000019668,COPY_IN,PIPE_MTE2,83397,83656,259,378550
case_084,post,3,1000019672,COPY_IN,PIPE_MTE2,83656,83659,3,378550
case_084,post,3,1000019676,COPY_IN,PIPE_MTE2,83659,83836,177,378550
case_084,post,3,1362,DIV,PIPE_V,83698,83998,300,378550
case_084,post,3,1372,MATMUL,PIPE_M,83698,84286,588,378550
case_084,post,3,1000019678,COPY_IN,PIPE_MTE2,83836,84042,206,378550
case_084,post,3,1363,REDUCE,PIPE_V,83998,84082,84,378550
case_084,post,3,1364,SUB,PIPE_V,84082,84166,84,378550
case_084,post,3,1000028702,COPY_OUT,PIPE_MTE3,84166,84645,479,378550
case_084,post,3,1374,DIV,PIPE_V,84286,84586,300,378550
case_084,post,3,1384,MATMUL,PIPE_M,84286,84874,588,378550
case_084,post,3,1375,REDUCE,PIPE_V,84586,84670,84,378550
case_084,post,3,1000019682,COPY_IN,PIPE_MTE2,84645,84652,7,378550
case_084,post,3,1000019686,COPY_IN,PIPE_MTE2,84652,85038,386,378550
case_084,post,3,1376,SUB,PIPE_V,84670,84754,84,378550
case_084,post,3,1000028706,COPY_OUT,PIPE_MTE3,84754,85338,584,378550
case_084,post,3,1386,DIV,PIPE_V,84874,85174,300,378550
case_084,post,3,1000019688,COPY_IN,PIPE_MTE2,85038,85394,356,378550
case_084,post,3,1387,REDUCE,PIPE_V,85174,85258,84,378550
case_084,post,3,1388,SUB,PIPE_V,85338,85422,84,378550
case_084,post,3,1396,MATMUL,PIPE_M,85394,85982,588,378550
case_084,post,3,1000019692,COPY_IN,PIPE_MTE2,85394,85399,5,378550
case_084,post,3,1000019696,COPY_IN,PIPE_MTE2,85399,85698,299,378550
case_084,post,3,1000028710,COPY_OUT,PIPE_MTE3,85422,85874,452,378550
case_084,post,3,1000019698,COPY_IN,PIPE_MTE2,85698,85959,261,378550
case_084,post,3,1000019702,COPY_IN,PIPE_MTE2,85959,85962,3,378550
case_084,post,3,1000019706,COPY_IN,PIPE_MTE2,85962,86123,161,378550
case_084,post,3,1398,DIV,PIPE_V,85982,86282,300,378550
case_084,post,3,1408,MATMUL,PIPE_M,85982,86570,588,378550
case_084,post,3,1000019708,COPY_IN,PIPE_MTE2,86123,86330,207,378550
case_084,post,3,1399,REDUCE,PIPE_V,86282,86366,84,378550
case_084,post,3,1400,SUB,PIPE_V,86366,86450,84,378550
case_084,post,3,1000028714,COPY_OUT,PIPE_MTE3,86450,86909,459,378550
case_084,post,3,1410,DIV,PIPE_V,86570,86870,300,378550
case_084,post,3,1420,MATMUL,PIPE_M,86570,87158,588,378550
case_084,post,3,1411,REDUCE,PIPE_V,86870,86954,84,378550
case_084,post,3,1000019712,COPY_IN,PIPE_MTE2,86909,86916,7,378550
case_084,post,3,1000019716,COPY_IN,PIPE_MTE2,86916,87311,395,378550
case_084,post,3,1412,SUB,PIPE_V,86954,87038,84,378550
case_084,post,3,1000028718,COPY_OUT,PIPE_MTE3,87038,87637,599,378550
case_084,post,3,1422,DIV,PIPE_V,87158,87458,300,378550
case_084,post,3,1000019718,COPY_IN,PIPE_MTE2,87311,87684,373,378550
case_084,post,3,1423,REDUCE,PIPE_V,87458,87542,84,378550
case_084,post,3,1424,SUB,PIPE_V,87637,87721,84,378550
case_084,post,3,1432,MATMUL,PIPE_M,87684,88272,588,378550
case_084,post,3,1000019722,COPY_IN,PIPE_MTE2,87684,87689,5,378550
case_084,post,3,1000019726,COPY_IN,PIPE_MTE2,87689,87994,305,378550
case_084,post,3,1000028722,COPY_OUT,PIPE_MTE3,87721,88181,460,378550
case_084,post,3,1000019728,COPY_IN,PIPE_MTE2,87994,88264,270,378550
case_084,post,3,1000019732,COPY_IN,PIPE_MTE2,88264,88268,4,378550
case_084,post,3,1000019736,COPY_IN,PIPE_MTE2,88268,88427,159,378550
case_084,post,3,1434,DIV,PIPE_V,88272,88572,300,378550
case_084,post,3,1444,MATMUL,PIPE_M,88272,88860,588,378550
case_084,post,3,1000019738,COPY_IN,PIPE_MTE2,88427,88623,196,378550
case_084,post,3,1435,REDUCE,PIPE_V,88572,88656,84,378550
case_084,post,3,1436,SUB,PIPE_V,88656,88740,84,378550
case_084,post,3,1000028726,COPY_OUT,PIPE_MTE3,88740,89145,405,378550
case_084,post,3,1446,DIV,PIPE_V,88860,89160,300,378550
case_084,post,3,1456,MATMUL,PIPE_M,88860,89448,588,378550
case_084,post,3,1000019742,COPY_IN,PIPE_MTE2,89145,89152,7,378550
case_084,post,3,1000019746,COPY_IN,PIPE_MTE2,89152,89533,381,378550
case_084,post,3,1447,REDUCE,PIPE_V,89160,89244,84,378550
case_084,post,3,1448,SUB,PIPE_V,89244,89328,84,378550
case_084,post,3,1000028730,COPY_OUT,PIPE_MTE3,89328,89863,535,378550
case_084,post,3,1458,DIV,PIPE_V,89448,89748,300,378550
case_084,post,3,1000019748,COPY_IN,PIPE_MTE2,89533,89872,339,378550
case_084,post,3,1459,REDUCE,PIPE_V,89748,89832,84,378550
case_084,post,3,1460,SUB,PIPE_V,89863,89947,84,378550
case_084,post,3,1468,MATMUL,PIPE_M,89872,90460,588,378550
case_084,post,3,1000019752,COPY_IN,PIPE_MTE2,89872,89876,4,378550
case_084,post,3,1000019756,COPY_IN,PIPE_MTE2,89876,90118,242,378550
case_084,post,3,1000028734,COPY_OUT,PIPE_MTE3,89947,90303,356,378550
case_084,post,3,1000019758,COPY_IN,PIPE_MTE2,90118,90332,214,378550
case_084,post,3,1000019762,COPY_IN,PIPE_MTE2,90332,90335,3,378550
case_084,post,3,1000019766,COPY_IN,PIPE_MTE2,90335,90488,153,378550
case_084,post,3,1470,DIV,PIPE_V,90460,90760,300,378550
case_084,post,3,1480,MATMUL,PIPE_M,90460,91048,588,378550
case_084,post,3,1000019768,COPY_IN,PIPE_MTE2,90488,90588,100,378550
case_084,post,3,1471,REDUCE,PIPE_V,90760,90844,84,378550
case_084,post,3,1472,SUB,PIPE_V,90844,90928,84,378550
case_084,post,3,1000028738,COPY_OUT,PIPE_MTE3,90928,91082,154,378550
case_084,post,3,1482,DIV,PIPE_V,91048,91348,300,378550
case_084,post,3,1492,MATMUL,PIPE_M,91048,91636,588,378550
case_084,post,3,1000019772,COPY_IN,PIPE_MTE2,91082,91084,2,378550
case_084,post,3,1000019776,COPY_IN,PIPE_MTE2,91084,91266,182,378550
case_084,post,3,1000019778,COPY_IN,PIPE_MTE2,91266,91511,245,378550
case_084,post,3,1483,REDUCE,PIPE_V,91348,91432,84,378550
case_084,post,3,1484,SUB,PIPE_V,91432,91516,84,378550
case_084,post,3,1000028742,COPY_OUT,PIPE_MTE3,91516,91876,360,378550
case_084,post,3,1494,DIV,PIPE_V,91636,91936,300,378550
case_084,post,3,1504,MATMUL,PIPE_M,91636,92224,588,378550
case_084,post,3,1000019782,COPY_IN,PIPE_MTE2,91876,91879,3,378550
case_084,post,3,1000019786,COPY_IN,PIPE_MTE2,91879,92038,159,378550
case_084,post,3,1495,REDUCE,PIPE_V,91936,92020,84,378550
case_084,post,3,1496,SUB,PIPE_V,92020,92104,84,378550
case_084,post,3,1000019788,COPY_IN,PIPE_MTE2,92038,92262,224,378550
case_084,post,3,1000028746,COPY_OUT,PIPE_MTE3,92104,92358,254,378550
case_084,post,3,1506,DIV,PIPE_V,92224,92524,300,378550
case_084,post,3,1516,MATMUL,PIPE_M,92262,92850,588,378550
case_084,post,3,1000019792,COPY_IN,PIPE_MTE2,92358,92360,2,378550
case_084,post,3,1000019796,COPY_IN,PIPE_MTE2,92360,92464,104,378550
case_084,post,3,1000019798,COPY_IN,PIPE_MTE2,92464,92560,96,378550
case_084,post,3,1507,REDUCE,PIPE_V,92524,92608,84,378550
case_084,post,3,1508,SUB,PIPE_V,92608,92692,84,378550
case_084,post,3,1000028750,COPY_OUT,PIPE_MTE3,92692,92846,154,378550
case_084,post,3,1000019802,COPY_IN,PIPE_MTE2,92846,92848,2,378550
case_084,post,3,1000019806,COPY_IN,PIPE_MTE2,92848,92952,104,378550
case_084,post,3,1518,DIV,PIPE_V,92850,93150,300,378550
case_084,post,3,1528,MATMUL,PIPE_M,92850,93438,588,378550
case_084,post,3,1000019808,COPY_IN,PIPE_MTE2,92952,93024,72,378550
case_084,post,3,1519,REDUCE,PIPE_V,93150,93234,84,378550
case_084,post,3,1520,SUB,PIPE_V,93234,93318,84,378550
case_084,post,3,1000028754,COPY_OUT,PIPE_MTE3,93318,93506,188,378550
case_084,post,3,1530,DIV,PIPE_V,93438,93738,300,378550
case_084,post,3,1540,MATMUL,PIPE_M,93438,94026,588,378550
case_084,post,3,1000019812,COPY_IN,PIPE_MTE2,93506,93510,4,378550
case_084,post,3,1000019816,COPY_IN,PIPE_MTE2,93510,93739,229,378550
case_084,post,3,1531,REDUCE,PIPE_V,93738,93822,84,378550
case_084,post,3,1000019818,COPY_IN,PIPE_MTE2,93739,94061,322,378550
case_084,post,3,1532,SUB,PIPE_V,93822,93906,84,378550
case_084,post,3,1000028758,COPY_OUT,PIPE_MTE3,93906,94280,374,378550
case_084,post,3,1542,DIV,PIPE_V,94026,94326,300,378550
case_084,post,3,1552,MATMUL,PIPE_M,94061,94649,588,378550
case_084,post,3,1000019822,COPY_IN,PIPE_MTE2,94280,94283,3,378550
case_084,post,3,1000019826,COPY_IN,PIPE_MTE2,94283,94454,171,378550
case_084,post,3,1543,REDUCE,PIPE_V,94326,94410,84,378550
case_084,post,3,1544,SUB,PIPE_V,94410,94494,84,378550
case_084,post,3,1000019828,COPY_IN,PIPE_MTE2,94454,94684,230,378550
case_084,post,3,1000028762,COPY_OUT,PIPE_MTE3,94494,94756,262,378550
case_084,post,3,1554,DIV,PIPE_V,94649,94949,300,378550
case_084,post,3,1564,MATMUL,PIPE_M,94684,95272,588,378550
case_084,post,3,1000019832,COPY_IN,PIPE_MTE2,94756,94758,2,378550
case_084,post,3,1000019836,COPY_IN,PIPE_MTE2,94758,94862,104,378550
case_084,post,3,1000019838,COPY_IN,PIPE_MTE2,94862,94983,121,378550
case_084,post,3,1555,REDUCE,PIPE_V,94949,95033,84,378550
case_084,post,3,1556,SUB,PIPE_V,95033,95117,84,378550
case_084,post,3,1000028766,COPY_OUT,PIPE_MTE3,95117,95271,154,378550
case_084,post,3,1000019842,COPY_IN,PIPE_MTE2,95271,95273,2,378550
case_084,post,3,1566,DIV,PIPE_V,95272,95572,300,378550
case_084,post,3,1576,MATMUL,PIPE_M,95272,95860,588,378550
case_084,post,3,1000019846,COPY_IN,PIPE_MTE2,95273,95373,100,378550
case_084,post,3,1000019848,COPY_IN,PIPE_MTE2,95373,95425,52,378550
case_084,post,3,1567,REDUCE,PIPE_V,95572,95656,84,378550
case_084,post,3,1568,SUB,PIPE_V,95656,95740,84,378550
case_084,post,3,1000028770,COPY_OUT,PIPE_MTE3,95740,96037,297,378550
case_084,post,3,1578,DIV,PIPE_V,95860,96160,300,378550
case_084,post,3,1588,MATMUL,PIPE_M,95860,96448,588,378550
case_084,post,3,1000019852,COPY_IN,PIPE_MTE2,96037,96042,5,378550
case_084,post,3,1000019856,COPY_IN,PIPE_MTE2,96042,96287,245,378550
case_084,post,3,1579,REDUCE,PIPE_V,96160,96244,84,378550
case_084,post,3,1580,SUB,PIPE_V,96244,96328,84,378550
case_084,post,3,1000019858,COPY_IN,PIPE_MTE2,96287,96560,273,378550
case_084,post,3,1000028774,COPY_OUT,PIPE_MTE3,96328,96664,336,378550
case_084,post,3,1590,DIV,PIPE_V,96448,96748,300,378550
case_084,post,3,1600,MATMUL,PIPE_M,96560,97148,588,378550
case_084,post,3,1000019862,COPY_IN,PIPE_MTE2,96664,96667,3,378550
case_084,post,3,1000019866,COPY_IN,PIPE_MTE2,96667,96774,107,378550
case_084,post,3,1591,REDUCE,PIPE_V,96748,96832,84,378550
case_084,post,3,1000019868,COPY_IN,PIPE_MTE2,96774,96876,102,378550
case_084,post,3,1592,SUB,PIPE_V,96832,96916,84,378550
case_084,post,3,1000028778,COPY_OUT,PIPE_MTE3,96916,97070,154,378550
case_084,post,3,1000019872,COPY_IN,PIPE_MTE2,97070,97072,2,378550
case_084,post,3,1000019876,COPY_IN,PIPE_MTE2,97072,97176,104,378550
case_084,post,3,1602,DIV,PIPE_V,97148,97448,300,378550
case_084,post,3,1612,MATMUL,PIPE_M,97148,97736,588,378550
case_084,post,3,1000019878,COPY_IN,PIPE_MTE2,97176,97270,94,378550
case_084,post,3,1603,REDUCE,PIPE_V,97448,97532,84,378550
case_084,post,3,1604,SUB,PIPE_V,97532,97616,84,378550
case_084,post,3,1000028782,COPY_OUT,PIPE_MTE3,97616,97770,154,378550
case_084,post,3,1614,DIV,PIPE_V,97736,98036,300,378550
case_084,post,3,1624,MATMUL,PIPE_M,97736,98324,588,378550
case_084,post,3,1000019882,COPY_IN,PIPE_MTE2,97770,97772,2,378550
case_084,post,3,1000019886,COPY_IN,PIPE_MTE2,97772,97876,104,378550
case_084,post,3,1000019888,COPY_IN,PIPE_MTE2,97876,97941,65,378550
case_084,post,3,1615,REDUCE,PIPE_V,98036,98120,84,378550
case_084,post,3,1616,SUB,PIPE_V,98120,98204,84,378550
case_084,post,3,1000028786,COPY_OUT,PIPE_MTE3,98204,98534,330,378550
case_084,post,3,1626,DIV,PIPE_V,98324,98624,300,378550
case_084,post,3,1636,MATMUL,PIPE_M,98324,98912,588,378550
case_084,post,3,1000019892,COPY_IN,PIPE_MTE2,98534,98539,5,378550
case_084,post,3,1000019896,COPY_IN,PIPE_MTE2,98539,98729,190,378550
case_084,post,3,1627,REDUCE,PIPE_V,98624,98708,84,378550
case_084,post,3,1628,SUB,PIPE_V,98708,98792,84,378550
case_084,post,3,1000019898,COPY_IN,PIPE_MTE2,98729,98950,221,378550
case_084,post,3,1000028790,COPY_OUT,PIPE_MTE3,98792,99039,247,378550
case_084,post,3,1638,DIV,PIPE_V,98912,99212,300,378550
case_084,post,3,1648,MATMUL,PIPE_M,98950,99538,588,378550
case_084,post,3,1000019902,COPY_IN,PIPE_MTE2,99039,99041,2,378550
case_084,post,3,1000019906,COPY_IN,PIPE_MTE2,99041,99145,104,378550
case_084,post,3,1000019908,COPY_IN,PIPE_MTE2,99145,99240,95,378550
case_084,post,3,1639,REDUCE,PIPE_V,99212,99296,84,378550
case_084,post,3,1640,SUB,PIPE_V,99296,99380,84,378550
case_084,post,3,1000028794,COPY_OUT,PIPE_MTE3,99380,99534,154,378550
case_084,post,3,1000019912,COPY_IN,PIPE_MTE2,99534,99536,2,378550
case_084,post,3,1000019916,COPY_IN,PIPE_MTE2,99536,99640,104,378550
case_084,post,3,1650,DIV,PIPE_V,99538,99838,300,378550
case_084,post,3,1660,MATMUL,PIPE_M,99538,100126,588,378550
case_084,post,3,1000019918,COPY_IN,PIPE_MTE2,99640,99705,65,378550
case_084,post,3,1651,REDUCE,PIPE_V,99838,99922,84,378550
case_084,post,3,1652,SUB,PIPE_V,99922,100006,84,378550
case_084,post,3,1000028798,COPY_OUT,PIPE_MTE3,100006,100160,154,378550
case_084,post,3,1662,DIV,PIPE_V,100126,100426,300,378550
case_084,post,3,1672,MATMUL,PIPE_M,100126,100714,588,378550
case_084,post,3,1000019922,COPY_IN,PIPE_MTE2,100160,100162,2,378550
case_084,post,3,1000019926,COPY_IN,PIPE_MTE2,100162,100266,104,378550
case_084,post,3,1000019928,COPY_IN,PIPE_MTE2,100266,100318,52,378550
case_084,post,3,1663,REDUCE,PIPE_V,100426,100510,84,378550
case_084,post,3,1664,SUB,PIPE_V,100510,100594,84,378550
case_084,post,3,1000028802,COPY_OUT,PIPE_MTE3,100594,100930,336,378550
case_084,post,3,1674,DIV,PIPE_V,100714,101014,300,378550
case_084,post,3,1684,MATMUL,PIPE_M,100714,101302,588,378550
case_084,post,3,1000019932,COPY_IN,PIPE_MTE2,100930,100933,3,378550
case_084,post,3,1000019936,COPY_IN,PIPE_MTE2,100933,101089,156,378550
case_084,post,3,1675,REDUCE,PIPE_V,101014,101098,84,378550
case_084,post,3,1000019938,COPY_IN,PIPE_MTE2,101089,101268,179,378550
case_084,post,3,1676,SUB,PIPE_V,101098,101182,84,378550
case_084,post,3,1000028806,COPY_OUT,PIPE_MTE3,101182,101371,189,378550
case_084,post,3,1686,DIV,PIPE_V,101302,101602,300,378550
case_084,post,3,1696,MATMUL,PIPE_M,101302,101890,588,378550
case_084,post,3,1000019942,COPY_IN,PIPE_MTE2,101371,101373,2,378550
case_084,post,3,1000019946,COPY_IN,PIPE_MTE2,101373,101477,104,378550
case_084,post,3,1000019948,COPY_IN,PIPE_MTE2,101477,101568,91,378550
case_084,post,3,1687,REDUCE,PIPE_V,101602,101686,84,378550
case_084,post,3,1688,SUB,PIPE_V,101686,101770,84,378550
case_084,post,3,1000028810,COPY_OUT,PIPE_MTE3,101770,101924,154,378550
case_084,post,3,1698,DIV,PIPE_V,101890,102190,300,378550
case_084,post,3,1708,MATMUL,PIPE_M,101890,102478,588,378550
case_084,post,3,1000019952,COPY_IN,PIPE_MTE2,101924,101926,2,378550
case_084,post,3,1000019956,COPY_IN,PIPE_MTE2,101926,102030,104,378550
case_084,post,3,1000019958,COPY_IN,PIPE_MTE2,102030,102082,52,378550
case_084,post,3,1699,REDUCE,PIPE_V,102190,102274,84,378550
case_084,post,3,1700,SUB,PIPE_V,102274,102358,84,378550
case_084,post,3,1000028814,COPY_OUT,PIPE_MTE3,102358,102512,154,378550
case_084,post,3,1710,DIV,PIPE_V,102478,102778,300,378550
case_084,post,3,1720,MATMUL,PIPE_M,102478,103066,588,378550
case_084,post,3,1000019962,COPY_IN,PIPE_MTE2,102512,102514,2,378550
case_084,post,3,1000022984,COPY_IN,PIPE_MTE2,102514,102618,104,378550
case_084,post,3,1000022986,COPY_IN,PIPE_MTE2,102618,102670,52,378550
case_084,post,3,1711,REDUCE,PIPE_V,102778,102862,84,378550
case_084,post,3,1712,SUB,PIPE_V,102862,102946,84,378550
case_084,post,3,1000028818,COPY_OUT,PIPE_MTE3,102946,103266,320,378550
case_084,post,3,1722,DIV,PIPE_V,103066,103366,300,378550
case_084,post,3,4828,MATMUL,PIPE_M,103066,103654,588,378550
case_084,post,3,1000022990,COPY_IN,PIPE_MTE2,103266,103269,3,378550
case_084,post,3,1000023000,COPY_IN,PIPE_MTE2,103269,103425,156,378550
case_084,post,3,1723,REDUCE,PIPE_V,103366,103450,84,378550
case_084,post,3,1000023002,COPY_IN,PIPE_MTE2,103425,103581,156,378550
case_084,post,3,1724,SUB,PIPE_V,103450,103534,84,378550
case_084,post,3,1000028822,COPY_OUT,PIPE_MTE3,103534,103703,169,378550
case_084,post,3,4830,DIV,PIPE_V,103654,103954,300,378550
case_084,post,3,4840,MATMUL,PIPE_M,103654,104242,588,378550
case_084,post,3,1000023006,COPY_IN,PIPE_MTE2,103703,103705,2,378550
case_084,post,3,1000023013,COPY_IN,PIPE_MTE2,103705,103809,104,378550
case_084,post,3,1000023015,COPY_IN,PIPE_MTE2,103809,103896,87,378550
case_084,post,3,4831,REDUCE,PIPE_V,103954,104038,84,378550
case_084,post,3,4832,SUB,PIPE_V,104038,104122,84,378550
case_084,post,3,1000022992,COPY_OUT,PIPE_MTE3,104122,104276,154,378550
case_084,post,3,4842,DIV,PIPE_V,104242,104542,300,378550
case_084,post,3,4852,MATMUL,PIPE_M,104242,104830,588,378550
case_084,post,3,1000023019,COPY_IN,PIPE_MTE2,104276,104278,2,378550
case_084,post,3,1000023026,COPY_IN,PIPE_MTE2,104278,104382,104,378550
case_084,post,3,1000023028,COPY_IN,PIPE_MTE2,104382,104434,52,378550
case_084,post,3,4843,REDUCE,PIPE_V,104542,104626,84,378550
case_084,post,3,4844,SUB,PIPE_V,104626,104710,84,378550
case_084,post,3,1000023008,COPY_OUT,PIPE_MTE3,104710,104864,154,378550
case_084,post,3,4854,DIV,PIPE_V,104830,105130,300,378550
case_084,post,3,4864,MATMUL,PIPE_M,104830,105418,588,378550
case_084,post,3,1000023032,COPY_IN,PIPE_MTE2,104864,104866,2,378550
case_084,post,3,1000023039,COPY_IN,PIPE_MTE2,104866,104970,104,378550
case_084,post,3,1000023041,COPY_IN,PIPE_MTE2,104970,105022,52,378550
case_084,post,3,4855,REDUCE,PIPE_V,105130,105214,84,378550
case_084,post,3,4856,SUB,PIPE_V,105214,105298,84,378550
case_084,post,3,1000023021,COPY_OUT,PIPE_MTE3,105298,105596,298,378550
case_084,post,3,4866,DIV,PIPE_V,105418,105718,300,378550
case_084,post,3,4876,MATMUL,PIPE_M,105418,106006,588,378550
case_084,post,3,1000023045,COPY_IN,PIPE_MTE2,105596,105599,3,378550
case_084,post,3,1000023052,COPY_IN,PIPE_MTE2,105599,105755,156,378550
case_084,post,3,4867,REDUCE,PIPE_V,105718,105802,84,378550
case_084,post,3,1000023054,COPY_IN,PIPE_MTE2,105755,105912,157,378550
case_084,post,3,4868,SUB,PIPE_V,105802,105886,84,378550
case_084,post,3,1000023034,COPY_OUT,PIPE_MTE3,105886,106106,220,378550
case_084,post,3,4878,DIV,PIPE_V,106006,106306,300,378550
case_084,post,3,4888,MATMUL,PIPE_M,106006,106594,588,378550
case_084,post,3,1000023058,COPY_IN,PIPE_MTE2,106106,106108,2,378550
case_084,post,3,1000023065,COPY_IN,PIPE_MTE2,106108,106212,104,378550
case_084,post,3,1000023067,COPY_IN,PIPE_MTE2,106212,106316,104,378550
case_084,post,3,4879,REDUCE,PIPE_V,106306,106390,84,378550
case_084,post,3,4880,SUB,PIPE_V,106390,106474,84,378550
case_084,post,3,1000023047,COPY_OUT,PIPE_MTE3,106474,106551,77,378550
case_084,post,3,1000023071,COPY_IN,PIPE_MTE2,106551,106552,1,378550
case_084,post,3,1000023078,COPY_IN,PIPE_MTE2,106552,106604,52,378550
case_084,post,3,4890,DIV,PIPE_V,106594,106894,300,378550
case_084,post,3,4900,MATMUL,PIPE_M,106594,107182,588,378550
case_084,post,3,1000023080,COPY_IN,PIPE_MTE2,106604,106656,52,378550
case_084,post,3,4891,REDUCE,PIPE_V,106894,106978,84,378550
case_084,post,3,4892,SUB,PIPE_V,106978,107062,84,378550
case_084,post,3,1000023060,COPY_OUT,PIPE_MTE3,107062,107216,154,378550
case_084,post,3,4902,DIV,PIPE_V,107182,107482,300,378550
case_084,post,3,4912,MATMUL,PIPE_M,107182,107770,588,378550
case_084,post,3,1000023084,COPY_IN,PIPE_MTE2,107216,107218,2,378550
case_084,post,3,1000023091,COPY_IN,PIPE_MTE2,107218,107317,99,378550
case_084,post,3,1000023093,COPY_IN,PIPE_MTE2,107317,107369,52,378550
case_084,post,3,4903,REDUCE,PIPE_V,107482,107566,84,378550
case_084,post,3,4904,SUB,PIPE_V,107566,107650,84,378550
case_084,post,3,1000023073,COPY_OUT,PIPE_MTE3,107650,108052,402,378550
case_084,post,3,4914,DIV,PIPE_V,107770,108070,300,378550
case_084,post,3,4924,MATMUL,PIPE_M,107770,108358,588,378550
case_084,post,3,1000023097,COPY_IN,PIPE_MTE2,108052,108056,4,378550
case_084,post,3,1000023104,COPY_IN,PIPE_MTE2,108056,108293,237,378550
case_084,post,3,4915,REDUCE,PIPE_V,108070,108154,84,378550
case_084,post,3,4916,SUB,PIPE_V,108154,108238,84,378550
case_084,post,3,1000023086,COPY_OUT,PIPE_MTE3,108238,108607,369,378550
case_084,post,3,1000023106,COPY_IN,PIPE_MTE2,108293,108560,267,378550
case_084,post,3,4926,DIV,PIPE_V,108358,108658,300,378550
case_084,post,3,4936,MATMUL,PIPE_M,108560,109148,588,378550
case_084,post,3,1000023110,COPY_IN,PIPE_MTE2,108607,108610,3,378550
case_084,post,3,1000023117,COPY_IN,PIPE_MTE2,108610,108766,156,378550
case_084,post,3,4927,REDUCE,PIPE_V,108658,108742,84,378550
case_084,post,3,4928,SUB,PIPE_V,108742,108826,84,378550
case_084,post,3,1000023119,COPY_IN,PIPE_MTE2,108766,108998,232,378550
case_084,post,3,1000023099,COPY_OUT,PIPE_MTE3,108826,109120,294,378550
case_084,post,3,1000023123,COPY_IN,PIPE_MTE2,109120,109123,3,378550
case_084,post,3,1000023130,COPY_IN,PIPE_MTE2,109123,109327,204,378550
case_084,post,3,4938,DIV,PIPE_V,109148,109448,300,378550
case_084,post,3,4948,MATMUL,PIPE_M,109148,109736,588,378550
case_084,post,3,1000023132,COPY_IN,PIPE_MTE2,109327,109474,147,378550
case_084,post,3,4939,REDUCE,PIPE_V,109448,109532,84,378550
case_084,post,3,4940,SUB,PIPE_V,109532,109616,84,378550
case_084,post,3,1000023112,COPY_OUT,PIPE_MTE3,109616,109926,310,378550
case_084,post,3,4950,DIV,PIPE_V,109736,110036,300,378550
case_084,post,3,4960,MATMUL,PIPE_M,109736,110324,588,378550
case_084,post,3,1000023136,COPY_IN,PIPE_MTE2,109926,109932,6,378550
case_084,post,3,1000023143,COPY_IN,PIPE_MTE2,109932,110341,409,378550
case_084,post,3,4951,REDUCE,PIPE_V,110036,110120,84,378550
case_084,post,3,4952,SUB,PIPE_V,110120,110204,84,378550
case_084,post,3,1000023125,COPY_OUT,PIPE_MTE3,110204,110754,550,378550
case_084,post,3,4962,DIV,PIPE_V,110324,110624,300,378550
case_084,post,3,1000023145,COPY_IN,PIPE_MTE2,110341,110698,357,378550
case_084,post,3,4963,REDUCE,PIPE_V,110624,110708,84,378550
case_084,post,3,4972,MATMUL,PIPE_M,110698,111286,588,378550
case_084,post,3,4964,SUB,PIPE_V,110754,110838,84,378550
case_084,post,3,1000023149,COPY_IN,PIPE_MTE2,110754,110760,6,378550
case_084,post,3,1000023156,COPY_IN,PIPE_MTE2,110760,111072,312,378550
case_084,post,3,1000023138,COPY_OUT,PIPE_MTE3,110838,111259,421,378550
case_084,post,3,1000023158,COPY_IN,PIPE_MTE2,111072,111308,236,378550
case_084,post,3,4974,DIV,PIPE_V,111286,111586,300,378550
case_084,post,3,4984,MATMUL,PIPE_M,111308,111896,588,378550
case_084,post,3,1000023162,COPY_IN,PIPE_MTE2,111308,111312,4,378550
case_084,post,3,1000023169,COPY_IN,PIPE_MTE2,111312,111510,198,378550
case_084,post,3,1000023171,COPY_IN,PIPE_MTE2,111510,111682,172,378550
case_084,post,3,4975,REDUCE,PIPE_V,111586,111670,84,378550
case_084,post,3,4976,SUB,PIPE_V,111670,111754,84,378550
case_084,post,3,1000023151,COPY_OUT,PIPE_MTE3,111754,111995,241,378550
case_084,post,3,4986,DIV,PIPE_V,111896,112196,300,378550
case_084,post,3,4996,MATMUL,PIPE_M,111896,112484,588,378550
case_084,post,3,1000023175,COPY_IN,PIPE_MTE2,111995,111999,4,378550
case_084,post,3,1000023182,COPY_IN,PIPE_MTE2,111999,112263,264,378550
case_084,post,3,4987,REDUCE,PIPE_V,112196,112280,84,378550
case_084,post,3,1000023184,COPY_IN,PIPE_MTE2,112263,112613,350,378550
case_084,post,3,4988,SUB,PIPE_V,112280,112364,84,378550
case_084,post,3,1000023164,COPY_OUT,PIPE_MTE3,112364,112856,492,378550
case_084,post,3,4998,DIV,PIPE_V,112484,112784,300,378550
case_084,post,3,5008,MATMUL,PIPE_M,112613,113201,588,378550
case_084,post,3,4999,REDUCE,PIPE_V,112784,112868,84,378550
case_084,post,3,1000023188,COPY_IN,PIPE_MTE2,112856,112862,6,378550
case_084,post,3,1000023195,COPY_IN,PIPE_MTE2,112862,113190,328,378550
case_084,post,3,5000,SUB,PIPE_V,112868,112952,84,378550
case_084,post,3,1000023177,COPY_OUT,PIPE_MTE3,112952,113409,457,378550
case_084,post,3,1000023197,COPY_IN,PIPE_MTE2,113190,113460,270,378550
case_084,post,3,5010,DIV,PIPE_V,113201,113501,300,378550
case_084,post,3,5020,MATMUL,PIPE_M,113460,114048,588,378550
case_084,post,3,1000023201,COPY_IN,PIPE_MTE2,113460,113464,4,378550
case_084,post,3,1000023208,COPY_IN,PIPE_MTE2,113464,113686,222,378550
case_084,post,3,5011,REDUCE,PIPE_V,113501,113585,84,378550
case_084,post,3,5012,SUB,PIPE_V,113585,113669,84,378550
case_084,post,3,1000023190,COPY_OUT,PIPE_MTE3,113669,113997,328,378550
case_084,post,3,1000023210,COPY_IN,PIPE_MTE2,113686,113932,246,378550
case_084,post,3,1000023214,COPY_IN,PIPE_MTE2,113997,114000,3,378550
case_084,post,3,1000023221,COPY_IN,PIPE_MTE2,114000,114205,205,378550
case_084,post,3,5022,DIV,PIPE_V,114048,114348,300,378550
case_084,post,3,5032,MATMUL,PIPE_M,114048,114636,588,378550
case_084,post,3,1000023223,COPY_IN,PIPE_MTE2,114205,114339,134,378550
case_084,post,3,5023,REDUCE,PIPE_V,114348,114432,84,378550
case_084,post,3,5024,SUB,PIPE_V,114432,114516,84,378550
case_084,post,3,1000023203,COPY_OUT,PIPE_MTE3,114516,114992,476,378550
case_084,post,3,5034,DIV,PIPE_V,114636,114936,300,378550
case_084,post,3,5044,MATMUL,PIPE_M,114636,115224,588,378550
case_084,post,3,5035,REDUCE,PIPE_V,114936,115020,84,378550
case_084,post,3,1000023227,COPY_IN,PIPE_MTE2,114992,114998,6,378550
case_084,post,3,1000023234,COPY_IN,PIPE_MTE2,114998,115319,321,378550
case_084,post,3,5036,SUB,PIPE_V,115020,115104,84,378550
case_084,post,3,1000023216,COPY_OUT,PIPE_MTE3,115104,115616,512,378550
case_084,post,3,5046,DIV,PIPE_V,115224,115524,300,378550
case_084,post,3,1000023236,COPY_IN,PIPE_MTE2,115319,115647,328,378550
case_084,post,3,5047,REDUCE,PIPE_V,115524,115608,84,378550
case_084,post,3,5048,SUB,PIPE_V,115616,115700,84,378550
case_084,post,3,5056,MATMUL,PIPE_M,115647,116235,588,378550
case_084,post,3,1000023240,COPY_IN,PIPE_MTE2,115647,115651,4,378550
case_084,post,3,1000023247,COPY_IN,PIPE_MTE2,115651,115898,247,378550
case_084,post,3,1000023229,COPY_OUT,PIPE_MTE3,115700,116087,387,378550
case_084,post,3,1000023249,COPY_IN,PIPE_MTE2,115898,116145,247,378550
case_084,post,3,1000023253,COPY_IN,PIPE_MTE2,116145,116149,4,378550
case_084,post,3,1000023260,COPY_IN,PIPE_MTE2,116149,116337,188,378550
case_084,post,3,5058,DIV,PIPE_V,116235,116535,300,378550
case_084,post,3,5068,MATMUL,PIPE_M,116235,116823,588,378550
case_084,post,3,1000023262,COPY_IN,PIPE_MTE2,116337,116489,152,378550
case_084,post,3,5059,REDUCE,PIPE_V,116535,116619,84,378550
case_084,post,3,5060,SUB,PIPE_V,116619,116703,84,378550
case_084,post,3,1000023242,COPY_OUT,PIPE_MTE3,116703,117185,482,378550
case_084,post,3,5070,DIV,PIPE_V,116823,117123,300,378550
case_084,post,3,5080,MATMUL,PIPE_M,116823,117411,588,378550
case_084,post,3,5071,REDUCE,PIPE_V,117123,117207,84,378550
case_084,post,3,1000023266,COPY_IN,PIPE_MTE2,117185,117191,6,378550
case_084,post,3,1000023273,COPY_IN,PIPE_MTE2,117191,117553,362,378550
case_084,post,3,5072,SUB,PIPE_V,117207,117291,84,378550
case_084,post,3,1000023255,COPY_OUT,PIPE_MTE3,117291,117870,579,378550
case_084,post,3,5082,DIV,PIPE_V,117411,117711,300,378550
case_084,post,3,1000023275,COPY_IN,PIPE_MTE2,117553,117911,358,378550
case_084,post,3,5083,REDUCE,PIPE_V,117711,117795,84,378550
case_084,post,3,5084,SUB,PIPE_V,117870,117954,84,378550
case_084,post,3,5092,MATMUL,PIPE_M,117911,118499,588,378550
case_084,post,3,1000023279,COPY_IN,PIPE_MTE2,117911,117915,4,378550
case_084,post,3,1000023286,COPY_IN,PIPE_MTE2,117915,118184,269,378550
case_084,post,3,1000023268,COPY_OUT,PIPE_MTE3,117954,118387,433,378550
case_084,post,3,1000023288,COPY_IN,PIPE_MTE2,118184,118446,262,378550
case_084,post,3,1000023292,COPY_IN,PIPE_MTE2,118446,118449,3,378550
case_084,post,3,1000023299,COPY_IN,PIPE_MTE2,118449,118605,156,378550
case_084,post,3,5094,DIV,PIPE_V,118499,118799,300,378550
case_084,post,3,5104,MATMUL,PIPE_M,118499,119087,588,378550
case_084,post,3,1000023301,COPY_IN,PIPE_MTE2,118605,118754,149,378550
case_084,post,3,5095,REDUCE,PIPE_V,118799,118883,84,378550
case_084,post,3,5096,SUB,PIPE_V,118883,118967,84,378550
case_084,post,3,1000023281,COPY_OUT,PIPE_MTE3,118967,119320,353,378550
case_084,post,3,5106,DIV,PIPE_V,119087,119387,300,378550
case_084,post,3,5116,MATMUL,PIPE_M,119087,119675,588,378550
case_084,post,3,1000023305,COPY_IN,PIPE_MTE2,119320,119327,7,378550
case_084,post,3,1000023312,COPY_IN,PIPE_MTE2,119327,119691,364,378550
case_084,post,3,5107,REDUCE,PIPE_V,119387,119471,84,378550
case_084,post,3,5108,SUB,PIPE_V,119471,119555,84,378550
case_084,post,3,1000023294,COPY_OUT,PIPE_MTE3,119555,120102,547,378550
case_084,post,3,5118,DIV,PIPE_V,119675,119975,300,378550
case_084,post,3,1000023314,COPY_IN,PIPE_MTE2,119691,120067,376,378550
case_084,post,3,5119,REDUCE,PIPE_V,119975,120059,84,378550
case_084,post,3,5128,MATMUL,PIPE_M,120067,120655,588,378550
case_084,post,3,5120,SUB,PIPE_V,120102,120186,84,378550
case_084,post,3,1000023318,COPY_IN,PIPE_MTE2,120102,120106,4,378550
case_084,post,3,1000023325,COPY_IN,PIPE_MTE2,120106,120401,295,378550
case_084,post,3,1000023307,COPY_OUT,PIPE_MTE3,120186,120631,445,378550
case_084,post,3,1000023327,COPY_IN,PIPE_MTE2,120401,120656,255,378550
case_084,post,3,5130,DIV,PIPE_V,120655,120955,300,378550
case_084,post,3,5140,MATMUL,PIPE_M,120656,121244,588,378550
case_084,post,3,1000023331,COPY_IN,PIPE_MTE2,120656,120659,3,378550
case_084,post,3,1000023338,COPY_IN,PIPE_MTE2,120659,120815,156,378550
case_084,post,3,1000023340,COPY_IN,PIPE_MTE2,120815,121009,194,378550
case_084,post,3,5131,REDUCE,PIPE_V,120955,121039,84,378550
case_084,post,3,5132,SUB,PIPE_V,121039,121123,84,378550
case_084,post,3,1000023320,COPY_OUT,PIPE_MTE3,121123,121354,231,378550
case_084,post,3,5142,DIV,PIPE_V,121244,121544,300,378550
case_084,post,3,5152,MATMUL,PIPE_M,121244,121832,588,378550
case_084,post,3,1000023344,COPY_IN,PIPE_MTE2,121354,121357,3,378550
case_084,post,3,1000023351,COPY_IN,PIPE_MTE2,121357,121635,278,378550
case_084,post,3,5143,REDUCE,PIPE_V,121544,121628,84,378550
case_084,post,3,5144,SUB,PIPE_V,121628,121712,84,378550
case_084,post,3,1000023353,COPY_IN,PIPE_MTE2,121635,122026,391,378550
case_084,post,3,1000023333,COPY_OUT,PIPE_MTE3,121712,122201,489,378550
case_084,post,3,5154,DIV,PIPE_V,121832,122132,300,378550
case_084,post,3,5164,MATMUL,PIPE_M,122026,122614,588,378550
case_084,post,3,5155,REDUCE,PIPE_V,122132,122216,84,378550
case_084,post,3,1000023357,COPY_IN,PIPE_MTE2,122201,122206,5,378550
case_084,post,3,1000023364,COPY_IN,PIPE_MTE2,122206,122560,354,378550
case_084,post,3,5156,SUB,PIPE_V,122216,122300,84,378550
case_084,post,3,1000023346,COPY_OUT,PIPE_MTE3,122300,122775,475,378550
case_084,post,3,1000023366,COPY_IN,PIPE_MTE2,122560,122808,248,378550
case_084,post,3,5166,DIV,PIPE_V,122614,122914,300,378550
case_084,post,3,5176,MATMUL,PIPE_M,122808,123396,588,378550
case_084,post,3,1000023370,COPY_IN,PIPE_MTE2,122808,122811,3,378550
case_084,post,3,1000023377,COPY_IN,PIPE_MTE2,122811,123021,210,378550
case_084,post,3,5167,REDUCE,PIPE_V,122914,122998,84,378550
case_084,post,3,5168,SUB,PIPE_V,122998,123082,84,378550
case_084,post,3,1000023379,COPY_IN,PIPE_MTE2,123021,123292,271,378550
case_084,post,3,1000023359,COPY_OUT,PIPE_MTE3,123082,123404,322,378550
case_084,post,3,5178,DIV,PIPE_V,123396,123696,300,378550
case_084,post,3,5188,MATMUL,PIPE_M,123396,123984,588,378550
case_084,post,3,1000023383,COPY_IN,PIPE_MTE2,123404,123407,3,378550
case_084,post,3,1000023390,COPY_IN,PIPE_MTE2,123407,123563,156,378550
case_084,post,3,1000023392,COPY_IN,PIPE_MTE2,123563,123741,178,378550
case_084,post,3,5179,REDUCE,PIPE_V,123696,123780,84,378550
case_084,post,3,5180,SUB,PIPE_V,123780,123864,84,378550
case_084,post,3,1000023372,COPY_OUT,PIPE_MTE3,123864,124304,440,378550
case_084,post,3,5190,DIV,PIPE_V,123984,124284,300,378550
case_084,post,3,5200,MATMUL,PIPE_M,123984,124572,588,378550
case_084,post,3,5191,REDUCE,PIPE_V,124284,124368,84,378550
case_084,post,3,1000023396,COPY_IN,PIPE_MTE2,124304,124310,6,378550
case_084,post,3,1000023403,COPY_IN,PIPE_MTE2,124310,124653,343,378550
case_084,post,3,5192,SUB,PIPE_V,124368,124452,84,378550
case_084,post,3,1000023385,COPY_OUT,PIPE_MTE3,124452,124931,479,378550
case_084,post,3,5202,DIV,PIPE_V,124572,124872,300,378550
case_084,post,3,1000023405,COPY_IN,PIPE_MTE2,124653,124941,288,378550
case_084,post,3,5203,REDUCE,PIPE_V,124872,124956,84,378550
case_084,post,3,5212,MATMUL,PIPE_M,124941,125529,588,378550
case_084,post,3,1000023409,COPY_IN,PIPE_MTE2,124941,124944,3,378550
case_084,post,3,1000023416,COPY_IN,PIPE_MTE2,124944,125205,261,378550
case_084,post,3,5204,SUB,PIPE_V,124956,125040,84,378550
case_084,post,3,1000023398,COPY_OUT,PIPE_MTE3,125040,125455,415,378550
case_084,post,3,1000023418,COPY_IN,PIPE_MTE2,125205,125463,258,378550
case_084,post,3,1000023422,COPY_IN,PIPE_MTE2,125463,125466,3,378550
case_084,post,3,1000023429,COPY_IN,PIPE_MTE2,125466,125622,156,378550
case_084,post,3,5214,DIV,PIPE_V,125529,125829,300,378550
case_084,post,3,5224,MATMUL,PIPE_M,125529,126117,588,378550
case_084,post,3,1000023431,COPY_IN,PIPE_MTE2,125622,125825,203,378550
case_084,post,3,5215,REDUCE,PIPE_V,125829,125913,84,378550
case_084,post,3,5216,SUB,PIPE_V,125913,125997,84,378550
case_084,post,3,1000023411,COPY_OUT,PIPE_MTE3,125997,126410,413,378550
case_084,post,3,5226,DIV,PIPE_V,126117,126417,300,378550
case_084,post,3,5236,MATMUL,PIPE_M,126117,126705,588,378550
case_084,post,3,1000023435,COPY_IN,PIPE_MTE2,126410,126417,7,378550
case_084,post,3,5227,REDUCE,PIPE_V,126417,126501,84,378550
case_084,post,3,1000023442,COPY_IN,PIPE_MTE2,126417,126797,380,378550
case_084,post,3,5228,SUB,PIPE_V,126501,126585,84,378550
case_084,post,3,1000023424,COPY_OUT,PIPE_MTE3,126585,127148,563,378550
case_084,post,3,5238,DIV,PIPE_V,126705,127005,300,378550
case_084,post,3,1000023444,COPY_IN,PIPE_MTE2,126797,127163,366,378550
case_084,post,3,5239,REDUCE,PIPE_V,127005,127089,84,378550
case_084,post,3,5240,SUB,PIPE_V,127148,127232,84,378550
case_084,post,3,5248,MATMUL,PIPE_M,127163,127751,588,378550
case_084,post,3,1000023448,COPY_IN,PIPE_MTE2,127163,127168,5,378550
case_084,post,3,1000023455,COPY_IN,PIPE_MTE2,127168,127457,289,378550
case_084,post,3,1000023437,COPY_OUT,PIPE_MTE3,127232,127645,413,378550
case_084,post,3,1000023457,COPY_IN,PIPE_MTE2,127457,127688,231,378550
case_084,post,3,1000023461,COPY_IN,PIPE_MTE2,127688,127692,4,378550
case_084,post,3,1000023468,COPY_IN,PIPE_MTE2,127692,127899,207,378550
case_084,post,3,5250,DIV,PIPE_V,127751,128051,300,378550
case_084,post,3,5260,MATMUL,PIPE_M,127751,128339,588,378550
case_084,post,3,1000023470,COPY_IN,PIPE_MTE2,127899,128055,156,378550
case_084,post,3,5251,REDUCE,PIPE_V,128051,128135,84,378550
case_084,post,3,5252,SUB,PIPE_V,128135,128219,84,378550
case_084,post,3,1000023450,COPY_OUT,PIPE_MTE3,128219,128392,173,378550
case_084,post,3,5262,DIV,PIPE_V,128339,128639,300,378550
case_084,post,3,5272,MATMUL,PIPE_M,128339,128927,588,378550
case_084,post,3,1000023474,COPY_IN,PIPE_MTE2,128392,128397,5,378550
case_084,post,3,1000023481,COPY_IN,PIPE_MTE2,128397,128683,286,378550
case_084,post,3,5263,REDUCE,PIPE_V,128639,128723,84,378550
case_084,post,3,1000023483,COPY_IN,PIPE_MTE2,128683,129013,330,378550
case_084,post,3,5264,SUB,PIPE_V,128723,128807,84,378550
case_084,post,3,1000023463,COPY_OUT,PIPE_MTE3,128807,129291,484,378550
case_084,post,3,5274,DIV,PIPE_V,128927,129227,300,378550
case_084,post,3,5284,MATMUL,PIPE_M,129013,129601,588,378550
case_084,post,3,5275,REDUCE,PIPE_V,129227,129311,84,378550
case_084,post,3,1000023487,COPY_IN,PIPE_MTE2,129291,129296,5,378550
case_084,post,3,1000023494,COPY_IN,PIPE_MTE2,129296,129560,264,378550
case_084,post,3,5276,SUB,PIPE_V,129311,129395,84,378550
case_084,post,3,1000023476,COPY_OUT,PIPE_MTE3,129395,129805,410,378550
case_084,post,3,1000023496,COPY_IN,PIPE_MTE2,129560,129825,265,378550
case_084,post,3,5286,DIV,PIPE_V,129601,129901,300,378550
case_084,post,3,5296,MATMUL,PIPE_M,129825,130413,588,378550
case_084,post,3,1000023500,COPY_IN,PIPE_MTE2,129825,129829,4,378550
case_084,post,3,1000023507,COPY_IN,PIPE_MTE2,129829,130020,191,378550
case_084,post,3,5287,REDUCE,PIPE_V,129901,129985,84,378550
case_084,post,3,5288,SUB,PIPE_V,129985,130069,84,378550
case_084,post,3,1000023509,COPY_IN,PIPE_MTE2,130020,130240,220,378550
case_084,post,3,1000023489,COPY_OUT,PIPE_MTE3,130069,130359,290,378550
case_084,post,3,1000023513,COPY_IN,PIPE_MTE2,130359,130362,3,378550
case_084,post,3,1000023520,COPY_IN,PIPE_MTE2,130362,130549,187,378550
case_084,post,3,5298,DIV,PIPE_V,130413,130713,300,378550
case_084,post,3,5308,MATMUL,PIPE_M,130413,131001,588,378550
case_084,post,3,1000023522,COPY_IN,PIPE_MTE2,130549,130685,136,378550
case_084,post,3,5299,REDUCE,PIPE_V,130713,130797,84,378550
case_084,post,3,5300,SUB,PIPE_V,130797,130881,84,378550
case_084,post,3,1000023502,COPY_OUT,PIPE_MTE3,130881,131322,441,378550
case_084,post,3,5310,DIV,PIPE_V,131001,131301,300,378550
case_084,post,3,5320,MATMUL,PIPE_M,131001,131589,588,378550
case_084,post,3,5311,REDUCE,PIPE_V,131301,131385,84,378550
case_084,post,3,1000023526,COPY_IN,PIPE_MTE2,131322,131327,5,378550
case_084,post,3,1000023533,COPY_IN,PIPE_MTE2,131327,131558,231,378550
case_084,post,3,5312,SUB,PIPE_V,131385,131469,84,378550
case_084,post,3,1000023515,COPY_OUT,PIPE_MTE3,131469,131893,424,378550
case_084,post,3,1000023535,COPY_IN,PIPE_MTE2,131558,131858,300,378550
case_084,post,3,5322,DIV,PIPE_V,131589,131889,300,378550
case_084,post,3,5332,MATMUL,PIPE_M,131858,132446,588,378550
case_084,post,3,5323,REDUCE,PIPE_V,131889,131973,84,378550
case_084,post,3,1000023539,COPY_IN,PIPE_MTE2,131893,131897,4,378550
case_084,post,3,1000023546,COPY_IN,PIPE_MTE2,131897,132103,206,378550
case_084,post,3,5324,SUB,PIPE_V,131973,132057,84,378550
case_084,post,3,1000023528,COPY_OUT,PIPE_MTE3,132057,132397,340,378550
case_084,post,3,1000023548,COPY_IN,PIPE_MTE2,132103,132350,247,378550
case_084,post,3,1000023552,COPY_IN,PIPE_MTE2,132397,132400,3,378550
case_084,post,3,1000023559,COPY_IN,PIPE_MTE2,132400,132582,182,378550
case_084,post,3,5334,DIV,PIPE_V,132446,132746,300,378550
case_084,post,3,5344,MATMUL,PIPE_M,132446,133034,588,378550
case_084,post,3,1000023561,COPY_IN,PIPE_MTE2,132582,132739,157,378550
case_084,post,3,5335,REDUCE,PIPE_V,132746,132830,84,378550
case_084,post,3,5336,SUB,PIPE_V,132830,132914,84,378550
case_084,post,3,1000023541,COPY_OUT,PIPE_MTE3,132914,133257,343,378550
case_084,post,3,5346,DIV,PIPE_V,133034,133334,300,378550
case_084,post,3,5356,MATMUL,PIPE_M,133034,133622,588,378550
case_084,post,3,1000023565,COPY_IN,PIPE_MTE2,133257,133265,8,378550
case_084,post,3,1000023572,COPY_IN,PIPE_MTE2,133265,133615,350,378550
case_084,post,3,5347,REDUCE,PIPE_V,133334,133418,84,378550
case_084,post,3,5348,SUB,PIPE_V,133418,133502,84,378550
case_084,post,3,1000023554,COPY_OUT,PIPE_MTE3,133502,134051,549,378550
case_084,post,3,1000023574,COPY_IN,PIPE_MTE2,133615,133997,382,378550
case_084,post,3,5358,DIV,PIPE_V,133622,133922,300,378550
case_084,post,3,5359,REDUCE,PIPE_V,133922,134006,84,378550
case_084,post,3,5368,MATMUL,PIPE_M,133997,134585,588,378550
case_084,post,3,5360,SUB,PIPE_V,134051,134135,84,378550
case_084,post,3,1000023578,COPY_IN,PIPE_MTE2,134051,134056,5,378550
case_084,post,3,1000023585,COPY_IN,PIPE_MTE2,134056,134344,288,378550
case_084,post,3,1000023567,COPY_OUT,PIPE_MTE3,134135,134551,416,378550
case_084,post,3,1000023587,COPY_IN,PIPE_MTE2,134344,134596,252,378550
case_084,post,3,5370,DIV,PIPE_V,134585,134885,300,378550
case_084,post,3,5380,MATMUL,PIPE_M,134596,135184,588,378550
case_084,post,3,1000023591,COPY_IN,PIPE_MTE2,134596,134600,4,378550
case_084,post,3,1000023598,COPY_IN,PIPE_MTE2,134600,134792,192,378550
case_084,post,3,1000023600,COPY_IN,PIPE_MTE2,134792,134927,135,378550
case_084,post,3,5371,REDUCE,PIPE_V,134885,134969,84,378550
case_084,post,3,5372,SUB,PIPE_V,134969,135053,84,378550
case_084,post,3,1000023580,COPY_OUT,PIPE_MTE3,135053,135218,165,378550
case_084,post,3,5382,DIV,PIPE_V,135184,135484,300,378550
case_084,post,3,5392,MATMUL,PIPE_M,135184,135772,588,378550
case_084,post,3,1000023604,COPY_IN,PIPE_MTE2,135218,135221,3,378550
case_084,post,3,1000023611,COPY_IN,PIPE_MTE2,135221,135398,177,378550
case_084,post,3,1000023613,COPY_IN,PIPE_MTE2,135398,135621,223,378550
case_084,post,3,5383,REDUCE,PIPE_V,135484,135568,84,378550
case_084,post,3,5384,SUB,PIPE_V,135568,135652,84,378550
case_084,post,3,1000023593,COPY_OUT,PIPE_MTE3,135652,136100,448,378550
case_084,post,3,5394,DIV,PIPE_V,135772,136072,300,378550
case_084,post,3,5404,MATMUL,PIPE_M,135772,136360,588,378550
case_084,post,3,5395,REDUCE,PIPE_V,136072,136156,84,378550
case_084,post,3,1000023617,COPY_IN,PIPE_MTE2,136100,136106,6,378550
case_084,post,3,1000023624,COPY_IN,PIPE_MTE2,136106,136388,282,378550
case_084,post,3,5396,SUB,PIPE_V,136156,136240,84,378550
case_084,post,3,1000023606,COPY_OUT,PIPE_MTE3,136240,136667,427,378550
case_084,post,3,5406,DIV,PIPE_V,136360,136660,300,378550
case_084,post,3,1000023626,COPY_IN,PIPE_MTE2,136388,136666,278,378550
case_084,post,3,5407,REDUCE,PIPE_V,136660,136744,84,378550
case_084,post,3,5416,MATMUL,PIPE_M,136666,137254,588,378550
case_084,post,3,1000023630,COPY_IN,PIPE_MTE2,136667,136671,4,378550
case_084,post,3,1000023637,COPY_IN,PIPE_MTE2,136671,136888,217,378550
case_084,post,3,5408,SUB,PIPE_V,136744,136828,84,378550
case_084,post,3,1000023619,COPY_OUT,PIPE_MTE3,136828,137180,352,378550
case_084,post,3,1000023639,COPY_IN,PIPE_MTE2,136888,137141,253,378550
case_084,post,3,1000023643,COPY_IN,PIPE_MTE2,137180,137183,3,378550
case_084,post,3,1000023650,COPY_IN,PIPE_MTE2,137183,137364,181,378550
case_084,post,3,5418,DIV,PIPE_V,137254,137554,300,378550
case_084,post,3,5428,MATMUL,PIPE_M,137254,137842,588,378550
case_084,post,3,1000023652,COPY_IN,PIPE_MTE2,137364,137524,160,378550
case_084,post,3,5419,REDUCE,PIPE_V,137554,137638,84,378550
case_084,post,3,5420,SUB,PIPE_V,137638,137722,84,378550
case_084,post,3,1000023632,COPY_OUT,PIPE_MTE3,137722,138194,472,378550
case_084,post,3,5430,DIV,PIPE_V,137842,138142,300,378550
case_084,post,3,5440,MATMUL,PIPE_M,137842,138430,588,378550
case_084,post,3,5431,REDUCE,PIPE_V,138142,138226,84,378550
case_084,post,3,1000023656,COPY_IN,PIPE_MTE2,138194,138201,7,378550
case_084,post,3,1000023663,COPY_IN,PIPE_MTE2,138201,138550,349,378550
case_084,post,3,5432,SUB,PIPE_V,138226,138310,84,378550
case_084,post,3,1000023645,COPY_OUT,PIPE_MTE3,138310,138846,536,378550
case_084,post,3,5442,DIV,PIPE_V,138430,138730,300,378550
case_084,post,3,1000023665,COPY_IN,PIPE_MTE2,138550,138893,343,378550
case_084,post,3,5443,REDUCE,PIPE_V,138730,138814,84,378550
case_084,post,3,5444,SUB,PIPE_V,138846,138930,84,378550
case_084,post,3,5452,MATMUL,PIPE_M,138893,139481,588,378550
case_084,post,3,1000023669,COPY_IN,PIPE_MTE2,138893,138898,5,378550
case_084,post,3,1000023676,COPY_IN,PIPE_MTE2,138898,139160,262,378550
case_084,post,3,1000023658,COPY_OUT,PIPE_MTE3,138930,139319,389,378550
case_084,post,3,1000023678,COPY_IN,PIPE_MTE2,139160,139400,240,378550
case_084,post,3,1000023682,COPY_IN,PIPE_MTE2,139400,139404,4,378550
case_084,post,3,1000023689,COPY_IN,PIPE_MTE2,139404,139590,186,378550
case_084,post,3,5454,DIV,PIPE_V,139481,139781,300,378550
case_084,post,3,5464,MATMUL,PIPE_M,139481,140069,588,378550
case_084,post,3,1000023691,COPY_IN,PIPE_MTE2,139590,139715,125,378550
case_084,post,3,5455,REDUCE,PIPE_V,139781,139865,84,378550
case_084,post,3,5456,SUB,PIPE_V,139865,139949,84,378550
case_084,post,3,1000023671,COPY_OUT,PIPE_MTE3,139949,140283,334,378550
case_084,post,3,5466,DIV,PIPE_V,140069,140369,300,378550
case_084,post,3,5476,MATMUL,PIPE_M,140069,140657,588,378550
case_084,post,3,1000023695,COPY_IN,PIPE_MTE2,140283,140289,6,378550
case_084,post,3,1000023702,COPY_IN,PIPE_MTE2,140289,140579,290,378550
case_084,post,3,5467,REDUCE,PIPE_V,140369,140453,84,378550
case_084,post,3,5468,SUB,PIPE_V,140453,140537,84,378550
case_084,post,3,1000023684,COPY_OUT,PIPE_MTE3,140537,141066,529,378550
case_084,post,3,1000023704,COPY_IN,PIPE_MTE2,140579,140976,397,378550
case_084,post,3,5478,DIV,PIPE_V,140657,140957,300,378550
case_084,post,3,5479,REDUCE,PIPE_V,140957,141041,84,378550
case_084,post,3,5488,MATMUL,PIPE_M,140976,141564,588,378550
case_084,post,3,5480,SUB,PIPE_V,141066,141150,84,378550
case_084,post,3,1000023708,COPY_IN,PIPE_MTE2,141066,141070,4,378550
case_084,post,3,1000023715,COPY_IN,PIPE_MTE2,141070,141311,241,378550
case_084,post,3,1000023697,COPY_OUT,PIPE_MTE3,141150,141568,418,378550
case_084,post,3,1000023717,COPY_IN,PIPE_MTE2,141311,141597,286,378550
case_084,post,3,5490,DIV,PIPE_V,141564,141864,300,378550
case_084,post,3,5500,MATMUL,PIPE_M,141597,142185,588,378550
case_084,post,3,1000023721,COPY_IN,PIPE_MTE2,141597,141601,4,378550
case_084,post,3,1000023728,COPY_IN,PIPE_MTE2,141601,141765,164,378550
case_084,post,3,1000023730,COPY_IN,PIPE_MTE2,141765,141921,156,378550
case_084,post,3,5491,REDUCE,PIPE_V,141864,141948,84,378550
case_084,post,3,5492,SUB,PIPE_V,141948,142032,84,378550
case_084,post,3,1000023710,COPY_OUT,PIPE_MTE3,142032,142238,206,378550
case_084,post,3,5502,DIV,PIPE_V,142185,142485,300,378550
case_084,post,3,5512,MATMUL,PIPE_M,142185,142773,588,378550
case_084,post,3,1000023734,COPY_IN,PIPE_MTE2,142238,142240,2,378550
case_084,post,3,1000023741,COPY_IN,PIPE_MTE2,142240,142362,122,378550
case_084,post,3,1000023743,COPY_IN,PIPE_MTE2,142362,142584,222,378550
case_084,post,3,5503,REDUCE,PIPE_V,142485,142569,84,378550
case_084,post,3,5504,SUB,PIPE_V,142569,142653,84,378550
case_084,post,3,1000023723,COPY_OUT,PIPE_MTE3,142653,143114,461,378550
case_084,post,3,5514,DIV,PIPE_V,142773,143073,300,378550
case_084,post,3,5524,MATMUL,PIPE_M,142773,143361,588,378550
case_084,post,3,5515,REDUCE,PIPE_V,143073,143157,84,378550
case_084,post,3,1000023747,COPY_IN,PIPE_MTE2,143114,143119,5,378550
case_084,post,3,1000023754,COPY_IN,PIPE_MTE2,143119,143371,252,378550
case_084,post,3,5516,SUB,PIPE_V,143157,143241,84,378550
case_084,post,3,1000023736,COPY_OUT,PIPE_MTE3,143241,143685,444,378550
case_084,post,3,5526,DIV,PIPE_V,143361,143661,300,378550
case_084,post,3,1000023756,COPY_IN,PIPE_MTE2,143371,143673,302,378550
case_084,post,3,5527,REDUCE,PIPE_V,143661,143745,84,378550
case_084,post,3,5536,MATMUL,PIPE_M,143673,144261,588,378550
case_084,post,3,1000023760,COPY_IN,PIPE_MTE2,143685,143689,4,378550
case_084,post,3,1000023767,COPY_IN,PIPE_MTE2,143689,143827,138,378550
case_084,post,3,5528,SUB,PIPE_V,143745,143829,84,378550
case_084,post,3,1000023769,COPY_IN,PIPE_MTE2,143827,144087,260,378550
case_084,post,3,1000023749,COPY_OUT,PIPE_MTE3,143829,144182,353,378550
case_084,post,3,1000023773,COPY_IN,PIPE_MTE2,144182,144186,4,378550
case_084,post,3,1000023780,COPY_IN,PIPE_MTE2,144186,144368,182,378550
case_084,post,3,5538,DIV,PIPE_V,144261,144561,300,378550
case_084,post,3,5548,MATMUL,PIPE_M,144261,144849,588,378550
case_084,post,3,1000023782,COPY_IN,PIPE_MTE2,144368,144472,104,378550
case_084,post,3,5539,REDUCE,PIPE_V,144561,144645,84,378550
case_084,post,3,5540,SUB,PIPE_V,144645,144729,84,378550
case_084,post,3,1000023762,COPY_OUT,PIPE_MTE3,144729,145118,389,378550
case_084,post,3,5550,DIV,PIPE_V,144849,145149,300,378550
case_084,post,3,5560,MATMUL,PIPE_M,144849,145437,588,378550
case_084,post,3,1000023786,COPY_IN,PIPE_MTE2,145118,145123,5,378550
case_084,post,3,1000023793,COPY_IN,PIPE_MTE2,145123,145388,265,378550
case_084,post,3,5551,REDUCE,PIPE_V,145149,145233,84,378550
case_084,post,3,5552,SUB,PIPE_V,145233,145317,84,378550
case_084,post,3,1000023775,COPY_OUT,PIPE_MTE3,145317,145797,480,378550
case_084,post,3,1000023795,COPY_IN,PIPE_MTE2,145388,145737,349,378550
case_084,post,3,5562,DIV,PIPE_V,145437,145737,300,378550
case_084,post,3,5563,REDUCE,PIPE_V,145737,145821,84,378550
case_084,post,3,5572,MATMUL,PIPE_M,145737,146325,588,378550
case_084,post,3,1000023799,COPY_IN,PIPE_MTE2,145797,145801,4,378550
case_084,post,3,1000023806,COPY_IN,PIPE_MTE2,145801,145993,192,378550
case_084,post,3,5564,SUB,PIPE_V,145821,145905,84,378550
case_084,post,3,1000023788,COPY_OUT,PIPE_MTE3,145905,146301,396,378550
case_084,post,3,1000023808,COPY_IN,PIPE_MTE2,145993,146272,279,378550
case_084,post,3,1000023812,COPY_IN,PIPE_MTE2,146301,146305,4,378550
case_084,post,3,1000023819,COPY_IN,PIPE_MTE2,146305,146474,169,378550
case_084,post,3,5574,DIV,PIPE_V,146325,146625,300,378550
case_084,post,3,5584,MATMUL,PIPE_M,146325,146913,588,378550
case_084,post,3,1000023821,COPY_IN,PIPE_MTE2,146474,146591,117,378550
case_084,post,3,5575,REDUCE,PIPE_V,146625,146709,84,378550
case_084,post,3,5576,SUB,PIPE_V,146709,146793,84,378550
case_084,post,3,1000023801,COPY_OUT,PIPE_MTE3,146793,147011,218,378550
case_084,post,3,5586,DIV,PIPE_V,146913,147213,300,378550
case_084,post,3,5596,MATMUL,PIPE_M,146913,147501,588,378550
case_084,post,3,1000023825,COPY_IN,PIPE_MTE2,147011,147015,4,378550
case_084,post,3,1000023832,COPY_IN,PIPE_MTE2,147015,147236,221,378550
case_084,post,3,5587,REDUCE,PIPE_V,147213,147297,84,378550
case_084,post,3,1000023834,COPY_IN,PIPE_MTE2,147236,147599,363,378550
case_084,post,3,5588,SUB,PIPE_V,147297,147381,84,378550
case_084,post,3,1000023814,COPY_OUT,PIPE_MTE3,147381,147883,502,378550
case_084,post,3,5598,DIV,PIPE_V,147501,147801,300,378550
case_084,post,3,5608,MATMUL,PIPE_M,147599,148187,588,378550
case_084,post,3,5599,REDUCE,PIPE_V,147801,147885,84,378550
case_084,post,3,1000023838,COPY_IN,PIPE_MTE2,147883,147887,4,378550
case_084,post,3,5600,SUB,PIPE_V,147885,147969,84,378550
case_084,post,3,1000023845,COPY_IN,PIPE_MTE2,147887,148152,265,378550
case_084,post,3,1000023827,COPY_OUT,PIPE_MTE3,147969,148412,443,378550
case_084,post,3,1000023847,COPY_IN,PIPE_MTE2,148152,148438,286,378550
case_084,post,3,5610,DIV,PIPE_V,148187,148487,300,378550
case_084,post,3,5620,MATMUL,PIPE_M,148438,149026,588,378550
case_084,post,3,1000023851,COPY_IN,PIPE_MTE2,148438,148442,4,378550
case_084,post,3,1000023858,COPY_IN,PIPE_MTE2,148442,148609,167,378550
case_084,post,3,5611,REDUCE,PIPE_V,148487,148571,84,378550
case_084,post,3,5612,SUB,PIPE_V,148571,148655,84,378550
case_084,post,3,1000023860,COPY_IN,PIPE_MTE2,148609,148856,247,378550
case_084,post,3,1000023840,COPY_OUT,PIPE_MTE3,148655,148990,335,378550
case_084,post,3,1000023864,COPY_IN,PIPE_MTE2,148990,148994,4,378550
case_084,post,3,1000023871,COPY_IN,PIPE_MTE2,148994,149162,168,378550
case_084,post,3,5622,DIV,PIPE_V,149026,149326,300,378550
case_084,post,3,5632,MATMUL,PIPE_M,149026,149614,588,378550
case_084,post,3,1000023873,COPY_IN,PIPE_MTE2,149162,149256,94,378550
case_084,post,3,5623,REDUCE,PIPE_V,149326,149410,84,378550
case_084,post,3,5624,SUB,PIPE_V,149410,149494,84,378550
case_084,post,3,1000023853,COPY_OUT,PIPE_MTE3,149494,149944,450,378550
case_084,post,3,5634,DIV,PIPE_V,149614,149914,300,378550
case_084,post,3,5644,MATMUL,PIPE_M,149614,150202,588,378550
case_084,post,3,5635,REDUCE,PIPE_V,149914,149998,84,378550
case_084,post,3,1000023877,COPY_IN,PIPE_MTE2,149944,149948,4,378550
case_084,post,3,1000023884,COPY_IN,PIPE_MTE2,149948,150184,236,378550
case_084,post,3,5636,SUB,PIPE_V,149998,150082,84,378550
case_084,post,3,1000023866,COPY_OUT,PIPE_MTE3,150082,150498,416,378550
case_084,post,3,1000023886,COPY_IN,PIPE_MTE2,150184,150480,296,378550
case_084,post,3,5646,DIV,PIPE_V,150202,150502,300,378550
case_084,post,3,5656,MATMUL,PIPE_M,150480,151068,588,378550
case_084,post,3,1000023890,COPY_IN,PIPE_MTE2,150498,150502,4,378550
case_084,post,3,5647,REDUCE,PIPE_V,150502,150586,84,378550
case_084,post,3,1000023897,COPY_IN,PIPE_MTE2,150502,150641,139,378550
case_084,post,3,5648,SUB,PIPE_V,150586,150670,84,378550
case_084,post,3,1000023899,COPY_IN,PIPE_MTE2,150641,150870,229,378550
case_084,post,3,1000023879,COPY_OUT,PIPE_MTE3,150670,151036,366,378550
case_084,post,3,1000023903,COPY_IN,PIPE_MTE2,151036,151041,5,378550
case_084,post,3,1000023910,COPY_IN,PIPE_MTE2,151041,151277,236,378550
case_084,post,3,5658,DIV,PIPE_V,151068,151368,300,378550
case_084,post,3,5668,MATMUL,PIPE_M,151068,151656,588,378550
case_084,post,3,1000023912,COPY_IN,PIPE_MTE2,151277,151463,186,378550
case_084,post,3,5659,REDUCE,PIPE_V,151368,151452,84,378550
case_084,post,3,5660,SUB,PIPE_V,151452,151536,84,378550
case_084,post,3,1000023892,COPY_OUT,PIPE_MTE3,151536,151870,334,378550
case_084,post,3,5670,DIV,PIPE_V,151656,151956,300,378550
case_084,post,3,5680,MATMUL,PIPE_M,151656,152244,588,378550
case_084,post,3,1000023916,COPY_IN,PIPE_MTE2,151870,151876,6,378550
case_084,post,3,1000023923,COPY_IN,PIPE_MTE2,151876,152108,232,378550
case_084,post,3,5671,REDUCE,PIPE_V,151956,152040,84,378550
case_084,post,3,5672,SUB,PIPE_V,152040,152124,84,378550
case_084,post,3,1000023925,COPY_IN,PIPE_MTE2,152108,152428,320,378550
case_084,post,3,1000023905,COPY_OUT,PIPE_MTE3,152124,152552,428,378550
case_084,post,3,5682,DIV,PIPE_V,152244,152544,300,378550
case_084,post,3,5692,MATMUL,PIPE_M,152428,153016,588,378550
case_084,post,3,5683,REDUCE,PIPE_V,152544,152628,84,378550
case_084,post,3,1000023929,COPY_IN,PIPE_MTE2,152552,152556,4,378550
case_084,post,3,1000023936,COPY_IN,PIPE_MTE2,152556,152694,138,378550
case_084,post,3,5684,SUB,PIPE_V,152628,152712,84,378550
case_084,post,3,1000023938,COPY_IN,PIPE_MTE2,152694,152931,237,378550
case_084,post,3,1000023918,COPY_OUT,PIPE_MTE3,152712,153042,330,378550
case_084,post,3,5694,DIV,PIPE_V,153016,153316,300,378550
case_084,post,3,5704,MATMUL,PIPE_M,153016,153604,588,378550
case_084,post,3,1000023942,COPY_IN,PIPE_MTE2,153042,153046,4,378550
case_084,post,3,1000023949,COPY_IN,PIPE_MTE2,153046,153255,209,378550
case_084,post,3,1000023951,COPY_IN,PIPE_MTE2,153255,153416,161,378550
case_084,post,3,5695,REDUCE,PIPE_V,153316,153400,84,378550
case_084,post,3,5696,SUB,PIPE_V,153400,153484,84,378550
case_084,post,3,1000023931,COPY_OUT,PIPE_MTE3,153484,153800,316,378550
case_084,post,3,5706,DIV,PIPE_V,153604,153904,300,378550
case_084,post,3,5716,MATMUL,PIPE_M,153604,154192,588,378550
case_084,post,3,1000023955,COPY_IN,PIPE_MTE2,153800,153804,4,378550
case_084,post,3,1000023962,COPY_IN,PIPE_MTE2,153804,153943,139,378550
case_084,post,3,5707,REDUCE,PIPE_V,153904,153988,84,378550
case_084,post,3,1000023964,COPY_IN,PIPE_MTE2,153943,154171,228,378550
case_084,post,3,5708,SUB,PIPE_V,153988,154072,84,378550
case_084,post,3,1000023944,COPY_OUT,PIPE_MTE3,154072,154510,438,378550
case_084,post,3,5718,DIV,PIPE_V,154192,154492,300,378550
case_084,post,3,5728,MATMUL,PIPE_M,154192,154780,588,378550
case_084,post,3,5719,REDUCE,PIPE_V,154492,154576,84,378550
case_084,post,3,1000023968,COPY_IN,PIPE_MTE2,154510,154515,5,378550
case_084,post,3,1000023975,COPY_IN,PIPE_MTE2,154515,154795,280,378550
case_084,post,3,5720,SUB,PIPE_V,154576,154660,84,378550
case_084,post,3,1000023957,COPY_OUT,PIPE_MTE3,154660,155065,405,378550
case_084,post,3,5730,DIV,PIPE_V,154780,155080,300,378550
case_084,post,3,1000023977,COPY_IN,PIPE_MTE2,154795,155056,261,378550
case_084,post,3,5740,MATMUL,PIPE_M,155056,155644,588,378550
case_084,post,3,1000023981,COPY_IN,PIPE_MTE2,155065,155069,4,378550
case_084,post,3,1000023988,COPY_IN,PIPE_MTE2,155069,155289,220,378550
case_084,post,3,5731,REDUCE,PIPE_V,155080,155164,84,378550
case_084,post,3,5732,SUB,PIPE_V,155164,155248,84,378550
case_084,post,3,1000023970,COPY_OUT,PIPE_MTE3,155248,155608,360,378550
case_084,post,3,1000023990,COPY_IN,PIPE_MTE2,155289,155539,250,378550
case_084,post,3,1000023994,COPY_IN,PIPE_MTE2,155608,155612,4,378550
case_084,post,3,1000024001,COPY_IN,PIPE_MTE2,155612,155842,230,378550
case_084,post,3,5742,DIV,PIPE_V,155644,155944,300,378550
case_084,post,3,5752,MATMUL,PIPE_M,155644,156232,588,378550
case_084,post,3,1000024003,COPY_IN,PIPE_MTE2,155842,156068,226,378550
case_084,post,3,5743,REDUCE,PIPE_V,155944,156028,84,378550
case_084,post,3,5744,SUB,PIPE_V,156028,156112,84,378550
case_084,post,3,1000023983,COPY_OUT,PIPE_MTE3,156112,156505,393,378550
case_084,post,3,5754,DIV,PIPE_V,156232,156532,300,378550
case_084,post,3,5764,MATMUL,PIPE_M,156232,156820,588,378550
case_084,post,3,1000024007,COPY_IN,PIPE_MTE2,156505,156512,7,378550
case_084,post,3,1000024014,COPY_IN,PIPE_MTE2,156512,156849,337,378550
case_084,post,3,5755,REDUCE,PIPE_V,156532,156616,84,378550
case_084,post,3,5756,SUB,PIPE_V,156616,156700,84,378550
case_084,post,3,1000023996,COPY_OUT,PIPE_MTE3,156700,157117,417,378550
case_084,post,3,5766,DIV,PIPE_V,156820,157120,300,378550
case_084,post,3,1000024016,COPY_IN,PIPE_MTE2,156849,157110,261,378550
case_084,post,3,5776,MATMUL,PIPE_M,157110,157698,588,378550
case_084,post,3,1000024020,COPY_IN,PIPE_MTE2,157117,157122,5,378550
case_084,post,3,5767,REDUCE,PIPE_V,157120,157204,84,378550
case_084,post,3,1000024027,COPY_IN,PIPE_MTE2,157122,157357,235,378550
case_084,post,3,5768,SUB,PIPE_V,157204,157288,84,378550
case_084,post,3,1000024009,COPY_OUT,PIPE_MTE3,157288,157584,296,378550
case_084,post,3,1000024029,COPY_IN,PIPE_MTE2,157357,157553,196,378550
case_084,post,3,1000024033,COPY_IN,PIPE_MTE2,157584,157587,3,378550
case_084,post,3,1000024040,COPY_IN,PIPE_MTE2,157587,157770,183,378550
case_084,post,3,5778,DIV,PIPE_V,157698,157998,300,378550
case_084,post,3,5788,MATMUL,PIPE_M,157698,158286,588,378550
case_084,post,3,1000024042,COPY_IN,PIPE_MTE2,157770,158034,264,378550
case_084,post,3,5779,REDUCE,PIPE_V,157998,158082,84,378550
case_084,post,3,5780,SUB,PIPE_V,158082,158166,84,378550
case_084,post,3,1000024022,COPY_OUT,PIPE_MTE3,158166,158511,345,378550
case_084,post,3,5790,DIV,PIPE_V,158286,158586,300,378550
case_084,post,3,5800,MATMUL,PIPE_M,158286,158874,588,378550
case_084,post,3,1000024046,COPY_IN,PIPE_MTE2,158511,158515,4,378550
case_084,post,3,1000024053,COPY_IN,PIPE_MTE2,158515,158766,251,378550
case_084,post,3,5791,REDUCE,PIPE_V,158586,158670,84,378550
case_084,post,3,5792,SUB,PIPE_V,158670,158754,84,378550
case_084,post,3,1000024035,COPY_OUT,PIPE_MTE3,158754,159253,499,378550
case_084,post,3,1000024055,COPY_IN,PIPE_MTE2,158766,159119,353,378550
case_084,post,3,5802,DIV,PIPE_V,158874,159174,300,378550
case_084,post,3,5812,MATMUL,PIPE_M,159119,159707,588,378550
case_084,post,3,5803,REDUCE,PIPE_V,159174,159258,84,378550
case_084,post,3,1000024059,COPY_IN,PIPE_MTE2,159253,159258,5,378550
case_084,post,3,5804,SUB,PIPE_V,159258,159342,84,378550
case_084,post,3,1000024066,COPY_IN,PIPE_MTE2,159258,159556,298,378550
case_084,post,3,1000024048,COPY_OUT,PIPE_MTE3,159342,159757,415,378550
case_084,post,3,1000024068,COPY_IN,PIPE_MTE2,159556,159788,232,378550
case_084,post,3,5814,DIV,PIPE_V,159707,160007,300,378550
case_084,post,3,5824,MATMUL,PIPE_M,159788,160376,588,378550
case_084,post,3,1000024072,COPY_IN,PIPE_MTE2,159788,159791,3,378550
case_084,post,3,1000024079,COPY_IN,PIPE_MTE2,159791,159984,193,378550
case_084,post,3,1000024081,COPY_IN,PIPE_MTE2,159984,160164,180,378550
case_084,post,3,5815,REDUCE,PIPE_V,160007,160091,84,378550
case_084,post,3,5816,SUB,PIPE_V,160091,160175,84,378550
case_084,post,3,1000024061,COPY_OUT,PIPE_MTE3,160175,160494,319,378550
case_084,post,3,5826,DIV,PIPE_V,160376,160676,300,378550
case_084,post,3,5836,MATMUL,PIPE_M,160376,160964,588,378550
case_084,post,3,1000024085,COPY_IN,PIPE_MTE2,160494,160498,4,378550
case_084,post,3,1000024092,COPY_IN,PIPE_MTE2,160498,160752,254,378550
case_084,post,3,5827,REDUCE,PIPE_V,160676,160760,84,378550
case_084,post,3,1000024094,COPY_IN,PIPE_MTE2,160752,161019,267,378550
case_084,post,3,5828,SUB,PIPE_V,160760,160844,84,378550
case_084,post,3,1000024074,COPY_OUT,PIPE_MTE3,160844,161275,431,378550
case_084,post,3,5838,DIV,PIPE_V,160964,161264,300,378550
case_084,post,3,5848,MATMUL,PIPE_M,161019,161607,588,378550
case_084,post,3,5839,REDUCE,PIPE_V,161264,161348,84,378550
case_084,post,3,1000024098,COPY_IN,PIPE_MTE2,161275,161281,6,378550
case_084,post,3,1000024105,COPY_IN,PIPE_MTE2,161281,161610,329,378550
case_084,post,3,5840,SUB,PIPE_V,161348,161432,84,378550
case_084,post,3,1000024087,COPY_OUT,PIPE_MTE3,161432,161891,459,378550
case_084,post,3,5850,DIV,PIPE_V,161607,161907,300,378550
case_084,post,3,1000024107,COPY_IN,PIPE_MTE2,161610,161898,288,378550
case_084,post,3,5860,MATMUL,PIPE_M,161898,162486,588,378550
case_084,post,3,1000024111,COPY_IN,PIPE_MTE2,161898,161902,4,378550
case_084,post,3,1000024118,COPY_IN,PIPE_MTE2,161902,162060,158,378550
case_084,post,3,5851,REDUCE,PIPE_V,161907,161991,84,378550
case_084,post,3,5852,SUB,PIPE_V,161991,162075,84,378550
case_084,post,3,1000024120,COPY_IN,PIPE_MTE2,162060,162215,155,378550
case_084,post,3,1000024100,COPY_OUT,PIPE_MTE3,162075,162280,205,378550
case_084,post,3,1000024124,COPY_IN,PIPE_MTE2,162280,162281,1,378550
case_084,post,3,1000024131,COPY_IN,PIPE_MTE2,162281,162381,100,378550
case_084,post,3,1000024133,COPY_IN,PIPE_MTE2,162381,162485,104,378550
case_084,post,3,5862,DIV,PIPE_V,162486,162786,300,378550
case_084,post,3,5872,MATMUL,PIPE_M,162486,163074,588,378550
case_084,post,3,5863,REDUCE,PIPE_V,162786,162870,84,378550
case_084,post,3,5864,SUB,PIPE_V,162870,162954,84,378550
case_084,post,3,1000024113,COPY_OUT,PIPE_MTE3,162954,163093,139,378550
case_084,post,3,5874,DIV,PIPE_V,163074,163374,300,378550
case_084,post,3,5884,MATMUL,PIPE_M,163074,163662,588,378550
case_084,post,3,1000024137,COPY_IN,PIPE_MTE2,163093,163095,2,378550
case_084,post,3,1000024144,COPY_IN,PIPE_MTE2,163095,163199,104,378550
case_084,post,3,1000024146,COPY_IN,PIPE_MTE2,163199,163273,74,378550
case_084,post,3,5875,REDUCE,PIPE_V,163374,163458,84,378550
case_084,post,3,5876,SUB,PIPE_V,163458,163542,84,378550
case_084,post,3,1000024126,COPY_OUT,PIPE_MTE3,163542,163751,209,378550
case_084,post,3,5886,DIV,PIPE_V,163662,163962,300,378550
case_084,post,3,5896,MATMUL,PIPE_M,163662,164250,588,378550
case_084,post,3,1000024150,COPY_IN,PIPE_MTE2,163751,163753,2,378550
case_084,post,3,1000024157,COPY_IN,PIPE_MTE2,163753,163857,104,378550
case_084,post,3,1000024159,COPY_IN,PIPE_MTE2,163857,163941,84,378550
case_084,post,3,5887,REDUCE,PIPE_V,163962,164046,84,378550
case_084,post,3,5888,SUB,PIPE_V,164046,164130,84,378550
case_084,post,3,1000024139,COPY_OUT,PIPE_MTE3,164130,164211,81,378550
case_084,post,3,1000024163,COPY_IN,PIPE_MTE2,164211,164213,2,378550
case_084,post,3,1000024170,COPY_IN,PIPE_MTE2,164213,164312,99,378550
case_084,post,3,5898,DIV,PIPE_V,164250,164550,300,378550
case_084,post,3,5908,MATMUL,PIPE_M,164250,164838,588,378550
case_084,post,3,1000024172,COPY_IN,PIPE_MTE2,164312,164391,79,378550
case_084,post,3,5899,REDUCE,PIPE_V,164550,164634,84,378550
case_084,post,3,5900,SUB,PIPE_V,164634,164718,84,378550
case_084,post,3,1000024152,COPY_OUT,PIPE_MTE3,164718,164795,77,378550
case_084,post,3,1000024176,COPY_IN,PIPE_MTE2,164795,164796,1,378550
case_084,post,3,1000024183,COPY_IN,PIPE_MTE2,164796,164860,64,378550
case_084,post,3,5910,DIV,PIPE_V,164838,165138,300,378550
case_084,post,3,5920,MATMUL,PIPE_M,164838,165426,588,378550
case_084,post,3,1000024185,COPY_IN,PIPE_MTE2,164860,165003,143,378550
case_084,post,3,5911,REDUCE,PIPE_V,165138,165222,84,378550
case_084,post,3,5912,SUB,PIPE_V,165222,165306,84,378550
case_084,post,3,1000024165,COPY_OUT,PIPE_MTE3,165306,165435,129,378550
case_084,post,3,5922,DIV,PIPE_V,165426,165726,300,378550
case_084,post,3,5932,MATMUL,PIPE_M,165426,166014,588,378550
case_084,post,3,1000024189,COPY_IN,PIPE_MTE2,165435,165436,1,378550
case_084,post,3,1000024196,COPY_IN,PIPE_MTE2,165436,165488,52,378550
case_084,post,3,1000024198,COPY_IN,PIPE_MTE2,165488,165540,52,378550
case_084,post,3,5923,REDUCE,PIPE_V,165726,165810,84,378550
case_084,post,3,5924,SUB,PIPE_V,165810,165894,84,378550
case_084,post,3,1000024178,COPY_OUT,PIPE_MTE3,165894,166142,248,378550
case_084,post,3,5934,DIV,PIPE_V,166014,166314,300,378550
case_084,post,3,5944,MATMUL,PIPE_M,166014,166602,588,378550
case_084,post,3,1000024202,COPY_IN,PIPE_MTE2,166142,166143,1,378550
case_084,post,3,1000024209,COPY_IN,PIPE_MTE2,166143,166195,52,378550
case_084,post,3,1000024211,COPY_IN,PIPE_MTE2,166195,166247,52,378550
case_084,post,3,5935,REDUCE,PIPE_V,166314,166398,84,378550
case_084,post,3,5936,SUB,PIPE_V,166398,166482,84,378550
case_084,post,3,1000024191,COPY_OUT,PIPE_MTE3,166482,166595,113,378550
case_084,post,3,1000024215,COPY_IN,PIPE_MTE2,166595,166596,1,378550
case_084,post,3,1000024222,COPY_IN,PIPE_MTE2,166596,166648,52,378550
case_084,post,3,5946,DIV,PIPE_V,166602,166902,300,378550
case_084,post,3,5956,MATMUL,PIPE_M,166602,167190,588,378550
case_084,post,3,1000024224,COPY_IN,PIPE_MTE2,166648,166723,75,378550
case_084,post,3,5947,REDUCE,PIPE_V,166902,166986,84,378550
case_084,post,3,5948,SUB,PIPE_V,166986,167070,84,378550
case_084,post,3,1000024204,COPY_OUT,PIPE_MTE3,167070,167300,230,378550
case_084,post,3,5958,DIV,PIPE_V,167190,167490,300,378550
case_084,post,3,5968,MATMUL,PIPE_M,167190,167778,588,378550
case_084,post,3,1000024228,COPY_IN,PIPE_MTE2,167300,167303,3,378550
case_084,post,3,1000024235,COPY_IN,PIPE_MTE2,167303,167433,130,378550
case_084,post,3,1000024237,COPY_IN,PIPE_MTE2,167433,167513,80,378550
case_084,post,3,5959,REDUCE,PIPE_V,167490,167574,84,378550
case_084,post,3,5960,SUB,PIPE_V,167574,167658,84,378550
case_084,post,3,1000024217,COPY_OUT,PIPE_MTE3,167658,167752,94,378550
case_084,post,3,1000024241,COPY_IN,PIPE_MTE2,167752,167753,1,378550
case_084,post,3,1000024248,COPY_IN,PIPE_MTE2,167753,167853,100,378550
case_084,post,3,5970,DIV,PIPE_V,167778,168078,300,378550
case_084,post,3,5980,MATMUL,PIPE_M,167778,168366,588,378550
case_084,post,3,1000024250,COPY_IN,PIPE_MTE2,167853,167980,127,378550
case_084,post,3,5971,REDUCE,PIPE_V,168078,168162,84,378550
case_084,post,3,5972,SUB,PIPE_V,168162,168246,84,378550
case_084,post,3,1000024230,COPY_OUT,PIPE_MTE3,168246,168358,112,378550
case_084,post,3,1000024254,COPY_IN,PIPE_MTE2,168358,168361,3,378550
case_084,post,3,1000024261,COPY_IN,PIPE_MTE2,168361,168525,164,378550
case_084,post,3,5982,DIV,PIPE_V,168366,168666,300,378550
case_084,post,3,5992,MATMUL,PIPE_M,168366,168954,588,378550
case_084,post,3,1000024263,COPY_IN,PIPE_MTE2,168525,168681,156,378550
case_084,post,3,5983,REDUCE,PIPE_V,168666,168750,84,378550
case_084,post,3,5984,SUB,PIPE_V,168750,168834,84,378550
case_084,post,3,1000024243,COPY_OUT,PIPE_MTE3,168834,169067,233,378550
case_084,post,3,5994,DIV,PIPE_V,168954,169254,300,378550
case_084,post,3,6004,MATMUL,PIPE_M,168954,169542,588,378550
case_084,post,3,1000024267,COPY_IN,PIPE_MTE2,169067,169071,4,378550
case_084,post,3,1000024274,COPY_IN,PIPE_MTE2,169071,169293,222,378550
case_084,post,3,5995,REDUCE,PIPE_V,169254,169338,84,378550
case_084,post,3,1000024276,COPY_IN,PIPE_MTE2,169293,169470,177,378550
case_084,post,3,5996,SUB,PIPE_V,169338,169422,84,378550
case_084,post,3,1000024256,COPY_OUT,PIPE_MTE3,169422,169621,199,378550
case_084,post,3,6006,DIV,PIPE_V,169542,169842,300,378550
case_084,post,3,6016,MATMUL,PIPE_M,169542,170130,588,378550
case_084,post,3,1000024280,COPY_IN,PIPE_MTE2,169621,169622,1,378550
case_084,post,3,1000024287,COPY_IN,PIPE_MTE2,169622,169674,52,378550
case_084,post,3,1000024289,COPY_IN,PIPE_MTE2,169674,169835,161,378550
case_084,post,3,6007,REDUCE,PIPE_V,169842,169926,84,378550
case_084,post,3,6008,SUB,PIPE_V,169926,170010,84,378550
case_084,post,3,1000024269,COPY_OUT,PIPE_MTE3,170010,170129,119,378550
case_084,post,3,1000024293,COPY_IN,PIPE_MTE2,170129,170131,2,378550
case_084,post,3,6018,DIV,PIPE_V,170130,170430,300,378550
case_084,post,3,6028,MATMUL,PIPE_M,170130,170718,588,378550
case_084,post,3,1000024716,COPY_IN,PIPE_MTE2,170131,170218,87,378550
case_084,post,3,1000024718,COPY_IN,PIPE_MTE2,170218,170286,68,378550
case_084,post,3,6019,REDUCE,PIPE_V,170430,170514,84,378550
case_084,post,3,6020,SUB,PIPE_V,170514,170598,84,378550
case_084,post,3,1000024282,COPY_OUT,PIPE_MTE3,170598,170963,365,378550
case_084,post,3,1000024722,COPY_IN,PIPE_MTE2,170598,170603,5,378550
case_084,post,3,1000024729,COPY_IN,PIPE_MTE2,170603,170865,262,378550
case_084,post,3,6030,DIV,PIPE_V,170718,171018,300,378550
case_084,post,3,6532,MATMUL,PIPE_M,170718,171306,588,378550
case_084,post,3,1000024731,COPY_IN,PIPE_MTE2,170865,171023,158,378550
case_084,post,3,6031,REDUCE,PIPE_V,171018,171102,84,378550
case_084,post,3,1000024298,COPY_OUT,PIPE_MTE3,171102,171112,10,378550
case_084,post,3,1000024295,COPY_OUT,PIPE_MTE3,171112,171481,369,378550
case_084,post,3,6534,DIV,PIPE_V,171306,171606,300,378550
case_084,post,3,6544,MATMUL,PIPE_M,171306,171894,588,378550
case_084,post,3,1000024735,COPY_IN,PIPE_MTE2,171481,171486,5,378550
case_084,post,3,1000024742,COPY_IN,PIPE_MTE2,171486,171722,236,378550
case_084,post,3,6535,REDUCE,PIPE_V,171606,171690,84,378550
case_084,post,3,6536,SUB,PIPE_V,171690,171774,84,378550
case_084,post,3,1000024744,COPY_IN,PIPE_MTE2,171722,171960,238,378550
case_084,post,3,1000024724,COPY_OUT,PIPE_MTE3,171774,172070,296,378550
case_084,post,3,6546,DIV,PIPE_V,171894,172194,300,378550
case_084,post,3,6556,MATMUL,PIPE_M,171960,172548,588,378550
case_084,post,3,1000024748,COPY_IN,PIPE_MTE2,172070,172073,3,378550
case_084,post,3,1000024755,COPY_IN,PIPE_MTE2,172073,172245,172,378550
case_084,post,3,6547,REDUCE,PIPE_V,172194,172278,84,378550
case_084,post,3,1000024757,COPY_IN,PIPE_MTE2,172245,172342,97,378550
case_084,post,3,6548,SUB,PIPE_V,172278,172362,84,378550
case_084,post,3,1000024737,COPY_OUT,PIPE_MTE3,172362,172495,133,378550
case_084,post,3,1000024761,COPY_IN,PIPE_MTE2,172495,172498,3,378550
case_084,post,3,1000024768,COPY_IN,PIPE_MTE2,172498,172709,211,378550
case_084,post,3,6558,DIV,PIPE_V,172548,172848,300,378550
case_084,post,3,6568,MATMUL,PIPE_M,172548,173136,588,378550
case_084,post,3,1000024770,COPY_IN,PIPE_MTE2,172709,172969,260,378550
case_084,post,3,6559,REDUCE,PIPE_V,172848,172932,84,378550
case_084,post,3,6560,SUB,PIPE_V,172932,173016,84,378550
case_084,post,3,1000024750,COPY_OUT,PIPE_MTE3,173016,173319,303,378550
case_084,post,3,6570,DIV,PIPE_V,173136,173436,300,378550
case_084,post,3,6580,MATMUL,PIPE_M,173136,173724,588,378550
case_084,post,3,1000024774,COPY_IN,PIPE_MTE2,173319,173322,3,378550
case_084,post,3,1000024781,COPY_IN,PIPE_MTE2,173322,173549,227,378550
case_084,post,3,6571,REDUCE,PIPE_V,173436,173520,84,378550
case_084,post,3,6572,SUB,PIPE_V,173520,173604,84,378550
case_084,post,3,1000024783,COPY_IN,PIPE_MTE2,173549,173861,312,378550
case_084,post,3,1000024763,COPY_OUT,PIPE_MTE3,173604,174022,418,378550
case_084,post,3,6582,DIV,PIPE_V,173724,174024,300,378550
case_084,post,3,6592,MATMUL,PIPE_M,173861,174449,588,378550
case_084,post,3,1000024787,COPY_IN,PIPE_MTE2,174022,174027,5,378550
case_084,post,3,6583,REDUCE,PIPE_V,174024,174108,84,378550
case_084,post,3,1000024794,COPY_IN,PIPE_MTE2,174027,174244,217,378550
case_084,post,3,6584,SUB,PIPE_V,174108,174192,84,378550
case_084,post,3,1000024776,COPY_OUT,PIPE_MTE3,174192,174524,332,378550
case_084,post,3,1000024796,COPY_IN,PIPE_MTE2,174244,174480,236,378550
case_084,post,3,6594,DIV,PIPE_V,174449,174749,300,378550
case_084,post,3,6604,MATMUL,PIPE_M,174480,175068,588,378550
case_084,post,3,1000024800,COPY_IN,PIPE_MTE2,174524,174527,3,378550
case_084,post,3,1000024807,COPY_IN,PIPE_MTE2,174527,174694,167,378550
case_084,post,3,1000024809,COPY_IN,PIPE_MTE2,174694,174850,156,378550
case_084,post,3,6595,REDUCE,PIPE_V,174749,174833,84,378550
case_084,post,3,6596,SUB,PIPE_V,174833,174917,84,378550
case_084,post,3,1000024789,COPY_OUT,PIPE_MTE3,174917,175175,258,378550
case_084,post,3,6606,DIV,PIPE_V,175068,175368,300,378550
case_084,post,3,6616,MATMUL,PIPE_M,175068,175656,588,378550
case_084,post,3,1000024813,COPY_IN,PIPE_MTE2,175175,175179,4,378550
case_084,post,3,1000024820,COPY_IN,PIPE_MTE2,175179,175406,227,378550
case_084,post,3,6607,REDUCE,PIPE_V,175368,175452,84,378550
case_084,post,3,1000024822,COPY_IN,PIPE_MTE2,175406,175618,212,378550
case_084,post,3,6608,SUB,PIPE_V,175452,175536,84,378550
case_084,post,3,1000024802,COPY_OUT,PIPE_MTE3,175536,175871,335,378550
case_084,post,3,6618,DIV,PIPE_V,175656,175956,300,378550
case_084,post,3,6628,MATMUL,PIPE_M,175656,176244,588,378550
case_084,post,3,1000024826,COPY_IN,PIPE_MTE2,175871,175876,5,378550
case_084,post,3,1000024833,COPY_IN,PIPE_MTE2,175876,176126,250,378550
case_084,post,3,6619,REDUCE,PIPE_V,175956,176040,84,378550
case_084,post,3,6620,SUB,PIPE_V,176040,176124,84,378550
case_084,post,3,1000024815,COPY_OUT,PIPE_MTE3,176124,176523,399,378550
case_084,post,3,1000024835,COPY_IN,PIPE_MTE2,176126,176413,287,378550
case_084,post,3,6630,DIV,PIPE_V,176244,176544,300,378550
case_084,post,3,6640,MATMUL,PIPE_M,176413,177001,588,378550
case_084,post,3,1000024839,COPY_IN,PIPE_MTE2,176523,176528,5,378550
case_084,post,3,1000024846,COPY_IN,PIPE_MTE2,176528,176718,190,378550
case_084,post,3,6631,REDUCE,PIPE_V,176544,176628,84,378550
case_084,post,3,6632,SUB,PIPE_V,176628,176712,84,378550
case_084,post,3,1000024828,COPY_OUT,PIPE_MTE3,176712,177015,303,378550
case_084,post,3,1000024848,COPY_IN,PIPE_MTE2,176718,176926,208,378550
case_084,post,3,6642,DIV,PIPE_V,177001,177301,300,378550
case_084,post,3,6652,MATMUL,PIPE_M,177001,177589,588,378550
case_084,post,3,1000024852,COPY_IN,PIPE_MTE2,177015,177018,3,378550
case_084,post,3,1000024859,COPY_IN,PIPE_MTE2,177018,177136,118,378550
case_084,post,3,1000024861,COPY_IN,PIPE_MTE2,177136,177188,52,378550
case_084,post,3,6643,REDUCE,PIPE_V,177301,177385,84,378550
case_084,post,3,6644,SUB,PIPE_V,177385,177469,84,378550
case_084,post,3,1000024841,COPY_OUT,PIPE_MTE3,177469,177790,321,378550
case_084,post,3,6654,DIV,PIPE_V,177589,177889,300,378550
case_084,post,3,6664,MATMUL,PIPE_M,177589,178177,588,378550
case_084,post,3,1000024865,COPY_IN,PIPE_MTE2,177790,177794,4,378550
case_084,post,3,1000024872,COPY_IN,PIPE_MTE2,177794,177934,140,378550
case_084,post,3,6655,REDUCE,PIPE_V,177889,177973,84,378550
case_084,post,3,1000024874,COPY_IN,PIPE_MTE2,177934,178153,219,378550
case_084,post,3,6656,SUB,PIPE_V,177973,178057,84,378550
case_084,post,3,1000024854,COPY_OUT,PIPE_MTE3,178057,178459,402,378550
case_084,post,3,6666,DIV,PIPE_V,178177,178477,300,378550
case_084,post,3,6676,MATMUL,PIPE_M,178177,178765,588,378550
case_084,post,3,1000024878,COPY_IN,PIPE_MTE2,178459,178463,4,378550
case_084,post,3,1000024885,COPY_IN,PIPE_MTE2,178463,178686,223,378550
case_084,post,3,6667,REDUCE,PIPE_V,178477,178561,84,378550
case_084,post,3,6668,SUB,PIPE_V,178561,178645,84,378550
case_084,post,3,1000024867,COPY_OUT,PIPE_MTE3,178645,178994,349,378550
case_084,post,3,1000024887,COPY_IN,PIPE_MTE2,178686,178943,257,378550
case_084,post,3,6678,DIV,PIPE_V,178765,179065,300,378550
case_084,post,3,6688,MATMUL,PIPE_M,178943,179531,588,378550
case_084,post,3,1000024891,COPY_IN,PIPE_MTE2,178994,178998,4,378550
case_084,post,3,1000024898,COPY_IN,PIPE_MTE2,178998,179187,189,378550
case_084,post,3,6679,REDUCE,PIPE_V,179065,179149,84,378550
case_084,post,3,6680,SUB,PIPE_V,179149,179233,84,378550
case_084,post,3,1000024900,COPY_IN,PIPE_MTE2,179187,179279,92,378550
case_084,post,3,1000024880,COPY_OUT,PIPE_MTE3,179233,179472,239,378550
case_084,post,3,1000024904,COPY_IN,PIPE_MTE2,179472,179475,3,378550
case_084,post,3,1000024911,COPY_IN,PIPE_MTE2,179475,179669,194,378550
case_084,post,3,6690,DIV,PIPE_V,179531,179831,300,378550
case_084,post,3,6700,MATMUL,PIPE_M,179531,180119,588,378550
case_084,post,3,1000024913,COPY_IN,PIPE_MTE2,179669,179916,247,378550
case_084,post,3,6691,REDUCE,PIPE_V,179831,179915,84,378550
case_084,post,3,6692,SUB,PIPE_V,179915,179999,84,378550
case_084,post,3,1000024893,COPY_OUT,PIPE_MTE3,179999,180289,290,378550
case_084,post,3,6702,DIV,PIPE_V,180119,180419,300,378550
case_084,post,3,6712,MATMUL,PIPE_M,180119,180707,588,378550
case_084,post,3,1000024917,COPY_IN,PIPE_MTE2,180289,180292,3,378550
case_084,post,3,1000024924,COPY_IN,PIPE_MTE2,180292,180513,221,378550
case_084,post,3,6703,REDUCE,PIPE_V,180419,180503,84,378550
case_084,post,3,6704,SUB,PIPE_V,180503,180587,84,378550
case_084,post,3,1000024926,COPY_IN,PIPE_MTE2,180513,180783,270,378550
case_084,post,3,1000024906,COPY_OUT,PIPE_MTE3,180587,180963,376,378550
case_084,post,3,6714,DIV,PIPE_V,180707,181007,300,378550
case_084,post,3,6724,MATMUL,PIPE_M,180783,181371,588,378550
case_084,post,3,1000024930,COPY_IN,PIPE_MTE2,180963,180967,4,378550
case_084,post,3,1000024937,COPY_IN,PIPE_MTE2,180967,181197,230,378550
case_084,post,3,6715,REDUCE,PIPE_V,181007,181091,84,378550
case_084,post,3,6716,SUB,PIPE_V,181091,181175,84,378550
case_084,post,3,1000024919,COPY_OUT,PIPE_MTE3,181175,181476,301,378550
case_084,post,3,1000024939,COPY_IN,PIPE_MTE2,181197,181405,208,378550
case_084,post,3,6726,DIV,PIPE_V,181371,181671,300,378550
case_084,post,3,6736,MATMUL,PIPE_M,181405,181993,588,378550
case_084,post,3,1000024943,COPY_IN,PIPE_MTE2,181476,181480,4,378550
case_084,post,3,1000024950,COPY_IN,PIPE_MTE2,181480,181642,162,378550
case_084,post,3,1000024952,COPY_IN,PIPE_MTE2,181642,181801,159,378550
case_084,post,3,6727,REDUCE,PIPE_V,181671,181755,84,378550
case_084,post,3,6728,SUB,PIPE_V,181755,181839,84,378550
case_084,post,3,1000024932,COPY_OUT,PIPE_MTE3,181839,181956,117,378550
case_084,post,3,1000024956,COPY_IN,PIPE_MTE2,181956,181959,3,378550
case_084,post,3,1000024963,COPY_IN,PIPE_MTE2,181959,182197,238,378550
case_084,post,3,6738,DIV,PIPE_V,181993,182293,300,378550
case_084,post,3,6748,MATMUL,PIPE_M,181993,182581,588,378550
case_084,post,3,1000024965,COPY_IN,PIPE_MTE2,182197,182415,218,378550
case_084,post,3,6739,REDUCE,PIPE_V,182293,182377,84,378550
case_084,post,3,6740,SUB,PIPE_V,182377,182461,84,378550
case_084,post,3,1000024945,COPY_OUT,PIPE_MTE3,182461,182677,216,378550
case_084,post,3,6750,DIV,PIPE_V,182581,182881,300,378550
case_084,post,3,6760,MATMUL,PIPE_M,182581,183169,588,378550
case_084,post,3,1000024969,COPY_IN,PIPE_MTE2,182677,182680,3,378550
case_084,post,3,1000024976,COPY_IN,PIPE_MTE2,182680,182955,275,378550
case_084,post,3,6751,REDUCE,PIPE_V,182881,182965,84,378550
case_084,post,3,1000024978,COPY_IN,PIPE_MTE2,182955,183217,262,378550
case_084,post,3,6752,SUB,PIPE_V,182965,183049,84,378550
case_084,post,3,1000024958,COPY_OUT,PIPE_MTE3,183049,183450,401,378550
case_084,post,3,6762,DIV,PIPE_V,183169,183469,300,378550
case_084,post,3,6772,MATMUL,PIPE_M,183217,183805,588,378550
case_084,post,3,1000024982,COPY_IN,PIPE_MTE2,183450,183455,5,378550
case_084,post,3,1000024989,COPY_IN,PIPE_MTE2,183455,183651,196,378550
case_084,post,3,6763,REDUCE,PIPE_V,183469,183553,84,378550
case_084,post,3,6764,SUB,PIPE_V,183553,183637,84,378550
case_084,post,3,1000024971,COPY_OUT,PIPE_MTE3,183637,183949,312,378550
case_084,post,3,1000024991,COPY_IN,PIPE_MTE2,183651,183880,229,378550
case_084,post,3,6774,DIV,PIPE_V,183805,184105,300,378550
case_084,post,3,6784,MATMUL,PIPE_M,183880,184468,588,378550
case_084,post,3,1000024995,COPY_IN,PIPE_MTE2,183949,183952,3,378550
case_084,post,3,1000025002,COPY_IN,PIPE_MTE2,183952,184023,71,378550
case_084,post,3,1000025004,COPY_IN,PIPE_MTE2,184023,184147,124,378550
case_084,post,3,6775,REDUCE,PIPE_V,184105,184189,84,378550
case_084,post,3,6776,SUB,PIPE_V,184189,184273,84,378550
case_084,post,3,1000024984,COPY_OUT,PIPE_MTE3,184273,184627,354,378550
case_084,post,3,6786,DIV,PIPE_V,184468,184768,300,378550
case_084,post,3,6796,MATMUL,PIPE_M,184468,185056,588,378550
case_084,post,3,1000025008,COPY_IN,PIPE_MTE2,184627,184631,4,378550
case_084,post,3,1000025015,COPY_IN,PIPE_MTE2,184631,184795,164,378550
case_084,post,3,6787,REDUCE,PIPE_V,184768,184852,84,378550
case_084,post,3,1000025017,COPY_IN,PIPE_MTE2,184795,185004,209,378550
case_084,post,3,6788,SUB,PIPE_V,184852,184936,84,378550
case_084,post,3,1000024997,COPY_OUT,PIPE_MTE3,184936,185319,383,378550
case_084,post,3,6798,DIV,PIPE_V,185056,185356,300,378550
case_084,post,3,6808,MATMUL,PIPE_M,185056,185644,588,378550
case_084,post,3,1000025021,COPY_IN,PIPE_MTE2,185319,185323,4,378550
case_084,post,3,1000025028,COPY_IN,PIPE_MTE2,185323,185548,225,378550
case_084,post,3,6799,REDUCE,PIPE_V,185356,185440,84,378550
case_084,post,3,6800,SUB,PIPE_V,185440,185524,84,378550
case_084,post,3,1000025010,COPY_OUT,PIPE_MTE3,185524,185907,383,378550
case_084,post,3,1000025030,COPY_IN,PIPE_MTE2,185548,185826,278,378550
case_084,post,3,6810,DIV,PIPE_V,185644,185944,300,378550
case_084,post,3,6820,MATMUL,PIPE_M,185826,186414,588,378550
case_084,post,3,1000025034,COPY_IN,PIPE_MTE2,185907,185911,4,378550
case_084,post,3,1000025041,COPY_IN,PIPE_MTE2,185911,186071,160,378550
case_084,post,3,6811,REDUCE,PIPE_V,185944,186028,84,378550
case_084,post,3,6812,SUB,PIPE_V,186028,186112,84,378550
case_084,post,3,1000025043,COPY_IN,PIPE_MTE2,186071,186220,149,378550
case_084,post,3,1000025023,COPY_OUT,PIPE_MTE3,186112,186386,274,378550
case_084,post,3,1000025047,COPY_IN,PIPE_MTE2,186386,186389,3,378550
case_084,post,3,1000025054,COPY_IN,PIPE_MTE2,186389,186548,159,378550
case_084,post,3,6822,DIV,PIPE_V,186414,186714,300,378550
case_084,post,3,6832,MATMUL,PIPE_M,186414,187002,588,378550
case_084,post,3,1000025056,COPY_IN,PIPE_MTE2,186548,186767,219,378550
case_084,post,3,6823,REDUCE,PIPE_V,186714,186798,84,378550
case_084,post,3,6824,SUB,PIPE_V,186798,186882,84,378550
case_084,post,3,1000025036,COPY_OUT,PIPE_MTE3,186882,187190,308,378550
case_084,post,3,6834,DIV,PIPE_V,187002,187302,300,378550
case_084,post,3,6844,MATMUL,PIPE_M,187002,187590,588,378550
case_084,post,3,1000025060,COPY_IN,PIPE_MTE2,187190,187193,3,378550
case_084,post,3,1000025067,COPY_IN,PIPE_MTE2,187193,187373,180,378550
case_084,post,3,6835,REDUCE,PIPE_V,187302,187386,84,378550
case_084,post,3,1000025069,COPY_IN,PIPE_MTE2,187373,187609,236,378550
case_084,post,3,6836,SUB,PIPE_V,187386,187470,84,378550
case_084,post,3,1000025049,COPY_OUT,PIPE_MTE3,187470,187849,379,378550
case_084,post,3,6846,DIV,PIPE_V,187590,187890,300,378550
case_084,post,3,6856,MATMUL,PIPE_M,187609,188197,588,378550
case_084,post,3,1000025073,COPY_IN,PIPE_MTE2,187849,187853,4,378550
case_084,post,3,1000025080,COPY_IN,PIPE_MTE2,187853,188106,253,378550
case_084,post,3,6847,REDUCE,PIPE_V,187890,187974,84,378550
case_084,post,3,6848,SUB,PIPE_V,187974,188058,84,378550
case_084,post,3,1000025062,COPY_OUT,PIPE_MTE3,188058,188388,330,378550
case_084,post,3,1000025082,COPY_IN,PIPE_MTE2,188106,188332,226,378550
case_084,post,3,6858,DIV,PIPE_V,188197,188497,300,378550
case_084,post,3,6868,MATMUL,PIPE_M,188332,188920,588,378550
case_084,post,3,1000025086,COPY_IN,PIPE_MTE2,188388,188391,3,378550
case_084,post,3,1000025093,COPY_IN,PIPE_MTE2,188391,188547,156,378550
case_084,post,3,6859,REDUCE,PIPE_V,188497,188581,84,378550
case_084,post,3,1000025095,COPY_IN,PIPE_MTE2,188547,188730,183,378550
case_084,post,3,6860,SUB,PIPE_V,188581,188665,84,378550
case_084,post,3,1000025075,COPY_OUT,PIPE_MTE3,188665,188796,131,378550
case_084,post,3,1000025099,COPY_IN,PIPE_MTE2,188796,188797,1,378550
case_084,post,3,1000025106,COPY_IN,PIPE_MTE2,188797,188898,101,378550
case_084,post,3,1000025108,COPY_IN,PIPE_MTE2,188898,189173,275,378550
case_084,post,3,6870,DIV,PIPE_V,188920,189220,300,378550
case_084,post,3,6880,MATMUL,PIPE_M,188920,189508,588,378550
case_084,post,3,6871,REDUCE,PIPE_V,189220,189304,84,378550
case_084,post,3,6872,SUB,PIPE_V,189304,189388,84,378550
case_084,post,3,1000025088,COPY_OUT,PIPE_MTE3,189388,189624,236,378550
case_084,post,3,6882,DIV,PIPE_V,189508,189808,300,378550
case_084,post,3,6892,MATMUL,PIPE_M,189508,190096,588,378550
case_084,post,3,1000025112,COPY_IN,PIPE_MTE2,189624,189627,3,378550
case_084,post,3,1000025119,COPY_IN,PIPE_MTE2,189627,189867,240,378550
case_084,post,3,6883,REDUCE,PIPE_V,189808,189892,84,378550
case_084,post,3,1000025121,COPY_IN,PIPE_MTE2,189867,190145,278,378550
case_084,post,3,6884,SUB,PIPE_V,189892,189976,84,378550
case_084,post,3,1000025101,COPY_OUT,PIPE_MTE3,189976,190355,379,378550
case_084,post,3,6894,DIV,PIPE_V,190096,190396,300,378550
case_084,post,3,6904,MATMUL,PIPE_M,190145,190733,588,378550
case_084,post,3,1000025125,COPY_IN,PIPE_MTE2,190355,190360,5,378550
case_084,post,3,1000025132,COPY_IN,PIPE_MTE2,190360,190552,192,378550
case_084,post,3,6895,REDUCE,PIPE_V,190396,190480,84,378550
case_084,post,3,6896,SUB,PIPE_V,190480,190564,84,378550
case_084,post,3,1000025134,COPY_IN,PIPE_MTE2,190552,190781,229,378550
case_084,post,3,1000025114,COPY_OUT,PIPE_MTE3,190564,190846,282,378550
case_084,post,3,6906,DIV,PIPE_V,190733,191033,300,378550
case_084,post,3,6916,MATMUL,PIPE_M,190781,191369,588,378550
case_084,post,3,1000025138,COPY_IN,PIPE_MTE2,190846,190847,1,378550
case_084,post,3,1000025145,COPY_IN,PIPE_MTE2,190847,190939,92,378550
case_084,post,3,1000025147,COPY_IN,PIPE_MTE2,190939,191103,164,378550
case_084,post,3,6907,REDUCE,PIPE_V,191033,191117,84,378550
case_084,post,3,6908,SUB,PIPE_V,191117,191201,84,378550
case_084,post,3,1000025127,COPY_OUT,PIPE_MTE3,191201,191515,314,378550
case_084,post,3,6918,DIV,PIPE_V,191369,191669,300,378550
case_084,post,3,6928,MATMUL,PIPE_M,191369,191957,588,378550
case_084,post,3,1000025151,COPY_IN,PIPE_MTE2,191515,191517,2,378550
case_084,post,3,1000025158,COPY_IN,PIPE_MTE2,191517,191679,162,378550
case_084,post,3,6919,REDUCE,PIPE_V,191669,191753,84,378550
case_084,post,3,1000025160,COPY_IN,PIPE_MTE2,191679,191901,222,378550
case_084,post,3,6920,SUB,PIPE_V,191753,191837,84,378550
case_084,post,3,1000025140,COPY_OUT,PIPE_MTE3,191837,192160,323,378550
case_084,post,3,6930,DIV,PIPE_V,191957,192257,300,378550
case_084,post,3,6940,MATMUL,PIPE_M,191957,192545,588,378550
case_084,post,3,1000025164,COPY_IN,PIPE_MTE2,192160,192165,5,378550
case_084,post,3,1000025171,COPY_IN,PIPE_MTE2,192165,192406,241,378550
case_084,post,3,6931,REDUCE,PIPE_V,192257,192341,84,378550
case_084,post,3,6932,SUB,PIPE_V,192341,192425,84,378550
case_084,post,3,1000025173,COPY_IN,PIPE_MTE2,192406,192680,274,378550
case_084,post,3,1000025153,COPY_OUT,PIPE_MTE3,192425,192819,394,378550
case_084,post,3,6942,DIV,PIPE_V,192545,192845,300,378550
case_084,post,3,6952,MATMUL,PIPE_M,192680,193268,588,378550
case_084,post,3,1000025177,COPY_IN,PIPE_MTE2,192819,192823,4,378550
case_084,post,3,1000025184,COPY_IN,PIPE_MTE2,192823,192977,154,378550
case_084,post,3,6943,REDUCE,PIPE_V,192845,192929,84,378550
case_084,post,3,6944,SUB,PIPE_V,192929,193013,84,378550
case_084,post,3,1000025186,COPY_IN,PIPE_MTE2,192977,193186,209,378550
case_084,post,3,1000025166,COPY_OUT,PIPE_MTE3,193013,193297,284,378550
case_084,post,3,6954,DIV,PIPE_V,193268,193568,300,378550
case_084,post,3,6964,MATMUL,PIPE_M,193268,193856,588,378550
case_084,post,3,1000025190,COPY_IN,PIPE_MTE2,193297,193300,3,378550
case_084,post,3,1000025197,COPY_IN,PIPE_MTE2,193300,193464,164,378550
case_084,post,3,1000025199,COPY_IN,PIPE_MTE2,193464,193551,87,378550
case_084,post,3,6955,REDUCE,PIPE_V,193568,193652,84,378550
case_084,post,3,6956,SUB,PIPE_V,193652,193736,84,378550
case_084,post,3,1000025179,COPY_OUT,PIPE_MTE3,193736,194063,327,378550
case_084,post,3,6966,DIV,PIPE_V,193856,194156,300,378550
case_084,post,3,6976,MATMUL,PIPE_M,193856,194444,588,378550
case_084,post,3,1000025203,COPY_IN,PIPE_MTE2,194063,194068,5,378550
case_084,post,3,1000025210,COPY_IN,PIPE_MTE2,194068,194244,176,378550
case_084,post,3,6967,REDUCE,PIPE_V,194156,194240,84,378550
case_084,post,3,6968,SUB,PIPE_V,194240,194324,84,378550
case_084,post,3,1000025212,COPY_IN,PIPE_MTE2,194244,194298,54,378550
case_084,post,3,1000025192,COPY_OUT,PIPE_MTE3,194324,194698,374,378550
case_084,post,3,6978,DIV,PIPE_V,194444,194744,300,378550
case_084,post,3,6988,MATMUL,PIPE_M,194444,195032,588,378550
case_084,post,3,1000025216,COPY_IN,PIPE_MTE2,194698,194702,4,378550
case_084,post,3,1000025223,COPY_IN,PIPE_MTE2,194702,194952,250,378550
case_084,post,3,6979,REDUCE,PIPE_V,194744,194828,84,378550
case_084,post,3,6980,SUB,PIPE_V,194828,194912,84,378550
case_084,post,3,1000025205,COPY_OUT,PIPE_MTE3,194912,195282,370,378550
case_084,post,3,1000025225,COPY_IN,PIPE_MTE2,194952,195225,273,378550
case_084,post,3,6990,DIV,PIPE_V,195032,195332,300,378550
case_084,post,3,7000,MATMUL,PIPE_M,195225,195813,588,378550
case_084,post,3,1000025229,COPY_IN,PIPE_MTE2,195282,195285,3,378550
case_084,post,3,1000025236,COPY_IN,PIPE_MTE2,195285,195453,168,378550
case_084,post,3,6991,REDUCE,PIPE_V,195332,195416,84,378550
case_084,post,3,6992,SUB,PIPE_V,195416,195500,84,378550
case_084,post,3,1000025238,COPY_IN,PIPE_MTE2,195453,195637,184,378550
case_084,post,3,1000025218,COPY_OUT,PIPE_MTE3,195500,195685,185,378550
case_084,post,3,1000025242,COPY_IN,PIPE_MTE2,195685,195688,3,378550
case_084,post,3,1000025249,COPY_IN,PIPE_MTE2,195688,195852,164,378550
case_084,post,3,7002,DIV,PIPE_V,195813,196113,300,378550
case_084,post,3,7012,MATMUL,PIPE_M,195813,196401,588,378550
case_084,post,3,1000025251,COPY_IN,PIPE_MTE2,195852,196102,250,378550
case_084,post,3,7003,REDUCE,PIPE_V,196113,196197,84,378550
case_084,post,3,7004,SUB,PIPE_V,196197,196281,84,378550
case_084,post,3,1000025231,COPY_OUT,PIPE_MTE3,196281,196532,251,378550
case_084,post,3,7014,DIV,PIPE_V,196401,196701,300,378550
case_084,post,3,7024,MATMUL,PIPE_M,196401,196989,588,378550
case_084,post,3,1000025255,COPY_IN,PIPE_MTE2,196532,196536,4,378550
case_084,post,3,1000025262,COPY_IN,PIPE_MTE2,196536,196720,184,378550
case_084,post,3,7015,REDUCE,PIPE_V,196701,196785,84,378550
case_084,post,3,1000025264,COPY_IN,PIPE_MTE2,196720,197012,292,378550
case_084,post,3,7016,SUB,PIPE_V,196785,196869,84,378550
case_084,post,3,1000025244,COPY_OUT,PIPE_MTE3,196869,197244,375,378550
case_084,post,3,7026,DIV,PIPE_V,196989,197289,300,378550
case_084,post,3,7036,MATMUL,PIPE_M,197012,197600,588,378550
case_084,post,3,1000025268,COPY_IN,PIPE_MTE2,197244,197249,5,378550
case_084,post,3,1000025275,COPY_IN,PIPE_MTE2,197249,197451,202,378550
case_084,post,3,7027,REDUCE,PIPE_V,197289,197373,84,378550
case_084,post,3,7028,SUB,PIPE_V,197373,197457,84,378550
case_084,post,3,1000025277,COPY_IN,PIPE_MTE2,197451,197686,235,378550
case_084,post,3,1000025257,COPY_OUT,PIPE_MTE3,197457,197731,274,378550
case_084,post,3,7038,DIV,PIPE_V,197600,197900,300,378550
case_084,post,3,7048,MATMUL,PIPE_M,197686,198274,588,378550
case_084,post,3,1000025281,COPY_IN,PIPE_MTE2,197731,197734,3,378550
case_084,post,3,1000025288,COPY_IN,PIPE_MTE2,197734,197898,164,378550
case_084,post,3,1000025290,COPY_IN,PIPE_MTE2,197898,198054,156,378550
case_084,post,3,7039,REDUCE,PIPE_V,197900,197984,84,378550
case_084,post,3,7040,SUB,PIPE_V,197984,198068,84,378550
case_084,post,3,1000025270,COPY_OUT,PIPE_MTE3,198068,198318,250,378550
case_084,post,3,7050,DIV,PIPE_V,198274,198574,300,378550
case_084,post,3,7060,MATMUL,PIPE_M,198274,198862,588,378550
case_084,post,3,1000025294,COPY_IN,PIPE_MTE2,198318,198322,4,378550
case_084,post,3,1000025301,COPY_IN,PIPE_MTE2,198322,198503,181,378550
case_084,post,3,1000025303,COPY_IN,PIPE_MTE2,198503,198730,227,378550
case_084,post,3,7051,REDUCE,PIPE_V,198574,198658,84,378550
case_084,post,3,7052,SUB,PIPE_V,198658,198742,84,378550
case_084,post,3,1000025283,COPY_OUT,PIPE_MTE3,198742,199037,295,378550
case_084,post,3,7062,DIV,PIPE_V,198862,199162,300,378550
case_084,post,3,7072,MATMUL,PIPE_M,198862,199450,588,378550
case_084,post,3,1000025307,COPY_IN,PIPE_MTE2,199037,199041,4,378550
case_084,post,3,1000025314,COPY_IN,PIPE_MTE2,199041,199275,234,378550
case_084,post,3,7063,REDUCE,PIPE_V,199162,199246,84,378550
case_084,post,3,7064,SUB,PIPE_V,199246,199330,84,378550
case_084,post,3,1000025316,COPY_IN,PIPE_MTE2,199275,199544,269,378550
case_084,post,3,1000025296,COPY_OUT,PIPE_MTE3,199330,199724,394,378550
case_084,post,3,7074,DIV,PIPE_V,199450,199750,300,378550
case_084,post,3,7084,MATMUL,PIPE_M,199544,200132,588,378550
case_084,post,3,1000025320,COPY_IN,PIPE_MTE2,199724,199729,5,378550
case_084,post,3,1000025327,COPY_IN,PIPE_MTE2,199729,199904,175,378550
case_084,post,3,7075,REDUCE,PIPE_V,199750,199834,84,378550
case_084,post,3,7076,SUB,PIPE_V,199834,199918,84,378550
case_084,post,3,1000025329,COPY_IN,PIPE_MTE2,199904,200068,164,378550
case_084,post,3,1000025309,COPY_OUT,PIPE_MTE3,199918,200128,210,378550
case_084,post,3,1000025333,COPY_IN,PIPE_MTE2,200128,200130,2,378550
case_084,post,3,1000025340,COPY_IN,PIPE_MTE2,200130,200191,61,378550
case_084,post,3,7086,DIV,PIPE_V,200132,200432,300,378550
case_084,post,3,7096,MATMUL,PIPE_M,200132,200720,588,378550
case_084,post,3,1000025342,COPY_IN,PIPE_MTE2,200191,200293,102,378550
case_084,post,3,7087,REDUCE,PIPE_V,200432,200516,84,378550
case_084,post,3,7088,SUB,PIPE_V,200516,200600,84,378550
case_084,post,3,1000025322,COPY_OUT,PIPE_MTE3,200600,200854,254,378550
case_084,post,3,7098,DIV,PIPE_V,200720,201020,300,378550
case_084,post,3,7108,MATMUL,PIPE_M,200720,201308,588,378550
case_084,post,3,1000025346,COPY_IN,PIPE_MTE2,200854,200857,3,378550
case_084,post,3,1000025353,COPY_IN,PIPE_MTE2,200857,201040,183,378550
case_084,post,3,7099,REDUCE,PIPE_V,201020,201104,84,378550
case_084,post,3,1000025355,COPY_IN,PIPE_MTE2,201040,201098,58,378550
case_084,post,3,7100,SUB,PIPE_V,201104,201188,84,378550
case_084,post,3,1000025335,COPY_OUT,PIPE_MTE3,201188,201301,113,378550
case_084,post,3,1000025359,COPY_IN,PIPE_MTE2,201301,201303,2,378550
case_084,post,3,1000025366,COPY_IN,PIPE_MTE2,201303,201498,195,378550
case_084,post,3,7110,DIV,PIPE_V,201308,201608,300,378550
case_084,post,3,7120,MATMUL,PIPE_M,201308,201896,588,378550
case_084,post,3,1000025368,COPY_IN,PIPE_MTE2,201498,201685,187,378550
case_084,post,3,7111,REDUCE,PIPE_V,201608,201692,84,378550
case_084,post,3,7112,SUB,PIPE_V,201692,201776,84,378550
case_084,post,3,1000025348,COPY_OUT,PIPE_MTE3,201776,201883,107,378550
case_084,post,3,1000025372,COPY_IN,PIPE_MTE2,201883,201885,2,378550
case_084,post,3,1000025379,COPY_IN,PIPE_MTE2,201885,201993,108,378550
case_084,post,3,7122,DIV,PIPE_V,201896,202196,300,378550
case_084,post,3,7132,MATMUL,PIPE_M,201896,202484,588,378550
case_084,post,3,1000025381,COPY_IN,PIPE_MTE2,201993,202097,104,378550
case_084,post,3,7123,REDUCE,PIPE_V,202196,202280,84,378550
case_084,post,3,7124,SUB,PIPE_V,202280,202364,84,378550
case_084,post,3,1000025361,COPY_OUT,PIPE_MTE3,202364,202441,77,378550
case_084,post,3,1000025385,COPY_IN,PIPE_MTE2,202441,202442,1,378550
case_084,post,3,1000025392,COPY_IN,PIPE_MTE2,202442,202494,52,378550
case_084,post,3,7134,DIV,PIPE_V,202484,202784,300,378550
case_084,post,3,7144,MATMUL,PIPE_M,202484,203072,588,378550
case_084,post,3,1000025394,COPY_IN,PIPE_MTE2,202494,202585,91,378550
case_084,post,3,7135,REDUCE,PIPE_V,202784,202868,84,378550
case_084,post,3,7136,SUB,PIPE_V,202868,202952,84,378550
case_084,post,3,1000025374,COPY_OUT,PIPE_MTE3,202952,203156,204,378550
case_084,post,3,7146,DIV,PIPE_V,203072,203372,300,378550
case_084,post,3,7156,MATMUL,PIPE_M,203072,203660,588,378550
case_084,post,3,1000025398,COPY_IN,PIPE_MTE2,203156,203158,2,378550
case_084,post,3,1000025405,COPY_IN,PIPE_MTE2,203158,203281,123,378550
case_084,post,3,1000025407,COPY_IN,PIPE_MTE2,203281,203398,117,378550
case_084,post,3,7147,REDUCE,PIPE_V,203372,203456,84,378550
case_084,post,3,7148,SUB,PIPE_V,203456,203540,84,378550
case_084,post,3,1000025387,COPY_OUT,PIPE_MTE3,203540,203621,81,378550
case_084,post,3,1000025411,COPY_IN,PIPE_MTE2,203621,203623,2,378550
case_084,post,3,1000025418,COPY_IN,PIPE_MTE2,203623,203805,182,378550
case_084,post,3,7158,DIV,PIPE_V,203660,203960,300,378550
case_084,post,3,7168,MATMUL,PIPE_M,203660,204248,588,378550
case_084,post,3,1000025420,COPY_IN,PIPE_MTE2,203805,203941,136,378550
case_084,post,3,7159,REDUCE,PIPE_V,203960,204044,84,378550
case_084,post,3,7160,SUB,PIPE_V,204044,204128,84,378550
case_084,post,3,1000025400,COPY_OUT,PIPE_MTE3,204128,204241,113,378550
case_084,post,3,1000025424,COPY_IN,PIPE_MTE2,204241,204242,1,378550
case_084,post,3,1000025431,COPY_IN,PIPE_MTE2,204242,204294,52,378550
case_084,post,3,7170,DIV,PIPE_V,204248,204548,300,378550
case_084,post,3,7180,MATMUL,PIPE_M,204248,204836,588,378550
case_084,post,3,1000025433,COPY_IN,PIPE_MTE2,204294,204395,101,378550
case_084,post,3,7171,REDUCE,PIPE_V,204548,204632,84,378550
case_084,post,3,7172,SUB,PIPE_V,204632,204716,84,378550
case_084,post,3,1000025413,COPY_OUT,PIPE_MTE3,204716,204861,145,378550
case_084,post,3,7182,DIV,PIPE_V,204836,205136,300,378550
case_084,post,3,7192,MATMUL,PIPE_M,204836,205424,588,378550
case_084,post,3,1000025437,COPY_IN,PIPE_MTE2,204861,204862,1,378550
case_084,post,3,1000025444,COPY_IN,PIPE_MTE2,204862,204914,52,378550
case_084,post,3,1000025446,COPY_IN,PIPE_MTE2,204914,204966,52,378550
case_084,post,3,7183,REDUCE,PIPE_V,205136,205220,84,378550
case_084,post,3,7184,SUB,PIPE_V,205220,205304,84,378550
case_084,post,3,1000025426,COPY_OUT,PIPE_MTE3,205304,205423,119,378550
case_084,post,3,1000025450,COPY_IN,PIPE_MTE2,205423,205425,2,378550
case_084,post,3,7194,DIV,PIPE_V,205424,205724,300,378550
case_084,post,3,7204,MATMUL,PIPE_M,205424,206012,588,378550
case_084,post,3,1000025457,COPY_IN,PIPE_MTE2,205425,205529,104,378550
case_084,post,3,1000025459,COPY_IN,PIPE_MTE2,205529,205615,86,378550
case_084,post,3,7195,REDUCE,PIPE_V,205724,205808,84,378550
case_084,post,3,7196,SUB,PIPE_V,205808,205892,84,378550
case_084,post,3,1000025439,COPY_OUT,PIPE_MTE3,205892,206107,215,378550
case_084,post,3,7206,DIV,PIPE_V,206012,206312,300,378550
case_084,post,3,7216,MATMUL,PIPE_M,206012,206600,588,378550
case_084,post,3,1000025463,COPY_IN,PIPE_MTE2,206107,206112,5,378550
case_084,post,3,1000025470,COPY_IN,PIPE_MTE2,206112,206301,189,378550
case_084,post,3,1000025472,COPY_IN,PIPE_MTE2,206301,206475,174,378550
case_084,post,3,7207,REDUCE,PIPE_V,206312,206396,84,378550
case_084,post,3,7208,SUB,PIPE_V,206396,206480,84,378550
case_084,post,3,1000025452,COPY_OUT,PIPE_MTE3,206480,206593,113,378550
case_084,post,3,1000025476,COPY_IN,PIPE_MTE2,206593,206594,1,378550
case_084,post,3,1000025483,COPY_IN,PIPE_MTE2,206594,206646,52,378550
case_084,post,3,7218,DIV,PIPE_V,206600,206900,300,378550
case_084,post,3,7228,MATMUL,PIPE_M,206600,207188,588,378550
case_084,post,3,1000025485,COPY_IN,PIPE_MTE2,206646,206704,58,378550
case_084,post,3,7219,REDUCE,PIPE_V,206900,206984,84,378550
case_084,post,3,7220,SUB,PIPE_V,206984,207068,84,378550
case_084,post,3,1000025465,COPY_OUT,PIPE_MTE3,207068,207145,77,378550
case_084,post,3,1000025489,COPY_IN,PIPE_MTE2,207145,207146,1,378550
case_084,post,3,1000025496,COPY_IN,PIPE_MTE2,207146,207198,52,378550
case_084,post,3,7230,DIV,PIPE_V,207188,207488,300,378550
case_084,post,3,7240,MATMUL,PIPE_M,207188,207776,588,378550
case_084,post,3,1000025498,COPY_IN,PIPE_MTE2,207198,207250,52,378550
case_084,post,3,7231,REDUCE,PIPE_V,207488,207572,84,378550
case_084,post,3,7232,SUB,PIPE_V,207572,207656,84,378550
case_084,post,3,1000025478,COPY_OUT,PIPE_MTE3,207656,207733,77,378550
case_084,post,3,1000025502,COPY_IN,PIPE_MTE2,207733,207734,1,378550
case_084,post,3,1000025509,COPY_IN,PIPE_MTE2,207734,207786,52,378550
case_084,post,3,7242,DIV,PIPE_V,207776,208076,300,378550
case_084,post,3,7252,MATMUL,PIPE_M,207776,208364,588,378550
case_084,post,3,1000025511,COPY_IN,PIPE_MTE2,207786,207838,52,378550
case_084,post,3,7243,REDUCE,PIPE_V,208076,208160,84,378550
case_084,post,3,7244,SUB,PIPE_V,208160,208244,84,378550
case_084,post,3,1000025491,COPY_OUT,PIPE_MTE3,208244,208363,119,378550
case_084,post,3,1000025515,COPY_IN,PIPE_MTE2,208363,208366,3,378550
case_084,post,3,7254,DIV,PIPE_V,208364,208664,300,378550
case_084,post,3,7264,MATMUL,PIPE_M,208364,208952,588,378550
case_084,post,3,1000025522,COPY_IN,PIPE_MTE2,208366,208500,134,378550
case_084,post,3,1000025524,COPY_IN,PIPE_MTE2,208500,208604,104,378550
case_084,post,3,7255,REDUCE,PIPE_V,208664,208748,84,378550
case_084,post,3,7256,SUB,PIPE_V,208748,208832,84,378550
case_084,post,3,1000025504,COPY_OUT,PIPE_MTE3,208832,209061,229,378550
case_084,post,3,7266,DIV,PIPE_V,208952,209252,300,378550
case_084,post,3,7276,MATMUL,PIPE_M,208952,209540,588,378550
case_084,post,3,1000025528,COPY_IN,PIPE_MTE2,209061,209064,3,378550
case_084,post,3,1000025535,COPY_IN,PIPE_MTE2,209064,209176,112,378550
case_084,post,3,1000025537,COPY_IN,PIPE_MTE2,209176,209239,63,378550
case_084,post,3,7267,REDUCE,PIPE_V,209252,209336,84,378550
case_084,post,3,7268,SUB,PIPE_V,209336,209420,84,378550
case_084,post,3,1000025517,COPY_OUT,PIPE_MTE3,209420,209615,195,378550
case_084,post,3,7278,DIV,PIPE_V,209540,209840,300,378550
case_084,post,3,7288,MATMUL,PIPE_M,209540,210128,588,378550
case_084,post,3,1000025541,COPY_IN,PIPE_MTE2,209615,209617,2,378550
case_084,post,3,1000025548,COPY_IN,PIPE_MTE2,209617,209721,104,378550
case_084,post,3,1000025550,COPY_IN,PIPE_MTE2,209721,209783,62,378550
case_084,post,3,7279,REDUCE,PIPE_V,209840,209924,84,378550
case_084,post,3,7280,SUB,PIPE_V,209924,210008,84,378550
case_084,post,3,1000025530,COPY_OUT,PIPE_MTE3,210008,210085,77,378550
case_084,post,3,1000025554,COPY_IN,PIPE_MTE2,210085,210086,1,378550
case_084,post,3,1000025561,COPY_IN,PIPE_MTE2,210086,210184,98,378550
case_084,post,3,7290,DIV,PIPE_V,210128,210428,300,378550
case_084,post,3,7300,MATMUL,PIPE_M,210128,210716,588,378550
case_084,post,3,1000025563,COPY_IN,PIPE_MTE2,210184,210317,133,378550
case_084,post,3,7291,REDUCE,PIPE_V,210428,210512,84,378550
case_084,post,3,7292,SUB,PIPE_V,210512,210596,84,378550
case_084,post,3,1000025543,COPY_OUT,PIPE_MTE3,210596,210763,167,378550
case_084,post,3,7302,DIV,PIPE_V,210716,211016,300,378550
case_084,post,3,7312,MATMUL,PIPE_M,210716,211304,588,378550
case_084,post,3,1000025567,COPY_IN,PIPE_MTE2,210763,210766,3,378550
case_084,post,3,1000025574,COPY_IN,PIPE_MTE2,210766,210968,202,378550
case_084,post,3,1000025576,COPY_IN,PIPE_MTE2,210968,211191,223,378550
case_084,post,3,7303,REDUCE,PIPE_V,211016,211100,84,378550
case_084,post,3,7304,SUB,PIPE_V,211100,211184,84,378550
case_084,post,3,1000025556,COPY_OUT,PIPE_MTE3,211184,211374,190,378550
case_084,post,3,7314,DIV,PIPE_V,211304,211604,300,378550
case_084,post,3,7324,MATMUL,PIPE_M,211304,211892,588,378550
case_084,post,3,1000025580,COPY_IN,PIPE_MTE2,211374,211375,1,378550
case_084,post,3,1000025587,COPY_IN,PIPE_MTE2,211375,211427,52,378550
case_084,post,3,1000025589,COPY_IN,PIPE_MTE2,211427,211479,52,378550
case_084,post,3,7315,REDUCE,PIPE_V,211604,211688,84,378550
case_084,post,3,7316,SUB,PIPE_V,211688,211772,84,378550
case_084,post,3,1000025569,COPY_OUT,PIPE_MTE3,211772,211849,77,378550
case_084,post,3,1000025593,COPY_IN,PIPE_MTE2,211849,211850,1,378550
case_084,post,3,1000025600,COPY_IN,PIPE_MTE2,211850,211902,52,378550
case_084,post,3,7326,DIV,PIPE_V,211892,212192,300,378550
case_084,post,3,7336,MATMUL,PIPE_M,211892,212480,588,378550
case_084,post,3,1000025602,COPY_IN,PIPE_MTE2,211902,211954,52,378550
case_084,post,3,7327,REDUCE,PIPE_V,212192,212276,84,378550
case_084,post,3,7328,SUB,PIPE_V,212276,212360,84,378550
case_084,post,3,1000025582,COPY_OUT,PIPE_MTE3,212360,212598,238,378550
case_084,post,3,7338,DIV,PIPE_V,212480,212780,300,378550
case_084,post,3,7348,MATMUL,PIPE_M,212480,213068,588,378550
case_084,post,3,1000025606,COPY_IN,PIPE_MTE2,212598,212601,3,378550
case_084,post,3,1000025613,COPY_IN,PIPE_MTE2,212601,212658,57,378550
case_084,post,3,1000025615,COPY_IN,PIPE_MTE2,212658,212710,52,378550
case_084,post,3,7339,REDUCE,PIPE_V,212780,212864,84,378550
case_084,post,3,7340,SUB,PIPE_V,212864,212948,84,378550
case_084,post,3,1000025595,COPY_OUT,PIPE_MTE3,212948,213232,284,378550
case_084,post,3,7350,DIV,PIPE_V,213068,213368,300,378550
case_084,post,3,7360,MATMUL,PIPE_M,213068,213656,588,378550
case_084,post,3,1000025619,COPY_IN,PIPE_MTE2,213232,213235,3,378550
case_084,post,3,1000025626,COPY_IN,PIPE_MTE2,213235,213341,106,378550
case_084,post,3,1000025628,COPY_IN,PIPE_MTE2,213341,213423,82,378550
case_084,post,3,7351,REDUCE,PIPE_V,213368,213452,84,378550
case_084,post,3,7352,SUB,PIPE_V,213452,213536,84,378550
case_084,post,3,1000025608,COPY_OUT,PIPE_MTE3,213536,213741,205,378550
case_084,post,3,7362,DIV,PIPE_V,213656,213956,300,378550
case_084,post,3,7372,MATMUL,PIPE_M,213656,214244,588,378550
case_084,post,3,1000025632,COPY_IN,PIPE_MTE2,213741,213743,2,378550
case_084,post,3,1000025639,COPY_IN,PIPE_MTE2,213743,213846,103,378550
case_084,post,3,1000025641,COPY_IN,PIPE_MTE2,213846,213898,52,378550
case_084,post,3,7363,REDUCE,PIPE_V,213956,214040,84,378550
case_084,post,3,7364,SUB,PIPE_V,214040,214124,84,378550
case_084,post,3,1000025621,COPY_OUT,PIPE_MTE3,214124,214201,77,378550
case_084,post,3,1000025645,COPY_IN,PIPE_MTE2,214201,214202,1,378550
case_084,post,3,1000025652,COPY_IN,PIPE_MTE2,214202,214324,122,378550
case_084,post,3,7374,DIV,PIPE_V,214244,214544,300,378550
case_084,post,3,7384,MATMUL,PIPE_M,214244,214832,588,378550
case_084,post,3,1000025654,COPY_IN,PIPE_MTE2,214324,214445,121,378550
case_084,post,3,7375,REDUCE,PIPE_V,214544,214628,84,378550
case_084,post,3,7376,SUB,PIPE_V,214628,214712,84,378550
case_084,post,3,1000025634,COPY_OUT,PIPE_MTE3,214712,214789,77,378550
case_084,post,3,1000025658,COPY_IN,PIPE_MTE2,214789,214790,1,378550
case_084,post,3,1000025665,COPY_IN,PIPE_MTE2,214790,214842,52,378550
case_084,post,3,7386,DIV,PIPE_V,214832,215132,300,378550
case_084,post,3,7396,MATMUL,PIPE_M,214832,215420,588,378550
case_084,post,3,1000025667,COPY_IN,PIPE_MTE2,214842,214894,52,378550
case_084,post,3,7387,REDUCE,PIPE_V,215132,215216,84,378550
case_084,post,3,7388,SUB,PIPE_V,215216,215300,84,378550
case_084,post,3,1000025647,COPY_OUT,PIPE_MTE3,215300,215498,198,378550
case_084,post,3,7398,DIV,PIPE_V,215420,215720,300,378550
case_084,post,3,7408,MATMUL,PIPE_M,215420,216008,588,378550
case_084,post,3,1000025671,COPY_IN,PIPE_MTE2,215498,215500,2,378550
case_084,post,3,1000025678,COPY_IN,PIPE_MTE2,215500,215621,121,378550
case_084,post,3,1000025680,COPY_IN,PIPE_MTE2,215621,215788,167,378550
case_084,post,3,7399,REDUCE,PIPE_V,215720,215804,84,378550
case_084,post,3,7400,SUB,PIPE_V,215804,215888,84,378550
case_084,post,3,1000025660,COPY_OUT,PIPE_MTE3,215888,216042,154,378550
case_084,post,3,7410,DIV,PIPE_V,216008,216308,300,378550
case_084,post,3,7420,MATMUL,PIPE_M,216008,216596,588,378550
case_084,post,3,1000025684,COPY_IN,PIPE_MTE2,216042,216044,2,378550
case_084,post,3,1000025691,COPY_IN,PIPE_MTE2,216044,216115,71,378550
case_084,post,3,1000025693,COPY_IN,PIPE_MTE2,216115,216167,52,378550
case_084,post,3,7411,REDUCE,PIPE_V,216308,216392,84,378550
case_084,post,3,7412,SUB,PIPE_V,216392,216476,84,378550
case_084,post,3,1000025673,COPY_OUT,PIPE_MTE3,216476,216553,77,378550
case_084,post,3,1000025697,COPY_IN,PIPE_MTE2,216553,216554,1,378550
case_084,post,3,1000025704,COPY_IN,PIPE_MTE2,216554,216606,52,378550
case_084,post,3,7422,DIV,PIPE_V,216596,216896,300,378550
case_084,post,3,7432,MATMUL,PIPE_M,216596,217184,588,378550
case_084,post,3,1000025706,COPY_IN,PIPE_MTE2,216606,216658,52,378550
case_084,post,3,7423,REDUCE,PIPE_V,216896,216980,84,378550
case_084,post,3,7424,SUB,PIPE_V,216980,217064,84,378550
case_084,post,3,1000025686,COPY_OUT,PIPE_MTE3,217064,217213,149,378550
case_084,post,3,7434,DIV,PIPE_V,217184,217484,300,378550
case_084,post,3,7444,MATMUL,PIPE_M,217184,217772,588,378550
case_084,post,3,1000025710,COPY_IN,PIPE_MTE2,217213,217214,1,378550
case_084,post,3,1000025717,COPY_IN,PIPE_MTE2,217214,217266,52,378550
case_084,post,3,1000025719,COPY_IN,PIPE_MTE2,217266,217318,52,378550
case_084,post,3,7435,REDUCE,PIPE_V,217484,217568,84,378550
case_084,post,3,7436,SUB,PIPE_V,217568,217652,84,378550
case_084,post,3,1000025699,COPY_OUT,PIPE_MTE3,217652,217996,344,378550
case_084,post,3,7446,DIV,PIPE_V,217772,218072,300,378550
case_084,post,3,7456,MATMUL,PIPE_M,217772,218360,588,378550
case_084,post,3,1000025723,COPY_IN,PIPE_MTE2,217996,218000,4,378550
case_084,post,3,1000025730,COPY_IN,PIPE_MTE2,218000,218204,204,378550
case_084,post,3,7447,REDUCE,PIPE_V,218072,218156,84,378550
case_084,post,3,7448,SUB,PIPE_V,218156,218240,84,378550
case_084,post,3,1000025732,COPY_IN,PIPE_MTE2,218204,218376,172,378550
case_084,post,3,1000025712,COPY_OUT,PIPE_MTE3,218240,218489,249,378550
case_084,post,3,7458,DIV,PIPE_V,218360,218660,300,378550
case_084,post,3,7468,MATMUL,PIPE_M,218376,218964,588,378550
case_084,post,3,1000025736,COPY_IN,PIPE_MTE2,218489,218492,3,378550
case_084,post,3,1000025743,COPY_IN,PIPE_MTE2,218492,218597,105,378550
case_084,post,3,1000025745,COPY_IN,PIPE_MTE2,218597,218676,79,378550
case_084,post,3,7459,REDUCE,PIPE_V,218660,218744,84,378550
case_084,post,3,7460,SUB,PIPE_V,218744,218828,84,378550
case_084,post,3,1000025725,COPY_OUT,PIPE_MTE3,218828,218905,77,378550
case_084,post,3,1000025749,COPY_IN,PIPE_MTE2,218905,218906,1,378550
case_084,post,3,1000025756,COPY_IN,PIPE_MTE2,218906,218958,52,378550
case_084,post,3,1000025758,COPY_IN,PIPE_MTE2,218958,219016,58,378550
case_084,post,3,7470,DIV,PIPE_V,218964,219264,300,378550
case_084,post,3,7480,MATMUL,PIPE_M,218964,219552,588,378550
case_084,post,3,7471,REDUCE,PIPE_V,219264,219348,84,378550
case_084,post,3,7472,SUB,PIPE_V,219348,219432,84,378550
case_084,post,3,1000025738,COPY_OUT,PIPE_MTE3,219432,219509,77,378550
case_084,post,3,1000025762,COPY_IN,PIPE_MTE2,219509,219510,1,378550
case_084,post,3,1000025769,COPY_IN,PIPE_MTE2,219510,219562,52,378550
case_084,post,3,7482,DIV,PIPE_V,219552,219852,300,378550
case_084,post,3,7492,MATMUL,PIPE_M,219552,220140,588,378550
case_084,post,3,1000025771,COPY_IN,PIPE_MTE2,219562,219614,52,378550
case_084,post,3,7483,REDUCE,PIPE_V,219852,219936,84,378550
case_084,post,3,7484,SUB,PIPE_V,219936,220020,84,378550
case_084,post,3,1000025751,COPY_OUT,PIPE_MTE3,220020,220186,166,378550
case_084,post,3,7494,DIV,PIPE_V,220140,220440,300,378550
case_084,post,3,7504,MATMUL,PIPE_M,220140,220728,588,378550
case_084,post,3,1000025775,COPY_IN,PIPE_MTE2,220186,220188,2,378550
case_084,post,3,1000025782,COPY_IN,PIPE_MTE2,220188,220279,91,378550
case_084,post,3,1000025784,COPY_IN,PIPE_MTE2,220279,220331,52,378550
case_084,post,3,7495,REDUCE,PIPE_V,220440,220524,84,378550
case_084,post,3,7496,SUB,PIPE_V,220524,220608,84,378550
case_084,post,3,1000025764,COPY_OUT,PIPE_MTE3,220608,220685,77,378550
case_084,post,3,1000025788,COPY_IN,PIPE_MTE2,220685,220686,1,378550
case_084,post,3,1000025795,COPY_IN,PIPE_MTE2,220686,220738,52,378550
case_084,post,3,7506,DIV,PIPE_V,220728,221028,300,378550
case_084,post,3,7516,MATMUL,PIPE_M,220728,221316,588,378550
case_084,post,3,1000025797,COPY_IN,PIPE_MTE2,220738,220790,52,378550
case_084,post,3,7507,REDUCE,PIPE_V,221028,221112,84,378550
case_084,post,3,7508,SUB,PIPE_V,221112,221196,84,378550
case_084,post,3,1000025777,COPY_OUT,PIPE_MTE3,221196,221317,121,378550
case_084,post,3,7518,DIV,PIPE_V,221316,221616,300,378550
case_084,post,3,7528,MATMUL,PIPE_M,221316,221904,588,378550
case_084,post,3,1000025801,COPY_IN,PIPE_MTE2,221317,221318,1,378550
case_084,post,3,1000025808,COPY_IN,PIPE_MTE2,221318,221370,52,378550
case_084,post,3,1000025810,COPY_IN,PIPE_MTE2,221370,221422,52,378550
case_084,post,3,7519,REDUCE,PIPE_V,221616,221700,84,378550
case_084,post,3,7520,SUB,PIPE_V,221700,221784,84,378550
case_084,post,3,1000025790,COPY_OUT,PIPE_MTE3,221784,221969,185,378550
case_084,post,3,7530,DIV,PIPE_V,221904,222204,300,378550
case_084,post,3,7540,MATMUL,PIPE_M,221904,222492,588,378550
case_084,post,3,1000025814,COPY_IN,PIPE_MTE2,221969,221971,2,378550
case_084,post,3,1000025821,COPY_IN,PIPE_MTE2,221971,222054,83,378550
case_084,post,3,1000025823,COPY_IN,PIPE_MTE2,222054,222106,52,378550
case_084,post,3,7531,REDUCE,PIPE_V,222204,222288,84,378550
case_084,post,3,7532,SUB,PIPE_V,222288,222372,84,378550
case_084,post,3,1000025803,COPY_OUT,PIPE_MTE3,222372,222648,276,378550
case_084,post,3,7542,DIV,PIPE_V,222492,222792,300,378550
case_084,post,3,7552,MATMUL,PIPE_M,222492,223080,588,378550
case_084,post,3,1000025827,COPY_IN,PIPE_MTE2,222648,222653,5,378550
case_084,post,3,1000025834,COPY_IN,PIPE_MTE2,222653,222838,185,378550
case_084,post,3,7543,REDUCE,PIPE_V,222792,222876,84,378550
case_084,post,3,1000025836,COPY_IN,PIPE_MTE2,222838,222972,134,378550
case_084,post,3,7544,SUB,PIPE_V,222876,222960,84,378550
case_084,post,3,1000025816,COPY_OUT,PIPE_MTE3,222960,223123,163,378550
case_084,post,3,7554,DIV,PIPE_V,223080,223380,300,378550
case_084,post,3,7564,MATMUL,PIPE_M,223080,223668,588,378550
case_084,post,3,1000025840,COPY_IN,PIPE_MTE2,223123,223127,4,378550
case_084,post,3,1000025847,COPY_IN,PIPE_MTE2,223127,223284,157,378550
case_084,post,3,1000025849,COPY_IN,PIPE_MTE2,223284,223388,104,378550
case_084,post,3,7555,REDUCE,PIPE_V,223380,223464,84,378550
case_084,post,3,7556,SUB,PIPE_V,223464,223548,84,378550
case_084,post,3,1000025829,COPY_OUT,PIPE_MTE3,223548,223702,154,378550
case_084,post,3,7566,DIV,PIPE_V,223668,223968,300,378550
case_084,post,3,7576,MATMUL,PIPE_M,223668,224256,588,378550
case_084,post,3,1000025853,COPY_IN,PIPE_MTE2,223702,223704,2,378550
case_084,post,3,1000025860,COPY_IN,PIPE_MTE2,223704,223777,73,378550
case_084,post,3,1000025862,COPY_IN,PIPE_MTE2,223777,223928,151,378550
case_084,post,3,7567,REDUCE,PIPE_V,223968,224052,84,378550
case_084,post,3,7568,SUB,PIPE_V,224052,224136,84,378550
case_084,post,3,1000025842,COPY_OUT,PIPE_MTE3,224136,224224,88,378550
case_084,post,3,1000025866,COPY_IN,PIPE_MTE2,224224,224226,2,378550
case_084,post,3,1000025873,COPY_IN,PIPE_MTE2,224226,224330,104,378550
case_084,post,3,7578,DIV,PIPE_V,224256,224556,300,378550
case_084,post,3,7588,MATMUL,PIPE_M,224256,224844,588,378550
case_084,post,3,1000025875,COPY_IN,PIPE_MTE2,224330,224434,104,378550
case_084,post,3,7579,REDUCE,PIPE_V,224556,224640,84,378550
case_084,post,3,7580,SUB,PIPE_V,224640,224724,84,378550
case_084,post,3,1000025855,COPY_OUT,PIPE_MTE3,224724,224980,256,378550
case_084,post,3,7590,DIV,PIPE_V,224844,225144,300,378550
case_084,post,3,7600,MATMUL,PIPE_M,224844,225432,588,378550
case_084,post,3,1000025879,COPY_IN,PIPE_MTE2,224980,224983,3,378550
case_084,post,3,1000025886,COPY_IN,PIPE_MTE2,224983,225133,150,378550
case_084,post,3,1000025888,COPY_IN,PIPE_MTE2,225133,225347,214,378550
case_084,post,3,7591,REDUCE,PIPE_V,225144,225228,84,378550
case_084,post,3,7592,SUB,PIPE_V,225228,225312,84,378550
case_084,post,3,1000025868,COPY_OUT,PIPE_MTE3,225312,225520,208,378550
case_084,post,3,7602,DIV,PIPE_V,225432,225732,300,378550
case_084,post,3,7612,MATMUL,PIPE_M,225432,226020,588,378550
case_084,post,3,1000025892,COPY_IN,PIPE_MTE2,225520,225522,2,378550
case_084,post,3,1000025899,COPY_IN,PIPE_MTE2,225522,225620,98,378550
case_084,post,3,1000025901,COPY_IN,PIPE_MTE2,225620,225724,104,378550
case_084,post,3,7603,REDUCE,PIPE_V,225732,225816,84,378550
case_084,post,3,7604,SUB,PIPE_V,225816,225900,84,378550
case_084,post,3,1000025881,COPY_OUT,PIPE_MTE3,225900,226124,224,378550
case_084,post,3,7614,DIV,PIPE_V,226020,226320,300,378550
case_084,post,3,7624,MATMUL,PIPE_M,226020,226608,588,378550
case_084,post,3,1000025905,COPY_IN,PIPE_MTE2,226124,226126,2,378550
case_084,post,3,1000025912,COPY_IN,PIPE_MTE2,226126,226210,84,378550
case_084,post,3,1000025914,COPY_IN,PIPE_MTE2,226210,226270,60,378550
case_084,post,3,7615,REDUCE,PIPE_V,226320,226404,84,378550
case_084,post,3,7616,SUB,PIPE_V,226404,226488,84,378550
case_084,post,3,1000025894,COPY_OUT,PIPE_MTE3,226488,226664,176,378550
case_084,post,3,7626,DIV,PIPE_V,226608,226908,300,378550
case_084,post,3,7636,MATMUL,PIPE_M,226608,227196,588,378550
case_084,post,3,1000025918,COPY_IN,PIPE_MTE2,226664,226668,4,378550
case_084,post,3,1000025925,COPY_IN,PIPE_MTE2,226668,226809,141,378550
case_084,post,3,1000025927,COPY_IN,PIPE_MTE2,226809,226903,94,378550
case_084,post,3,7627,REDUCE,PIPE_V,226908,226992,84,378550
case_084,post,3,7628,SUB,PIPE_V,226992,227076,84,378550
case_084,post,3,1000025907,COPY_OUT,PIPE_MTE3,227076,227397,321,378550
case_084,post,3,7638,DIV,PIPE_V,227196,227496,300,378550
case_084,post,3,7648,MATMUL,PIPE_M,227196,227784,588,378550
case_084,post,3,1000025931,COPY_IN,PIPE_MTE2,227397,227403,6,378550
case_084,post,3,1000025938,COPY_IN,PIPE_MTE2,227403,227579,176,378550
case_084,post,3,7639,REDUCE,PIPE_V,227496,227580,84,378550
case_084,post,3,1000025940,COPY_IN,PIPE_MTE2,227579,227724,145,378550
case_084,post,3,7640,SUB,PIPE_V,227580,227664,84,378550
case_084,post,3,1000025920,COPY_OUT,PIPE_MTE3,227664,227845,181,378550
case_084,post,3,7650,DIV,PIPE_V,227784,228084,300,378550
case_084,post,3,7660,MATMUL,PIPE_M,227784,228372,588,378550
case_084,post,3,1000025944,COPY_IN,PIPE_MTE2,227845,227847,2,378550
case_084,post,3,1000025951,COPY_IN,PIPE_MTE2,227847,228012,165,378550
case_084,post,3,1000025953,COPY_IN,PIPE_MTE2,228012,228170,158,378550
case_084,post,3,7651,REDUCE,PIPE_V,228084,228168,84,378550
case_084,post,3,7652,SUB,PIPE_V,228168,228252,84,378550
case_084,post,3,1000025933,COPY_OUT,PIPE_MTE3,228252,228352,100,378550
case_084,post,3,1000025957,COPY_IN,PIPE_MTE2,228352,228354,2,378550
case_084,post,3,1000025964,COPY_IN,PIPE_MTE2,228354,228458,104,378550
case_084,post,3,7662,DIV,PIPE_V,228372,228672,300,378550
case_084,post,3,7672,MATMUL,PIPE_M,228372,228960,588,378550
case_084,post,3,1000025966,COPY_IN,PIPE_MTE2,228458,228562,104,378550
case_084,post,3,7663,REDUCE,PIPE_V,228672,228756,84,378550
case_084,post,3,7664,SUB,PIPE_V,228756,228840,84,378550
case_084,post,3,1000025946,COPY_OUT,PIPE_MTE3,228840,228917,77,378550
case_084,post,3,1000025970,COPY_IN,PIPE_MTE2,228917,228918,1,378550
case_084,post,3,1000025977,COPY_IN,PIPE_MTE2,228918,228970,52,378550
case_084,post,3,7674,DIV,PIPE_V,228960,229260,300,378550
case_084,post,3,7684,MATMUL,PIPE_M,228960,229548,588,378550
case_084,post,3,1000025979,COPY_IN,PIPE_MTE2,228970,229054,84,378550
case_084,post,3,7675,REDUCE,PIPE_V,229260,229344,84,378550
case_084,post,3,7676,SUB,PIPE_V,229344,229428,84,378550
case_084,post,3,1000025959,COPY_OUT,PIPE_MTE3,229428,229725,297,378550
case_084,post,3,7686,DIV,PIPE_V,229548,229848,300,378550
case_084,post,3,7696,MATMUL,PIPE_M,229548,230136,588,378550
case_084,post,3,1000025983,COPY_IN,PIPE_MTE2,229725,229729,4,378550
case_084,post,3,1000025990,COPY_IN,PIPE_MTE2,229729,229890,161,378550
case_084,post,3,7687,REDUCE,PIPE_V,229848,229932,84,378550
case_084,post,3,1000025992,COPY_IN,PIPE_MTE2,229890,230064,174,378550
case_084,post,3,7688,SUB,PIPE_V,229932,230016,84,378550
case_084,post,3,1000025972,COPY_OUT,PIPE_MTE3,230016,230276,260,378550
case_084,post,3,7698,DIV,PIPE_V,230136,230436,300,378550
case_084,post,3,7708,MATMUL,PIPE_M,230136,230724,588,378550
case_084,post,3,1000025996,COPY_IN,PIPE_MTE2,230276,230278,2,378550
case_084,post,3,1000026003,COPY_IN,PIPE_MTE2,230278,230378,100,378550
case_084,post,3,1000026005,COPY_IN,PIPE_MTE2,230378,230482,104,378550
case_084,post,3,7699,REDUCE,PIPE_V,230436,230520,84,378550
case_084,post,3,7700,SUB,PIPE_V,230520,230604,84,378550
case_084,post,3,1000025985,COPY_OUT,PIPE_MTE3,230604,230816,212,378550
case_084,post,3,7710,DIV,PIPE_V,230724,231024,300,378550
case_084,post,3,7720,MATMUL,PIPE_M,230724,231312,588,378550
case_084,post,3,1000026009,COPY_IN,PIPE_MTE2,230816,230820,4,378550
case_084,post,3,1000026016,COPY_IN,PIPE_MTE2,230820,230937,117,378550
case_084,post,3,1000026018,COPY_IN,PIPE_MTE2,230937,231019,82,378550
case_084,post,3,7711,REDUCE,PIPE_V,231024,231108,84,378550
case_084,post,3,7712,SUB,PIPE_V,231108,231192,84,378550
case_084,post,3,1000025998,COPY_OUT,PIPE_MTE3,231192,231269,77,378550
case_084,post,3,1000026022,COPY_IN,PIPE_MTE2,231269,231270,1,378550
case_084,post,3,1000024703,COPY_IN,PIPE_MTE2,231270,231328,58,378550
case_084,post,3,7722,DIV,PIPE_V,231312,231612,300,378550
case_084,post,3,7732,MATMUL,PIPE_M,231312,231900,588,378550
case_084,post,3,1000024705,COPY_IN,PIPE_MTE2,231328,231533,205,378550
case_084,post,3,1000019250,COPY_IN,PIPE_MTE2,231533,231694,161,378550
case_084,post,3,7723,REDUCE,PIPE_V,231612,231696,84,378550
case_084,post,3,1000019260,COPY_IN,PIPE_MTE2,231694,231921,227,378550
case_084,post,3,7724,SUB,PIPE_V,231696,231780,84,378550
case_084,post,3,1000026011,COPY_OUT,PIPE_MTE3,231780,232164,384,378550
case_084,post,3,6520,MATMUL,PIPE_M,231900,232488,588,378550
case_084,post,3,7734,DIV,PIPE_V,231900,232200,300,378550
case_084,post,3,1000019270,COPY_IN,PIPE_MTE2,231921,232214,293,378550
case_084,post,3,7735,REDUCE,PIPE_V,232200,232284,84,378550
case_084,post,3,1000019280,COPY_IN,PIPE_MTE2,232214,232474,260,378550
case_084,post,3,873,EXP,PIPE_V,232284,232584,300,378550
case_084,post,3,1000026027,COPY_OUT,PIPE_MTE3,232284,232298,14,378550
case_084,post,3,1000026024,COPY_OUT,PIPE_MTE3,232298,232629,331,378550
case_084,post,3,1000019290,COPY_IN,PIPE_MTE2,232474,232676,202,378550
case_084,post,3,874,REDUCE,PIPE_V,232584,232668,84,378550
case_084,post,3,1000024709,COPY_OUT,PIPE_MTE3,232629,233028,399,378550
case_084,post,3,875,DIV,PIPE_V,232668,232968,300,378550
case_084,post,3,1000019300,COPY_IN,PIPE_MTE2,232676,232975,299,378550
case_084,post,3,876,MATMUL,PIPE_M,232968,233556,588,378550
case_084,post,3,885,EXP,PIPE_V,232968,233268,300,378550
case_084,post,3,1000019310,COPY_IN,PIPE_MTE2,232975,233115,140,378550
case_084,post,3,1000019320,COPY_IN,PIPE_MTE2,233115,233296,181,378550
case_084,post,3,886,REDUCE,PIPE_V,233268,233352,84,378550
case_084,post,3,1000019330,COPY_IN,PIPE_MTE2,233296,233531,235,378550
case_084,post,3,887,DIV,PIPE_V,233352,233652,300,378550
case_084,post,3,1000019340,COPY_IN,PIPE_MTE2,233531,233812,281,378550
case_084,post,3,1000019254,COPY_OUT,PIPE_MTE3,233556,233832,276,378550
case_084,post,3,888,MATMUL,PIPE_M,233652,234240,588,378550
case_084,post,3,897,EXP,PIPE_V,233652,233952,300,378550
case_084,post,3,1000019350,COPY_IN,PIPE_MTE2,233812,234089,277,378550
case_084,post,3,898,REDUCE,PIPE_V,233952,234036,84,378550
case_084,post,3,899,DIV,PIPE_V,234036,234336,300,378550
case_084,post,3,1000019360,COPY_IN,PIPE_MTE2,234089,234502,413,378550
case_084,post,3,1000019264,COPY_OUT,PIPE_MTE3,234240,234615,375,378550
case_084,post,3,900,MATMUL,PIPE_M,234336,234924,588,378550
case_084,post,3,909,EXP,PIPE_V,234336,234636,300,378550
case_084,post,3,1000019370,COPY_IN,PIPE_MTE2,234502,234796,294,378550
case_084,post,3,910,REDUCE,PIPE_V,234636,234720,84,378550
case_084,post,3,911,DIV,PIPE_V,234720,235020,300,378550
case_084,post,3,1000019380,COPY_IN,PIPE_MTE2,234796,235151,355,378550
case_084,post,3,1000019274,COPY_OUT,PIPE_MTE3,234924,235242,318,378550
case_084,post,3,912,MATMUL,PIPE_M,235020,235608,588,378550
case_084,post,3,921,EXP,PIPE_V,235020,235320,300,378550
case_084,post,3,1000019390,COPY_IN,PIPE_MTE2,235151,235377,226,378550
case_084,post,3,922,REDUCE,PIPE_V,235320,235404,84,378550
case_084,post,3,1000019400,COPY_IN,PIPE_MTE2,235377,235673,296,378550
case_084,post,3,923,DIV,PIPE_V,235404,235704,300,378550
case_084,post,3,1000019284,COPY_OUT,PIPE_MTE3,235608,235912,304,378550
case_084,post,3,1000019410,COPY_IN,PIPE_MTE2,235673,235949,276,378550
case_084,post,3,924,MATMUL,PIPE_M,235704,236292,588,378550
case_084,post,3,933,EXP,PIPE_V,235704,236004,300,378550
case_084,post,3,1000019420,COPY_IN,PIPE_MTE2,235949,236179,230,378550
case_084,post,3,934,REDUCE,PIPE_V,236004,236088,84,378550
case_084,post,3,935,DIV,PIPE_V,236088,236388,300,378550
case_084,post,3,1000019430,COPY_IN,PIPE_MTE2,236179,236589,410,378550
case_084,post,3,1000019294,COPY_OUT,PIPE_MTE3,236292,236698,406,378550
case_084,post,3,936,MATMUL,PIPE_M,236388,236976,588,378550
case_084,post,3,945,EXP,PIPE_V,236388,236688,300,378550
case_084,post,3,1000019440,COPY_IN,PIPE_MTE2,236589,236907,318,378550
case_084,post,3,946,REDUCE,PIPE_V,236688,236772,84,378550
case_084,post,3,947,DIV,PIPE_V,236772,237072,300,378550
case_084,post,3,1000019450,COPY_IN,PIPE_MTE2,236907,237281,374,378550
case_084,post,3,1000019304,COPY_OUT,PIPE_MTE3,236976,237341,365,378550
case_084,post,3,948,MATMUL,PIPE_M,237072,237660,588,378550
case_084,post,3,957,EXP,PIPE_V,237072,237372,300,378550
case_084,post,3,1000019460,COPY_IN,PIPE_MTE2,237281,237525,244,378550
case_084,post,3,958,REDUCE,PIPE_V,237372,237456,84,378550
case_084,post,3,959,DIV,PIPE_V,237456,237756,300,378550
case_084,post,3,1000019470,COPY_IN,PIPE_MTE2,237525,237852,327,378550
case_084,post,3,1000019314,COPY_OUT,PIPE_MTE3,237660,237964,304,378550
case_084,post,3,960,MATMUL,PIPE_M,237756,238344,588,378550
case_084,post,3,969,EXP,PIPE_V,237756,238056,300,378550
case_084,post,3,1000019480,COPY_IN,PIPE_MTE2,237852,238082,230,378550
case_084,post,3,970,REDUCE,PIPE_V,238056,238140,84,378550
case_084,post,3,1000019490,COPY_IN,PIPE_MTE2,238082,238355,273,378550
case_084,post,3,971,DIV,PIPE_V,238140,238440,300,378550
case_084,post,3,1000019324,COPY_OUT,PIPE_MTE3,238344,238682,338,378550
case_084,post,3,1000019500,COPY_IN,PIPE_MTE2,238355,238691,336,378550
case_084,post,3,972,MATMUL,PIPE_M,238440,239028,588,378550
case_084,post,3,981,EXP,PIPE_V,238440,238740,300,378550
case_084,post,3,982,REDUCE,PIPE_V,238740,238824,84,378550
case_084,post,3,983,DIV,PIPE_V,238824,239124,300,378550
case_084,post,3,1000019334,COPY_OUT,PIPE_MTE3,239028,239333,305,378550
case_084,post,3,984,MATMUL,PIPE_M,239124,239712,588,378550
case_084,post,3,993,EXP,PIPE_V,239124,239424,300,378550
case_084,post,3,994,REDUCE,PIPE_V,239424,239508,84,378550
case_084,post,3,995,DIV,PIPE_V,239508,239808,300,378550
case_084,post,3,1000019344,COPY_OUT,PIPE_MTE3,239712,239952,240,378550
case_084,post,3,996,MATMUL,PIPE_M,239808,240396,588,378550
case_084,post,3,1005,EXP,PIPE_V,239808,240108,300,378550
case_084,post,3,1006,REDUCE,PIPE_V,240108,240192,84,378550
case_084,post,3,1007,DIV,PIPE_V,240192,240492,300,378550
case_084,post,3,1000019354,COPY_OUT,PIPE_MTE3,240396,240636,240,378550
case_084,post,3,1008,MATMUL,PIPE_M,240492,241080,588,378550
case_084,post,3,1017,EXP,PIPE_V,240492,240792,300,378550
case_084,post,3,1018,REDUCE,PIPE_V,240792,240876,84,378550
case_084,post,3,1019,DIV,PIPE_V,240876,241176,300,378550
case_084,post,3,1000019364,COPY_OUT,PIPE_MTE3,241080,241414,334,378550
case_084,post,3,1020,MATMUL,PIPE_M,241176,241764,588,378550
case_084,post,3,1029,EXP,PIPE_V,241176,241476,300,378550
case_084,post,3,1030,REDUCE,PIPE_V,241476,241560,84,378550
case_084,post,3,1031,DIV,PIPE_V,241560,241860,300,378550
case_084,post,3,1000019374,COPY_OUT,PIPE_MTE3,241764,241985,221,378550
case_084,post,3,1032,MATMUL,PIPE_M,241860,242448,588,378550
case_084,post,3,1041,EXP,PIPE_V,241860,242160,300,378550
case_084,post,3,1042,REDUCE,PIPE_V,242160,242244,84,378550
case_084,post,3,1043,DIV,PIPE_V,242244,242544,300,378550
case_084,post,3,1000019384,COPY_OUT,PIPE_MTE3,242448,242554,106,378550
case_084,post,3,1044,MATMUL,PIPE_M,242544,243132,588,378550
case_084,post,3,1053,EXP,PIPE_V,242544,242844,300,378550
case_084,post,3,1054,REDUCE,PIPE_V,242844,242928,84,378550
case_084,post,3,1055,DIV,PIPE_V,242928,243228,300,378550
case_084,post,3,1000019394,COPY_OUT,PIPE_MTE3,243132,243248,116,378550
case_084,post,3,1056,MATMUL,PIPE_M,243228,243816,588,378550
case_084,post,3,1065,EXP,PIPE_V,243228,243528,300,378550
case_084,post,3,1066,REDUCE,PIPE_V,243528,243612,84,378550
case_084,post,3,1067,DIV,PIPE_V,243612,243912,300,378550
case_084,post,3,1000019404,COPY_OUT,PIPE_MTE3,243816,243916,100,378550
case_084,post,3,1068,MATMUL,PIPE_M,243912,244500,588,378550
case_084,post,3,1077,EXP,PIPE_V,243912,244212,300,378550
case_084,post,3,1078,REDUCE,PIPE_V,244212,244296,84,378550
case_084,post,3,1000028643,COPY_IN,PIPE_MTE2,244212,244530,318,378550
case_084,post,3,1079,DIV,PIPE_V,244296,244596,300,378550
case_084,post,3,1000019414,COPY_OUT,PIPE_MTE3,244500,244689,189,378550
case_084,post,3,1000019510,COPY_IN,PIPE_MTE2,244530,244701,171,378550
case_084,post,3,1080,MATMUL,PIPE_M,244596,245184,588,378550
case_084,post,3,1089,EXP,PIPE_V,244596,244896,300,378550
case_084,post,3,1090,REDUCE,PIPE_V,244896,244980,84,378550
case_084,post,3,1000028647,COPY_IN,PIPE_MTE2,244896,245258,362,378550
case_084,post,3,1091,DIV,PIPE_V,244980,245280,300,378550
case_084,post,3,1000019424,COPY_OUT,PIPE_MTE3,245184,245439,255,378550
case_084,post,3,1000019520,COPY_IN,PIPE_MTE2,245258,245506,248,378550
case_084,post,3,1092,MATMUL,PIPE_M,245280,245868,588,378550
case_084,post,3,1101,EXP,PIPE_V,245280,245580,300,378550
case_084,post,3,1102,REDUCE,PIPE_V,245580,245664,84,378550
case_084,post,3,1000028651,COPY_IN,PIPE_MTE2,245580,246030,450,378550
case_084,post,3,1103,DIV,PIPE_V,245664,245964,300,378550
case_084,post,3,1000019434,COPY_OUT,PIPE_MTE3,245868,246182,314,378550
case_084,post,3,1104,MATMUL,PIPE_M,245964,246552,588,378550
case_084,post,3,1113,EXP,PIPE_V,245964,246264,300,378550
case_084,post,3,1000019530,COPY_IN,PIPE_MTE2,246030,246316,286,378550
case_084,post,3,1114,REDUCE,PIPE_V,246264,246348,84,378550
case_084,post,3,1000028655,COPY_IN,PIPE_MTE2,246316,246720,404,378550
case_084,post,3,1115,DIV,PIPE_V,246348,246648,300,378550
case_084,post,3,1000019444,COPY_OUT,PIPE_MTE3,246552,246836,284,378550
case_084,post,3,1116,MATMUL,PIPE_M,246648,247236,588,378550
case_084,post,3,1125,EXP,PIPE_V,246648,246948,300,378550
case_084,post,3,1000019540,COPY_IN,PIPE_MTE2,246720,246999,279,378550
case_084,post,3,1126,REDUCE,PIPE_V,246948,247032,84,378550
case_084,post,3,1000028659,COPY_IN,PIPE_MTE2,246999,247420,421,378550
case_084,post,3,1127,DIV,PIPE_V,247032,247332,300,378550
case_084,post,3,1000019454,COPY_OUT,PIPE_MTE3,247236,247504,268,378550
case_084,post,3,1128,MATMUL,PIPE_M,247332,247920,588,378550
case_084,post,3,1137,EXP,PIPE_V,247332,247632,300,378550
case_084,post,3,1000019550,COPY_IN,PIPE_MTE2,247420,247680,260,378550
case_084,post,3,1138,REDUCE,PIPE_V,247632,247716,84,378550
case_084,post,3,1000028663,COPY_IN,PIPE_MTE2,247680,248167,487,378550
case_084,post,3,1139,DIV,PIPE_V,247716,248016,300,378550
case_084,post,3,1000019464,COPY_OUT,PIPE_MTE3,247920,248241,321,378550
case_084,post,3,1140,MATMUL,PIPE_M,248016,248604,588,378550
case_084,post,3,1149,EXP,PIPE_V,248016,248316,300,378550
case_084,post,3,1000019560,COPY_IN,PIPE_MTE2,248167,248441,274,378550
case_084,post,3,1150,REDUCE,PIPE_V,248316,248400,84,378550
case_084,post,3,1151,DIV,PIPE_V,248400,248700,300,378550
case_084,post,3,1000028667,COPY_IN,PIPE_MTE2,248441,248883,442,378550
case_084,post,3,1000019474,COPY_OUT,PIPE_MTE3,248604,248878,274,378550
case_084,post,3,1152,MATMUL,PIPE_M,248700,249288,588,378550
case_084,post,3,1161,EXP,PIPE_V,248700,249000,300,378550
case_084,post,3,1000019570,COPY_IN,PIPE_MTE2,248883,249092,209,378550
case_084,post,3,1162,REDUCE,PIPE_V,249000,249084,84,378550
case_084,post,3,1163,DIV,PIPE_V,249084,249384,300,378550
case_084,post,3,1000028671,COPY_IN,PIPE_MTE2,249092,249576,484,378550
case_084,post,3,1000019484,COPY_OUT,PIPE_MTE3,249288,249591,303,378550
case_084,post,3,1164,MATMUL,PIPE_M,249384,249972,588,378550
case_084,post,3,1173,EXP,PIPE_V,249384,249684,300,378550
case_084,post,3,1000019580,COPY_IN,PIPE_MTE2,249576,249736,160,378550
case_084,post,3,1174,REDUCE,PIPE_V,249684,249768,84,378550
case_084,post,3,1000028675,COPY_IN,PIPE_MTE2,249736,250254,518,378550
case_084,post,3,1175,DIV,PIPE_V,249768,250068,300,378550
case_084,post,3,1000019494,COPY_OUT,PIPE_MTE3,249972,250344,372,378550
case_084,post,3,1176,MATMUL,PIPE_M,250068,250656,588,378550
case_084,post,3,1185,EXP,PIPE_V,250068,250368,300,378550
case_084,post,3,1000019590,COPY_IN,PIPE_MTE2,250254,250492,238,378550
case_084,post,3,1186,REDUCE,PIPE_V,250368,250452,84,378550
case_084,post,3,1187,DIV,PIPE_V,250452,250752,300,378550
case_084,post,3,1000028679,COPY_IN,PIPE_MTE2,250492,250975,483,378550
case_084,post,3,1000019504,COPY_OUT,PIPE_MTE3,250656,251005,349,378550
case_084,post,3,1188,MATMUL,PIPE_M,250752,251340,588,378550
case_084,post,3,1197,EXP,PIPE_V,250752,251052,300,378550
case_084,post,3,1000019600,COPY_IN,PIPE_MTE2,250975,251198,223,378550
case_084,post,3,1198,REDUCE,PIPE_V,251052,251136,84,378550
case_084,post,3,1199,DIV,PIPE_V,251136,251436,300,378550
case_084,post,3,1000028683,COPY_IN,PIPE_MTE2,251198,251645,447,378550
case_084,post,3,1000019514,COPY_OUT,PIPE_MTE3,251340,251665,325,378550
case_084,post,3,1200,MATMUL,PIPE_M,251436,252024,588,378550
case_084,post,3,1209,EXP,PIPE_V,251436,251736,300,378550
case_084,post,3,1000019610,COPY_IN,PIPE_MTE2,251645,251904,259,378550
case_084,post,3,1210,REDUCE,PIPE_V,251736,251820,84,378550
case_084,post,3,1211,DIV,PIPE_V,251820,252120,300,378550
case_084,post,3,1000028687,COPY_IN,PIPE_MTE2,251904,252332,428,378550
case_084,post,3,1000019524,COPY_OUT,PIPE_MTE3,252024,252327,303,378550
case_084,post,3,1212,MATMUL,PIPE_M,252120,252708,588,378550
case_084,post,3,1221,EXP,PIPE_V,252120,252420,300,378550
case_084,post,3,1000019620,COPY_IN,PIPE_MTE2,252332,252615,283,378550
case_084,post,3,1222,REDUCE,PIPE_V,252420,252504,84,378550
case_084,post,3,1223,DIV,PIPE_V,252504,252804,300,378550
case_084,post,3,1000028691,COPY_IN,PIPE_MTE2,252615,253093,478,378550
case_084,post,3,1000019534,COPY_OUT,PIPE_MTE3,252708,253046,338,378550
case_084,post,3,1224,MATMUL,PIPE_M,252804,253392,588,378550
case_084,post,3,1233,EXP,PIPE_V,252804,253104,300,378550
case_084,post,3,1000019630,COPY_IN,PIPE_MTE2,253093,253382,289,378550
case_084,post,3,1234,REDUCE,PIPE_V,253104,253188,84,378550
case_084,post,3,1235,DIV,PIPE_V,253188,253488,300,378550
case_084,post,3,1000028695,COPY_IN,PIPE_MTE2,253382,253773,391,378550
case_084,post,3,1000019544,COPY_OUT,PIPE_MTE3,253392,253658,266,378550
case_084,post,3,1236,MATMUL,PIPE_M,253488,254076,588,378550
case_084,post,3,1245,EXP,PIPE_V,253488,253788,300,378550
case_084,post,3,1000019640,COPY_IN,PIPE_MTE2,253773,254077,304,378550
case_084,post,3,1246,REDUCE,PIPE_V,253788,253872,84,378550
case_084,post,3,1247,DIV,PIPE_V,253872,254172,300,378550
case_084,post,3,1000019554,COPY_OUT,PIPE_MTE3,254076,254334,258,378550
case_084,post,3,1000028699,COPY_IN,PIPE_MTE2,254077,254448,371,378550
case_084,post,3,1248,MATMUL,PIPE_M,254172,254760,588,378550
case_084,post,3,1257,EXP,PIPE_V,254172,254472,300,378550
case_084,post,3,1000019650,COPY_IN,PIPE_MTE2,254448,254760,312,378550
case_084,post,3,1258,REDUCE,PIPE_V,254472,254556,84,378550
case_084,post,3,1259,DIV,PIPE_V,254556,254856,300,378550
case_084,post,3,1000019564,COPY_OUT,PIPE_MTE3,254760,255068,308,378550
case_084,post,3,1000028703,COPY_IN,PIPE_MTE2,254760,255191,431,378550
case_084,post,3,1260,MATMUL,PIPE_M,254856,255444,588,378550
case_084,post,3,1269,EXP,PIPE_V,254856,255156,300,378550
case_084,post,3,1270,REDUCE,PIPE_V,255156,255240,84,378550
case_084,post,3,1000019660,COPY_IN,PIPE_MTE2,255191,255538,347,378550
case_084,post,3,1271,DIV,PIPE_V,255240,255540,300,378550
case_084,post,3,1000019574,COPY_OUT,PIPE_MTE3,255444,255745,301,378550
case_084,post,3,1000028707,COPY_IN,PIPE_MTE2,255538,255855,317,378550
case_084,post,3,1272,MATMUL,PIPE_M,255540,256128,588,378550
case_084,post,3,1281,EXP,PIPE_V,255540,255840,300,378550
case_084,post,3,1282,REDUCE,PIPE_V,255840,255924,84,378550
case_084,post,3,1000019670,COPY_IN,PIPE_MTE2,255855,256136,281,378550
case_084,post,3,1283,DIV,PIPE_V,255924,256224,300,378550
case_084,post,3,1000019584,COPY_OUT,PIPE_MTE3,256128,256474,346,378550
case_084,post,3,1000028711,COPY_IN,PIPE_MTE2,256136,256552,416,378550
case_084,post,3,1284,MATMUL,PIPE_M,256224,256812,588,378550
case_084,post,3,1293,EXP,PIPE_V,256224,256524,300,378550
case_084,post,3,1294,REDUCE,PIPE_V,256524,256608,84,378550
case_084,post,3,1000019680,COPY_IN,PIPE_MTE2,256552,256767,215,378550
case_084,post,3,1295,DIV,PIPE_V,256608,256908,300,378550
case_084,post,3,1000028715,COPY_IN,PIPE_MTE2,256767,257263,496,378550
case_084,post,3,1000019594,COPY_OUT,PIPE_MTE3,256812,257165,353,378550
case_084,post,3,1296,MATMUL,PIPE_M,256908,257496,588,378550
case_084,post,3,1305,EXP,PIPE_V,256908,257208,300,378550
case_084,post,3,1306,REDUCE,PIPE_V,257208,257292,84,378550
case_084,post,3,1000019690,COPY_IN,PIPE_MTE2,257263,257543,280,378550
case_084,post,3,1307,DIV,PIPE_V,257292,257592,300,378550
case_084,post,3,1000019604,COPY_OUT,PIPE_MTE3,257496,257833,337,378550
case_084,post,3,1000028719,COPY_IN,PIPE_MTE2,257543,257998,455,378550
case_084,post,3,1308,MATMUL,PIPE_M,257592,258180,588,378550
case_084,post,3,1317,EXP,PIPE_V,257592,257892,300,378550
case_084,post,3,1318,REDUCE,PIPE_V,257892,257976,84,378550
case_084,post,3,1319,DIV,PIPE_V,257976,258276,300,378550
case_084,post,3,1000019700,COPY_IN,PIPE_MTE2,257998,258272,274,378550
case_084,post,3,1000019614,COPY_OUT,PIPE_MTE3,258180,258480,300,378550
case_084,post,3,1000028723,COPY_IN,PIPE_MTE2,258272,258683,411,378550
case_084,post,3,1320,MATMUL,PIPE_M,258276,258864,588,378550
case_084,post,3,1329,EXP,PIPE_V,258276,258576,300,378550
case_084,post,3,1330,REDUCE,PIPE_V,258576,258660,84,378550
case_084,post,3,1331,DIV,PIPE_V,258660,258960,300,378550
case_084,post,3,1000019710,COPY_IN,PIPE_MTE2,258683,258972,289,378550
case_084,post,3,1000019624,COPY_OUT,PIPE_MTE3,258864,259150,286,378550
case_084,post,3,1332,MATMUL,PIPE_M,258960,259548,588,378550
case_084,post,3,1341,EXP,PIPE_V,258960,259260,300,378550
case_084,post,3,1000028727,COPY_IN,PIPE_MTE2,258972,259366,394,378550
case_084,post,3,1342,REDUCE,PIPE_V,259260,259344,84,378550
case_084,post,3,1343,DIV,PIPE_V,259344,259644,300,378550
case_084,post,3,1000019720,COPY_IN,PIPE_MTE2,259366,259700,334,378550
case_084,post,3,1000019634,COPY_OUT,PIPE_MTE3,259548,259884,336,378550
case_084,post,3,1344,MATMUL,PIPE_M,259644,260232,588,378550
case_084,post,3,1353,EXP,PIPE_V,259644,259944,300,378550
case_084,post,3,1000028731,COPY_IN,PIPE_MTE2,259700,260145,445,378550
case_084,post,3,1354,REDUCE,PIPE_V,259944,260028,84,378550
case_084,post,3,1355,DIV,PIPE_V,260028,260328,300,378550
case_084,post,3,1000019730,COPY_IN,PIPE_MTE2,260145,260441,296,378550
case_084,post,3,1000019644,COPY_OUT,PIPE_MTE3,260232,260492,260,378550
case_084,post,3,1356,MATMUL,PIPE_M,260328,260916,588,378550
case_084,post,3,1365,EXP,PIPE_V,260328,260628,300,378550
case_084,post,3,1000028735,COPY_IN,PIPE_MTE2,260441,260841,400,378550
case_084,post,3,1366,REDUCE,PIPE_V,260628,260712,84,378550
case_084,post,3,1367,DIV,PIPE_V,260712,261012,300,378550
case_084,post,3,1000019740,COPY_IN,PIPE_MTE2,260841,261194,353,378550
case_084,post,3,1000019654,COPY_OUT,PIPE_MTE3,260916,261231,315,378550
case_084,post,3,1368,MATMUL,PIPE_M,261012,261600,588,378550
case_084,post,3,1377,EXP,PIPE_V,261012,261312,300,378550
case_084,post,3,1000028739,COPY_IN,PIPE_MTE2,261194,261518,324,378550
case_084,post,3,1378,REDUCE,PIPE_V,261312,261396,84,378550
case_084,post,3,1379,DIV,PIPE_V,261396,261696,300,378550
case_084,post,3,1000019750,COPY_IN,PIPE_MTE2,261518,261888,370,378550
case_084,post,3,1000019664,COPY_OUT,PIPE_MTE3,261600,261935,335,378550
case_084,post,3,1380,MATMUL,PIPE_M,261696,262284,588,378550
case_084,post,3,1389,EXP,PIPE_V,261696,261996,300,378550
case_084,post,3,1000028743,COPY_IN,PIPE_MTE2,261888,262149,261,378550
case_084,post,3,1390,REDUCE,PIPE_V,261996,262080,84,378550
case_084,post,3,1391,DIV,PIPE_V,262080,262380,300,378550
case_084,post,3,1000019760,COPY_IN,PIPE_MTE2,262149,262516,367,378550
case_084,post,3,1000019674,COPY_OUT,PIPE_MTE3,262284,262640,356,378550
case_084,post,3,1392,MATMUL,PIPE_M,262380,262968,588,378550
case_084,post,3,1401,EXP,PIPE_V,262380,262680,300,378550
case_084,post,3,1000028747,COPY_IN,PIPE_MTE2,262516,262855,339,378550
case_084,post,3,1402,REDUCE,PIPE_V,262680,262764,84,378550
case_084,post,3,1403,DIV,PIPE_V,262764,263064,300,378550
case_084,post,3,1000019770,COPY_IN,PIPE_MTE2,262855,263170,315,378550
case_084,post,3,1000019684,COPY_OUT,PIPE_MTE3,262968,263305,337,378550
case_084,post,3,1404,MATMUL,PIPE_M,263064,263652,588,378550
case_084,post,3,1413,EXP,PIPE_V,263064,263364,300,378550
case_084,post,3,1000028751,COPY_IN,PIPE_MTE2,263170,263561,391,378550
case_084,post,3,1414,REDUCE,PIPE_V,263364,263448,84,378550
case_084,post,3,1415,DIV,PIPE_V,263448,263748,300,378550
case_084,post,3,1000019780,COPY_IN,PIPE_MTE2,263561,263855,294,378550
case_084,post,3,1000019694,COPY_OUT,PIPE_MTE3,263652,263964,312,378550
case_084,post,3,1416,MATMUL,PIPE_M,263748,264336,588,378550
case_084,post,3,1425,EXP,PIPE_V,263748,264048,300,378550
case_084,post,3,1000028755,COPY_IN,PIPE_MTE2,263855,264263,408,378550
case_084,post,3,1426,REDUCE,PIPE_V,264048,264132,84,378550
case_084,post,3,1427,DIV,PIPE_V,264132,264432,300,378550
case_084,post,3,1000019790,COPY_IN,PIPE_MTE2,264263,264543,280,378550
case_084,post,3,1000019704,COPY_OUT,PIPE_MTE3,264336,264630,294,378550
case_084,post,3,1428,MATMUL,PIPE_M,264432,265020,588,378550
case_084,post,3,1437,EXP,PIPE_V,264432,264732,300,378550
case_084,post,3,1000028759,COPY_IN,PIPE_MTE2,264543,264961,418,378550
case_084,post,3,1438,REDUCE,PIPE_V,264732,264816,84,378550
case_084,post,3,1439,DIV,PIPE_V,264816,265116,300,378550
case_084,post,3,1000019800,COPY_IN,PIPE_MTE2,264961,265229,268,378550
case_084,post,3,1000019714,COPY_OUT,PIPE_MTE3,265020,265299,279,378550
case_084,post,3,1440,MATMUL,PIPE_M,265116,265704,588,378550
case_084,post,3,1449,EXP,PIPE_V,265116,265416,300,378550
case_084,post,3,1000028763,COPY_IN,PIPE_MTE2,265229,265658,429,378550
case_084,post,3,1450,REDUCE,PIPE_V,265416,265500,84,378550
case_084,post,3,1451,DIV,PIPE_V,265500,265800,300,378550
case_084,post,3,1000019810,COPY_IN,PIPE_MTE2,265658,265920,262,378550
case_084,post,3,1000019724,COPY_OUT,PIPE_MTE3,265704,265967,263,378550
case_084,post,3,1452,MATMUL,PIPE_M,265800,266388,588,378550
case_084,post,3,1461,EXP,PIPE_V,265800,266100,300,378550
case_084,post,3,1000028767,COPY_IN,PIPE_MTE2,265920,266346,426,378550
case_084,post,3,1462,REDUCE,PIPE_V,266100,266184,84,378550
case_084,post,3,1463,DIV,PIPE_V,266184,266484,300,378550
case_084,post,3,1000019820,COPY_IN,PIPE_MTE2,266346,266619,273,378550
case_084,post,3,1000019734,COPY_OUT,PIPE_MTE3,266388,266647,259,378550
case_084,post,3,1464,MATMUL,PIPE_M,266484,267072,588,378550
case_084,post,3,1473,EXP,PIPE_V,266484,266784,300,378550
case_084,post,3,1000028771,COPY_IN,PIPE_MTE2,266619,267015,396,378550
case_084,post,3,1474,REDUCE,PIPE_V,266784,266868,84,378550
case_084,post,3,1475,DIV,PIPE_V,266868,267168,300,378550
case_084,post,3,1000019830,COPY_IN,PIPE_MTE2,267015,267315,300,378550
case_084,post,3,1000019744,COPY_OUT,PIPE_MTE3,267072,267347,275,378550
case_084,post,3,1476,MATMUL,PIPE_M,267168,267756,588,378550
case_084,post,3,1485,EXP,PIPE_V,267168,267468,300,378550
case_084,post,3,1000028775,COPY_IN,PIPE_MTE2,267315,267659,344,378550
case_084,post,3,1486,REDUCE,PIPE_V,267468,267552,84,378550
case_084,post,3,1487,DIV,PIPE_V,267552,267852,300,378550
case_084,post,3,1000019840,COPY_IN,PIPE_MTE2,267659,268006,347,378550
case_084,post,3,1000019754,COPY_OUT,PIPE_MTE3,267756,268061,305,378550
case_084,post,3,1488,MATMUL,PIPE_M,267852,268440,588,378550
case_084,post,3,1497,EXP,PIPE_V,267852,268152,300,378550
case_084,post,3,1000028779,COPY_IN,PIPE_MTE2,268006,268262,256,378550
case_084,post,3,1498,REDUCE,PIPE_V,268152,268236,84,378550
case_084,post,3,1499,DIV,PIPE_V,268236,268536,300,378550
case_084,post,3,1000019850,COPY_IN,PIPE_MTE2,268262,268651,389,378550
case_084,post,3,1000019764,COPY_OUT,PIPE_MTE3,268440,268793,353,378550
case_084,post,3,1500,MATMUL,PIPE_M,268536,269124,588,378550
case_084,post,3,1509,EXP,PIPE_V,268536,268836,300,378550
case_084,post,3,1000028783,COPY_IN,PIPE_MTE2,268651,268950,299,378550
case_084,post,3,1510,REDUCE,PIPE_V,268836,268920,84,378550
case_084,post,3,1511,DIV,PIPE_V,268920,269220,300,378550
case_084,post,3,1000019860,COPY_IN,PIPE_MTE2,268950,269284,334,378550
case_084,post,3,1000019774,COPY_OUT,PIPE_MTE3,269124,269474,350,378550
case_084,post,3,1512,MATMUL,PIPE_M,269220,269808,588,378550
case_084,post,3,1521,EXP,PIPE_V,269220,269520,300,378550
case_084,post,3,1000028787,COPY_IN,PIPE_MTE2,269284,269656,372,378550
case_084,post,3,1522,REDUCE,PIPE_V,269520,269604,84,378550
case_084,post,3,1523,DIV,PIPE_V,269604,269904,300,378550
case_084,post,3,1000019870,COPY_IN,PIPE_MTE2,269656,269952,296,378550
case_084,post,3,1000019784,COPY_OUT,PIPE_MTE3,269808,270134,326,378550
case_084,post,3,1524,MATMUL,PIPE_M,269904,270492,588,378550
case_084,post,3,1533,EXP,PIPE_V,269904,270204,300,378550
case_084,post,3,1000028791,COPY_IN,PIPE_MTE2,269952,270361,409,378550
case_084,post,3,1534,REDUCE,PIPE_V,270204,270288,84,378550
case_084,post,3,1535,DIV,PIPE_V,270288,270588,300,378550
case_084,post,3,1000019880,COPY_IN,PIPE_MTE2,270361,270639,278,378550
case_084,post,3,1000019794,COPY_OUT,PIPE_MTE3,270492,270797,305,378550
case_084,post,3,1536,MATMUL,PIPE_M,270588,271176,588,378550
case_084,post,3,1545,EXP,PIPE_V,270588,270888,300,378550
case_084,post,3,1000028795,COPY_IN,PIPE_MTE2,270639,271060,421,378550
case_084,post,3,1546,REDUCE,PIPE_V,270888,270972,84,378550
case_084,post,3,1547,DIV,PIPE_V,270972,271272,300,378550
case_084,post,3,1000019890,COPY_IN,PIPE_MTE2,271060,271327,267,378550
case_084,post,3,1000019804,COPY_OUT,PIPE_MTE3,271176,271465,289,378550
case_084,post,3,1548,MATMUL,PIPE_M,271272,271860,588,378550
case_084,post,3,1557,EXP,PIPE_V,271272,271572,300,378550
case_084,post,3,1000028799,COPY_IN,PIPE_MTE2,271327,271756,429,378550
case_084,post,3,1558,REDUCE,PIPE_V,271572,271656,84,378550
case_084,post,3,1559,DIV,PIPE_V,271656,271956,300,378550
case_084,post,3,1000019900,COPY_IN,PIPE_MTE2,271756,272027,271,378550
case_084,post,3,1000019814,COPY_OUT,PIPE_MTE3,271860,272134,274,378550
case_084,post,3,1560,MATMUL,PIPE_M,271956,272544,588,378550
case_084,post,3,1569,EXP,PIPE_V,271956,272256,300,378550
case_084,post,3,1000028803,COPY_IN,PIPE_MTE2,272027,272437,410,378550
case_084,post,3,1570,REDUCE,PIPE_V,272256,272340,84,378550
case_084,post,3,1571,DIV,PIPE_V,272340,272640,300,378550
case_084,post,3,1000019910,COPY_IN,PIPE_MTE2,272437,272726,289,378550
case_084,post,3,1000019824,COPY_OUT,PIPE_MTE3,272544,272801,257,378550
case_084,post,3,1572,MATMUL,PIPE_M,272640,273228,588,378550
case_084,post,3,1581,EXP,PIPE_V,272640,272940,300,378550
case_084,post,3,1000028807,COPY_IN,PIPE_MTE2,272726,273106,380,378550
case_084,post,3,1582,REDUCE,PIPE_V,272940,273024,84,378550
case_084,post,3,1583,DIV,PIPE_V,273024,273324,300,378550
case_084,post,3,1000019920,COPY_IN,PIPE_MTE2,273106,273367,261,378550
case_084,post,3,1000019834,COPY_OUT,PIPE_MTE3,273228,273439,211,378550
case_084,post,3,1584,MATMUL,PIPE_M,273324,273912,588,378550
case_084,post,3,1593,EXP,PIPE_V,273324,273624,300,378550
case_084,post,3,1000028811,COPY_IN,PIPE_MTE2,273367,273588,221,378550
case_084,post,3,1000019930,COPY_IN,PIPE_MTE2,273588,273814,226,378550
case_084,post,3,1594,REDUCE,PIPE_V,273624,273708,84,378550
case_084,post,3,1595,DIV,PIPE_V,273708,274008,300,378550
case_084,post,3,1000028815,COPY_IN,PIPE_MTE2,273814,274026,212,378550
case_084,post,3,1000019844,COPY_OUT,PIPE_MTE3,273912,274034,122,378550
case_084,post,3,1596,MATMUL,PIPE_M,274008,274596,588,378550
case_084,post,3,1605,EXP,PIPE_V,274008,274308,300,378550
case_084,post,3,1000019940,COPY_IN,PIPE_MTE2,274026,274082,56,378550
case_084,post,3,1606,REDUCE,PIPE_V,274308,274392,84,378550
case_084,post,3,1000028819,COPY_IN,PIPE_MTE2,274308,274681,373,378550
case_084,post,3,1607,DIV,PIPE_V,274392,274692,300,378550
case_084,post,3,1000019854,COPY_OUT,PIPE_MTE3,274596,274857,261,378550
case_084,post,3,1000019950,COPY_IN,PIPE_MTE2,274681,274943,262,378550
case_084,post,3,1608,MATMUL,PIPE_M,274692,275280,588,378550
case_084,post,3,1617,EXP,PIPE_V,274692,274992,300,378550
case_084,post,3,1618,REDUCE,PIPE_V,274992,275076,84,378550
case_084,post,3,1000028823,COPY_IN,PIPE_MTE2,274992,275215,223,378550
case_084,post,3,1619,DIV,PIPE_V,275076,275376,300,378550
case_084,post,3,1000019960,COPY_IN,PIPE_MTE2,275215,275339,124,378550
case_084,post,3,1000019864,COPY_OUT,PIPE_MTE3,275280,275437,157,378550
case_084,post,3,1000026765,COPY_IN,PIPE_MTE2,275339,275545,206,378550
case_084,post,3,1620,MATMUL,PIPE_M,275376,275964,588,378550
case_084,post,3,1629,EXP,PIPE_V,275376,275676,300,378550
case_084,post,3,1000026767,COPY_IN,PIPE_MTE2,275545,275824,279,378550
case_084,post,3,1630,REDUCE,PIPE_V,275676,275760,84,378550
case_084,post,3,1631,DIV,PIPE_V,275760,276060,300,378550
case_084,post,3,1000026771,COPY_IN,PIPE_MTE2,275824,275829,5,378550
case_084,post,3,1000026778,COPY_IN,PIPE_MTE2,275829,276000,171,378550
case_084,post,3,1000019874,COPY_OUT,PIPE_MTE3,275964,276141,177,378550
case_084,post,3,1000026780,COPY_IN,PIPE_MTE2,276000,276174,174,378550
case_084,post,3,1632,MATMUL,PIPE_M,276060,276648,588,378550
case_084,post,3,1641,EXP,PIPE_V,276060,276360,300,378550
case_084,post,3,1000026784,COPY_IN,PIPE_MTE2,276174,276179,5,378550
case_084,post,3,1000026791,COPY_IN,PIPE_MTE2,276179,276409,230,378550
case_084,post,3,1642,REDUCE,PIPE_V,276360,276444,84,378550
case_084,post,3,1000026793,COPY_IN,PIPE_MTE2,276409,276545,136,378550
case_084,post,3,1643,DIV,PIPE_V,276444,276744,300,378550
case_084,post,3,1000019884,COPY_OUT,PIPE_MTE3,276648,276752,104,378550
case_084,post,3,1000026797,COPY_IN,PIPE_MTE2,276648,276650,2,378550
case_084,post,3,1000026804,COPY_IN,PIPE_MTE2,276650,276753,103,378550
case_084,post,3,1644,MATMUL,PIPE_M,276744,277332,588,378550
case_084,post,3,1653,EXP,PIPE_V,276744,277044,300,378550
case_084,post,3,1000026806,COPY_IN,PIPE_MTE2,276753,276936,183,378550
case_084,post,3,1654,REDUCE,PIPE_V,277044,277128,84,378550
case_084,post,3,1000026810,COPY_IN,PIPE_MTE2,277044,277048,4,378550
case_084,post,3,1000026817,COPY_IN,PIPE_MTE2,277048,277165,117,378550
case_084,post,3,1655,DIV,PIPE_V,277128,277428,300,378550
case_084,post,3,1000026819,COPY_IN,PIPE_MTE2,277165,277245,80,378550
case_084,post,3,1000019894,COPY_OUT,PIPE_MTE3,277332,277393,61,378550
case_084,post,3,1656,MATMUL,PIPE_M,277428,278016,588,378550
case_084,post,3,1665,EXP,PIPE_V,277428,277728,300,378550
case_084,post,3,1000026823,COPY_IN,PIPE_MTE2,277428,277430,2,378550
case_084,post,3,1000026830,COPY_IN,PIPE_MTE2,277430,277592,162,378550
case_084,post,3,1000026832,COPY_IN,PIPE_MTE2,277592,277788,196,378550
case_084,post,3,1666,REDUCE,PIPE_V,277728,277812,84,378550
case_084,post,3,1667,DIV,PIPE_V,277812,278112,300,378550
case_084,post,3,1000019904,COPY_OUT,PIPE_MTE3,278016,278163,147,378550
case_084,post,3,1000026836,COPY_IN,PIPE_MTE2,278016,278019,3,378550
case_084,post,3,1000026843,COPY_IN,PIPE_MTE2,278019,278166,147,378550
case_084,post,3,1668,MATMUL,PIPE_M,278112,278700,588,378550
case_084,post,3,1677,EXP,PIPE_V,278112,278412,300,378550
case_084,post,3,1000026845,COPY_IN,PIPE_MTE2,278166,278345,179,378550
case_084,post,3,1678,REDUCE,PIPE_V,278412,278496,84,378550
case_084,post,3,1000026849,COPY_IN,PIPE_MTE2,278412,278415,3,378550
case_084,post,3,1000026856,COPY_IN,PIPE_MTE2,278415,278571,156,378550
case_084,post,3,1679,DIV,PIPE_V,278496,278796,300,378550
case_084,post,3,1000026858,COPY_IN,PIPE_MTE2,278571,278634,63,378550
case_084,post,3,1000019914,COPY_OUT,PIPE_MTE3,278700,278752,52,378550
case_084,post,3,1680,MATMUL,PIPE_M,278796,279384,588,378550
case_084,post,3,1689,EXP,PIPE_V,278796,279096,300,378550
case_084,post,3,1000026862,COPY_IN,PIPE_MTE2,278796,278797,1,378550
case_084,post,3,1000026869,COPY_IN,PIPE_MTE2,278797,278890,93,378550
case_084,post,3,1000026871,COPY_IN,PIPE_MTE2,278890,279057,167,378550
case_084,post,3,1690,REDUCE,PIPE_V,279096,279180,84,378550
case_084,post,3,1691,DIV,PIPE_V,279180,279480,300,378550
case_084,post,3,1000019924,COPY_OUT,PIPE_MTE3,279384,279488,104,378550
case_084,post,3,1000026875,COPY_IN,PIPE_MTE2,279384,279386,2,378550
case_084,post,3,1000026882,COPY_IN,PIPE_MTE2,279386,279489,103,378550
case_084,post,3,1692,MATMUL,PIPE_M,279480,280068,588,378550
case_084,post,3,1701,EXP,PIPE_V,279480,279780,300,378550
case_084,post,3,1000026884,COPY_IN,PIPE_MTE2,279489,279609,120,378550
case_084,post,3,1702,REDUCE,PIPE_V,279780,279864,84,378550
case_084,post,3,1000026888,COPY_IN,PIPE_MTE2,279780,279783,3,378550
case_084,post,3,1000026895,COPY_IN,PIPE_MTE2,279783,279931,148,378550
case_084,post,3,1703,DIV,PIPE_V,279864,280164,300,378550
case_084,post,3,1000026897,COPY_IN,PIPE_MTE2,279931,279983,52,378550
case_084,post,3,1000019934,COPY_OUT,PIPE_MTE3,280068,280248,180,378550
case_084,post,3,1704,MATMUL,PIPE_M,280164,280752,588,378550
case_084,post,3,1713,EXP,PIPE_V,280164,280464,300,378550
case_084,post,3,1000026901,COPY_IN,PIPE_MTE2,280164,280168,4,378550
case_084,post,3,1000026908,COPY_IN,PIPE_MTE2,280168,280405,237,378550
case_084,post,3,1000026910,COPY_IN,PIPE_MTE2,280405,280618,213,378550
case_084,post,3,1714,REDUCE,PIPE_V,280464,280548,84,378550
case_084,post,3,1715,DIV,PIPE_V,280548,280848,300,378550
case_084,post,3,1000019944,COPY_OUT,PIPE_MTE3,280752,280856,104,378550
case_084,post,3,1000026914,COPY_IN,PIPE_MTE2,280752,280754,2,378550
case_084,post,3,1000026921,COPY_IN,PIPE_MTE2,280754,280857,103,378550
case_084,post,3,1716,MATMUL,PIPE_M,280848,281436,588,378550
case_084,post,3,1725,EXP,PIPE_V,280848,281148,300,378550
case_084,post,3,1000026923,COPY_IN,PIPE_MTE2,280857,280951,94,378550
case_084,post,3,1726,REDUCE,PIPE_V,281148,281232,84,378550
case_084,post,3,1000026927,COPY_IN,PIPE_MTE2,281148,281150,2,378550
case_084,post,3,1000026934,COPY_IN,PIPE_MTE2,281150,281256,106,378550
case_084,post,3,1727,DIV,PIPE_V,281232,281532,300,378550
case_084,post,3,1000026936,COPY_IN,PIPE_MTE2,281256,281353,97,378550
case_084,post,3,1000019954,COPY_OUT,PIPE_MTE3,281436,281488,52,378550
case_084,post,3,1728,MATMUL,PIPE_M,281532,282120,588,378550
case_084,post,3,1000026940,COPY_IN,PIPE_MTE2,281532,281533,1,378550
case_084,post,3,1000026947,COPY_IN,PIPE_MTE2,281533,281619,86,378550
case_084,post,3,1000026949,COPY_IN,PIPE_MTE2,281619,281766,147,378550
case_084,post,3,8620,MATMUL,PIPE_M,282120,282708,588,378550
case_084,post,3,1000019964,COPY_OUT,PIPE_MTE3,282120,282172,52,378550
case_084,post,3,8622,DIV,PIPE_V,282708,283008,300,378550
case_084,post,3,8632,MATMUL,PIPE_M,282708,283296,588,378550
case_084,post,3,8623,REDUCE,PIPE_V,283008,283092,84,378550
case_084,post,3,8624,SUB,PIPE_V,283092,283176,84,378550
case_084,post,3,8625,EXP,PIPE_V,283176,283476,300,378550
case_084,post,3,1000026953,COPY_IN,PIPE_MTE2,283176,283179,3,378550
case_084,post,3,1000026960,COPY_IN,PIPE_MTE2,283179,283332,153,378550
case_084,post,3,8644,MATMUL,PIPE_M,283296,283884,588,378550
case_084,post,3,1000026962,COPY_IN,PIPE_MTE2,283332,283388,56,378550
case_084,post,3,8634,DIV,PIPE_V,283476,283776,300,378550
case_084,post,3,1000026773,COPY_OUT,PIPE_MTE3,283476,283553,77,378550
case_084,post,3,1000026966,COPY_IN,PIPE_MTE2,283553,283554,1,378550
case_084,post,3,1000026973,COPY_IN,PIPE_MTE2,283554,283609,55,378550
case_084,post,3,1000026975,COPY_IN,PIPE_MTE2,283609,283764,155,378550
case_084,post,3,8635,REDUCE,PIPE_V,283776,283860,84,378550
case_084,post,3,8636,SUB,PIPE_V,283860,283944,84,378550
case_084,post,3,8656,MATMUL,PIPE_M,283884,284472,588,378550
case_084,post,3,8646,DIV,PIPE_V,283944,284244,300,378550
case_084,post,3,1000026786,COPY_OUT,PIPE_MTE3,283944,284072,128,378550
case_084,post,3,1000026979,COPY_IN,PIPE_MTE2,284072,284073,1,378550
case_084,post,3,1000026986,COPY_IN,PIPE_MTE2,284073,284125,52,378550
case_084,post,3,1000026988,COPY_IN,PIPE_MTE2,284125,284177,52,378550
case_084,post,3,8647,REDUCE,PIPE_V,284244,284328,84,378550
case_084,post,3,8648,SUB,PIPE_V,284328,284412,84,378550
case_084,post,3,1000026799,COPY_OUT,PIPE_MTE3,284412,284669,257,378550
case_084,post,3,8658,DIV,PIPE_V,284472,284772,300,378550
case_084,post,3,8668,MATMUL,PIPE_M,284472,285060,588,378550
case_084,post,3,1000026992,COPY_IN,PIPE_MTE2,284669,284673,4,378550
case_084,post,3,1000026999,COPY_IN,PIPE_MTE2,284673,284925,252,378550
case_084,post,3,8659,REDUCE,PIPE_V,284772,284856,84,378550
case_084,post,3,8660,SUB,PIPE_V,284856,284940,84,378550
case_084,post,3,1000027001,COPY_IN,PIPE_MTE2,284925,285219,294,378550
case_084,post,3,1000026812,COPY_OUT,PIPE_MTE3,284940,285373,433,378550
case_084,post,3,8670,DIV,PIPE_V,285060,285360,300,378550
case_084,post,3,8680,MATMUL,PIPE_M,285060,285648,588,378550
case_084,post,3,8671,REDUCE,PIPE_V,285360,285444,84,378550
case_084,post,3,1000027005,COPY_IN,PIPE_MTE2,285373,285378,5,378550
case_084,post,3,1000027012,COPY_IN,PIPE_MTE2,285378,285639,261,378550
case_084,post,3,8672,SUB,PIPE_V,285444,285528,84,378550
case_084,post,3,1000026825,COPY_OUT,PIPE_MTE3,285528,285958,430,378550
case_084,post,3,1000027014,COPY_IN,PIPE_MTE2,285639,285947,308,378550
case_084,post,3,8682,DIV,PIPE_V,285648,285948,300,378550
case_084,post,3,8692,MATMUL,PIPE_M,285648,286236,588,378550
case_084,post,3,8683,REDUCE,PIPE_V,285948,286032,84,378550
case_084,post,3,1000027018,COPY_IN,PIPE_MTE2,285958,285962,4,378550
case_084,post,3,1000027025,COPY_IN,PIPE_MTE2,285962,286119,157,378550
case_084,post,3,8684,SUB,PIPE_V,286032,286116,84,378550
case_084,post,3,1000026838,COPY_OUT,PIPE_MTE3,286116,286515,399,378550
case_084,post,3,1000027027,COPY_IN,PIPE_MTE2,286119,286385,266,378550
case_084,post,3,8694,DIV,PIPE_V,286236,286536,300,378550
case_084,post,3,8704,MATMUL,PIPE_M,286236,286824,588,378550
case_084,post,3,1000027031,COPY_IN,PIPE_MTE2,286515,286520,5,378550
case_084,post,3,1000027038,COPY_IN,PIPE_MTE2,286520,286761,241,378550
case_084,post,3,8695,REDUCE,PIPE_V,286536,286620,84,378550
case_084,post,3,8696,SUB,PIPE_V,286620,286704,84,378550
case_084,post,3,1000026851,COPY_OUT,PIPE_MTE3,286704,287157,453,378550
case_084,post,3,1000027040,COPY_IN,PIPE_MTE2,286761,287061,300,378550
case_084,post,3,8706,DIV,PIPE_V,286824,287124,300,378550
case_084,post,3,8716,MATMUL,PIPE_M,286824,287412,588,378550
case_084,post,3,8707,REDUCE,PIPE_V,287124,287208,84,378550
case_084,post,3,1000027044,COPY_IN,PIPE_MTE2,287157,287164,7,378550
case_084,post,3,1000027051,COPY_IN,PIPE_MTE2,287164,287503,339,378550
case_084,post,3,8708,SUB,PIPE_V,287208,287292,84,378550
case_084,post,3,1000026864,COPY_OUT,PIPE_MTE3,287292,287817,525,378550
case_084,post,3,8718,DIV,PIPE_V,287412,287712,300,378550
case_084,post,3,8728,MATMUL,PIPE_M,287412,288000,588,378550
case_084,post,3,1000027053,COPY_IN,PIPE_MTE2,287503,287870,367,378550
case_084,post,3,8719,REDUCE,PIPE_V,287712,287796,84,378550
case_084,post,3,8720,SUB,PIPE_V,287796,287880,84,378550
case_084,post,3,1000027057,COPY_IN,PIPE_MTE2,287870,287877,7,378550
case_084,post,3,1000027064,COPY_IN,PIPE_MTE2,287877,288211,334,378550
case_084,post,3,1000026877,COPY_OUT,PIPE_MTE3,287880,288355,475,378550
case_084,post,3,8730,DIV,PIPE_V,288000,288300,300,378550
case_084,post,3,8740,MATMUL,PIPE_M,288000,288588,588,378550
case_084,post,3,1000027066,COPY_IN,PIPE_MTE2,288211,288484,273,378550
case_084,post,3,8731,REDUCE,PIPE_V,288300,288384,84,378550
case_084,post,3,8732,SUB,PIPE_V,288384,288468,84,378550
case_084,post,3,1000026890,COPY_OUT,PIPE_MTE3,288468,288863,395,378550
case_084,post,3,1000027070,COPY_IN,PIPE_MTE2,288484,288490,6,378550
case_084,post,3,1000027077,COPY_IN,PIPE_MTE2,288490,288757,267,378550
case_084,post,3,8742,DIV,PIPE_V,288588,288888,300,378550
case_084,post,3,8752,MATMUL,PIPE_M,288588,289176,588,378550
case_084,post,3,1000027079,COPY_IN,PIPE_MTE2,288757,288997,240,378550
case_084,post,3,8743,REDUCE,PIPE_V,288888,288972,84,378550
case_084,post,3,8744,SUB,PIPE_V,288972,289056,84,378550
case_084,post,3,1000027083,COPY_IN,PIPE_MTE2,288997,289002,5,378550
case_084,post,3,1000027090,COPY_IN,PIPE_MTE2,289002,289333,331,378550
case_084,post,3,1000026903,COPY_OUT,PIPE_MTE3,289056,289583,527,378550
case_084,post,3,8754,DIV,PIPE_V,289176,289476,300,378550
case_084,post,3,8764,MATMUL,PIPE_M,289176,289764,588,378550
case_084,post,3,1000027092,COPY_IN,PIPE_MTE2,289333,289671,338,378550
case_084,post,3,8755,REDUCE,PIPE_V,289476,289560,84,378550
case_084,post,3,8756,SUB,PIPE_V,289560,289644,84,378550
case_084,post,3,1000026916,COPY_OUT,PIPE_MTE3,289644,290183,539,378550
case_084,post,3,1000027096,COPY_IN,PIPE_MTE2,289671,289677,6,378550
case_084,post,3,1000027103,COPY_IN,PIPE_MTE2,289677,290037,360,378550
case_084,post,3,8766,DIV,PIPE_V,289764,290064,300,378550
case_084,post,3,8776,MATMUL,PIPE_M,289764,290352,588,378550
case_084,post,3,1000027105,COPY_IN,PIPE_MTE2,290037,290368,331,378550
case_084,post,3,8767,REDUCE,PIPE_V,290064,290148,84,378550
case_084,post,3,8768,SUB,PIPE_V,290148,290232,84,378550
case_084,post,3,1000026929,COPY_OUT,PIPE_MTE3,290232,290729,497,378550
case_084,post,3,8778,DIV,PIPE_V,290352,290652,300,378550
case_084,post,3,8788,MATMUL,PIPE_M,290352,290940,588,378550
case_084,post,3,1000027109,COPY_IN,PIPE_MTE2,290368,290374,6,378550
case_084,post,3,1000027116,COPY_IN,PIPE_MTE2,290374,290720,346,378550
case_084,post,3,8779,REDUCE,PIPE_V,290652,290736,84,378550
case_084,post,3,1000027118,COPY_IN,PIPE_MTE2,290720,290959,239,378550
case_084,post,3,8780,SUB,PIPE_V,290736,290820,84,378550
case_084,post,3,1000026942,COPY_OUT,PIPE_MTE3,290820,291137,317,378550
case_084,post,3,8790,DIV,PIPE_V,290940,291240,300,378550
case_084,post,3,8800,MATMUL,PIPE_M,290940,291528,588,378550
case_084,post,3,1000027122,COPY_IN,PIPE_MTE2,290959,290963,4,378550
case_084,post,3,1000027129,COPY_IN,PIPE_MTE2,290963,291178,215,378550
case_084,post,3,1000027131,COPY_IN,PIPE_MTE2,291178,291476,298,378550
case_084,post,3,8791,REDUCE,PIPE_V,291240,291324,84,378550
case_084,post,3,8792,SUB,PIPE_V,291324,291408,84,378550
case_084,post,3,1000026955,COPY_OUT,PIPE_MTE3,291408,291887,479,378550
case_084,post,3,1000027135,COPY_IN,PIPE_MTE2,291476,291482,6,378550
case_084,post,3,1000027142,COPY_IN,PIPE_MTE2,291482,291790,308,378550
case_084,post,3,8802,DIV,PIPE_V,291528,291828,300,378550
case_084,post,3,8812,MATMUL,PIPE_M,291528,292116,588,378550
case_084,post,3,1000027144,COPY_IN,PIPE_MTE2,291790,292177,387,378550
case_084,post,3,8803,REDUCE,PIPE_V,291828,291912,84,378550
case_084,post,3,8804,SUB,PIPE_V,291912,291996,84,378550
case_084,post,3,1000026968,COPY_OUT,PIPE_MTE3,291996,292496,500,378550
case_084,post,3,8814,DIV,PIPE_V,292116,292416,300,378550
case_084,post,3,8824,MATMUL,PIPE_M,292116,292704,588,378550
case_084,post,3,1000027148,COPY_IN,PIPE_MTE2,292177,292184,7,378550
case_084,post,3,1000027155,COPY_IN,PIPE_MTE2,292184,292496,312,378550
case_084,post,3,8815,REDUCE,PIPE_V,292416,292500,84,378550
case_084,post,3,1000027157,COPY_IN,PIPE_MTE2,292496,292840,344,378550
case_084,post,3,8816,SUB,PIPE_V,292500,292584,84,378550
case_084,post,3,1000026981,COPY_OUT,PIPE_MTE3,292584,293080,496,378550
case_084,post,3,8826,DIV,PIPE_V,292704,293004,300,378550
case_084,post,3,8836,MATMUL,PIPE_M,292704,293292,588,378550
case_084,post,3,1000027161,COPY_IN,PIPE_MTE2,292840,292846,6,378550
case_084,post,3,1000027168,COPY_IN,PIPE_MTE2,292846,293135,289,378550
case_084,post,3,8827,REDUCE,PIPE_V,293004,293088,84,378550
case_084,post,3,8828,SUB,PIPE_V,293088,293172,84,378550
case_084,post,3,1000027170,COPY_IN,PIPE_MTE2,293135,293412,277,378550
case_084,post,3,1000026994,COPY_OUT,PIPE_MTE3,293172,293568,396,378550
case_084,post,3,8838,DIV,PIPE_V,293292,293592,300,378550
case_084,post,3,8848,MATMUL,PIPE_M,293292,293880,588,378550
case_084,post,3,1000027174,COPY_IN,PIPE_MTE2,293412,293417,5,378550
case_084,post,3,1000027181,COPY_IN,PIPE_MTE2,293417,293646,229,378550
case_084,post,3,8839,REDUCE,PIPE_V,293592,293676,84,378550
case_084,post,3,1000027183,COPY_IN,PIPE_MTE2,293646,293916,270,378550
case_084,post,3,8840,SUB,PIPE_V,293676,293760,84,378550
case_084,post,3,1000027007,COPY_OUT,PIPE_MTE3,293760,294266,506,378550
case_084,post,3,8850,DIV,PIPE_V,293880,294180,300,378550
case_084,post,3,8860,MATMUL,PIPE_M,293880,294468,588,378550
case_084,post,3,1000027187,COPY_IN,PIPE_MTE2,293916,293922,6,378550
case_084,post,3,1000027194,COPY_IN,PIPE_MTE2,293922,294297,375,378550
case_084,post,3,8851,REDUCE,PIPE_V,294180,294264,84,378550
case_084,post,3,8852,SUB,PIPE_V,294264,294348,84,378550
case_084,post,3,1000027196,COPY_IN,PIPE_MTE2,294297,294673,376,378550
case_084,post,3,1000027020,COPY_OUT,PIPE_MTE3,294348,294876,528,378550
case_084,post,3,8862,DIV,PIPE_V,294468,294768,300,378550
case_084,post,3,8872,MATMUL,PIPE_M,294468,295056,588,378550
case_084,post,3,1000027200,COPY_IN,PIPE_MTE2,294673,294680,7,378550
case_084,post,3,1000027207,COPY_IN,PIPE_MTE2,294680,294971,291,378550
case_084,post,3,8863,REDUCE,PIPE_V,294768,294852,84,378550
case_084,post,3,8864,SUB,PIPE_V,294852,294936,84,378550
case_084,post,3,1000027033,COPY_OUT,PIPE_MTE3,294936,295422,486,378550
case_084,post,3,1000027209,COPY_IN,PIPE_MTE2,294971,295300,329,378550
case_084,post,3,8874,DIV,PIPE_V,295056,295356,300,378550
case_084,post,3,8884,MATMUL,PIPE_M,295056,295644,588,378550
case_084,post,3,1000027213,COPY_IN,PIPE_MTE2,295300,295307,7,378550
case_084,post,3,1000027220,COPY_IN,PIPE_MTE2,295307,295596,289,378550
case_084,post,3,8875,REDUCE,PIPE_V,295356,295440,84,378550
case_084,post,3,8876,SUB,PIPE_V,295440,295524,84,378550
case_084,post,3,1000027046,COPY_OUT,PIPE_MTE3,295524,295916,392,378550
case_084,post,3,1000027222,COPY_IN,PIPE_MTE2,295596,295861,265,378550
case_084,post,3,8886,DIV,PIPE_V,295644,295944,300,378550
case_084,post,3,8896,MATMUL,PIPE_M,295644,296232,588,378550
case_084,post,3,1000027226,COPY_IN,PIPE_MTE2,295861,295866,5,378550
case_084,post,3,1000027233,COPY_IN,PIPE_MTE2,295866,296111,245,378550
case_084,post,3,8887,REDUCE,PIPE_V,295944,296028,84,378550
case_084,post,3,8888,SUB,PIPE_V,296028,296112,84,378550
case_084,post,3,1000027235,COPY_IN,PIPE_MTE2,296111,296398,287,378550
case_084,post,3,1000027059,COPY_OUT,PIPE_MTE3,296112,296575,463,378550
case_084,post,3,8898,DIV,PIPE_V,296232,296532,300,378550
case_084,post,3,8908,MATMUL,PIPE_M,296232,296820,588,378550
case_084,post,3,1000027239,COPY_IN,PIPE_MTE2,296398,296405,7,378550
case_084,post,3,1000027246,COPY_IN,PIPE_MTE2,296405,296793,388,378550
case_084,post,3,8899,REDUCE,PIPE_V,296532,296616,84,378550
case_084,post,3,8900,SUB,PIPE_V,296616,296700,84,378550
case_084,post,3,1000027072,COPY_OUT,PIPE_MTE3,296700,297226,526,378550
case_084,post,3,1000027248,COPY_IN,PIPE_MTE2,296793,297158,365,378550
case_084,post,3,8910,DIV,PIPE_V,296820,297120,300,378550
case_084,post,3,8920,MATMUL,PIPE_M,296820,297408,588,378550
case_084,post,3,8911,REDUCE,PIPE_V,297120,297204,84,378550
case_084,post,3,1000027252,COPY_IN,PIPE_MTE2,297158,297163,5,378550
case_084,post,3,1000027259,COPY_IN,PIPE_MTE2,297163,297451,288,378550
case_084,post,3,8912,SUB,PIPE_V,297204,297288,84,378550
case_084,post,3,1000027085,COPY_OUT,PIPE_MTE3,297288,297765,477,378550
case_084,post,3,8922,DIV,PIPE_V,297408,297708,300,378550
case_084,post,3,8932,MATMUL,PIPE_M,297408,297996,588,378550
case_084,post,3,1000027261,COPY_IN,PIPE_MTE2,297451,297763,312,378550
case_084,post,3,8923,REDUCE,PIPE_V,297708,297792,84,378550
case_084,post,3,1000027265,COPY_IN,PIPE_MTE2,297763,297768,5,378550
case_084,post,3,1000027272,COPY_IN,PIPE_MTE2,297768,298011,243,378550
case_084,post,3,8924,SUB,PIPE_V,297792,297876,84,378550
case_084,post,3,1000027098,COPY_OUT,PIPE_MTE3,297876,298354,478,378550
case_084,post,3,8934,DIV,PIPE_V,297996,298296,300,378550
case_084,post,3,8944,MATMUL,PIPE_M,297996,298584,588,378550
case_084,post,3,1000027274,COPY_IN,PIPE_MTE2,298011,298357,346,378550
case_084,post,3,8935,REDUCE,PIPE_V,298296,298380,84,378550
case_084,post,3,1000027278,COPY_IN,PIPE_MTE2,298357,298361,4,378550
case_084,post,3,1000027285,COPY_IN,PIPE_MTE2,298361,298543,182,378550
case_084,post,3,8936,SUB,PIPE_V,298380,298464,84,378550
case_084,post,3,1000027111,COPY_OUT,PIPE_MTE3,298464,298896,432,378550
case_084,post,3,1000027287,COPY_IN,PIPE_MTE2,298543,298853,310,378550
case_084,post,3,8946,DIV,PIPE_V,298584,298884,300,378550
case_084,post,3,8956,MATMUL,PIPE_M,298584,299172,588,378550
case_084,post,3,1000027291,COPY_IN,PIPE_MTE2,298853,298861,8,378550
case_084,post,3,1000027298,COPY_IN,PIPE_MTE2,298861,299258,397,378550
case_084,post,3,8947,REDUCE,PIPE_V,298884,298968,84,378550
case_084,post,3,8948,SUB,PIPE_V,298968,299052,84,378550
case_084,post,3,1000027124,COPY_OUT,PIPE_MTE3,299052,299587,535,378550
case_084,post,3,8958,DIV,PIPE_V,299172,299472,300,378550
case_084,post,3,8968,MATMUL,PIPE_M,299172,299760,588,378550
case_084,post,3,1000027300,COPY_IN,PIPE_MTE2,299258,299610,352,378550
case_084,post,3,8959,REDUCE,PIPE_V,299472,299556,84,378550
case_084,post,3,8960,SUB,PIPE_V,299556,299640,84,378550
case_084,post,3,1000027304,COPY_IN,PIPE_MTE2,299610,299617,7,378550
case_084,post,3,1000027311,COPY_IN,PIPE_MTE2,299617,299929,312,378550
case_084,post,3,1000027137,COPY_OUT,PIPE_MTE3,299640,300048,408,378550
case_084,post,3,8970,DIV,PIPE_V,299760,300060,300,378550
case_084,post,3,8980,MATMUL,PIPE_M,299760,300348,588,378550
case_084,post,3,1000027313,COPY_IN,PIPE_MTE2,299929,300163,234,378550
case_084,post,3,8971,REDUCE,PIPE_V,300060,300144,84,378550
case_084,post,3,8972,SUB,PIPE_V,300144,300228,84,378550
case_084,post,3,1000027317,COPY_IN,PIPE_MTE2,300163,300168,5,378550
case_084,post,3,1000027324,COPY_IN,PIPE_MTE2,300168,300469,301,378550
case_084,post,3,1000027150,COPY_OUT,PIPE_MTE3,300228,300676,448,378550
case_084,post,3,8982,DIV,PIPE_V,300348,300648,300,378550
case_084,post,3,8992,MATMUL,PIPE_M,300348,300936,588,378550
case_084,post,3,1000027326,COPY_IN,PIPE_MTE2,300469,300745,276,378550
case_084,post,3,8983,REDUCE,PIPE_V,300648,300732,84,378550
case_084,post,3,8984,SUB,PIPE_V,300732,300816,84,378550
case_084,post,3,1000027330,COPY_IN,PIPE_MTE2,300745,300750,5,378550
case_084,post,3,1000027337,COPY_IN,PIPE_MTE2,300750,301028,278,378550
case_084,post,3,1000027163,COPY_OUT,PIPE_MTE3,300816,301285,469,378550
case_084,post,3,8994,DIV,PIPE_V,300936,301236,300,378550
case_084,post,3,9004,MATMUL,PIPE_M,300936,301524,588,378550
case_084,post,3,1000027339,COPY_IN,PIPE_MTE2,301028,301376,348,378550
case_084,post,3,8995,REDUCE,PIPE_V,301236,301320,84,378550
case_084,post,3,8996,SUB,PIPE_V,301320,301404,84,378550
case_084,post,3,1000027343,COPY_IN,PIPE_MTE2,301376,301382,6,378550
case_084,post,3,1000027350,COPY_IN,PIPE_MTE2,301382,301761,379,378550
case_084,post,3,1000027176,COPY_OUT,PIPE_MTE3,301404,301950,546,378550
case_084,post,3,9006,DIV,PIPE_V,301524,301824,300,378550
case_084,post,3,9016,MATMUL,PIPE_M,301524,302112,588,378550
case_084,post,3,1000027352,COPY_IN,PIPE_MTE2,301761,302109,348,378550
case_084,post,3,9007,REDUCE,PIPE_V,301824,301908,84,378550
case_084,post,3,9008,SUB,PIPE_V,301908,301992,84,378550
case_084,post,3,1000027189,COPY_OUT,PIPE_MTE3,301992,302432,440,378550
case_084,post,3,1000027356,COPY_IN,PIPE_MTE2,302109,302116,7,378550
case_084,post,3,9018,DIV,PIPE_V,302112,302412,300,378550
case_084,post,3,9028,MATMUL,PIPE_M,302112,302700,588,378550
case_084,post,3,1000027363,COPY_IN,PIPE_MTE2,302116,302404,288,378550
case_084,post,3,1000027365,COPY_IN,PIPE_MTE2,302404,302575,171,378550
case_084,post,3,9019,REDUCE,PIPE_V,302412,302496,84,378550
case_084,post,3,9020,SUB,PIPE_V,302496,302580,84,378550
case_084,post,3,1000027369,COPY_IN,PIPE_MTE2,302575,302580,5,378550
case_084,post,3,1000027202,COPY_OUT,PIPE_MTE3,302580,303059,479,378550
case_084,post,3,1000027376,COPY_IN,PIPE_MTE2,302580,302907,327,378550
case_084,post,3,9030,DIV,PIPE_V,302700,303000,300,378550
case_084,post,3,9040,MATMUL,PIPE_M,302700,303288,588,378550
case_084,post,3,1000027378,COPY_IN,PIPE_MTE2,302907,303172,265,378550
case_084,post,3,9031,REDUCE,PIPE_V,303000,303084,84,378550
case_084,post,3,9032,SUB,PIPE_V,303084,303168,84,378550
case_084,post,3,1000027215,COPY_OUT,PIPE_MTE3,303168,303678,510,378550
case_084,post,3,1000027382,COPY_IN,PIPE_MTE2,303172,303177,5,378550
case_084,post,3,1000027389,COPY_IN,PIPE_MTE2,303177,303492,315,378550
case_084,post,3,9042,DIV,PIPE_V,303288,303588,300,378550
case_084,post,3,9052,MATMUL,PIPE_M,303288,303876,588,378550
case_084,post,3,1000027391,COPY_IN,PIPE_MTE2,303492,303877,385,378550
case_084,post,3,9043,REDUCE,PIPE_V,303588,303672,84,378550
case_084,post,3,9044,SUB,PIPE_V,303672,303756,84,378550
case_084,post,3,1000027228,COPY_OUT,PIPE_MTE3,303756,304278,522,378550
case_084,post,3,9054,DIV,PIPE_V,303876,304176,300,378550
case_084,post,3,9064,MATMUL,PIPE_M,303876,304464,588,378550
case_084,post,3,1000027395,COPY_IN,PIPE_MTE2,303877,303883,6,378550
case_084,post,3,1000027402,COPY_IN,PIPE_MTE2,303883,304219,336,378550
case_084,post,3,9055,REDUCE,PIPE_V,304176,304260,84,378550
case_084,post,3,1000027404,COPY_IN,PIPE_MTE2,304219,304580,361,378550
case_084,post,3,9056,SUB,PIPE_V,304260,304344,84,378550
case_084,post,3,1000027241,COPY_OUT,PIPE_MTE3,304344,304778,434,378550
case_084,post,3,9066,DIV,PIPE_V,304464,304764,300,378550
case_084,post,3,9076,MATMUL,PIPE_M,304464,305052,588,378550
case_084,post,3,1000027408,COPY_IN,PIPE_MTE2,304580,304585,5,378550
case_084,post,3,1000027415,COPY_IN,PIPE_MTE2,304585,304815,230,378550
case_084,post,3,9067,REDUCE,PIPE_V,304764,304848,84,378550
case_084,post,3,1000027417,COPY_IN,PIPE_MTE2,304815,305112,297,378550
case_084,post,3,9068,SUB,PIPE_V,304848,304932,84,378550
case_084,post,3,1000027254,COPY_OUT,PIPE_MTE3,304932,305354,422,378550
case_084,post,3,9078,DIV,PIPE_V,305052,305352,300,378550
case_084,post,3,9088,MATMUL,PIPE_M,305052,305640,588,378550
case_084,post,3,1000027421,COPY_IN,PIPE_MTE2,305112,305117,5,378550
case_084,post,3,1000027428,COPY_IN,PIPE_MTE2,305117,305373,256,378550
case_084,post,3,9079,REDUCE,PIPE_V,305352,305436,84,378550
case_084,post,3,1000027430,COPY_IN,PIPE_MTE2,305373,305624,251,378550
case_084,post,3,9080,SUB,PIPE_V,305436,305520,84,378550
case_084,post,3,1000027267,COPY_OUT,PIPE_MTE3,305520,306086,566,378550
case_084,post,3,1000027434,COPY_IN,PIPE_MTE2,305624,305630,6,378550
case_084,post,3,1000027441,COPY_IN,PIPE_MTE2,305630,306043,413,378550
case_084,post,3,9090,DIV,PIPE_V,305640,305940,300,378550
case_084,post,3,9100,MATMUL,PIPE_M,305640,306228,588,378550
case_084,post,3,9091,REDUCE,PIPE_V,305940,306024,84,378550
case_084,post,3,9092,SUB,PIPE_V,306024,306108,84,378550
case_084,post,3,1000027443,COPY_IN,PIPE_MTE2,306043,306355,312,378550
case_084,post,3,1000027280,COPY_OUT,PIPE_MTE3,306108,306631,523,378550
case_084,post,3,9102,DIV,PIPE_V,306228,306528,300,378550
case_084,post,3,9112,MATMUL,PIPE_M,306228,306816,588,378550
case_084,post,3,1000027447,COPY_IN,PIPE_MTE2,306355,306362,7,378550
case_084,post,3,1000027454,COPY_IN,PIPE_MTE2,306362,306736,374,378550
case_084,post,3,9103,REDUCE,PIPE_V,306528,306612,84,378550
case_084,post,3,9104,SUB,PIPE_V,306612,306696,84,378550
case_084,post,3,1000027293,COPY_OUT,PIPE_MTE3,306696,307159,463,378550
case_084,post,3,1000027456,COPY_IN,PIPE_MTE2,306736,307033,297,378550
case_084,post,3,9114,DIV,PIPE_V,306816,307116,300,378550
case_084,post,3,9124,MATMUL,PIPE_M,306816,307404,588,378550
case_084,post,3,1000027460,COPY_IN,PIPE_MTE2,307033,307039,6,378550
case_084,post,3,1000027467,COPY_IN,PIPE_MTE2,307039,307317,278,378550
case_084,post,3,9115,REDUCE,PIPE_V,307116,307200,84,378550
case_084,post,3,9116,SUB,PIPE_V,307200,307284,84,378550
case_084,post,3,1000027306,COPY_OUT,PIPE_MTE3,307284,307643,359,378550
case_084,post,3,1000027469,COPY_IN,PIPE_MTE2,307317,307535,218,378550
case_084,post,3,9126,DIV,PIPE_V,307404,307704,300,378550
case_084,post,3,9136,MATMUL,PIPE_M,307404,307992,588,378550
case_084,post,3,1000027473,COPY_IN,PIPE_MTE2,307535,307540,5,378550
case_084,post,3,1000027480,COPY_IN,PIPE_MTE2,307540,307817,277,378550
case_084,post,3,9127,REDUCE,PIPE_V,307704,307788,84,378550
case_084,post,3,9128,SUB,PIPE_V,307788,307872,84,378550
case_084,post,3,1000027482,COPY_IN,PIPE_MTE2,307817,308123,306,378550
case_084,post,3,1000027319,COPY_OUT,PIPE_MTE3,307872,308446,574,378550
case_084,post,3,9138,DIV,PIPE_V,307992,308292,300,378550
case_084,post,3,9148,MATMUL,PIPE_M,307992,308580,588,378550
case_084,post,3,1000027486,COPY_IN,PIPE_MTE2,308123,308131,8,378550
case_084,post,3,1000027493,COPY_IN,PIPE_MTE2,308131,308544,413,378550
case_084,post,3,9139,REDUCE,PIPE_V,308292,308376,84,378550
case_084,post,3,9140,SUB,PIPE_V,308376,308460,84,378550
case_084,post,3,1000027332,COPY_OUT,PIPE_MTE3,308460,309033,573,378550
case_084,post,3,1000027495,COPY_IN,PIPE_MTE2,308544,308916,372,378550
case_084,post,3,9150,DIV,PIPE_V,308580,308880,300,378550
case_084,post,3,9160,MATMUL,PIPE_M,308580,309168,588,378550
case_084,post,3,9151,REDUCE,PIPE_V,308880,308964,84,378550
case_084,post,3,1000027499,COPY_IN,PIPE_MTE2,308916,308925,9,378550
case_084,post,3,1000027506,COPY_IN,PIPE_MTE2,308925,309336,411,378550
case_084,post,3,9152,SUB,PIPE_V,308964,309048,84,378550
case_084,post,3,1000027345,COPY_OUT,PIPE_MTE3,309048,309576,528,378550
case_084,post,3,9162,DIV,PIPE_V,309168,309468,300,378550
case_084,post,3,9172,MATMUL,PIPE_M,309168,309756,588,378550
case_084,post,3,1000027508,COPY_IN,PIPE_MTE2,309336,309654,318,378550
case_084,post,3,9163,REDUCE,PIPE_V,309468,309552,84,378550
case_084,post,3,9164,SUB,PIPE_V,309552,309636,84,378550
case_084,post,3,1000027358,COPY_OUT,PIPE_MTE3,309636,310071,435,378550
case_084,post,3,1000027512,COPY_IN,PIPE_MTE2,309654,309661,7,378550
case_084,post,3,1000027519,COPY_IN,PIPE_MTE2,309661,309964,303,378550
case_084,post,3,9174,DIV,PIPE_V,309756,310056,300,378550
case_084,post,3,9184,MATMUL,PIPE_M,309756,310344,588,378550
case_084,post,3,1000027521,COPY_IN,PIPE_MTE2,309964,310193,229,378550
case_084,post,3,9175,REDUCE,PIPE_V,310056,310140,84,378550
case_084,post,3,9176,SUB,PIPE_V,310140,310224,84,378550
case_084,post,3,1000027525,COPY_IN,PIPE_MTE2,310193,310197,4,378550
case_084,post,3,1000027532,COPY_IN,PIPE_MTE2,310197,310609,412,378550
case_084,post,3,1000027371,COPY_OUT,PIPE_MTE3,310224,310880,656,378550
case_084,post,3,9186,DIV,PIPE_V,310344,310644,300,378550
case_084,post,3,9196,MATMUL,PIPE_M,310344,310932,588,378550
case_084,post,3,1000027534,COPY_IN,PIPE_MTE2,310609,311031,422,378550
case_084,post,3,9187,REDUCE,PIPE_V,310644,310728,84,378550
case_084,post,3,9188,SUB,PIPE_V,310728,310812,84,378550
case_084,post,3,1000027384,COPY_OUT,PIPE_MTE3,310880,311490,610,378550
case_084,post,3,9198,DIV,PIPE_V,310932,311232,300,378550
case_084,post,3,9208,MATMUL,PIPE_M,310932,311520,588,378550
case_084,post,3,1000027538,COPY_IN,PIPE_MTE2,311031,311039,8,378550
case_084,post,3,1000027545,COPY_IN,PIPE_MTE2,311039,311462,423,378550
case_084,post,3,9199,REDUCE,PIPE_V,311232,311316,84,378550
case_084,post,3,9200,SUB,PIPE_V,311316,311400,84,378550
case_084,post,3,1000027547,COPY_IN,PIPE_MTE2,311462,311836,374,378550
case_084,post,3,1000027397,COPY_OUT,PIPE_MTE3,311490,312011,521,378550
case_084,post,3,9210,DIV,PIPE_V,311520,311820,300,378550
case_084,post,3,9220,MATMUL,PIPE_M,311520,312108,588,378550
case_084,post,3,9211,REDUCE,PIPE_V,311820,311904,84,378550
case_084,post,3,1000027551,COPY_IN,PIPE_MTE2,311836,311843,7,378550
case_084,post,3,1000027558,COPY_IN,PIPE_MTE2,311843,312175,332,378550
case_084,post,3,9212,SUB,PIPE_V,311904,311988,84,378550
case_084,post,3,1000027410,COPY_OUT,PIPE_MTE3,312011,312523,512,378550
case_084,post,3,9222,DIV,PIPE_V,312108,312408,300,378550
case_084,post,3,9232,MATMUL,PIPE_M,312108,312696,588,378550
case_084,post,3,1000027560,COPY_IN,PIPE_MTE2,312175,312520,345,378550
case_084,post,3,9223,REDUCE,PIPE_V,312408,312492,84,378550
case_084,post,3,9224,SUB,PIPE_V,312492,312576,84,378550
case_084,post,3,1000027564,COPY_IN,PIPE_MTE2,312520,312526,6,378550
case_084,post,3,1000027571,COPY_IN,PIPE_MTE2,312526,312895,369,378550
case_084,post,3,1000027423,COPY_OUT,PIPE_MTE3,312576,313191,615,378550
case_084,post,3,9234,DIV,PIPE_V,312696,312996,300,378550
case_084,post,3,9244,MATMUL,PIPE_M,312696,313284,588,378550
case_084,post,3,1000027573,COPY_IN,PIPE_MTE2,312895,313339,444,378550
case_084,post,3,9235,REDUCE,PIPE_V,312996,313080,84,378550
case_084,post,3,9236,SUB,PIPE_V,313080,313164,84,378550
case_084,post,3,1000027436,COPY_OUT,PIPE_MTE3,313191,313773,582,378550
case_084,post,3,9246,DIV,PIPE_V,313284,313584,300,378550
case_084,post,3,9256,MATMUL,PIPE_M,313284,313872,588,378550
case_084,post,3,1000027577,COPY_IN,PIPE_MTE2,313339,313348,9,378550
case_084,post,3,1000027584,COPY_IN,PIPE_MTE2,313348,313724,376,378550
case_084,post,3,9247,REDUCE,PIPE_V,313584,313668,84,378550
case_084,post,3,9248,SUB,PIPE_V,313668,313752,84,378550
case_084,post,3,1000027586,COPY_IN,PIPE_MTE2,313724,314130,406,378550
case_084,post,3,1000027449,COPY_OUT,PIPE_MTE3,313773,314316,543,378550
case_084,post,3,9258,DIV,PIPE_V,313872,314172,300,378550
case_084,post,3,9268,MATMUL,PIPE_M,313872,314460,588,378550
case_084,post,3,1000027590,COPY_IN,PIPE_MTE2,314130,314137,7,378550
case_084,post,3,1000027597,COPY_IN,PIPE_MTE2,314137,314423,286,378550
case_084,post,3,9259,REDUCE,PIPE_V,314172,314256,84,378550
case_084,post,3,9260,SUB,PIPE_V,314256,314340,84,378550
case_084,post,3,1000027462,COPY_OUT,PIPE_MTE3,314340,314829,489,378550
case_084,post,3,1000027599,COPY_IN,PIPE_MTE2,314423,314778,355,378550
case_084,post,3,9270,DIV,PIPE_V,314460,314760,300,378550
case_084,post,3,9280,MATMUL,PIPE_M,314460,315048,588,378550
case_084,post,3,9271,REDUCE,PIPE_V,314760,314844,84,378550
case_084,post,3,1000027603,COPY_IN,PIPE_MTE2,314778,314783,5,378550
case_084,post,3,1000027610,COPY_IN,PIPE_MTE2,314783,315120,337,378550
case_084,post,3,9272,SUB,PIPE_V,314844,314928,84,378550
case_084,post,3,1000027475,COPY_OUT,PIPE_MTE3,314928,315574,646,378550
case_084,post,3,9282,DIV,PIPE_V,315048,315348,300,378550
case_084,post,3,9292,MATMUL,PIPE_M,315048,315636,588,378550
case_084,post,3,1000027612,COPY_IN,PIPE_MTE2,315120,315561,441,378550
case_084,post,3,9283,REDUCE,PIPE_V,315348,315432,84,378550
case_084,post,3,9284,SUB,PIPE_V,315432,315516,84,378550
case_084,post,3,1000027616,COPY_IN,PIPE_MTE2,315561,315567,6,378550
case_084,post,3,1000027623,COPY_IN,PIPE_MTE2,315567,315989,422,378550
case_084,post,3,1000027488,COPY_OUT,PIPE_MTE3,315574,316196,622,378550
case_084,post,3,9294,DIV,PIPE_V,315636,315936,300,378550
case_084,post,3,9304,MATMUL,PIPE_M,315636,316224,588,378550
case_084,post,3,9295,REDUCE,PIPE_V,315936,316020,84,378550
case_084,post,3,1000027625,COPY_IN,PIPE_MTE2,315989,316358,369,378550
case_084,post,3,9296,SUB,PIPE_V,316020,316104,84,378550
case_084,post,3,1000027501,COPY_OUT,PIPE_MTE3,316196,316686,490,378550
case_084,post,3,9306,DIV,PIPE_V,316224,316524,300,378550
case_084,post,3,9316,MATMUL,PIPE_M,316224,316812,588,378550
case_084,post,3,1000027629,COPY_IN,PIPE_MTE2,316358,316364,6,378550
case_084,post,3,1000027636,COPY_IN,PIPE_MTE2,316364,316697,333,378550
case_084,post,3,9307,REDUCE,PIPE_V,316524,316608,84,378550
case_084,post,3,9308,SUB,PIPE_V,316608,316692,84,378550
case_084,post,3,1000027514,COPY_OUT,PIPE_MTE3,316692,317195,503,378550
case_084,post,3,1000027638,COPY_IN,PIPE_MTE2,316697,317052,355,378550
case_084,post,3,9318,DIV,PIPE_V,316812,317112,300,378550
case_084,post,3,9328,MATMUL,PIPE_M,316812,317400,588,378550
case_084,post,3,1000027642,COPY_IN,PIPE_MTE2,317052,317058,6,378550
case_084,post,3,1000027649,COPY_IN,PIPE_MTE2,317058,317374,316,378550
case_084,post,3,9319,REDUCE,PIPE_V,317112,317196,84,378550
case_084,post,3,9320,SUB,PIPE_V,317196,317280,84,378550
case_084,post,3,1000027527,COPY_OUT,PIPE_MTE3,317280,317920,640,378550
case_084,post,3,1000027651,COPY_IN,PIPE_MTE2,317374,317813,439,378550
case_084,post,3,9330,DIV,PIPE_V,317400,317700,300,378550
case_084,post,3,9340,MATMUL,PIPE_M,317400,317988,588,378550
case_084,post,3,9331,REDUCE,PIPE_V,317700,317784,84,378550
case_084,post,3,9332,SUB,PIPE_V,317784,317868,84,378550
case_084,post,3,1000027655,COPY_IN,PIPE_MTE2,317813,317821,8,378550
case_084,post,3,1000027662,COPY_IN,PIPE_MTE2,317821,318247,426,378550
case_084,post,3,1000027540,COPY_OUT,PIPE_MTE3,317920,318494,574,378550
case_084,post,3,9342,DIV,PIPE_V,317988,318288,300,378550
case_084,post,3,9352,MATMUL,PIPE_M,317988,318576,588,378550
case_084,post,3,1000027664,COPY_IN,PIPE_MTE2,318247,318612,365,378550
case_084,post,3,9343,REDUCE,PIPE_V,318288,318372,84,378550
case_084,post,3,9344,SUB,PIPE_V,318372,318456,84,378550
case_084,post,3,1000027553,COPY_OUT,PIPE_MTE3,318494,319030,536,378550
case_084,post,3,9354,DIV,PIPE_V,318576,318876,300,378550
case_084,post,3,9364,MATMUL,PIPE_M,318576,319164,588,378550
case_084,post,3,1000027668,COPY_IN,PIPE_MTE2,318612,318620,8,378550
case_084,post,3,1000027675,COPY_IN,PIPE_MTE2,318620,318984,364,378550
case_084,post,3,9355,REDUCE,PIPE_V,318876,318960,84,378550
case_084,post,3,9356,SUB,PIPE_V,318960,319044,84,378550
case_084,post,3,1000027677,COPY_IN,PIPE_MTE2,318984,319283,299,378550
case_084,post,3,1000027566,COPY_OUT,PIPE_MTE3,319044,319547,503,378550
case_084,post,3,9366,DIV,PIPE_V,319164,319464,300,378550
case_084,post,3,9376,MATMUL,PIPE_M,319164,319752,588,378550
case_084,post,3,1000027681,COPY_IN,PIPE_MTE2,319283,319290,7,378550
case_084,post,3,1000027688,COPY_IN,PIPE_MTE2,319290,319628,338,378550
case_084,post,3,9367,REDUCE,PIPE_V,319464,319548,84,378550
case_084,post,3,9368,SUB,PIPE_V,319548,319632,84,378550
case_084,post,3,1000027690,COPY_IN,PIPE_MTE2,319628,320080,452,378550
case_084,post,3,1000027579,COPY_OUT,PIPE_MTE3,319632,320268,636,378550
case_084,post,3,9378,DIV,PIPE_V,319752,320052,300,378550
case_084,post,3,9388,MATMUL,PIPE_M,319752,320340,588,378550
case_084,post,3,9379,REDUCE,PIPE_V,320052,320136,84,378550
case_084,post,3,1000027694,COPY_IN,PIPE_MTE2,320080,320088,8,378550
case_084,post,3,1000027701,COPY_IN,PIPE_MTE2,320088,320477,389,378550
case_084,post,3,9380,SUB,PIPE_V,320136,320220,84,378550
case_084,post,3,1000027592,COPY_OUT,PIPE_MTE3,320268,320878,610,378550
case_084,post,3,9390,DIV,PIPE_V,320340,320640,300,378550
case_084,post,3,9400,MATMUL,PIPE_M,320340,320928,588,378550
case_084,post,3,1000027703,COPY_IN,PIPE_MTE2,320477,320895,418,378550
case_084,post,3,9391,REDUCE,PIPE_V,320640,320724,84,378550
case_084,post,3,9392,SUB,PIPE_V,320724,320808,84,378550
case_084,post,3,1000027605,COPY_OUT,PIPE_MTE3,320878,321364,486,378550
case_084,post,3,1000027707,COPY_IN,PIPE_MTE2,320895,320902,7,378550
case_084,post,3,1000027714,COPY_IN,PIPE_MTE2,320902,321217,315,378550
case_084,post,3,9402,DIV,PIPE_V,320928,321228,300,378550
case_084,post,3,9412,MATMUL,PIPE_M,320928,321516,588,378550
case_084,post,3,1000027716,COPY_IN,PIPE_MTE2,321217,321588,371,378550
case_084,post,3,9403,REDUCE,PIPE_V,321228,321312,84,378550
case_084,post,3,9404,SUB,PIPE_V,321312,321396,84,378550
case_084,post,3,1000027618,COPY_OUT,PIPE_MTE3,321396,321887,491,378550
case_084,post,3,9414,DIV,PIPE_V,321516,321816,300,378550
case_084,post,3,9424,MATMUL,PIPE_M,321516,322104,588,378550
case_084,post,3,1000027720,COPY_IN,PIPE_MTE2,321588,321596,8,378550
case_084,post,3,1000027727,COPY_IN,PIPE_MTE2,321596,321892,296,378550
case_084,post,3,9415,REDUCE,PIPE_V,321816,321900,84,378550
case_084,post,3,1000027729,COPY_IN,PIPE_MTE2,321892,322241,349,378550
case_084,post,3,9416,SUB,PIPE_V,321900,321984,84,378550
case_084,post,3,1000027631,COPY_OUT,PIPE_MTE3,321984,322638,654,378550
case_084,post,3,9426,DIV,PIPE_V,322104,322404,300,378550
case_084,post,3,9436,MATMUL,PIPE_M,322104,322692,588,378550
case_084,post,3,1000027733,COPY_IN,PIPE_MTE2,322241,322251,10,378550
case_084,post,3,1000027740,COPY_IN,PIPE_MTE2,322251,322707,456,378550
case_084,post,3,9427,REDUCE,PIPE_V,322404,322488,84,378550
case_084,post,3,9428,SUB,PIPE_V,322488,322572,84,378550
case_084,post,3,1000027644,COPY_OUT,PIPE_MTE3,322638,323195,557,378550
case_084,post,3,9438,DIV,PIPE_V,322692,322992,300,378550
case_084,post,3,9448,MATMUL,PIPE_M,322692,323280,588,378550
case_084,post,3,1000027742,COPY_IN,PIPE_MTE2,322707,323068,361,378550
case_084,post,3,9439,REDUCE,PIPE_V,322992,323076,84,378550
case_084,post,3,1000027746,COPY_IN,PIPE_MTE2,323068,323076,8,378550
case_084,post,3,9440,SUB,PIPE_V,323076,323160,84,378550
case_084,post,3,1000027753,COPY_IN,PIPE_MTE2,323076,323477,401,378550
case_084,post,3,1000027657,COPY_OUT,PIPE_MTE3,323195,323698,503,378550
case_084,post,3,9450,DIV,PIPE_V,323280,323580,300,378550
case_084,post,3,9460,MATMUL,PIPE_M,323280,323868,588,378550
case_084,post,3,1000027755,COPY_IN,PIPE_MTE2,323477,323745,268,378550
case_084,post,3,9451,REDUCE,PIPE_V,323580,323664,84,378550
case_084,post,3,9452,SUB,PIPE_V,323664,323748,84,378550
case_084,post,3,1000027759,COPY_IN,PIPE_MTE2,323745,323750,5,378550
case_084,post,3,1000027670,COPY_OUT,PIPE_MTE3,323748,324255,507,378550
case_084,post,3,1000027766,COPY_IN,PIPE_MTE2,323750,324070,320,378550
case_084,post,3,9462,DIV,PIPE_V,323868,324168,300,378550
case_084,post,3,9472,MATMUL,PIPE_M,323868,324456,588,378550
case_084,post,3,1000027768,COPY_IN,PIPE_MTE2,324070,324474,404,378550
case_084,post,3,9463,REDUCE,PIPE_V,324168,324252,84,378550
case_084,post,3,9464,SUB,PIPE_V,324252,324336,84,378550
case_084,post,3,1000027683,COPY_OUT,PIPE_MTE3,324336,324949,613,378550
case_084,post,3,9474,DIV,PIPE_V,324456,324756,300,378550
case_084,post,3,9484,MATMUL,PIPE_M,324456,325044,588,378550
case_084,post,3,1000027772,COPY_IN,PIPE_MTE2,324474,324482,8,378550
case_084,post,3,1000027779,COPY_IN,PIPE_MTE2,324482,324893,411,378550
case_084,post,3,9475,REDUCE,PIPE_V,324756,324840,84,378550
case_084,post,3,9476,SUB,PIPE_V,324840,324924,84,378550
case_084,post,3,1000027781,COPY_IN,PIPE_MTE2,324893,325315,422,378550
case_084,post,3,1000027696,COPY_OUT,PIPE_MTE3,324949,325549,600,378550
case_084,post,3,9486,DIV,PIPE_V,325044,325344,300,378550
case_084,post,3,9496,MATMUL,PIPE_M,325044,325632,588,378550
case_084,post,3,1000027785,COPY_IN,PIPE_MTE2,325315,325323,8,378550
case_084,post,3,1000027801,COPY_IN,PIPE_MTE2,325323,325855,532,378550
case_084,post,3,9487,REDUCE,PIPE_V,325344,325428,84,378550
case_084,post,3,9488,SUB,PIPE_V,325428,325512,84,378550
case_084,post,3,1000027709,COPY_OUT,PIPE_MTE3,325549,326076,527,378550
case_084,post,3,9498,DIV,PIPE_V,325632,325932,300,378550
case_084,post,3,9508,MATMUL,PIPE_M,325632,326220,588,378550
case_084,post,3,1000028636,COPY_IN,PIPE_MTE2,325855,326367,512,378550
case_084,post,3,9499,REDUCE,PIPE_V,325932,326016,84,378550
case_084,post,3,9500,SUB,PIPE_V,326016,326100,84,378550
case_084,post,3,1000027722,COPY_OUT,PIPE_MTE3,326100,326572,472,378550
case_084,post,3,9510,DIV,PIPE_V,326220,326520,300,378550
case_084,post,3,9520,MATMUL,PIPE_M,326220,326808,588,378550
case_084,post,3,1000028639,COPY_IN,PIPE_MTE2,326367,326379,12,378550
case_084,post,3,1000028631,COPY_IN,PIPE_MTE2,326379,326692,313,378550
case_084,post,3,9511,REDUCE,PIPE_V,326520,326604,84,378550
case_084,post,3,9512,SUB,PIPE_V,326604,326688,84,378550
case_084,post,3,1000027735,COPY_OUT,PIPE_MTE3,326688,327320,632,378550
case_084,post,3,1000027817,COPY_IN,PIPE_MTE2,326692,327323,631,378550
case_084,post,3,9522,DIV,PIPE_V,326808,327108,300,378550
case_084,post,3,9532,MATMUL,PIPE_M,326808,327396,588,378550
case_084,post,3,9523,REDUCE,PIPE_V,327108,327192,84,378550
case_084,post,3,9524,SUB,PIPE_V,327192,327276,84,378550
case_084,post,3,1000027748,COPY_OUT,PIPE_MTE3,327320,327912,592,378550
case_084,post,3,1000027812,COPY_IN,PIPE_MTE2,327323,327732,409,378550
case_084,post,3,9534,DIV,PIPE_V,327396,327696,300,378550
case_084,post,3,9544,MATMUL,PIPE_M,327396,327984,588,378550
case_084,post,3,9535,REDUCE,PIPE_V,327696,327780,84,378550
case_084,post,3,1000027830,COPY_IN,PIPE_MTE2,327732,328240,508,378550
case_084,post,3,9536,SUB,PIPE_V,327780,327864,84,378550
case_084,post,3,1000027761,COPY_OUT,PIPE_MTE3,327912,328368,456,378550
case_084,post,3,9546,DIV,PIPE_V,327984,328284,300,378550
case_084,post,3,9556,MATMUL,PIPE_M,327984,328572,588,378550
case_084,post,3,1000027825,COPY_IN,PIPE_MTE2,328240,328516,276,378550
case_084,post,3,9547,REDUCE,PIPE_V,328284,328368,84,378550
case_084,post,3,9548,SUB,PIPE_V,328368,328452,84,378550
case_084,post,3,1000027774,COPY_OUT,PIPE_MTE3,328452,328991,539,378550
case_084,post,3,1000027843,COPY_IN,PIPE_MTE2,328516,329057,541,378550
case_084,post,3,9558,DIV,PIPE_V,328572,328872,300,378550
case_084,post,3,9559,REDUCE,PIPE_V,328872,328956,84,378550
case_084,post,3,9560,SUB,PIPE_V,328956,329040,84,378550
case_084,post,3,9571,REDUCE,PIPE_V,329040,329124,84,378550
case_084,post,3,1000027787,COPY_OUT,PIPE_MTE3,329040,329651,611,378550
case_084,post,3,1000027838,COPY_IN,PIPE_MTE2,329057,329467,410,378550
case_084,post,3,9572,SUB,PIPE_V,329124,329208,84,378550
case_084,post,3,10340,SUB,PIPE_V,329208,329292,84,378550
case_084,post,3,10341,EXP,PIPE_V,329292,329592,300,378550
case_084,post,3,1000027856,COPY_IN,PIPE_MTE2,329467,330069,602,378550
case_084,post,3,10342,REDUCE,PIPE_V,329592,329676,84,378550
case_084,post,3,1000027803,COPY_OUT,PIPE_MTE3,329651,330211,560,378550
case_084,post,3,10343,DIV,PIPE_V,329676,329976,300,378550
case_084,post,3,9585,EXP,PIPE_V,329976,330276,300,378550
case_084,post,3,10344,MATMUL,PIPE_M,329976,330564,588,378550
case_084,post,3,1000027851,COPY_IN,PIPE_MTE2,330069,330385,316,378550
case_084,post,3,9586,REDUCE,PIPE_V,330276,330360,84,378550
case_084,post,3,9587,DIV,PIPE_V,330360,330660,300,378550
case_084,post,3,1000027869,COPY_IN,PIPE_MTE2,330385,330823,438,378550
case_084,post,3,1000028641,COPY_OUT,PIPE_MTE3,330564,330843,279,378550
case_084,post,3,9588,MATMUL,PIPE_M,330660,331248,588,378550
case_084,post,3,9597,EXP,PIPE_V,330660,330960,300,378550
case_084,post,3,1000027864,COPY_IN,PIPE_MTE2,330823,331076,253,378550
case_084,post,3,9598,REDUCE,PIPE_V,330960,331044,84,378550
case_084,post,3,9599,DIV,PIPE_V,331044,331344,300,378550
case_084,post,3,1000027882,COPY_IN,PIPE_MTE2,331076,331632,556,378550
case_084,post,3,1000027819,COPY_OUT,PIPE_MTE3,331248,331702,454,378550
case_084,post,3,9600,MATMUL,PIPE_M,331344,331932,588,378550
case_084,post,3,9609,EXP,PIPE_V,331344,331644,300,378550
case_084,post,3,1000027877,COPY_IN,PIPE_MTE2,331632,331970,338,378550
case_084,post,3,9610,REDUCE,PIPE_V,331644,331728,84,378550
case_084,post,3,9611,DIV,PIPE_V,331728,332028,300,378550
case_084,post,3,1000027832,COPY_OUT,PIPE_MTE3,331932,332362,430,378550
case_084,post,3,1000027895,COPY_IN,PIPE_MTE2,331970,332535,565,378550
case_084,post,3,9612,MATMUL,PIPE_M,332028,332616,588,378550
case_084,post,3,9621,EXP,PIPE_V,332028,332328,300,378550
case_084,post,3,9622,REDUCE,PIPE_V,332328,332412,84,378550
case_084,post,3,9623,DIV,PIPE_V,332412,332712,300,378550
case_084,post,3,1000027890,COPY_IN,PIPE_MTE2,332535,332839,304,378550
case_084,post,3,1000027845,COPY_OUT,PIPE_MTE3,332616,332990,374,378550
case_084,post,3,9624,MATMUL,PIPE_M,332712,333300,588,378550
case_084,post,3,9633,EXP,PIPE_V,332712,333012,300,378550
case_084,post,3,1000027908,COPY_IN,PIPE_MTE2,332839,333268,429,378550
case_084,post,3,9634,REDUCE,PIPE_V,333012,333096,84,378550
case_084,post,3,9635,DIV,PIPE_V,333096,333396,300,378550
case_084,post,3,1000027903,COPY_IN,PIPE_MTE2,333268,333564,296,378550
case_084,post,3,1000027858,COPY_OUT,PIPE_MTE3,333300,333602,302,378550
case_084,post,3,9636,MATMUL,PIPE_M,333396,333984,588,378550
case_084,post,3,9645,EXP,PIPE_V,333396,333696,300,378550
case_084,post,3,1000027921,COPY_IN,PIPE_MTE2,333564,334162,598,378550
case_084,post,3,9646,REDUCE,PIPE_V,333696,333780,84,378550
case_084,post,3,9647,DIV,PIPE_V,333780,334080,300,378550
case_084,post,3,1000027871,COPY_OUT,PIPE_MTE3,333984,334363,379,378550
case_084,post,3,9648,MATMUL,PIPE_M,334080,334668,588,378550
case_084,post,3,9657,EXP,PIPE_V,334080,334380,300,378550
case_084,post,3,1000027916,COPY_IN,PIPE_MTE2,334162,334506,344,378550
case_084,post,3,9658,REDUCE,PIPE_V,334380,334464,84,378550
case_084,post,3,9659,DIV,PIPE_V,334464,334764,300,378550
case_084,post,3,1000027934,COPY_IN,PIPE_MTE2,334506,335027,521,378550
case_084,post,3,1000027884,COPY_OUT,PIPE_MTE3,334668,335005,337,378550
case_084,post,3,9660,MATMUL,PIPE_M,334764,335352,588,378550
case_084,post,3,9669,EXP,PIPE_V,334764,335064,300,378550
case_084,post,3,1000027929,COPY_IN,PIPE_MTE2,335027,335308,281,378550
case_084,post,3,9670,REDUCE,PIPE_V,335064,335148,84,378550
case_084,post,3,9671,DIV,PIPE_V,335148,335448,300,378550
case_084,post,3,1000027947,COPY_IN,PIPE_MTE2,335308,335775,467,378550
case_084,post,3,1000027897,COPY_OUT,PIPE_MTE3,335352,335685,333,378550
case_084,post,3,9672,MATMUL,PIPE_M,335448,336036,588,378550
case_084,post,3,9681,EXP,PIPE_V,335448,335748,300,378550
case_084,post,3,9682,REDUCE,PIPE_V,335748,335832,84,378550
case_084,post,3,1000027942,COPY_IN,PIPE_MTE2,335775,336052,277,378550
case_084,post,3,9683,DIV,PIPE_V,335832,336132,300,378550
case_084,post,3,1000027910,COPY_OUT,PIPE_MTE3,336036,336477,441,378550
case_084,post,3,1000027960,COPY_IN,PIPE_MTE2,336052,336668,616,378550
case_084,post,3,9684,MATMUL,PIPE_M,336132,336720,588,378550
case_084,post,3,9693,EXP,PIPE_V,336132,336432,300,378550
case_084,post,3,9694,REDUCE,PIPE_V,336432,336516,84,378550
case_084,post,3,9695,DIV,PIPE_V,336516,336816,300,378550
case_084,post,3,1000027955,COPY_IN,PIPE_MTE2,336668,337038,370,378550
case_084,post,3,1000027923,COPY_OUT,PIPE_MTE3,336720,337120,400,378550
case_084,post,3,9696,MATMUL,PIPE_M,336816,337404,588,378550
case_084,post,3,9705,EXP,PIPE_V,336816,337116,300,378550
case_084,post,3,1000027973,COPY_IN,PIPE_MTE2,337038,337465,427,378550
case_084,post,3,9706,REDUCE,PIPE_V,337116,337200,84,378550
case_084,post,3,9707,DIV,PIPE_V,337200,337500,300,378550
case_084,post,3,1000027936,COPY_OUT,PIPE_MTE3,337404,337664,260,378550
case_084,post,3,1000027968,COPY_IN,PIPE_MTE2,337465,337720,255,378550
case_084,post,3,9708,MATMUL,PIPE_M,337500,338088,588,378550
case_084,post,3,9717,EXP,PIPE_V,337500,337800,300,378550
case_084,post,3,1000027986,COPY_IN,PIPE_MTE2,337720,338183,463,378550
case_084,post,3,9718,REDUCE,PIPE_V,337800,337884,84,378550
case_084,post,3,9719,DIV,PIPE_V,337884,338184,300,378550
case_084,post,3,1000027949,COPY_OUT,PIPE_MTE3,338088,338428,340,378550
case_084,post,3,1000027981,COPY_IN,PIPE_MTE2,338183,338540,357,378550
case_084,post,3,9720,MATMUL,PIPE_M,338184,338772,588,378550
case_084,post,3,9729,EXP,PIPE_V,338184,338484,300,378550
case_084,post,3,9730,REDUCE,PIPE_V,338484,338568,84,378550
case_084,post,3,1000027999,COPY_IN,PIPE_MTE2,338540,339117,577,378550
case_084,post,3,9731,DIV,PIPE_V,338568,338868,300,378550
case_084,post,3,1000027962,COPY_OUT,PIPE_MTE3,338772,339158,386,378550
case_084,post,3,9732,MATMUL,PIPE_M,338868,339456,588,378550
case_084,post,3,9741,EXP,PIPE_V,338868,339168,300,378550
case_084,post,3,1000027994,COPY_IN,PIPE_MTE2,339117,339428,311,378550
case_084,post,3,9742,REDUCE,PIPE_V,339168,339252,84,378550
case_084,post,3,9743,DIV,PIPE_V,339252,339552,300,378550
case_084,post,3,1000028012,COPY_IN,PIPE_MTE2,339428,339885,457,378550
case_084,post,3,1000027975,COPY_OUT,PIPE_MTE3,339456,339803,347,378550
case_084,post,3,9744,MATMUL,PIPE_M,339552,340140,588,378550
case_084,post,3,9753,EXP,PIPE_V,339552,339852,300,378550
case_084,post,3,9754,REDUCE,PIPE_V,339852,339936,84,378550
case_084,post,3,1000028007,COPY_IN,PIPE_MTE2,339885,340093,208,378550
case_084,post,3,9755,DIV,PIPE_V,339936,340236,300,378550
case_084,post,3,1000028025,COPY_IN,PIPE_MTE2,340093,340601,508,378550
case_084,post,3,1000027988,COPY_OUT,PIPE_MTE3,340140,340517,377,378550
case_084,post,3,9756,MATMUL,PIPE_M,340236,340824,588,378550
case_084,post,3,9765,EXP,PIPE_V,340236,340536,300,378550
case_084,post,3,9766,REDUCE,PIPE_V,340536,340620,84,378550
case_084,post,3,1000028020,COPY_IN,PIPE_MTE2,340601,340961,360,378550
case_084,post,3,9767,DIV,PIPE_V,340620,340920,300,378550
case_084,post,3,1000028001,COPY_OUT,PIPE_MTE3,340824,341241,417,378550
case_084,post,3,9768,MATMUL,PIPE_M,340920,341508,588,378550
case_084,post,3,9777,EXP,PIPE_V,340920,341220,300,378550
case_084,post,3,1000028038,COPY_IN,PIPE_MTE2,340961,341521,560,378550
case_084,post,3,9778,REDUCE,PIPE_V,341220,341304,84,378550
case_084,post,3,9779,DIV,PIPE_V,341304,341604,300,378550
case_084,post,3,1000028014,COPY_OUT,PIPE_MTE3,341508,341846,338,378550
case_084,post,3,1000028033,COPY_IN,PIPE_MTE2,341521,341859,338,378550
case_084,post,3,9780,MATMUL,PIPE_M,341604,342192,588,378550
case_084,post,3,9789,EXP,PIPE_V,341604,341904,300,378550
case_084,post,3,1000028051,COPY_IN,PIPE_MTE2,341859,342284,425,378550
case_084,post,3,9790,REDUCE,PIPE_V,341904,341988,84,378550
case_084,post,3,9791,DIV,PIPE_V,341988,342288,300,378550
case_084,post,3,1000028027,COPY_OUT,PIPE_MTE3,342192,342452,260,378550
case_084,post,3,1000028046,COPY_IN,PIPE_MTE2,342284,342526,242,378550
case_084,post,3,9792,MATMUL,PIPE_M,342288,342876,588,378550
case_084,post,3,9801,EXP,PIPE_V,342288,342588,300,378550
case_084,post,3,1000028064,COPY_IN,PIPE_MTE2,342526,343021,495,378550
case_084,post,3,9802,REDUCE,PIPE_V,342588,342672,84,378550
case_084,post,3,9803,DIV,PIPE_V,342672,342972,300,378550
case_084,post,3,1000028040,COPY_OUT,PIPE_MTE3,342876,343281,405,378550
case_084,post,3,9804,MATMUL,PIPE_M,342972,343560,588,378550
case_084,post,3,9813,EXP,PIPE_V,343021,343321,300,378550
case_084,post,3,1000028059,COPY_IN,PIPE_MTE2,343021,343394,373,378550
case_084,post,3,9814,REDUCE,PIPE_V,343321,343405,84,378550
case_084,post,3,1000028077,COPY_IN,PIPE_MTE2,343394,343963,569,378550
case_084,post,3,9815,DIV,PIPE_V,343405,343705,300,378550
case_084,post,3,1000028053,COPY_OUT,PIPE_MTE3,343560,343955,395,378550
case_084,post,3,9816,MATMUL,PIPE_M,343705,344293,588,378550
case_084,post,3,9825,EXP,PIPE_V,343963,344263,300,378550
case_084,post,3,1000028072,COPY_IN,PIPE_MTE2,343963,344237,274,378550
case_084,post,3,1000028090,COPY_IN,PIPE_MTE2,344237,344699,462,378550
case_084,post,3,9826,REDUCE,PIPE_V,344263,344347,84,378550
case_084,post,3,1000028066,COPY_OUT,PIPE_MTE3,344293,344634,341,378550
case_084,post,3,9827,DIV,PIPE_V,344347,344647,300,378550
case_084,post,3,9828,MATMUL,PIPE_M,344647,345235,588,378550
case_084,post,3,9837,EXP,PIPE_V,344699,344999,300,378550
case_084,post,3,1000028085,COPY_IN,PIPE_MTE2,344699,344907,208,378550
case_084,post,3,1000028103,COPY_IN,PIPE_MTE2,344907,345401,494,378550
case_084,post,3,9838,REDUCE,PIPE_V,344999,345083,84,378550
case_084,post,3,9839,DIV,PIPE_V,345083,345383,300,378550
case_084,post,3,1000028079,COPY_OUT,PIPE_MTE3,345235,345662,427,378550
case_084,post,3,9840,MATMUL,PIPE_M,345383,345971,588,378550
case_084,post,3,9849,EXP,PIPE_V,345401,345701,300,378550
case_084,post,3,1000028098,COPY_IN,PIPE_MTE2,345401,345778,377,378550
case_084,post,3,9850,REDUCE,PIPE_V,345701,345785,84,378550
case_084,post,3,1000028116,COPY_IN,PIPE_MTE2,345778,346344,566,378550
case_084,post,3,9851,DIV,PIPE_V,345785,346085,300,378550
case_084,post,3,1000028092,COPY_OUT,PIPE_MTE3,345971,346364,393,378550
case_084,post,3,9852,MATMUL,PIPE_M,346085,346673,588,378550
case_084,post,3,9861,EXP,PIPE_V,346344,346644,300,378550
case_084,post,3,1000028111,COPY_IN,PIPE_MTE2,346344,346613,269,378550
case_084,post,3,1000028129,COPY_IN,PIPE_MTE2,346613,347080,467,378550
case_084,post,3,9862,REDUCE,PIPE_V,346644,346728,84,378550
case_084,post,3,1000028105,COPY_OUT,PIPE_MTE3,346673,347018,345,378550
case_084,post,3,9863,DIV,PIPE_V,346728,347028,300,378550
case_084,post,3,9864,MATMUL,PIPE_M,347028,347616,588,378550
case_084,post,3,9873,EXP,PIPE_V,347080,347380,300,378550
case_084,post,3,1000028124,COPY_IN,PIPE_MTE2,347080,347288,208,378550
case_084,post,3,1000028142,COPY_IN,PIPE_MTE2,347288,347807,519,378550
case_084,post,3,9874,REDUCE,PIPE_V,347380,347464,84,378550
case_084,post,3,9875,DIV,PIPE_V,347464,347764,300,378550
case_084,post,3,1000028118,COPY_OUT,PIPE_MTE3,347616,348037,421,378550
case_084,post,3,9876,MATMUL,PIPE_M,347764,348352,588,378550
case_084,post,3,9885,EXP,PIPE_V,347807,348107,300,378550
case_084,post,3,1000028137,COPY_IN,PIPE_MTE2,347807,348171,364,378550
case_084,post,3,9886,REDUCE,PIPE_V,348107,348191,84,378550
case_084,post,3,1000028155,COPY_IN,PIPE_MTE2,348171,348736,565,378550
case_084,post,3,9887,DIV,PIPE_V,348191,348491,300,378550
case_084,post,3,1000028131,COPY_OUT,PIPE_MTE3,348352,348741,389,378550
case_084,post,3,9888,MATMUL,PIPE_M,348491,349079,588,378550
case_084,post,3,9897,EXP,PIPE_V,348736,349036,300,378550
case_084,post,3,1000028150,COPY_IN,PIPE_MTE2,348736,348990,254,378550
case_084,post,3,1000028168,COPY_IN,PIPE_MTE2,348990,349461,471,378550
case_084,post,3,9898,REDUCE,PIPE_V,349036,349120,84,378550
case_084,post,3,1000028144,COPY_OUT,PIPE_MTE3,349079,349419,340,378550
case_084,post,3,9899,DIV,PIPE_V,349120,349420,300,378550
case_084,post,3,9900,MATMUL,PIPE_M,349420,350008,588,378550
case_084,post,3,9909,EXP,PIPE_V,349461,349761,300,378550
case_084,post,3,1000028163,COPY_IN,PIPE_MTE2,349461,349667,206,378550
case_084,post,3,1000028181,COPY_IN,PIPE_MTE2,349667,350081,414,378550
case_084,post,3,9910,REDUCE,PIPE_V,349761,349845,84,378550
case_084,post,3,9911,DIV,PIPE_V,349845,350145,300,378550
case_084,post,3,1000028157,COPY_OUT,PIPE_MTE3,350008,350358,350,378550
case_084,post,3,1000028176,COPY_IN,PIPE_MTE2,350081,350395,314,378550
case_084,post,3,9912,MATMUL,PIPE_M,350145,350733,588,378550
case_084,post,3,9921,EXP,PIPE_V,350145,350445,300,378550
case_084,post,3,1000028194,COPY_IN,PIPE_MTE2,350395,350858,463,378550
case_084,post,3,9922,REDUCE,PIPE_V,350445,350529,84,378550
case_084,post,3,9923,DIV,PIPE_V,350529,350829,300,378550
case_084,post,3,1000028170,COPY_OUT,PIPE_MTE3,350733,351012,279,378550
case_084,post,3,9924,MATMUL,PIPE_M,350829,351417,588,378550
case_084,post,3,9933,EXP,PIPE_V,350858,351158,300,378550
case_084,post,3,1000028189,COPY_IN,PIPE_MTE2,350858,351068,210,378550
case_084,post,3,1000028207,COPY_IN,PIPE_MTE2,351068,351384,316,378550
case_084,post,3,9934,REDUCE,PIPE_V,351158,351242,84,378550
case_084,post,3,9935,DIV,PIPE_V,351242,351542,300,378550
case_084,post,3,1000028202,COPY_IN,PIPE_MTE2,351384,351600,216,378550
case_084,post,3,1000028183,COPY_OUT,PIPE_MTE3,351417,351633,216,378550
case_084,post,3,9936,MATMUL,PIPE_M,351542,352130,588,378550
case_084,post,3,9945,EXP,PIPE_V,351542,351842,300,378550
case_084,post,3,1000028220,COPY_IN,PIPE_MTE2,351600,351846,246,378550
case_084,post,3,9946,REDUCE,PIPE_V,351842,351926,84,378550
case_084,post,3,1000028215,COPY_IN,PIPE_MTE2,351846,352081,235,378550
case_084,post,3,9947,DIV,PIPE_V,351926,352226,300,378550
case_084,post,3,1000028233,COPY_IN,PIPE_MTE2,352081,352490,409,378550
case_084,post,3,1000028196,COPY_OUT,PIPE_MTE3,352130,352414,284,378550
case_084,post,3,9948,MATMUL,PIPE_M,352226,352814,588,378550
case_084,post,3,9957,EXP,PIPE_V,352226,352526,300,378550
case_084,post,3,1000028228,COPY_IN,PIPE_MTE2,352490,352771,281,378550
case_084,post,3,9958,REDUCE,PIPE_V,352526,352610,84,378550
case_084,post,3,9959,DIV,PIPE_V,352610,352910,300,378550
case_084,post,3,1000028246,COPY_IN,PIPE_MTE2,352771,353169,398,378550
case_084,post,3,1000028209,COPY_OUT,PIPE_MTE3,352814,353104,290,378550
case_084,post,3,9960,MATMUL,PIPE_M,352910,353498,588,378550
case_084,post,3,9969,EXP,PIPE_V,352910,353210,300,378550
case_084,post,3,1000028241,COPY_IN,PIPE_MTE2,353169,353360,191,378550
case_084,post,3,9970,REDUCE,PIPE_V,353210,353294,84,378550
case_084,post,3,9971,DIV,PIPE_V,353294,353594,300,378550
case_084,post,3,1000028259,COPY_IN,PIPE_MTE2,353360,353689,329,378550
case_084,post,3,1000028222,COPY_OUT,PIPE_MTE3,353498,353738,240,378550
case_084,post,3,9972,MATMUL,PIPE_M,353594,354182,588,378550
case_084,post,3,9981,EXP,PIPE_V,353594,353894,300,378550
case_084,post,3,1000028254,COPY_IN,PIPE_MTE2,353689,353885,196,378550
case_084,post,3,1000028272,COPY_IN,PIPE_MTE2,353885,354164,279,378550
case_084,post,3,9982,REDUCE,PIPE_V,353894,353978,84,378550
case_084,post,3,9983,DIV,PIPE_V,353978,354278,300,378550
case_084,post,3,1000028267,COPY_IN,PIPE_MTE2,354164,354423,259,378550
case_084,post,3,1000028235,COPY_OUT,PIPE_MTE3,354182,354439,257,378550
case_084,post,3,9984,MATMUL,PIPE_M,354278,354866,588,378550
case_084,post,3,9993,EXP,PIPE_V,354278,354578,300,378550
case_084,post,3,1000028285,COPY_IN,PIPE_MTE2,354423,354759,336,378550
case_084,post,3,9994,REDUCE,PIPE_V,354578,354662,84,378550
case_084,post,3,9995,DIV,PIPE_V,354662,354962,300,378550
case_084,post,3,1000028280,COPY_IN,PIPE_MTE2,354759,355100,341,378550
case_084,post,3,1000028248,COPY_OUT,PIPE_MTE3,354866,355180,314,378550
case_084,post,3,9996,MATMUL,PIPE_M,354962,355550,588,378550
case_084,post,3,10005,EXP,PIPE_V,354962,355262,300,378550
case_084,post,3,1000028298,COPY_IN,PIPE_MTE2,355100,355452,352,378550
case_084,post,3,10006,REDUCE,PIPE_V,355262,355346,84,378550
case_084,post,3,10007,DIV,PIPE_V,355346,355646,300,378550
case_084,post,3,1000028293,COPY_IN,PIPE_MTE2,355452,355703,251,378550
case_084,post,3,1000028261,COPY_OUT,PIPE_MTE3,355550,355781,231,378550
case_084,post,3,10008,MATMUL,PIPE_M,355646,356234,588,378550
case_084,post,3,10017,EXP,PIPE_V,355646,355946,300,378550
case_084,post,3,1000028311,COPY_IN,PIPE_MTE2,355703,355960,257,378550
case_084,post,3,10018,REDUCE,PIPE_V,355946,356030,84,378550
case_084,post,3,1000028306,COPY_IN,PIPE_MTE2,355960,356198,238,378550
case_084,post,3,10019,DIV,PIPE_V,356030,356330,300,378550
case_084,post,3,1000028324,COPY_IN,PIPE_MTE2,356198,356496,298,378550
case_084,post,3,1000028274,COPY_OUT,PIPE_MTE3,356234,356448,214,378550
case_084,post,3,10020,MATMUL,PIPE_M,356330,356918,588,378550
case_084,post,3,10029,EXP,PIPE_V,356330,356630,300,378550
case_084,post,3,1000028319,COPY_IN,PIPE_MTE2,356496,356696,200,378550
case_084,post,3,10030,REDUCE,PIPE_V,356630,356714,84,378550
case_084,post,3,1000028337,COPY_IN,PIPE_MTE2,356696,357088,392,378550
case_084,post,3,10031,DIV,PIPE_V,356714,357014,300,378550
case_084,post,3,1000028287,COPY_OUT,PIPE_MTE3,356918,357247,329,378550
case_084,post,3,10032,MATMUL,PIPE_M,357014,357602,588,378550
case_084,post,3,10041,EXP,PIPE_V,357014,357314,300,378550
case_084,post,3,1000028332,COPY_IN,PIPE_MTE2,357088,357384,296,378550
case_084,post,3,10042,REDUCE,PIPE_V,357314,357398,84,378550
case_084,post,3,1000028350,COPY_IN,PIPE_MTE2,357384,357718,334,378550
case_084,post,3,10043,DIV,PIPE_V,357398,357698,300,378550
case_084,post,3,1000028300,COPY_OUT,PIPE_MTE3,357602,357843,241,378550
case_084,post,3,10044,MATMUL,PIPE_M,357698,358286,588,378550
case_084,post,3,10053,EXP,PIPE_V,357698,357998,300,378550
case_084,post,3,1000028345,COPY_IN,PIPE_MTE2,357718,357947,229,378550
case_084,post,3,1000028363,COPY_IN,PIPE_MTE2,357947,358213,266,378550
case_084,post,3,10054,REDUCE,PIPE_V,357998,358082,84,378550
case_084,post,3,10055,DIV,PIPE_V,358082,358382,300,378550
case_084,post,3,1000028358,COPY_IN,PIPE_MTE2,358213,358454,241,378550
case_084,post,3,1000028313,COPY_OUT,PIPE_MTE3,358286,358546,260,378550
case_084,post,3,10056,MATMUL,PIPE_M,358382,358970,588,378550
case_084,post,3,10065,EXP,PIPE_V,358382,358682,300,378550
case_084,post,3,1000028376,COPY_IN,PIPE_MTE2,358454,358721,267,378550
case_084,post,3,10066,REDUCE,PIPE_V,358682,358766,84,378550
case_084,post,3,1000028371,COPY_IN,PIPE_MTE2,358721,358928,207,378550
case_084,post,3,10067,DIV,PIPE_V,358766,359066,300,378550
case_084,post,3,1000028389,COPY_IN,PIPE_MTE2,358928,359287,359,378550
case_084,post,3,1000028326,COPY_OUT,PIPE_MTE3,358970,359221,251,378550
case_084,post,3,10068,MATMUL,PIPE_M,359066,359654,588,378550
case_084,post,3,10077,EXP,PIPE_V,359066,359366,300,378550
case_084,post,3,1000028384,COPY_IN,PIPE_MTE2,359287,359488,201,378550
case_084,post,3,10078,REDUCE,PIPE_V,359366,359450,84,378550
case_084,post,3,10079,DIV,PIPE_V,359450,359750,300,378550
case_084,post,3,1000028402,COPY_IN,PIPE_MTE2,359488,359851,363,378550
case_084,post,3,1000028339,COPY_OUT,PIPE_MTE3,359654,359884,230,378550
case_084,post,3,10080,MATMUL,PIPE_M,359750,360338,588,378550
case_084,post,3,10089,EXP,PIPE_V,359750,360050,300,378550
case_084,post,3,1000028397,COPY_IN,PIPE_MTE2,359851,360015,164,378550
case_084,post,3,1000028415,COPY_IN,PIPE_MTE2,360015,360373,358,378550
case_084,post,3,10090,REDUCE,PIPE_V,360050,360134,84,378550
case_084,post,3,10091,DIV,PIPE_V,360134,360434,300,378550
case_084,post,3,1000028352,COPY_OUT,PIPE_MTE3,360338,360609,271,378550
case_084,post,3,1000028410,COPY_IN,PIPE_MTE2,360373,360633,260,378550
case_084,post,3,10092,MATMUL,PIPE_M,360434,361022,588,378550
case_084,post,3,10101,EXP,PIPE_V,360434,360734,300,378550
case_084,post,3,1000028428,COPY_IN,PIPE_MTE2,360633,360951,318,378550
case_084,post,3,10102,REDUCE,PIPE_V,360734,360818,84,378550
case_084,post,3,10103,DIV,PIPE_V,360818,361118,300,378550
case_084,post,3,1000028423,COPY_IN,PIPE_MTE2,360951,361161,210,378550
case_084,post,3,1000028365,COPY_OUT,PIPE_MTE3,361022,361233,211,378550
case_084,post,3,10104,MATMUL,PIPE_M,361118,361706,588,378550
case_084,post,3,10113,EXP,PIPE_V,361118,361418,300,378550
case_084,post,3,1000028441,COPY_IN,PIPE_MTE2,361161,361461,300,378550
case_084,post,3,10114,REDUCE,PIPE_V,361418,361502,84,378550
case_084,post,3,1000028436,COPY_IN,PIPE_MTE2,361461,361693,232,378550
case_084,post,3,10115,DIV,PIPE_V,361502,361802,300,378550
case_084,post,3,1000028454,COPY_IN,PIPE_MTE2,361693,362056,363,378550
case_084,post,3,1000028378,COPY_OUT,PIPE_MTE3,361706,361968,262,378550
case_084,post,3,10116,MATMUL,PIPE_M,361802,362390,588,378550
case_084,post,3,10125,EXP,PIPE_V,361802,362102,300,378550
case_084,post,3,1000028449,COPY_IN,PIPE_MTE2,362056,362223,167,378550
case_084,post,3,10126,REDUCE,PIPE_V,362102,362186,84,378550
case_084,post,3,10127,DIV,PIPE_V,362186,362486,300,378550
case_084,post,3,1000028467,COPY_IN,PIPE_MTE2,362223,362562,339,378550
case_084,post,3,1000028391,COPY_OUT,PIPE_MTE3,362390,362648,258,378550
case_084,post,3,10128,MATMUL,PIPE_M,362486,363074,588,378550
case_084,post,3,10137,EXP,PIPE_V,362486,362786,300,378550
case_084,post,3,1000028462,COPY_IN,PIPE_MTE2,362562,362755,193,378550
case_084,post,3,1000028480,COPY_IN,PIPE_MTE2,362755,363037,282,378550
case_084,post,3,10138,REDUCE,PIPE_V,362786,362870,84,378550
case_084,post,3,10139,DIV,PIPE_V,362870,363170,300,378550
case_084,post,3,1000028475,COPY_IN,PIPE_MTE2,363037,363291,254,378550
case_084,post,3,1000028404,COPY_OUT,PIPE_MTE3,363074,363320,246,378550
case_084,post,3,10140,MATMUL,PIPE_M,363170,363758,588,378550
case_084,post,3,10149,EXP,PIPE_V,363170,363470,300,378550
case_084,post,3,1000028493,COPY_IN,PIPE_MTE2,363291,363529,238,378550
case_084,post,3,10150,REDUCE,PIPE_V,363470,363554,84,378550
case_084,post,3,1000028488,COPY_IN,PIPE_MTE2,363529,363772,243,378550
case_084,post,3,10151,DIV,PIPE_V,363554,363854,300,378550
case_084,post,3,1000028417,COPY_OUT,PIPE_MTE3,363758,364026,268,378550
case_084,post,3,1000028506,COPY_IN,PIPE_MTE2,363772,364124,352,378550
case_084,post,3,10152,MATMUL,PIPE_M,363854,364442,588,378550
case_084,post,3,10161,EXP,PIPE_V,363854,364154,300,378550
case_084,post,3,1000028501,COPY_IN,PIPE_MTE2,364124,364341,217,378550
case_084,post,3,10162,REDUCE,PIPE_V,364154,364238,84,378550
case_084,post,3,10163,DIV,PIPE_V,364238,364538,300,378550
case_084,post,3,1000028519,COPY_IN,PIPE_MTE2,364341,364667,326,378550
case_084,post,3,1000028430,COPY_OUT,PIPE_MTE3,364442,364658,216,378550
case_084,post,3,10164,MATMUL,PIPE_M,364538,365126,588,378550
case_084,post,3,10173,EXP,PIPE_V,364538,364838,300,378550
case_084,post,3,1000028514,COPY_IN,PIPE_MTE2,364667,364847,180,378550
case_084,post,3,10174,REDUCE,PIPE_V,364838,364922,84,378550
case_084,post,3,1000028532,COPY_IN,PIPE_MTE2,364847,365168,321,378550
case_084,post,3,10175,DIV,PIPE_V,364922,365222,300,378550
case_084,post,3,1000028443,COPY_OUT,PIPE_MTE3,365126,365336,210,378550
case_084,post,3,1000028527,COPY_IN,PIPE_MTE2,365168,365375,207,378550
case_084,post,3,10176,MATMUL,PIPE_M,365222,365810,588,378550
case_084,post,3,10185,EXP,PIPE_V,365222,365522,300,378550
case_084,post,3,1000028545,COPY_IN,PIPE_MTE2,365375,365666,291,378550
case_084,post,3,10186,REDUCE,PIPE_V,365522,365606,84,378550
case_084,post,3,10187,DIV,PIPE_V,365606,365906,300,378550
case_084,post,3,1000028540,COPY_IN,PIPE_MTE2,365666,365873,207,378550
case_084,post,3,1000028456,COPY_OUT,PIPE_MTE3,365810,366041,231,378550
case_084,post,3,1000028558,COPY_IN,PIPE_MTE2,365873,366198,325,378550
case_084,post,3,10188,MATMUL,PIPE_M,365906,366494,588,378550
case_084,post,3,10197,EXP,PIPE_V,365906,366206,300,378550
case_084,post,3,1000028553,COPY_IN,PIPE_MTE2,366198,366431,233,378550
case_084,post,3,10198,REDUCE,PIPE_V,366206,366290,84,378550
case_084,post,3,10199,DIV,PIPE_V,366290,366590,300,378550
case_084,post,3,1000028571,COPY_IN,PIPE_MTE2,366431,366787,356,378550
case_084,post,3,1000028469,COPY_OUT,PIPE_MTE3,366494,366755,261,378550
case_084,post,3,10200,MATMUL,PIPE_M,366590,367178,588,378550
case_084,post,3,10209,EXP,PIPE_V,366590,366890,300,378550
case_084,post,3,1000028566,COPY_IN,PIPE_MTE2,366787,366943,156,378550
case_084,post,3,10210,REDUCE,PIPE_V,366890,366974,84,378550
case_084,post,3,1000028584,COPY_IN,PIPE_MTE2,366943,367281,338,378550
case_084,post,3,10211,DIV,PIPE_V,366974,367274,300,378550
case_084,post,3,1000028482,COPY_OUT,PIPE_MTE3,367178,367426,248,378550
case_084,post,3,10212,MATMUL,PIPE_M,367274,367862,588,378550
case_084,post,3,10221,EXP,PIPE_V,367274,367574,300,378550
case_084,post,3,1000028579,COPY_IN,PIPE_MTE2,367281,367486,205,378550
case_084,post,3,1000028597,COPY_IN,PIPE_MTE2,367486,367751,265,378550
case_084,post,3,10222,REDUCE,PIPE_V,367574,367658,84,378550
case_084,post,3,10223,DIV,PIPE_V,367658,367958,300,378550
case_084,post,3,1000028592,COPY_IN,PIPE_MTE2,367751,368007,256,378550
case_084,post,3,1000028495,COPY_OUT,PIPE_MTE3,367862,368096,234,378550
case_084,post,3,10224,MATMUL,PIPE_M,367958,368546,588,378550
case_084,post,3,10233,EXP,PIPE_V,367958,368258,300,378550
case_084,post,3,1000028610,COPY_IN,PIPE_MTE2,368007,368260,253,378550
case_084,post,3,10234,REDUCE,PIPE_V,368258,368342,84,378550
case_084,post,3,1000028605,COPY_IN,PIPE_MTE2,368260,368494,234,378550
case_084,post,3,10235,DIV,PIPE_V,368342,368642,300,378550
case_084,post,3,1000028623,COPY_IN,PIPE_MTE2,368494,368856,362,378550
case_084,post,3,1000028508,COPY_OUT,PIPE_MTE3,368546,368809,263,378550
case_084,post,3,10236,MATMUL,PIPE_M,368642,369230,588,378550
case_084,post,3,10245,EXP,PIPE_V,368642,368942,300,378550
case_084,post,3,1000028618,COPY_IN,PIPE_MTE2,368856,369071,215,378550
case_084,post,3,10246,REDUCE,PIPE_V,368942,369026,84,378550
case_084,post,3,10247,DIV,PIPE_V,369026,369326,300,378550
case_084,post,3,1000028521,COPY_OUT,PIPE_MTE3,369230,369386,156,378550
case_084,post,3,10248,MATMUL,PIPE_M,369326,369914,588,378550
case_084,post,3,10257,EXP,PIPE_V,369326,369626,300,378550
case_084,post,3,10258,REDUCE,PIPE_V,369626,369710,84,378550
case_084,post,3,10259,DIV,PIPE_V,369710,370010,300,378550
case_084,post,3,1000028534,COPY_OUT,PIPE_MTE3,369914,370052,138,378550
case_084,post,3,10260,MATMUL,PIPE_M,370010,370598,588,378550
case_084,post,3,10269,EXP,PIPE_V,370010,370310,300,378550
case_084,post,3,10270,REDUCE,PIPE_V,370310,370394,84,378550
case_084,post,3,10271,DIV,PIPE_V,370394,370694,300,378550
case_084,post,3,1000028547,COPY_OUT,PIPE_MTE3,370598,370668,70,378550
case_084,post,3,10272,MATMUL,PIPE_M,370694,371282,588,378550
case_084,post,3,10281,EXP,PIPE_V,370694,370994,300,378550
case_084,post,3,10282,REDUCE,PIPE_V,370994,371078,84,378550
case_084,post,3,10283,DIV,PIPE_V,371078,371378,300,378550
case_084,post,3,1000028560,COPY_OUT,PIPE_MTE3,371282,371334,52,378550
case_084,post,3,10284,MATMUL,PIPE_M,371378,371966,588,378550
case_084,post,3,10293,EXP,PIPE_V,371378,371678,300,378550
case_084,post,3,10294,REDUCE,PIPE_V,371678,371762,84,378550
case_084,post,3,10295,DIV,PIPE_V,371762,372062,300,378550
case_084,post,3,1000028573,COPY_OUT,PIPE_MTE3,371966,372018,52,378550
case_084,post,3,10296,MATMUL,PIPE_M,372062,372650,588,378550
case_084,post,3,10305,EXP,PIPE_V,372062,372362,300,378550
case_084,post,3,10306,REDUCE,PIPE_V,372362,372446,84,378550
case_084,post,3,10307,DIV,PIPE_V,372446,372746,300,378550
case_084,post,3,1000028586,COPY_OUT,PIPE_MTE3,372650,372702,52,378550
case_084,post,3,10308,MATMUL,PIPE_M,372746,373334,588,378550
case_084,post,3,10317,EXP,PIPE_V,372746,373046,300,378550
case_084,post,3,10318,REDUCE,PIPE_V,373046,373130,84,378550
case_084,post,3,10319,DIV,PIPE_V,373130,373430,300,378550
case_084,post,3,1000028599,COPY_OUT,PIPE_MTE3,373334,373386,52,378550
case_084,post,3,10320,MATMUL,PIPE_M,373430,374018,588,378550
case_084,post,3,10329,EXP,PIPE_V,373430,373730,300,378550
case_084,post,3,10330,REDUCE,PIPE_V,373730,373814,84,378550
case_084,post,3,10331,DIV,PIPE_V,373814,374114,300,378550
case_084,post,3,1000028612,COPY_OUT,PIPE_MTE3,374018,374070,52,378550
case_084,post,3,10332,MATMUL,PIPE_M,374114,374702,588,378550
case_084,post,3,1000028625,COPY_OUT,PIPE_MTE3,374702,374754,52,378550
case_084,post,4,1000027808,COPY_IN,PIPE_MTE2,0,260,260,378550
case_084,post,4,1000027810,COPY_IN,PIPE_MTE2,260,520,260,378550
case_084,post,4,9580,MATMUL,PIPE_M,520,1108,588,378550
case_084,post,4,1000027814,COPY_IN,PIPE_MTE2,520,525,5,378550
case_084,post,4,1000027821,COPY_IN,PIPE_MTE2,525,785,260,378550
case_084,post,4,1000027823,COPY_IN,PIPE_MTE2,785,1045,260,378550
case_084,post,4,1000027827,COPY_IN,PIPE_MTE2,1045,1050,5,378550
case_084,post,4,1000027834,COPY_IN,PIPE_MTE2,1050,1310,260,378550
case_084,post,4,9582,DIV,PIPE_V,1108,1408,300,378550
case_084,post,4,9592,MATMUL,PIPE_M,1108,1696,588,378550
case_084,post,4,1000027836,COPY_IN,PIPE_MTE2,1310,1570,260,378550
case_084,post,4,9583,REDUCE,PIPE_V,1408,1492,84,378550
case_084,post,4,9584,SUB,PIPE_V,1492,1576,84,378550
case_084,post,4,1000027840,COPY_IN,PIPE_MTE2,1570,1575,5,378550
case_084,post,4,1000027847,COPY_IN,PIPE_MTE2,1575,1991,416,378550
case_084,post,4,1000027816,COPY_OUT,PIPE_MTE3,1576,2192,616,378550
case_084,post,4,9594,DIV,PIPE_V,1696,1996,300,378550
case_084,post,4,9604,MATMUL,PIPE_M,1696,2284,588,378550
case_084,post,4,1000027849,COPY_IN,PIPE_MTE2,1991,2407,416,378550
case_084,post,4,9595,REDUCE,PIPE_V,1996,2080,84,378550
case_084,post,4,9596,SUB,PIPE_V,2080,2164,84,378550
case_084,post,4,1000027829,COPY_OUT,PIPE_MTE3,2192,2808,616,378550
case_084,post,4,9606,DIV,PIPE_V,2284,2584,300,378550
case_084,post,4,9616,MATMUL,PIPE_M,2407,2995,588,378550
case_084,post,4,1000027853,COPY_IN,PIPE_MTE2,2407,2415,8,378550
case_084,post,4,1000027860,COPY_IN,PIPE_MTE2,2415,2831,416,378550
case_084,post,4,9607,REDUCE,PIPE_V,2584,2668,84,378550
case_084,post,4,9608,SUB,PIPE_V,2668,2752,84,378550
case_084,post,4,1000027842,COPY_OUT,PIPE_MTE3,2808,3476,668,378550
case_084,post,4,1000027862,COPY_IN,PIPE_MTE2,2831,3297,466,378550
case_084,post,4,9618,DIV,PIPE_V,2995,3295,300,378550
case_084,post,4,9619,REDUCE,PIPE_V,3295,3379,84,378550
case_084,post,4,9628,MATMUL,PIPE_M,3297,3885,588,378550
case_084,post,4,1000027866,COPY_IN,PIPE_MTE2,3297,3306,9,378550
case_084,post,4,1000027873,COPY_IN,PIPE_MTE2,3306,3723,417,378550
case_084,post,4,9620,SUB,PIPE_V,3379,3463,84,378550
case_084,post,4,1000027855,COPY_OUT,PIPE_MTE3,3476,4092,616,378550
case_084,post,4,1000027875,COPY_IN,PIPE_MTE2,3723,4121,398,378550
case_084,post,4,9630,DIV,PIPE_V,3885,4185,300,378550
case_084,post,4,9640,MATMUL,PIPE_M,4121,4709,588,378550
case_084,post,4,1000027879,COPY_IN,PIPE_MTE2,4121,4126,5,378550
case_084,post,4,1000027886,COPY_IN,PIPE_MTE2,4126,4406,280,378550
case_084,post,4,9631,REDUCE,PIPE_V,4185,4269,84,378550
case_084,post,4,9632,SUB,PIPE_V,4269,4353,84,378550
case_084,post,4,1000027868,COPY_OUT,PIPE_MTE3,4353,4969,616,378550
case_084,post,4,1000027888,COPY_IN,PIPE_MTE2,4406,4822,416,378550
case_084,post,4,9642,DIV,PIPE_V,4709,5009,300,378550
case_084,post,4,9652,MATMUL,PIPE_M,4822,5410,588,378550
case_084,post,4,1000027892,COPY_IN,PIPE_MTE2,4822,4830,8,378550
case_084,post,4,1000027899,COPY_IN,PIPE_MTE2,4830,5142,312,378550
case_084,post,4,9643,REDUCE,PIPE_V,5009,5093,84,378550
case_084,post,4,9644,SUB,PIPE_V,5093,5177,84,378550
case_084,post,4,1000027901,COPY_IN,PIPE_MTE2,5142,5583,441,378550
case_084,post,4,1000027881,COPY_OUT,PIPE_MTE3,5177,5845,668,378550
case_084,post,4,9654,DIV,PIPE_V,5410,5710,300,378550
case_084,post,4,9664,MATMUL,PIPE_M,5583,6171,588,378550
case_084,post,4,1000027905,COPY_IN,PIPE_MTE2,5583,5592,9,378550
case_084,post,4,1000027912,COPY_IN,PIPE_MTE2,5592,5994,402,378550
case_084,post,4,9655,REDUCE,PIPE_V,5710,5794,84,378550
case_084,post,4,9656,SUB,PIPE_V,5794,5878,84,378550
case_084,post,4,1000027894,COPY_OUT,PIPE_MTE3,5878,6494,616,378550
case_084,post,4,1000027914,COPY_IN,PIPE_MTE2,5994,6410,416,378550
case_084,post,4,9666,DIV,PIPE_V,6171,6471,300,378550
case_084,post,4,9676,MATMUL,PIPE_M,6410,6998,588,378550
case_084,post,4,1000027918,COPY_IN,PIPE_MTE2,6410,6418,8,378550
case_084,post,4,1000027925,COPY_IN,PIPE_MTE2,6418,6747,329,378550
case_084,post,4,9667,REDUCE,PIPE_V,6471,6555,84,378550
case_084,post,4,9668,SUB,PIPE_V,6555,6639,84,378550
case_084,post,4,1000027907,COPY_OUT,PIPE_MTE3,6639,7255,616,378550
case_084,post,4,1000027927,COPY_IN,PIPE_MTE2,6747,7163,416,378550
case_084,post,4,9678,DIV,PIPE_V,6998,7298,300,378550
case_084,post,4,9688,MATMUL,PIPE_M,7163,7751,588,378550
case_084,post,4,1000027931,COPY_IN,PIPE_MTE2,7163,7171,8,378550
case_084,post,4,1000027938,COPY_IN,PIPE_MTE2,7171,7462,291,378550
case_084,post,4,9679,REDUCE,PIPE_V,7298,7382,84,378550
case_084,post,4,9680,SUB,PIPE_V,7382,7466,84,378550
case_084,post,4,1000027940,COPY_IN,PIPE_MTE2,7462,7922,460,378550
case_084,post,4,1000027920,COPY_OUT,PIPE_MTE3,7466,8134,668,378550
case_084,post,4,9690,DIV,PIPE_V,7751,8051,300,378550
case_084,post,4,9700,MATMUL,PIPE_M,7922,8510,588,378550
case_084,post,4,1000027944,COPY_IN,PIPE_MTE2,7922,7931,9,378550
case_084,post,4,1000027951,COPY_IN,PIPE_MTE2,7931,8301,370,378550
case_084,post,4,9691,REDUCE,PIPE_V,8051,8135,84,378550
case_084,post,4,9692,SUB,PIPE_V,8135,8219,84,378550
case_084,post,4,1000027933,COPY_OUT,PIPE_MTE3,8219,8835,616,378550
case_084,post,4,1000027953,COPY_IN,PIPE_MTE2,8301,8717,416,378550
case_084,post,4,9702,DIV,PIPE_V,8510,8810,300,378550
case_084,post,4,9712,MATMUL,PIPE_M,8717,9305,588,378550
case_084,post,4,1000027957,COPY_IN,PIPE_MTE2,8717,8725,8,378550
case_084,post,4,1000027964,COPY_IN,PIPE_MTE2,8725,9055,330,378550
case_084,post,4,9703,REDUCE,PIPE_V,8810,8894,84,378550
case_084,post,4,9704,SUB,PIPE_V,8894,8978,84,378550
case_084,post,4,1000027946,COPY_OUT,PIPE_MTE3,8978,9594,616,378550
case_084,post,4,1000027966,COPY_IN,PIPE_MTE2,9055,9471,416,378550
case_084,post,4,9714,DIV,PIPE_V,9305,9605,300,378550
case_084,post,4,9724,MATMUL,PIPE_M,9471,10059,588,378550
case_084,post,4,1000027970,COPY_IN,PIPE_MTE2,9471,9479,8,378550
case_084,post,4,1000027977,COPY_IN,PIPE_MTE2,9479,9787,308,378550
case_084,post,4,9715,REDUCE,PIPE_V,9605,9689,84,378550
case_084,post,4,9716,SUB,PIPE_V,9689,9773,84,378550
case_084,post,4,1000027959,COPY_OUT,PIPE_MTE3,9773,10441,668,378550
case_084,post,4,1000027979,COPY_IN,PIPE_MTE2,9787,10250,463,378550
case_084,post,4,9726,DIV,PIPE_V,10059,10359,300,378550
case_084,post,4,9736,MATMUL,PIPE_M,10250,10838,588,378550
case_084,post,4,1000027983,COPY_IN,PIPE_MTE2,10250,10259,9,378550
case_084,post,4,1000027990,COPY_IN,PIPE_MTE2,10259,10628,369,378550
case_084,post,4,9727,REDUCE,PIPE_V,10359,10443,84,378550
case_084,post,4,9728,SUB,PIPE_V,10443,10527,84,378550
case_084,post,4,1000027972,COPY_OUT,PIPE_MTE3,10527,11143,616,378550
case_084,post,4,1000027992,COPY_IN,PIPE_MTE2,10628,11044,416,378550
case_084,post,4,9738,DIV,PIPE_V,10838,11138,300,378550
case_084,post,4,9748,MATMUL,PIPE_M,11044,11632,588,378550
case_084,post,4,1000027996,COPY_IN,PIPE_MTE2,11044,11052,8,378550
case_084,post,4,1000028003,COPY_IN,PIPE_MTE2,11052,11370,318,378550
case_084,post,4,9739,REDUCE,PIPE_V,11138,11222,84,378550
case_084,post,4,9740,SUB,PIPE_V,11222,11306,84,378550
case_084,post,4,1000027985,COPY_OUT,PIPE_MTE3,11306,11922,616,378550
case_084,post,4,1000028005,COPY_IN,PIPE_MTE2,11370,11786,416,378550
case_084,post,4,9750,DIV,PIPE_V,11632,11932,300,378550
case_084,post,4,9760,MATMUL,PIPE_M,11786,12374,588,378550
case_084,post,4,1000028009,COPY_IN,PIPE_MTE2,11786,11794,8,378550
case_084,post,4,1000028016,COPY_IN,PIPE_MTE2,11794,12103,309,378550
case_084,post,4,9751,REDUCE,PIPE_V,11932,12016,84,378550
case_084,post,4,9752,SUB,PIPE_V,12016,12100,84,378550
case_084,post,4,1000027998,COPY_OUT,PIPE_MTE3,12100,12768,668,378550
case_084,post,4,1000028018,COPY_IN,PIPE_MTE2,12103,12564,461,378550
case_084,post,4,9762,DIV,PIPE_V,12374,12674,300,378550
case_084,post,4,9772,MATMUL,PIPE_M,12564,13152,588,378550
case_084,post,4,1000028022,COPY_IN,PIPE_MTE2,12564,12573,9,378550
case_084,post,4,1000028029,COPY_IN,PIPE_MTE2,12573,12951,378,378550
case_084,post,4,9763,REDUCE,PIPE_V,12674,12758,84,378550
case_084,post,4,9764,SUB,PIPE_V,12758,12842,84,378550
case_084,post,4,1000028011,COPY_OUT,PIPE_MTE3,12842,13458,616,378550
case_084,post,4,1000028031,COPY_IN,PIPE_MTE2,12951,13367,416,378550
case_084,post,4,9774,DIV,PIPE_V,13152,13452,300,378550
case_084,post,4,9784,MATMUL,PIPE_M,13367,13955,588,378550
case_084,post,4,1000028035,COPY_IN,PIPE_MTE2,13367,13375,8,378550
case_084,post,4,1000028042,COPY_IN,PIPE_MTE2,13375,13694,319,378550
case_084,post,4,9775,REDUCE,PIPE_V,13452,13536,84,378550
case_084,post,4,9776,SUB,PIPE_V,13536,13620,84,378550
case_084,post,4,1000028024,COPY_OUT,PIPE_MTE3,13620,14235,615,378550
case_084,post,4,1000028044,COPY_IN,PIPE_MTE2,13694,14110,416,378550
case_084,post,4,9786,DIV,PIPE_V,13955,14255,300,378550
case_084,post,4,9796,MATMUL,PIPE_M,14110,14698,588,378550
case_084,post,4,1000028048,COPY_IN,PIPE_MTE2,14110,14118,8,378550
case_084,post,4,1000028055,COPY_IN,PIPE_MTE2,14118,14422,304,378550
case_084,post,4,9787,REDUCE,PIPE_V,14255,14339,84,378550
case_084,post,4,9788,SUB,PIPE_V,14339,14423,84,378550
case_084,post,4,1000028057,COPY_IN,PIPE_MTE2,14422,14881,459,378550
case_084,post,4,1000028037,COPY_OUT,PIPE_MTE3,14423,15091,668,378550
case_084,post,4,9798,DIV,PIPE_V,14698,14998,300,378550
case_084,post,4,9808,MATMUL,PIPE_M,14881,15469,588,378550
case_084,post,4,1000028061,COPY_IN,PIPE_MTE2,14881,14890,9,378550
case_084,post,4,1000028068,COPY_IN,PIPE_MTE2,14890,15269,379,378550
case_084,post,4,9799,REDUCE,PIPE_V,14998,15082,84,378550
case_084,post,4,9800,SUB,PIPE_V,15082,15166,84,378550
case_084,post,4,1000028050,COPY_OUT,PIPE_MTE3,15166,15781,615,378550
case_084,post,4,1000028070,COPY_IN,PIPE_MTE2,15269,15685,416,378550
case_084,post,4,9810,DIV,PIPE_V,15469,15769,300,378550
case_084,post,4,9820,MATMUL,PIPE_M,15685,16273,588,378550
case_084,post,4,1000028074,COPY_IN,PIPE_MTE2,15685,15693,8,378550
case_084,post,4,1000028081,COPY_IN,PIPE_MTE2,15693,16016,323,378550
case_084,post,4,9811,REDUCE,PIPE_V,15769,15853,84,378550
case_084,post,4,9812,SUB,PIPE_V,15853,15937,84,378550
case_084,post,4,1000028063,COPY_OUT,PIPE_MTE3,15937,16529,592,378550
case_084,post,4,1000028083,COPY_IN,PIPE_MTE2,16016,16426,410,378550
case_084,post,4,9822,DIV,PIPE_V,16273,16573,300,378550
case_084,post,4,9832,MATMUL,PIPE_M,16426,17014,588,378550
case_084,post,4,1000028087,COPY_IN,PIPE_MTE2,16426,16433,7,378550
case_084,post,4,1000028094,COPY_IN,PIPE_MTE2,16433,16682,249,378550
case_084,post,4,9823,REDUCE,PIPE_V,16573,16657,84,378550
case_084,post,4,9824,SUB,PIPE_V,16657,16741,84,378550
case_084,post,4,1000028096,COPY_IN,PIPE_MTE2,16682,17055,373,378550
case_084,post,4,1000028076,COPY_OUT,PIPE_MTE3,16741,17399,658,378550
case_084,post,4,9834,DIV,PIPE_V,17014,17314,300,378550
case_084,post,4,9844,MATMUL,PIPE_M,17055,17643,588,378550
case_084,post,4,1000028100,COPY_IN,PIPE_MTE2,17055,17064,9,378550
case_084,post,4,1000028107,COPY_IN,PIPE_MTE2,17064,17465,401,378550
case_084,post,4,9835,REDUCE,PIPE_V,17314,17398,84,378550
case_084,post,4,9836,SUB,PIPE_V,17398,17482,84,378550
case_084,post,4,1000028109,COPY_IN,PIPE_MTE2,17465,17871,406,378550
case_084,post,4,1000028089,COPY_OUT,PIPE_MTE3,17482,18095,613,378550
case_084,post,4,9846,DIV,PIPE_V,17643,17943,300,378550
case_084,post,4,9856,MATMUL,PIPE_M,17871,18459,588,378550
case_084,post,4,1000028113,COPY_IN,PIPE_MTE2,17871,17879,8,378550
case_084,post,4,1000028120,COPY_IN,PIPE_MTE2,17879,18255,376,378550
case_084,post,4,9847,REDUCE,PIPE_V,17943,18027,84,378550
case_084,post,4,9848,SUB,PIPE_V,18027,18111,84,378550
case_084,post,4,1000028102,COPY_OUT,PIPE_MTE3,18111,18650,539,378550
case_084,post,4,1000028122,COPY_IN,PIPE_MTE2,18255,18619,364,378550
case_084,post,4,9858,DIV,PIPE_V,18459,18759,300,378550
case_084,post,4,9868,MATMUL,PIPE_M,18619,19207,588,378550
case_084,post,4,1000028126,COPY_IN,PIPE_MTE2,18619,18626,7,378550
case_084,post,4,1000028133,COPY_IN,PIPE_MTE2,18626,18844,218,378550
case_084,post,4,9859,REDUCE,PIPE_V,18759,18843,84,378550
case_084,post,4,9860,SUB,PIPE_V,18843,18927,84,378550
case_084,post,4,1000028135,COPY_IN,PIPE_MTE2,18844,19147,303,378550
case_084,post,4,1000028115,COPY_OUT,PIPE_MTE3,18927,19558,631,378550
case_084,post,4,1000028139,COPY_IN,PIPE_MTE2,19147,19156,9,378550
case_084,post,4,1000028146,COPY_IN,PIPE_MTE2,19156,19601,445,378550
case_084,post,4,9870,DIV,PIPE_V,19207,19507,300,378550
case_084,post,4,9880,MATMUL,PIPE_M,19207,19795,588,378550
case_084,post,4,9871,REDUCE,PIPE_V,19507,19591,84,378550
case_084,post,4,9872,SUB,PIPE_V,19591,19675,84,378550
case_084,post,4,1000028148,COPY_IN,PIPE_MTE2,19601,19973,372,378550
case_084,post,4,1000028128,COPY_OUT,PIPE_MTE3,19675,20291,616,378550
case_084,post,4,9882,DIV,PIPE_V,19795,20095,300,378550
case_084,post,4,9892,MATMUL,PIPE_M,19973,20561,588,378550
case_084,post,4,1000028152,COPY_IN,PIPE_MTE2,19973,19981,8,378550
case_084,post,4,1000028159,COPY_IN,PIPE_MTE2,19981,20395,414,378550
case_084,post,4,9883,REDUCE,PIPE_V,20095,20179,84,378550
case_084,post,4,9884,SUB,PIPE_V,20179,20263,84,378550
case_084,post,4,1000028141,COPY_OUT,PIPE_MTE3,20291,20841,550,378550
case_084,post,4,1000028161,COPY_IN,PIPE_MTE2,20395,20759,364,378550
case_084,post,4,9894,DIV,PIPE_V,20561,20861,300,378550
case_084,post,4,9904,MATMUL,PIPE_M,20759,21347,588,378550
case_084,post,4,1000028165,COPY_IN,PIPE_MTE2,20759,20766,7,378550
case_084,post,4,1000028172,COPY_IN,PIPE_MTE2,20766,21006,240,378550
case_084,post,4,9895,REDUCE,PIPE_V,20861,20945,84,378550
case_084,post,4,9896,SUB,PIPE_V,20945,21029,84,378550
case_084,post,4,1000028174,COPY_IN,PIPE_MTE2,21006,21399,393,378550
case_084,post,4,1000028154,COPY_OUT,PIPE_MTE3,21029,21655,626,378550
case_084,post,4,9906,DIV,PIPE_V,21347,21647,300,378550
case_084,post,4,9916,MATMUL,PIPE_M,21399,21987,588,378550
case_084,post,4,1000028178,COPY_IN,PIPE_MTE2,21399,21406,7,378550
case_084,post,4,1000028185,COPY_IN,PIPE_MTE2,21406,21789,383,378550
case_084,post,4,9907,REDUCE,PIPE_V,21647,21731,84,378550
case_084,post,4,9908,SUB,PIPE_V,21731,21815,84,378550
case_084,post,4,1000028187,COPY_IN,PIPE_MTE2,21789,22249,460,378550
case_084,post,4,1000028167,COPY_OUT,PIPE_MTE3,21815,22513,698,378550
case_084,post,4,9918,DIV,PIPE_V,21987,22287,300,378550
case_084,post,4,9928,MATMUL,PIPE_M,22249,22837,588,378550
case_084,post,4,1000028191,COPY_IN,PIPE_MTE2,22249,22258,9,378550
case_084,post,4,1000028198,COPY_IN,PIPE_MTE2,22258,22716,458,378550
case_084,post,4,9919,REDUCE,PIPE_V,22287,22371,84,378550
case_084,post,4,9920,SUB,PIPE_V,22371,22455,84,378550
case_084,post,4,1000028180,COPY_OUT,PIPE_MTE3,22513,23151,638,378550
case_084,post,4,1000028200,COPY_IN,PIPE_MTE2,22716,23142,426,378550
case_084,post,4,9930,DIV,PIPE_V,22837,23137,300,378550
case_084,post,4,9931,REDUCE,PIPE_V,23137,23221,84,378550
case_084,post,4,9940,MATMUL,PIPE_M,23142,23730,588,378550
case_084,post,4,1000028204,COPY_IN,PIPE_MTE2,23142,23150,8,378550
case_084,post,4,1000028211,COPY_IN,PIPE_MTE2,23150,23417,267,378550
case_084,post,4,9932,SUB,PIPE_V,23221,23305,84,378550
case_084,post,4,1000028193,COPY_OUT,PIPE_MTE3,23305,23902,597,378550
case_084,post,4,1000028213,COPY_IN,PIPE_MTE2,23417,23813,396,378550
case_084,post,4,9942,DIV,PIPE_V,23730,24030,300,378550
case_084,post,4,9952,MATMUL,PIPE_M,23813,24401,588,378550
case_084,post,4,1000028217,COPY_IN,PIPE_MTE2,23813,23823,10,378550
case_084,post,4,1000028224,COPY_IN,PIPE_MTE2,23823,24186,363,378550
case_084,post,4,9943,REDUCE,PIPE_V,24030,24114,84,378550
case_084,post,4,9944,SUB,PIPE_V,24114,24198,84,378550
case_084,post,4,1000028226,COPY_IN,PIPE_MTE2,24186,24628,442,378550
case_084,post,4,1000028206,COPY_OUT,PIPE_MTE3,24198,24874,676,378550
case_084,post,4,9954,DIV,PIPE_V,24401,24701,300,378550
case_084,post,4,9964,MATMUL,PIPE_M,24628,25216,588,378550
case_084,post,4,1000028230,COPY_IN,PIPE_MTE2,24628,24637,9,378550
case_084,post,4,1000028237,COPY_IN,PIPE_MTE2,24637,25094,457,378550
case_084,post,4,9955,REDUCE,PIPE_V,24701,24785,84,378550
case_084,post,4,9956,SUB,PIPE_V,24785,24869,84,378550
case_084,post,4,1000028219,COPY_OUT,PIPE_MTE3,24874,25501,627,378550
case_084,post,4,1000028239,COPY_IN,PIPE_MTE2,25094,25506,412,378550
case_084,post,4,9966,DIV,PIPE_V,25216,25516,300,378550
case_084,post,4,9976,MATMUL,PIPE_M,25506,26094,588,378550
case_084,post,4,1000028243,COPY_IN,PIPE_MTE2,25506,25511,5,378550
case_084,post,4,1000028250,COPY_IN,PIPE_MTE2,25511,25791,280,378550
case_084,post,4,9967,REDUCE,PIPE_V,25516,25600,84,378550
case_084,post,4,9968,SUB,PIPE_V,25600,25684,84,378550
case_084,post,4,1000028232,COPY_OUT,PIPE_MTE3,25684,26267,583,378550
case_084,post,4,1000028252,COPY_IN,PIPE_MTE2,25791,26170,379,378550
case_084,post,4,9978,DIV,PIPE_V,26094,26394,300,378550
case_084,post,4,9988,MATMUL,PIPE_M,26170,26758,588,378550
case_084,post,4,1000028256,COPY_IN,PIPE_MTE2,26170,26180,10,378550
case_084,post,4,1000028263,COPY_IN,PIPE_MTE2,26180,26559,379,378550
case_084,post,4,9979,REDUCE,PIPE_V,26394,26478,84,378550
case_084,post,4,9980,SUB,PIPE_V,26478,26562,84,378550
case_084,post,4,1000028265,COPY_IN,PIPE_MTE2,26559,26994,435,378550
case_084,post,4,1000028245,COPY_OUT,PIPE_MTE3,26562,27225,663,378550
case_084,post,4,9990,DIV,PIPE_V,26758,27058,300,378550
case_084,post,4,10000,MATMUL,PIPE_M,26994,27582,588,378550
case_084,post,4,1000028269,COPY_IN,PIPE_MTE2,26994,27003,9,378550
case_084,post,4,1000028276,COPY_IN,PIPE_MTE2,27003,27465,462,378550
case_084,post,4,9991,REDUCE,PIPE_V,27058,27142,84,378550
case_084,post,4,9992,SUB,PIPE_V,27142,27226,84,378550
case_084,post,4,1000028258,COPY_OUT,PIPE_MTE3,27226,27850,624,378550
case_084,post,4,1000028278,COPY_IN,PIPE_MTE2,27465,27861,396,378550
case_084,post,4,10002,DIV,PIPE_V,27582,27882,300,378550
case_084,post,4,10012,MATMUL,PIPE_M,27861,28449,588,378550
case_084,post,4,1000028282,COPY_IN,PIPE_MTE2,27861,27866,5,378550
case_084,post,4,1000028289,COPY_IN,PIPE_MTE2,27866,28161,295,378550
case_084,post,4,10003,REDUCE,PIPE_V,27882,27966,84,378550
case_084,post,4,10004,SUB,PIPE_V,27966,28050,84,378550
case_084,post,4,1000028271,COPY_OUT,PIPE_MTE3,28050,28631,581,378550
case_084,post,4,1000028291,COPY_IN,PIPE_MTE2,28161,28545,384,378550
case_084,post,4,10014,DIV,PIPE_V,28449,28749,300,378550
case_084,post,4,10024,MATMUL,PIPE_M,28545,29133,588,378550
case_084,post,4,1000028295,COPY_IN,PIPE_MTE2,28545,28554,9,378550
case_084,post,4,1000028302,COPY_IN,PIPE_MTE2,28554,28924,370,378550
case_084,post,4,10015,REDUCE,PIPE_V,28749,28833,84,378550
case_084,post,4,10016,SUB,PIPE_V,28833,28917,84,378550
case_084,post,4,1000028284,COPY_OUT,PIPE_MTE3,28917,29577,660,378550
case_084,post,4,1000028304,COPY_IN,PIPE_MTE2,28924,29360,436,378550
case_084,post,4,10026,DIV,PIPE_V,29133,29433,300,378550
case_084,post,4,10036,MATMUL,PIPE_M,29360,29948,588,378550
case_084,post,4,1000028308,COPY_IN,PIPE_MTE2,29360,29369,9,378550
case_084,post,4,1000028315,COPY_IN,PIPE_MTE2,29369,29814,445,378550
case_084,post,4,10027,REDUCE,PIPE_V,29433,29517,84,378550
case_084,post,4,10028,SUB,PIPE_V,29517,29601,84,378550
case_084,post,4,1000028297,COPY_OUT,PIPE_MTE3,29601,30209,608,378550
case_084,post,4,1000028317,COPY_IN,PIPE_MTE2,29814,30209,395,378550
case_084,post,4,10038,DIV,PIPE_V,29948,30248,300,378550
case_084,post,4,10048,MATMUL,PIPE_M,30209,30797,588,378550
case_084,post,4,1000028321,COPY_IN,PIPE_MTE2,30209,30214,5,378550
case_084,post,4,1000028328,COPY_IN,PIPE_MTE2,30214,30509,295,378550
case_084,post,4,10039,REDUCE,PIPE_V,30248,30332,84,378550
case_084,post,4,10040,SUB,PIPE_V,30332,30416,84,378550
case_084,post,4,1000028310,COPY_OUT,PIPE_MTE3,30416,31038,622,378550
case_084,post,4,1000028330,COPY_IN,PIPE_MTE2,30509,30917,408,378550
case_084,post,4,10050,DIV,PIPE_V,30797,31097,300,378550
case_084,post,4,10060,MATMUL,PIPE_M,30917,31505,588,378550
case_084,post,4,1000028334,COPY_IN,PIPE_MTE2,30917,30926,9,378550
case_084,post,4,1000028341,COPY_IN,PIPE_MTE2,30926,31289,363,378550
case_084,post,4,10051,REDUCE,PIPE_V,31097,31181,84,378550
case_084,post,4,10052,SUB,PIPE_V,31181,31265,84,378550
case_084,post,4,1000028323,COPY_OUT,PIPE_MTE3,31265,31928,663,378550
case_084,post,4,1000028343,COPY_IN,PIPE_MTE2,31289,31742,453,378550
case_084,post,4,10062,DIV,PIPE_V,31505,31805,300,378550
case_084,post,4,10072,MATMUL,PIPE_M,31742,32330,588,378550
case_084,post,4,1000028347,COPY_IN,PIPE_MTE2,31742,31750,8,378550
case_084,post,4,1000028354,COPY_IN,PIPE_MTE2,31750,32167,417,378550
case_084,post,4,10063,REDUCE,PIPE_V,31805,31889,84,378550
case_084,post,4,10064,SUB,PIPE_V,31889,31973,84,378550
case_084,post,4,1000028336,COPY_OUT,PIPE_MTE3,31973,32580,607,378550
case_084,post,4,1000028356,COPY_IN,PIPE_MTE2,32167,32569,402,378550
case_084,post,4,10074,DIV,PIPE_V,32330,32630,300,378550
case_084,post,4,10084,MATMUL,PIPE_M,32569,33157,588,378550
case_084,post,4,1000028360,COPY_IN,PIPE_MTE2,32569,32576,7,378550
case_084,post,4,1000028367,COPY_IN,PIPE_MTE2,32576,32823,247,378550
case_084,post,4,10075,REDUCE,PIPE_V,32630,32714,84,378550
case_084,post,4,10076,SUB,PIPE_V,32714,32798,84,378550
case_084,post,4,1000028349,COPY_OUT,PIPE_MTE3,32798,33465,667,378550
case_084,post,4,1000028369,COPY_IN,PIPE_MTE2,32823,33268,445,378550
case_084,post,4,10086,DIV,PIPE_V,33157,33457,300,378550
case_084,post,4,10096,MATMUL,PIPE_M,33268,33856,588,378550
case_084,post,4,1000028373,COPY_IN,PIPE_MTE2,33268,33277,9,378550
case_084,post,4,1000028380,COPY_IN,PIPE_MTE2,33277,33640,363,378550
case_084,post,4,10087,REDUCE,PIPE_V,33457,33541,84,378550
case_084,post,4,10088,SUB,PIPE_V,33541,33625,84,378550
case_084,post,4,1000028362,COPY_OUT,PIPE_MTE3,33625,34296,671,378550
case_084,post,4,1000028382,COPY_IN,PIPE_MTE2,33640,34108,468,378550
case_084,post,4,10098,DIV,PIPE_V,33856,34156,300,378550
case_084,post,4,10108,MATMUL,PIPE_M,34108,34696,588,378550
case_084,post,4,1000028386,COPY_IN,PIPE_MTE2,34108,34117,9,378550
case_084,post,4,1000028393,COPY_IN,PIPE_MTE2,34117,34518,401,378550
case_084,post,4,10099,REDUCE,PIPE_V,34156,34240,84,378550
case_084,post,4,10100,SUB,PIPE_V,34240,34324,84,378550
case_084,post,4,1000028375,COPY_OUT,PIPE_MTE3,34324,34939,615,378550
case_084,post,4,1000028395,COPY_IN,PIPE_MTE2,34518,34934,416,378550
case_084,post,4,10110,DIV,PIPE_V,34696,34996,300,378550
case_084,post,4,10120,MATMUL,PIPE_M,34934,35522,588,378550
case_084,post,4,1000028399,COPY_IN,PIPE_MTE2,34934,34941,7,378550
case_084,post,4,1000028406,COPY_IN,PIPE_MTE2,34941,35157,216,378550
case_084,post,4,10111,REDUCE,PIPE_V,34996,35080,84,378550
case_084,post,4,10112,SUB,PIPE_V,35080,35164,84,378550
case_084,post,4,1000028408,COPY_IN,PIPE_MTE2,35157,35593,436,378550
case_084,post,4,1000028388,COPY_OUT,PIPE_MTE3,35164,35858,694,378550
case_084,post,4,10122,DIV,PIPE_V,35522,35822,300,378550
case_084,post,4,10132,MATMUL,PIPE_M,35593,36181,588,378550
case_084,post,4,1000028412,COPY_IN,PIPE_MTE2,35593,35603,10,378550
case_084,post,4,1000028419,COPY_IN,PIPE_MTE2,35603,36005,402,378550
case_084,post,4,10123,REDUCE,PIPE_V,35822,35906,84,378550
case_084,post,4,10124,SUB,PIPE_V,35906,35990,84,378550
case_084,post,4,1000028401,COPY_OUT,PIPE_MTE3,35990,36669,679,378550
case_084,post,4,1000028421,COPY_IN,PIPE_MTE2,36005,36461,456,378550
case_084,post,4,10134,DIV,PIPE_V,36181,36481,300,378550
case_084,post,4,10144,MATMUL,PIPE_M,36461,37049,588,378550
case_084,post,4,1000028425,COPY_IN,PIPE_MTE2,36461,36470,9,378550
case_084,post,4,1000028432,COPY_IN,PIPE_MTE2,36470,36900,430,378550
case_084,post,4,10135,REDUCE,PIPE_V,36481,36565,84,378550
case_084,post,4,10136,SUB,PIPE_V,36565,36649,84,378550
case_084,post,4,1000028414,COPY_OUT,PIPE_MTE3,36669,37277,608,378550
case_084,post,4,1000028434,COPY_IN,PIPE_MTE2,36900,37302,402,378550
case_084,post,4,10146,DIV,PIPE_V,37049,37349,300,378550
case_084,post,4,10156,MATMUL,PIPE_M,37302,37890,588,378550
case_084,post,4,1000028438,COPY_IN,PIPE_MTE2,37302,37307,5,378550
case_084,post,4,1000028445,COPY_IN,PIPE_MTE2,37307,37555,248,378550
case_084,post,4,10147,REDUCE,PIPE_V,37349,37433,84,378550
case_084,post,4,10148,SUB,PIPE_V,37433,37517,84,378550
case_084,post,4,1000028427,COPY_OUT,PIPE_MTE3,37517,38176,659,378550
case_084,post,4,1000028447,COPY_IN,PIPE_MTE2,37555,37981,426,378550
case_084,post,4,10158,DIV,PIPE_V,37890,38190,300,378550
case_084,post,4,10168,MATMUL,PIPE_M,37981,38569,588,378550
case_084,post,4,1000028451,COPY_IN,PIPE_MTE2,37981,37991,10,378550
case_084,post,4,1000028458,COPY_IN,PIPE_MTE2,37991,38380,389,378550
case_084,post,4,10159,REDUCE,PIPE_V,38190,38274,84,378550
case_084,post,4,10160,SUB,PIPE_V,38274,38358,84,378550
case_084,post,4,1000028440,COPY_OUT,PIPE_MTE3,38358,39029,671,378550
case_084,post,4,1000028460,COPY_IN,PIPE_MTE2,38380,38830,450,378550
case_084,post,4,10170,DIV,PIPE_V,38569,38869,300,378550
case_084,post,4,10180,MATMUL,PIPE_M,38830,39418,588,378550
case_084,post,4,1000028464,COPY_IN,PIPE_MTE2,38830,38839,9,378550
case_084,post,4,1000028471,COPY_IN,PIPE_MTE2,38839,39271,432,378550
case_084,post,4,10171,REDUCE,PIPE_V,38869,38953,84,378550
case_084,post,4,10172,SUB,PIPE_V,38953,39037,84,378550
case_084,post,4,1000028453,COPY_OUT,PIPE_MTE3,39037,39639,602,378550
case_084,post,4,1000028473,COPY_IN,PIPE_MTE2,39271,39663,392,378550
case_084,post,4,10182,DIV,PIPE_V,39418,39718,300,378550
case_084,post,4,10192,MATMUL,PIPE_M,39663,40251,588,378550
case_084,post,4,1000028477,COPY_IN,PIPE_MTE2,39663,39668,5,378550
case_084,post,4,1000028484,COPY_IN,PIPE_MTE2,39668,39929,261,378550
case_084,post,4,10183,REDUCE,PIPE_V,39718,39802,84,378550
case_084,post,4,10184,SUB,PIPE_V,39802,39886,84,378550
case_084,post,4,1000028466,COPY_OUT,PIPE_MTE3,39886,40535,649,378550
case_084,post,4,1000028486,COPY_IN,PIPE_MTE2,39929,40350,421,378550
case_084,post,4,10194,DIV,PIPE_V,40251,40551,300,378550
case_084,post,4,10204,MATMUL,PIPE_M,40350,40938,588,378550
case_084,post,4,1000028490,COPY_IN,PIPE_MTE2,40350,40359,9,378550
case_084,post,4,1000028497,COPY_IN,PIPE_MTE2,40359,40760,401,378550
case_084,post,4,10195,REDUCE,PIPE_V,40551,40635,84,378550
case_084,post,4,10196,SUB,PIPE_V,40635,40719,84,378550
case_084,post,4,1000028479,COPY_OUT,PIPE_MTE3,40719,41381,662,378550
case_084,post,4,1000028499,COPY_IN,PIPE_MTE2,40760,41197,437,378550
case_084,post,4,10206,DIV,PIPE_V,40938,41238,300,378550
case_084,post,4,10216,MATMUL,PIPE_M,41197,41785,588,378550
case_084,post,4,1000028503,COPY_IN,PIPE_MTE2,41197,41206,9,378550
case_084,post,4,1000028510,COPY_IN,PIPE_MTE2,41206,41632,426,378550
case_084,post,4,10207,REDUCE,PIPE_V,41238,41322,84,378550
case_084,post,4,10208,SUB,PIPE_V,41322,41406,84,378550
case_084,post,4,1000028492,COPY_OUT,PIPE_MTE3,41406,41998,592,378550
case_084,post,4,1000028512,COPY_IN,PIPE_MTE2,41632,42015,383,378550
case_084,post,4,10218,DIV,PIPE_V,41785,42085,300,378550
case_084,post,4,10228,MATMUL,PIPE_M,42015,42603,588,378550
case_084,post,4,1000028516,COPY_IN,PIPE_MTE2,42015,42020,5,378550
case_084,post,4,1000028523,COPY_IN,PIPE_MTE2,42020,42296,276,378550
case_084,post,4,10219,REDUCE,PIPE_V,42085,42169,84,378550
case_084,post,4,10220,SUB,PIPE_V,42169,42253,84,378550
case_084,post,4,1000028505,COPY_OUT,PIPE_MTE3,42253,42910,657,378550
case_084,post,4,1000028525,COPY_IN,PIPE_MTE2,42296,42732,436,378550
case_084,post,4,10230,DIV,PIPE_V,42603,42903,300,378550
case_084,post,4,10240,MATMUL,PIPE_M,42732,43320,588,378550
case_084,post,4,1000028529,COPY_IN,PIPE_MTE2,42732,42741,9,378550
case_084,post,4,1000028536,COPY_IN,PIPE_MTE2,42741,43130,389,378550
case_084,post,4,10231,REDUCE,PIPE_V,42903,42987,84,378550
case_084,post,4,10232,SUB,PIPE_V,42987,43071,84,378550
case_084,post,4,1000028518,COPY_OUT,PIPE_MTE3,43071,43739,668,378550
case_084,post,4,1000028538,COPY_IN,PIPE_MTE2,43130,43573,443,378550
case_084,post,4,10242,DIV,PIPE_V,43320,43620,300,378550
case_084,post,4,10252,MATMUL,PIPE_M,43573,44161,588,378550
case_084,post,4,1000028542,COPY_IN,PIPE_MTE2,43573,43582,9,378550
case_084,post,4,1000028549,COPY_IN,PIPE_MTE2,43582,43985,403,378550
case_084,post,4,10243,REDUCE,PIPE_V,43620,43704,84,378550
case_084,post,4,10244,SUB,PIPE_V,43704,43788,84,378550
case_084,post,4,1000028531,COPY_OUT,PIPE_MTE3,43788,44373,585,378550
case_084,post,4,1000028551,COPY_IN,PIPE_MTE2,43985,44372,387,378550
case_084,post,4,10254,DIV,PIPE_V,44161,44461,300,378550
case_084,post,4,10264,MATMUL,PIPE_M,44372,44960,588,378550
case_084,post,4,1000028555,COPY_IN,PIPE_MTE2,44372,44377,5,378550
case_084,post,4,1000028562,COPY_IN,PIPE_MTE2,44377,44628,251,378550
case_084,post,4,10255,REDUCE,PIPE_V,44461,44545,84,378550
case_084,post,4,10256,SUB,PIPE_V,44545,44629,84,378550
case_084,post,4,1000028564,COPY_IN,PIPE_MTE2,44628,45099,471,378550
case_084,post,4,1000028544,COPY_OUT,PIPE_MTE3,44629,45315,686,378550
case_084,post,4,10266,DIV,PIPE_V,44960,45260,300,378550
case_084,post,4,10276,MATMUL,PIPE_M,45099,45687,588,378550
case_084,post,4,1000028568,COPY_IN,PIPE_MTE2,45099,45108,9,378550
case_084,post,4,1000028575,COPY_IN,PIPE_MTE2,45108,45502,394,378550
case_084,post,4,10267,REDUCE,PIPE_V,45260,45344,84,378550
case_084,post,4,10268,SUB,PIPE_V,45344,45428,84,378550
case_084,post,4,1000028557,COPY_OUT,PIPE_MTE3,45428,46094,666,378550
case_084,post,4,1000028577,COPY_IN,PIPE_MTE2,45502,45957,455,378550
case_084,post,4,10278,DIV,PIPE_V,45687,45987,300,378550
case_084,post,4,10288,MATMUL,PIPE_M,45957,46545,588,378550
case_084,post,4,1000028581,COPY_IN,PIPE_MTE2,45957,45965,8,378550
case_084,post,4,1000028588,COPY_IN,PIPE_MTE2,45965,46347,382,378550
case_084,post,4,10279,REDUCE,PIPE_V,45987,46071,84,378550
case_084,post,4,10280,SUB,PIPE_V,46071,46155,84,378550
case_084,post,4,1000028570,COPY_OUT,PIPE_MTE3,46155,46755,600,378550
case_084,post,4,1000028590,COPY_IN,PIPE_MTE2,46347,46748,401,378550
case_084,post,4,10290,DIV,PIPE_V,46545,46845,300,378550
case_084,post,4,10300,MATMUL,PIPE_M,46748,47336,588,378550
case_084,post,4,1000028594,COPY_IN,PIPE_MTE2,46748,46755,7,378550
case_084,post,4,1000028601,COPY_IN,PIPE_MTE2,46755,46977,222,378550
case_084,post,4,10291,REDUCE,PIPE_V,46845,46929,84,378550
case_084,post,4,10292,SUB,PIPE_V,46929,47013,84,378550
case_084,post,4,1000028603,COPY_IN,PIPE_MTE2,46977,47445,468,378550
case_084,post,4,1000028583,COPY_OUT,PIPE_MTE3,47013,47719,706,378550
case_084,post,4,10302,DIV,PIPE_V,47336,47636,300,378550
case_084,post,4,10312,MATMUL,PIPE_M,47445,48033,588,378550
case_084,post,4,1000028607,COPY_IN,PIPE_MTE2,47445,47455,10,378550
case_084,post,4,1000028614,COPY_IN,PIPE_MTE2,47455,47838,383,378550
case_084,post,4,10303,REDUCE,PIPE_V,47636,47720,84,378550
case_084,post,4,10304,SUB,PIPE_V,47720,47804,84,378550
case_084,post,4,1000028596,COPY_OUT,PIPE_MTE3,47804,48480,676,378550
case_084,post,4,1000028616,COPY_IN,PIPE_MTE2,47838,48306,468,378550
case_084,post,4,10314,DIV,PIPE_V,48033,48333,300,378550
case_084,post,4,10324,MATMUL,PIPE_M,48306,48894,588,378550
case_084,post,4,1000028620,COPY_IN,PIPE_MTE2,48306,48315,9,378550
case_084,post,4,1000028627,COPY_IN,PIPE_MTE2,48315,48704,389,378550
case_084,post,4,10315,REDUCE,PIPE_V,48333,48417,84,378550
case_084,post,4,10316,SUB,PIPE_V,48417,48501,84,378550
case_084,post,4,1000028609,COPY_OUT,PIPE_MTE3,48501,49107,606,378550
case_084,post,4,1000028629,COPY_IN,PIPE_MTE2,48704,49115,411,378550
case_084,post,4,10326,DIV,PIPE_V,48894,49194,300,378550
case_084,post,4,10336,MATMUL,PIPE_M,49115,49703,588,378550
case_084,post,4,1000028633,COPY_IN,PIPE_MTE2,49115,49120,5,378550
case_084,post,4,1000027792,COPY_IN,PIPE_MTE2,49120,49335,215,378550
case_084,post,4,10327,REDUCE,PIPE_V,49194,49278,84,378550
case_084,post,4,10328,SUB,PIPE_V,49278,49362,84,378550
case_084,post,4,1000027794,COPY_IN,PIPE_MTE2,49335,49789,454,378550
case_084,post,4,1000028622,COPY_OUT,PIPE_MTE3,49362,50079,717,378550
case_084,post,4,10338,DIV,PIPE_V,49703,50003,300,378550
case_084,post,4,9568,MATMUL,PIPE_M,49789,50377,588,378550
case_084,post,4,1000027798,COPY_IN,PIPE_MTE2,49789,49799,10,378550
case_084,post,4,1000028643,COPY_IN,PIPE_MTE2,49799,50194,395,378550
case_084,post,4,10339,REDUCE,PIPE_V,50003,50087,84,378550
case_084,post,4,1000028638,COPY_OUT,PIPE_MTE3,50087,50099,12,378550
case_084,post,4,1000028645,COPY_IN,PIPE_MTE2,50194,50599,405,378550
case_084,post,4,9570,DIV,PIPE_V,50377,50677,300,378550
case_084,post,4,10348,MATMUL,PIPE_M,50599,51187,588,378550
case_084,post,4,1000028649,COPY_IN,PIPE_MTE2,50599,50607,8,378550
case_084,post,4,1000028656,COPY_IN,PIPE_MTE2,50607,50987,380,378550
case_084,post,4,1000027800,COPY_OUT,PIPE_MTE3,50677,51245,568,378550
case_084,post,4,1000028658,COPY_IN,PIPE_MTE2,50987,51392,405,378550
case_084,post,4,10350,DIV,PIPE_V,51187,51487,300,378550
case_084,post,4,1000028635,COPY_OUT,PIPE_MTE3,51245,51768,523,378550
case_084,post,4,10360,MATMUL,PIPE_M,51392,51980,588,378550
case_084,post,4,1000028662,COPY_IN,PIPE_MTE2,51392,51400,8,378550
case_084,post,4,1000028669,COPY_IN,PIPE_MTE2,51400,51723,323,378550
case_084,post,4,10351,REDUCE,PIPE_V,51487,51571,84,378550
case_084,post,4,10352,SUB,PIPE_V,51571,51655,84,378550
case_084,post,4,10353,EXP,PIPE_V,51655,51955,300,378550
case_084,post,4,1000028671,COPY_IN,PIPE_MTE2,51723,52184,461,378550
case_084,post,4,1000028651,COPY_OUT,PIPE_MTE3,51955,52624,669,378550
case_084,post,4,10362,DIV,PIPE_V,51980,52280,300,378550
case_084,post,4,10372,MATMUL,PIPE_M,52184,52772,588,378550
case_084,post,4,1000028675,COPY_IN,PIPE_MTE2,52184,52194,10,378550
case_084,post,4,1000028682,COPY_IN,PIPE_MTE2,52194,52619,425,378550
case_084,post,4,10363,REDUCE,PIPE_V,52280,52364,84,378550
case_084,post,4,10364,SUB,PIPE_V,52364,52448,84,378550
case_084,post,4,1000028684,COPY_IN,PIPE_MTE2,52619,53073,454,378550
case_084,post,4,1000028664,COPY_OUT,PIPE_MTE3,52624,53238,614,378550
case_084,post,4,10374,DIV,PIPE_V,52772,53072,300,378550
case_084,post,4,10375,REDUCE,PIPE_V,53072,53156,84,378550
case_084,post,4,10384,MATMUL,PIPE_M,53073,53661,588,378550
case_084,post,4,1000028688,COPY_IN,PIPE_MTE2,53073,53082,9,378550
case_084,post,4,1000028695,COPY_IN,PIPE_MTE2,53082,53443,361,378550
case_084,post,4,10376,SUB,PIPE_V,53156,53240,84,378550
case_084,post,4,1000028677,COPY_OUT,PIPE_MTE3,53240,53819,579,378550
case_084,post,4,1000028697,COPY_IN,PIPE_MTE2,53443,53830,387,378550
case_084,post,4,10386,DIV,PIPE_V,53661,53961,300,378550
case_084,post,4,10396,MATMUL,PIPE_M,53830,54418,588,378550
case_084,post,4,1000028701,COPY_IN,PIPE_MTE2,53830,53835,5,378550
case_084,post,4,1000028708,COPY_IN,PIPE_MTE2,53835,54102,267,378550
case_084,post,4,10387,REDUCE,PIPE_V,53961,54045,84,378550
case_084,post,4,10388,SUB,PIPE_V,54045,54129,84,378550
case_084,post,4,1000028710,COPY_IN,PIPE_MTE2,54102,54554,452,378550
case_084,post,4,1000028690,COPY_OUT,PIPE_MTE3,54129,54819,690,378550
case_084,post,4,10398,DIV,PIPE_V,54418,54718,300,378550
case_084,post,4,10408,MATMUL,PIPE_M,54554,55142,588,378550
case_084,post,4,1000028714,COPY_IN,PIPE_MTE2,54554,54563,9,378550
case_084,post,4,1000028721,COPY_IN,PIPE_MTE2,54563,54998,435,378550
case_084,post,4,10399,REDUCE,PIPE_V,54718,54802,84,378550
case_084,post,4,10400,SUB,PIPE_V,54802,54886,84,378550
case_084,post,4,1000028703,COPY_OUT,PIPE_MTE3,54886,55532,646,378550
case_084,post,4,1000028723,COPY_IN,PIPE_MTE2,54998,55432,434,378550
case_084,post,4,10410,DIV,PIPE_V,55142,55442,300,378550
case_084,post,4,10420,MATMUL,PIPE_M,55432,56020,588,378550
case_084,post,4,1000028727,COPY_IN,PIPE_MTE2,55432,55440,8,378550
case_084,post,4,1000028734,COPY_IN,PIPE_MTE2,55440,55809,369,378550
case_084,post,4,10411,REDUCE,PIPE_V,55442,55526,84,378550
case_084,post,4,10412,SUB,PIPE_V,55526,55610,84,378550
case_084,post,4,1000028716,COPY_OUT,PIPE_MTE3,55610,56190,580,378550
case_084,post,4,1000028736,COPY_IN,PIPE_MTE2,55809,56190,381,378550
case_084,post,4,10422,DIV,PIPE_V,56020,56320,300,378550
case_084,post,4,10432,MATMUL,PIPE_M,56190,56778,588,378550
case_084,post,4,1000028740,COPY_IN,PIPE_MTE2,56190,56195,5,378550
case_084,post,4,1000028747,COPY_IN,PIPE_MTE2,56195,56480,285,378550
case_084,post,4,10423,REDUCE,PIPE_V,56320,56404,84,378550
case_084,post,4,10424,SUB,PIPE_V,56404,56488,84,378550
case_084,post,4,1000028749,COPY_IN,PIPE_MTE2,56480,56943,463,378550
case_084,post,4,1000028729,COPY_OUT,PIPE_MTE3,56488,57169,681,378550
case_084,post,4,10434,DIV,PIPE_V,56778,57078,300,378550
case_084,post,4,10444,MATMUL,PIPE_M,56943,57531,588,378550
case_084,post,4,1000028753,COPY_IN,PIPE_MTE2,56943,56951,8,378550
case_084,post,4,1000028760,COPY_IN,PIPE_MTE2,56951,57345,394,378550
case_084,post,4,10435,REDUCE,PIPE_V,57078,57162,84,378550
case_084,post,4,10436,SUB,PIPE_V,57162,57246,84,378550
case_084,post,4,1000028742,COPY_OUT,PIPE_MTE3,57246,57718,472,378550
case_084,post,4,1000028762,COPY_IN,PIPE_MTE2,57345,57665,320,378550
case_084,post,4,10446,DIV,PIPE_V,57531,57831,300,378550
case_084,post,4,10456,MATMUL,PIPE_M,57665,58253,588,378550
case_084,post,4,1000028766,COPY_IN,PIPE_MTE2,57665,57670,5,378550
case_084,post,4,1000028773,COPY_IN,PIPE_MTE2,57670,57927,257,378550
case_084,post,4,10447,REDUCE,PIPE_V,57831,57915,84,378550
case_084,post,4,10448,SUB,PIPE_V,57915,57999,84,378550
case_084,post,4,1000028775,COPY_IN,PIPE_MTE2,57927,58206,279,378550
case_084,post,4,1000028755,COPY_OUT,PIPE_MTE3,57999,58402,403,378550
case_084,post,4,1000028779,COPY_IN,PIPE_MTE2,58206,58211,5,378550
case_084,post,4,1000028786,COPY_IN,PIPE_MTE2,58211,58457,246,378550
case_084,post,4,10458,DIV,PIPE_V,58253,58553,300,378550
case_084,post,4,10468,MATMUL,PIPE_M,58253,58841,588,378550
case_084,post,4,1000028788,COPY_IN,PIPE_MTE2,58457,58718,261,378550
case_084,post,4,10459,REDUCE,PIPE_V,58553,58637,84,378550
case_084,post,4,10460,SUB,PIPE_V,58637,58721,84,378550
case_084,post,4,1000028792,COPY_IN,PIPE_MTE2,58718,58725,7,378550
case_084,post,4,1000028768,COPY_OUT,PIPE_MTE3,58721,59264,543,378550
case_084,post,4,1000028799,COPY_IN,PIPE_MTE2,58725,59103,378,378550
case_084,post,4,10470,DIV,PIPE_V,58841,59141,300,378550
case_084,post,4,10480,MATMUL,PIPE_M,58841,59429,588,378550
case_084,post,4,1000028801,COPY_IN,PIPE_MTE2,59103,59450,347,378550
case_084,post,4,10471,REDUCE,PIPE_V,59141,59225,84,378550
case_084,post,4,10472,SUB,PIPE_V,59225,59309,84,378550
case_084,post,4,1000028781,COPY_OUT,PIPE_MTE3,59309,59829,520,378550
case_084,post,4,10482,DIV,PIPE_V,59429,59729,300,378550
case_084,post,4,10492,MATMUL,PIPE_M,59450,60038,588,378550
case_084,post,4,1000028805,COPY_IN,PIPE_MTE2,59450,59457,7,378550
case_084,post,4,1000028812,COPY_IN,PIPE_MTE2,59457,59806,349,378550
case_084,post,4,10483,REDUCE,PIPE_V,59729,59813,84,378550
case_084,post,4,1000028814,COPY_IN,PIPE_MTE2,59806,60105,299,378550
case_084,post,4,10484,SUB,PIPE_V,59813,59897,84,378550
case_084,post,4,1000028794,COPY_OUT,PIPE_MTE3,59897,60337,440,378550
case_084,post,4,10494,DIV,PIPE_V,60038,60338,300,378550
case_084,post,4,10504,MATMUL,PIPE_M,60105,60693,588,378550
case_084,post,4,1000028818,COPY_IN,PIPE_MTE2,60105,60111,6,378550
case_084,post,4,1000028825,COPY_IN,PIPE_MTE2,60111,60380,269,378550
case_084,post,4,10495,REDUCE,PIPE_V,60338,60422,84,378550
case_084,post,4,1000028827,COPY_IN,PIPE_MTE2,60380,60609,229,378550
case_084,post,4,10496,SUB,PIPE_V,60422,60506,84,378550
case_084,post,4,1000028807,COPY_OUT,PIPE_MTE3,60506,60904,398,378550
case_084,post,4,1000028831,COPY_IN,PIPE_MTE2,60609,60614,5,378550
case_084,post,4,1000028838,COPY_IN,PIPE_MTE2,60614,60885,271,378550
case_084,post,4,10506,DIV,PIPE_V,60693,60993,300,378550
case_084,post,4,10516,MATMUL,PIPE_M,60693,61281,588,378550
case_084,post,4,1000028840,COPY_IN,PIPE_MTE2,60885,61185,300,378550
case_084,post,4,10507,REDUCE,PIPE_V,60993,61077,84,378550
case_084,post,4,10508,SUB,PIPE_V,61077,61161,84,378550
case_084,post,4,1000028820,COPY_OUT,PIPE_MTE3,61161,61700,539,378550
case_084,post,4,1000028844,COPY_IN,PIPE_MTE2,61185,61192,7,378550
case_084,post,4,1000028851,COPY_IN,PIPE_MTE2,61192,61557,365,378550
case_084,post,4,10518,DIV,PIPE_V,61281,61581,300,378550
case_084,post,4,10528,MATMUL,PIPE_M,61281,61869,588,378550
case_084,post,4,1000028853,COPY_IN,PIPE_MTE2,61557,61913,356,378550
case_084,post,4,10519,REDUCE,PIPE_V,61581,61665,84,378550
case_084,post,4,10520,SUB,PIPE_V,61665,61749,84,378550
case_084,post,4,1000028833,COPY_OUT,PIPE_MTE3,61749,62252,503,378550
case_084,post,4,10530,DIV,PIPE_V,61869,62169,300,378550
case_084,post,4,10540,MATMUL,PIPE_M,61913,62501,588,378550
case_084,post,4,1000028857,COPY_IN,PIPE_MTE2,61913,61920,7,378550
case_084,post,4,1000028864,COPY_IN,PIPE_MTE2,61920,62249,329,378550
case_084,post,4,10531,REDUCE,PIPE_V,62169,62253,84,378550
case_084,post,4,1000028866,COPY_IN,PIPE_MTE2,62249,62533,284,378550
case_084,post,4,10532,SUB,PIPE_V,62253,62337,84,378550
case_084,post,4,1000028846,COPY_OUT,PIPE_MTE3,62337,62746,409,378550
case_084,post,4,10542,DIV,PIPE_V,62501,62801,300,378550
case_084,post,4,10552,MATMUL,PIPE_M,62533,63121,588,378550
case_084,post,4,1000028870,COPY_IN,PIPE_MTE2,62533,62538,5,378550
case_084,post,4,1000028877,COPY_IN,PIPE_MTE2,62538,62788,250,378550
case_084,post,4,1000028879,COPY_IN,PIPE_MTE2,62788,63003,215,378550
case_084,post,4,10543,REDUCE,PIPE_V,62801,62885,84,378550
case_084,post,4,10544,SUB,PIPE_V,62885,62969,84,378550
case_084,post,4,1000028859,COPY_OUT,PIPE_MTE3,62969,63399,430,378550
case_084,post,4,1000028883,COPY_IN,PIPE_MTE2,63003,63008,5,378550
case_084,post,4,1000028890,COPY_IN,PIPE_MTE2,63008,63291,283,378550
case_084,post,4,10554,DIV,PIPE_V,63121,63421,300,378550
case_084,post,4,10564,MATMUL,PIPE_M,63121,63709,588,378550
case_084,post,4,1000028892,COPY_IN,PIPE_MTE2,63291,63630,339,378550
case_084,post,4,10555,REDUCE,PIPE_V,63421,63505,84,378550
case_084,post,4,10556,SUB,PIPE_V,63505,63589,84,378550
case_084,post,4,1000028872,COPY_OUT,PIPE_MTE3,63589,64139,550,378550
case_084,post,4,1000028896,COPY_IN,PIPE_MTE2,63630,63637,7,378550
case_084,post,4,1000028903,COPY_IN,PIPE_MTE2,63637,64012,375,378550
case_084,post,4,10566,DIV,PIPE_V,63709,64009,300,378550
case_084,post,4,10576,MATMUL,PIPE_M,63709,64297,588,378550
case_084,post,4,10567,REDUCE,PIPE_V,64009,64093,84,378550
case_084,post,4,1000028905,COPY_IN,PIPE_MTE2,64012,64356,344,378550
case_084,post,4,10568,SUB,PIPE_V,64093,64177,84,378550
case_084,post,4,1000028885,COPY_OUT,PIPE_MTE3,64177,64666,489,378550
case_084,post,4,10578,DIV,PIPE_V,64297,64597,300,378550
case_084,post,4,10588,MATMUL,PIPE_M,64356,64944,588,378550
case_084,post,4,1000028909,COPY_IN,PIPE_MTE2,64356,64363,7,378550
case_084,post,4,1000028916,COPY_IN,PIPE_MTE2,64363,64685,322,378550
case_084,post,4,10579,REDUCE,PIPE_V,64597,64681,84,378550
case_084,post,4,10580,SUB,PIPE_V,64681,64765,84,378550
case_084,post,4,1000028918,COPY_IN,PIPE_MTE2,64685,64941,256,378550
case_084,post,4,1000028898,COPY_OUT,PIPE_MTE3,64765,65150,385,378550
case_084,post,4,1000028922,COPY_IN,PIPE_MTE2,64941,64946,5,378550
case_084,post,4,10590,DIV,PIPE_V,64944,65244,300,378550
case_084,post,4,10600,MATMUL,PIPE_M,64944,65532,588,378550
case_084,post,4,1000028929,COPY_IN,PIPE_MTE2,64946,65195,249,378550
case_084,post,4,1000028931,COPY_IN,PIPE_MTE2,65195,65413,218,378550
case_084,post,4,10591,REDUCE,PIPE_V,65244,65328,84,378550
case_084,post,4,10592,SUB,PIPE_V,65328,65412,84,378550
case_084,post,4,1000028911,COPY_OUT,PIPE_MTE3,65412,65899,487,378550
case_084,post,4,1000028935,COPY_IN,PIPE_MTE2,65413,65418,5,378550
case_084,post,4,1000028942,COPY_IN,PIPE_MTE2,65418,65716,298,378550
case_084,post,4,10602,DIV,PIPE_V,65532,65832,300,378550
case_084,post,4,10612,MATMUL,PIPE_M,65532,66120,588,378550
case_084,post,4,1000028944,COPY_IN,PIPE_MTE2,65716,66109,393,378550
case_084,post,4,10603,REDUCE,PIPE_V,65832,65916,84,378550
case_084,post,4,10604,SUB,PIPE_V,65916,66000,84,378550
case_084,post,4,1000028924,COPY_OUT,PIPE_MTE3,66000,66535,535,378550
case_084,post,4,1000028948,COPY_IN,PIPE_MTE2,66109,66116,7,378550
case_084,post,4,1000028955,COPY_IN,PIPE_MTE2,66116,66475,359,378550
case_084,post,4,10614,DIV,PIPE_V,66120,66420,300,378550
case_084,post,4,10624,MATMUL,PIPE_M,66120,66708,588,378550
case_084,post,4,10615,REDUCE,PIPE_V,66420,66504,84,378550
case_084,post,4,1000028957,COPY_IN,PIPE_MTE2,66475,66819,344,378550
case_084,post,4,10616,SUB,PIPE_V,66504,66588,84,378550
case_084,post,4,1000028937,COPY_OUT,PIPE_MTE3,66588,67073,485,378550
case_084,post,4,10626,DIV,PIPE_V,66708,67008,300,378550
case_084,post,4,10636,MATMUL,PIPE_M,66819,67407,588,378550
case_084,post,4,1000028961,COPY_IN,PIPE_MTE2,66819,66825,6,378550
case_084,post,4,1000028968,COPY_IN,PIPE_MTE2,66825,67110,285,378550
case_084,post,4,10627,REDUCE,PIPE_V,67008,67092,84,378550
case_084,post,4,10628,SUB,PIPE_V,67092,67176,84,378550
case_084,post,4,1000028970,COPY_IN,PIPE_MTE2,67110,67347,237,378550
case_084,post,4,1000028950,COPY_OUT,PIPE_MTE3,67176,67516,340,378550
case_084,post,4,1000028974,COPY_IN,PIPE_MTE2,67347,67351,4,378550
case_084,post,4,1000028981,COPY_IN,PIPE_MTE2,67351,67558,207,378550
case_084,post,4,10638,DIV,PIPE_V,67407,67707,300,378550
case_084,post,4,10648,MATMUL,PIPE_M,67407,67995,588,378550
case_084,post,4,1000028983,COPY_IN,PIPE_MTE2,67558,67714,156,378550
case_084,post,4,10639,REDUCE,PIPE_V,67707,67791,84,378550
case_084,post,4,1000028987,COPY_IN,PIPE_MTE2,67714,67717,3,378550
case_084,post,4,1000028994,COPY_IN,PIPE_MTE2,67717,67907,190,378550
case_084,post,4,10640,SUB,PIPE_V,67791,67875,84,378550
case_084,post,4,1000028963,COPY_OUT,PIPE_MTE3,67875,68432,557,378550
case_084,post,4,1000028996,COPY_IN,PIPE_MTE2,67907,68284,377,378550
case_084,post,4,10650,DIV,PIPE_V,67995,68295,300,378550
case_084,post,4,10660,MATMUL,PIPE_M,67995,68583,588,378550
case_084,post,4,1000029000,COPY_IN,PIPE_MTE2,68284,68292,8,378550
case_084,post,4,1000029007,COPY_IN,PIPE_MTE2,68292,68627,335,378550
case_084,post,4,10651,REDUCE,PIPE_V,68295,68379,84,378550
case_084,post,4,10652,SUB,PIPE_V,68379,68463,84,378550
case_084,post,4,1000028976,COPY_OUT,PIPE_MTE3,68463,68941,478,378550
case_084,post,4,10662,DIV,PIPE_V,68583,68883,300,378550
case_084,post,4,10672,MATMUL,PIPE_M,68583,69171,588,378550
case_084,post,4,1000029009,COPY_IN,PIPE_MTE2,68627,68953,326,378550
case_084,post,4,10663,REDUCE,PIPE_V,68883,68967,84,378550
case_084,post,4,1000029013,COPY_IN,PIPE_MTE2,68953,68958,5,378550
case_084,post,4,1000029020,COPY_IN,PIPE_MTE2,68958,69213,255,378550
case_084,post,4,10664,SUB,PIPE_V,68967,69051,84,378550
case_084,post,4,1000028989,COPY_OUT,PIPE_MTE3,69051,69386,335,378550
case_084,post,4,10674,DIV,PIPE_V,69171,69471,300,378550
case_084,post,4,10684,MATMUL,PIPE_M,69171,69759,588,378550
case_084,post,4,1000029022,COPY_IN,PIPE_MTE2,69213,69412,199,378550
case_084,post,4,1000029026,COPY_IN,PIPE_MTE2,69412,69415,3,378550
case_084,post,4,1000029033,COPY_IN,PIPE_MTE2,69415,69622,207,378550
case_084,post,4,10675,REDUCE,PIPE_V,69471,69555,84,378550
case_084,post,4,10676,SUB,PIPE_V,69555,69639,84,378550
case_084,post,4,1000029035,COPY_IN,PIPE_MTE2,69622,69833,211,378550
case_084,post,4,1000029002,COPY_OUT,PIPE_MTE3,69639,69949,310,378550
case_084,post,4,10686,DIV,PIPE_V,69759,70059,300,378550
case_084,post,4,10696,MATMUL,PIPE_M,69759,70347,588,378550
case_084,post,4,1000029039,COPY_IN,PIPE_MTE2,69833,69837,4,378550
case_084,post,4,1000029046,COPY_IN,PIPE_MTE2,69837,70021,184,378550
case_084,post,4,1000029048,COPY_IN,PIPE_MTE2,70021,70151,130,378550
case_084,post,4,10687,REDUCE,PIPE_V,70059,70143,84,378550
case_084,post,4,10688,SUB,PIPE_V,70143,70227,84,378550
case_084,post,4,1000029052,COPY_IN,PIPE_MTE2,70151,70153,2,378550
case_084,post,4,1000029059,COPY_IN,PIPE_MTE2,70153,70422,269,378550
case_084,post,4,1000029015,COPY_OUT,PIPE_MTE3,70227,70738,511,378550
case_084,post,4,10698,DIV,PIPE_V,70347,70647,300,378550
case_084,post,4,10708,MATMUL,PIPE_M,70347,70935,588,378550
case_084,post,4,1000029061,COPY_IN,PIPE_MTE2,70422,70774,352,378550
case_084,post,4,10699,REDUCE,PIPE_V,70647,70731,84,378550
case_084,post,4,10700,SUB,PIPE_V,70731,70815,84,378550
case_084,post,4,1000029065,COPY_IN,PIPE_MTE2,70774,70779,5,378550
case_084,post,4,1000029072,COPY_IN,PIPE_MTE2,70779,71116,337,378550
case_084,post,4,1000029028,COPY_OUT,PIPE_MTE3,70815,71312,497,378550
case_084,post,4,10710,DIV,PIPE_V,70935,71235,300,378550
case_084,post,4,10720,MATMUL,PIPE_M,70935,71523,588,378550
case_084,post,4,1000029074,COPY_IN,PIPE_MTE2,71116,71396,280,378550
case_084,post,4,10711,REDUCE,PIPE_V,71235,71319,84,378550
case_084,post,4,10712,SUB,PIPE_V,71319,71403,84,378550
case_084,post,4,1000029078,COPY_IN,PIPE_MTE2,71396,71398,2,378550
case_084,post,4,1000029085,COPY_IN,PIPE_MTE2,71398,71633,235,378550
case_084,post,4,1000029041,COPY_OUT,PIPE_MTE3,71403,71771,368,378550
case_084,post,4,10722,DIV,PIPE_V,71523,71823,300,378550
case_084,post,4,10732,MATMUL,PIPE_M,71523,72111,588,378550
case_084,post,4,1000029087,COPY_IN,PIPE_MTE2,71633,71862,229,378550
case_084,post,4,10723,REDUCE,PIPE_V,71823,71907,84,378550
case_084,post,4,1000029091,COPY_IN,PIPE_MTE2,71862,71865,3,378550
case_084,post,4,1000029098,COPY_IN,PIPE_MTE2,71865,71971,106,378550
case_084,post,4,10724,SUB,PIPE_V,71907,71991,84,378550
case_084,post,4,1000029100,COPY_IN,PIPE_MTE2,71971,72117,146,378550
case_084,post,4,1000029054,COPY_OUT,PIPE_MTE3,71991,72193,202,378550
case_084,post,4,10734,DIV,PIPE_V,72111,72411,300,378550
case_084,post,4,10744,MATMUL,PIPE_M,72111,72699,588,378550
case_084,post,4,1000029104,COPY_IN,PIPE_MTE2,72117,72120,3,378550
case_084,post,4,1000029111,COPY_IN,PIPE_MTE2,72120,72211,91,378550
case_084,post,4,1000029113,COPY_IN,PIPE_MTE2,72211,72263,52,378550
case_084,post,4,1000029117,COPY_IN,PIPE_MTE2,72263,72264,1,378550
case_084,post,4,1000029124,COPY_IN,PIPE_MTE2,72264,72316,52,378550
case_084,post,4,1000029126,COPY_IN,PIPE_MTE2,72316,72368,52,378550
case_084,post,4,1000029130,COPY_IN,PIPE_MTE2,72368,72369,1,378550
case_084,post,4,1000029137,COPY_IN,PIPE_MTE2,72369,72421,52,378550
case_084,post,4,10735,REDUCE,PIPE_V,72411,72495,84,378550
case_084,post,4,1000029139,COPY_IN,PIPE_MTE2,72421,72477,56,378550
case_084,post,4,1000029143,COPY_IN,PIPE_MTE2,72477,72479,2,378550
case_084,post,4,1000029150,COPY_IN,PIPE_MTE2,72479,72745,266,378550
case_084,post,4,10736,SUB,PIPE_V,72495,72579,84,378550
case_084,post,4,1000029067,COPY_OUT,PIPE_MTE3,72579,73111,532,378550
case_084,post,4,10746,DIV,PIPE_V,72699,72999,300,378550
case_084,post,4,10756,MATMUL,PIPE_M,72699,73287,588,378550
case_084,post,4,1000029152,COPY_IN,PIPE_MTE2,72745,73113,368,378550
case_084,post,4,10747,REDUCE,PIPE_V,72999,73083,84,378550
case_084,post,4,10748,SUB,PIPE_V,73083,73167,84,378550
case_084,post,4,1000029156,COPY_IN,PIPE_MTE2,73113,73119,6,378550
case_084,post,4,1000029163,COPY_IN,PIPE_MTE2,73119,73494,375,378550
case_084,post,4,1000029080,COPY_OUT,PIPE_MTE3,73167,73678,511,378550
case_084,post,4,10758,DIV,PIPE_V,73287,73587,300,378550
case_084,post,4,10768,MATMUL,PIPE_M,73287,73875,588,378550
case_084,post,4,1000029165,COPY_IN,PIPE_MTE2,73494,73770,276,378550
case_084,post,4,10759,REDUCE,PIPE_V,73587,73671,84,378550
case_084,post,4,10760,SUB,PIPE_V,73671,73755,84,378550
case_084,post,4,1000029093,COPY_OUT,PIPE_MTE3,73755,74200,445,378550
case_084,post,4,1000029169,COPY_IN,PIPE_MTE2,73770,73776,6,378550
case_084,post,4,1000029176,COPY_IN,PIPE_MTE2,73776,74088,312,378550
case_084,post,4,10770,DIV,PIPE_V,73875,74175,300,378550
case_084,post,4,10780,MATMUL,PIPE_M,73875,74463,588,378550
case_084,post,4,1000029178,COPY_IN,PIPE_MTE2,74088,74293,205,378550
case_084,post,4,10771,REDUCE,PIPE_V,74175,74259,84,378550
case_084,post,4,10772,SUB,PIPE_V,74259,74343,84,378550
case_084,post,4,1000029182,COPY_IN,PIPE_MTE2,74293,74296,3,378550
case_084,post,4,1000029189,COPY_IN,PIPE_MTE2,74296,74517,221,378550
case_084,post,4,1000029106,COPY_OUT,PIPE_MTE3,74343,74700,357,378550
case_084,post,4,10782,DIV,PIPE_V,74463,74763,300,378550
case_084,post,4,10792,MATMUL,PIPE_M,74463,75051,588,378550
case_084,post,4,1000029191,COPY_IN,PIPE_MTE2,74517,74734,217,378550
case_084,post,4,1000029195,COPY_IN,PIPE_MTE2,74734,74737,3,378550
case_084,post,4,1000029202,COPY_IN,PIPE_MTE2,74737,74949,212,378550
case_084,post,4,10783,REDUCE,PIPE_V,74763,74847,84,378550
case_084,post,4,10784,SUB,PIPE_V,74847,74931,84,378550
case_084,post,4,1000029119,COPY_OUT,PIPE_MTE3,74931,75490,559,378550
case_084,post,4,1000029204,COPY_IN,PIPE_MTE2,74949,75325,376,378550
case_084,post,4,10794,DIV,PIPE_V,75051,75351,300,378550
case_084,post,4,10804,MATMUL,PIPE_M,75051,75639,588,378550
case_084,post,4,1000029208,COPY_IN,PIPE_MTE2,75325,75333,8,378550
case_084,post,4,1000029215,COPY_IN,PIPE_MTE2,75333,75703,370,378550
case_084,post,4,10795,REDUCE,PIPE_V,75351,75435,84,378550
case_084,post,4,10796,SUB,PIPE_V,75435,75519,84,378550
case_084,post,4,1000029132,COPY_OUT,PIPE_MTE3,75519,76023,504,378550
case_084,post,4,10806,DIV,PIPE_V,75639,75939,300,378550
case_084,post,4,10816,MATMUL,PIPE_M,75639,76227,588,378550
case_084,post,4,1000029217,COPY_IN,PIPE_MTE2,75703,76031,328,378550
case_084,post,4,10807,REDUCE,PIPE_V,75939,76023,84,378550
case_084,post,4,10808,SUB,PIPE_V,76023,76107,84,378550
case_084,post,4,1000029221,COPY_IN,PIPE_MTE2,76031,76037,6,378550
case_084,post,4,1000029228,COPY_IN,PIPE_MTE2,76037,76347,310,378550
case_084,post,4,1000029145,COPY_OUT,PIPE_MTE3,76107,76513,406,378550
case_084,post,4,10818,DIV,PIPE_V,76227,76527,300,378550
case_084,post,4,10828,MATMUL,PIPE_M,76227,76815,588,378550
case_084,post,4,1000029230,COPY_IN,PIPE_MTE2,76347,76573,226,378550
case_084,post,4,10819,REDUCE,PIPE_V,76527,76611,84,378550
case_084,post,4,1000029234,COPY_IN,PIPE_MTE2,76573,76577,4,378550
case_084,post,4,1000029241,COPY_IN,PIPE_MTE2,76577,76810,233,378550
case_084,post,4,10820,SUB,PIPE_V,76611,76695,84,378550
case_084,post,4,1000029158,COPY_OUT,PIPE_MTE3,76695,77044,349,378550
case_084,post,4,1000029243,COPY_IN,PIPE_MTE2,76810,77034,224,378550
case_084,post,4,10830,DIV,PIPE_V,76815,77115,300,378550
case_084,post,4,10840,MATMUL,PIPE_M,76815,77403,588,378550
case_084,post,4,1000029247,COPY_IN,PIPE_MTE2,77034,77038,4,378550
case_084,post,4,1000029254,COPY_IN,PIPE_MTE2,77038,77231,193,378550
case_084,post,4,10831,REDUCE,PIPE_V,77115,77199,84,378550
case_084,post,4,10832,SUB,PIPE_V,77199,77283,84,378550
case_084,post,4,1000029256,COPY_IN,PIPE_MTE2,77231,77567,336,378550
case_084,post,4,1000029171,COPY_OUT,PIPE_MTE3,77283,77821,538,378550
case_084,post,4,10842,DIV,PIPE_V,77403,77703,300,378550
case_084,post,4,10852,MATMUL,PIPE_M,77403,77991,588,378550
case_084,post,4,1000029260,COPY_IN,PIPE_MTE2,77567,77575,8,378550
case_084,post,4,1000029267,COPY_IN,PIPE_MTE2,77575,77918,343,378550
case_084,post,4,10843,REDUCE,PIPE_V,77703,77787,84,378550
case_084,post,4,10844,SUB,PIPE_V,77787,77871,84,378550
case_084,post,4,1000029184,COPY_OUT,PIPE_MTE3,77871,78382,511,378550
case_084,post,4,1000029269,COPY_IN,PIPE_MTE2,77918,78262,344,378550
case_084,post,4,10854,DIV,PIPE_V,77991,78291,300,378550
case_084,post,4,10864,MATMUL,PIPE_M,77991,78579,588,378550
case_084,post,4,1000029273,COPY_IN,PIPE_MTE2,78262,78269,7,378550
case_084,post,4,1000029280,COPY_IN,PIPE_MTE2,78269,78584,315,378550
case_084,post,4,10855,REDUCE,PIPE_V,78291,78375,84,378550
case_084,post,4,10856,SUB,PIPE_V,78375,78459,84,378550
case_084,post,4,1000029197,COPY_OUT,PIPE_MTE3,78459,78851,392,378550
case_084,post,4,10866,DIV,PIPE_V,78579,78879,300,378550
case_084,post,4,10876,MATMUL,PIPE_M,78579,79167,588,378550
case_084,post,4,1000029282,COPY_IN,PIPE_MTE2,78584,78828,244,378550
case_084,post,4,1000029286,COPY_IN,PIPE_MTE2,78828,78834,6,378550
case_084,post,4,1000029293,COPY_IN,PIPE_MTE2,78834,79100,266,378550
case_084,post,4,10867,REDUCE,PIPE_V,78879,78963,84,378550
case_084,post,4,10868,SUB,PIPE_V,78963,79047,84,378550
case_084,post,4,1000029210,COPY_OUT,PIPE_MTE3,79047,79380,333,378550
case_084,post,4,1000029295,COPY_IN,PIPE_MTE2,79100,79320,220,378550
case_084,post,4,10878,DIV,PIPE_V,79167,79467,300,378550
case_084,post,4,10888,MATMUL,PIPE_M,79167,79755,588,378550
case_084,post,4,1000029299,COPY_IN,PIPE_MTE2,79320,79324,4,378550
case_084,post,4,1000029306,COPY_IN,PIPE_MTE2,79324,79509,185,378550
case_084,post,4,10879,REDUCE,PIPE_V,79467,79551,84,378550
case_084,post,4,1000029308,COPY_IN,PIPE_MTE2,79509,79753,244,378550
case_084,post,4,10880,SUB,PIPE_V,79551,79635,84,378550
case_084,post,4,1000029223,COPY_OUT,PIPE_MTE3,79635,80128,493,378550
case_084,post,4,1000029312,COPY_IN,PIPE_MTE2,79753,79760,7,378550
case_084,post,4,10890,DIV,PIPE_V,79755,80055,300,378550
case_084,post,4,10900,MATMUL,PIPE_M,79755,80343,588,378550
case_084,post,4,1000029319,COPY_IN,PIPE_MTE2,79760,80111,351,378550
case_084,post,4,10891,REDUCE,PIPE_V,80055,80139,84,378550
case_084,post,4,1000029321,COPY_IN,PIPE_MTE2,80111,80437,326,378550
case_084,post,4,10892,SUB,PIPE_V,80139,80223,84,378550
case_084,post,4,1000029236,COPY_OUT,PIPE_MTE3,80223,80759,536,378550
case_084,post,4,10902,DIV,PIPE_V,80343,80643,300,378550
case_084,post,4,10912,MATMUL,PIPE_M,80343,80931,588,378550
case_084,post,4,1000029325,COPY_IN,PIPE_MTE2,80437,80444,7,378550
case_084,post,4,1000029332,COPY_IN,PIPE_MTE2,80444,80789,345,378550
case_084,post,4,10903,REDUCE,PIPE_V,80643,80727,84,378550
case_084,post,4,10904,SUB,PIPE_V,80727,80811,84,378550
case_084,post,4,1000029334,COPY_IN,PIPE_MTE2,80789,81053,264,378550
case_084,post,4,1000029249,COPY_OUT,PIPE_MTE3,80811,81234,423,378550
case_084,post,4,10914,DIV,PIPE_V,80931,81231,300,378550
case_084,post,4,10924,MATMUL,PIPE_M,80931,81519,588,378550
case_084,post,4,1000029338,COPY_IN,PIPE_MTE2,81053,81059,6,378550
case_084,post,4,1000029345,COPY_IN,PIPE_MTE2,81059,81342,283,378550
case_084,post,4,10915,REDUCE,PIPE_V,81231,81315,84,378550
case_084,post,4,10916,SUB,PIPE_V,81315,81399,84,378550
case_084,post,4,1000029347,COPY_IN,PIPE_MTE2,81342,81531,189,378550
case_084,post,4,1000029262,COPY_OUT,PIPE_MTE3,81399,81707,308,378550
case_084,post,4,10926,DIV,PIPE_V,81519,81819,300,378550
case_084,post,4,10936,MATMUL,PIPE_M,81519,82107,588,378550
case_084,post,4,1000029351,COPY_IN,PIPE_MTE2,81531,81535,4,378550
case_084,post,4,1000029358,COPY_IN,PIPE_MTE2,81535,81734,199,378550
case_084,post,4,1000029360,COPY_IN,PIPE_MTE2,81734,81855,121,378550
case_084,post,4,10927,REDUCE,PIPE_V,81819,81903,84,378550
case_084,post,4,1000029364,COPY_IN,PIPE_MTE2,81855,81858,3,378550
case_084,post,4,1000029371,COPY_IN,PIPE_MTE2,81858,82117,259,378550
case_084,post,4,10928,SUB,PIPE_V,81903,81987,84,378550
case_084,post,4,1000029275,COPY_OUT,PIPE_MTE3,81987,82499,512,378550
case_084,post,4,10938,DIV,PIPE_V,82107,82407,300,378550
case_084,post,4,10948,MATMUL,PIPE_M,82107,82695,588,378550
case_084,post,4,1000029373,COPY_IN,PIPE_MTE2,82117,82464,347,378550
case_084,post,4,10939,REDUCE,PIPE_V,82407,82491,84,378550
case_084,post,4,1000029377,COPY_IN,PIPE_MTE2,82464,82470,6,378550
case_084,post,4,1000029384,COPY_IN,PIPE_MTE2,82470,82846,376,378550
case_084,post,4,10940,SUB,PIPE_V,82491,82575,84,378550
case_084,post,4,1000029288,COPY_OUT,PIPE_MTE3,82575,83103,528,378550
case_084,post,4,10950,DIV,PIPE_V,82695,82995,300,378550
case_084,post,4,10960,MATMUL,PIPE_M,82695,83283,588,378550
case_084,post,4,1000029386,COPY_IN,PIPE_MTE2,82846,83138,292,378550
case_084,post,4,10951,REDUCE,PIPE_V,82995,83079,84,378550
case_084,post,4,10952,SUB,PIPE_V,83079,83163,84,378550
case_084,post,4,1000029390,COPY_IN,PIPE_MTE2,83138,83143,5,378550
case_084,post,4,1000029397,COPY_IN,PIPE_MTE2,83143,83451,308,378550
case_084,post,4,1000029301,COPY_OUT,PIPE_MTE3,83163,83614,451,378550
case_084,post,4,10962,DIV,PIPE_V,83283,83583,300,378550
case_084,post,4,10972,MATMUL,PIPE_M,83283,83871,588,378550
case_084,post,4,1000029399,COPY_IN,PIPE_MTE2,83451,83683,232,378550
case_084,post,4,10963,REDUCE,PIPE_V,83583,83667,84,378550
case_084,post,4,10964,SUB,PIPE_V,83667,83751,84,378550
case_084,post,4,1000029403,COPY_IN,PIPE_MTE2,83683,83686,3,378550
case_084,post,4,1000029410,COPY_IN,PIPE_MTE2,83686,83873,187,378550
case_084,post,4,1000029314,COPY_OUT,PIPE_MTE3,83751,84050,299,378550
case_084,post,4,10974,DIV,PIPE_V,83871,84171,300,378550
case_084,post,4,10984,MATMUL,PIPE_M,83871,84459,588,378550
case_084,post,4,1000029412,COPY_IN,PIPE_MTE2,83873,84055,182,378550
case_084,post,4,1000029416,COPY_IN,PIPE_MTE2,84055,84056,1,378550
case_084,post,4,1000029423,COPY_IN,PIPE_MTE2,84056,84108,52,378550
case_084,post,4,1000029425,COPY_IN,PIPE_MTE2,84108,84272,164,378550
case_084,post,4,10975,REDUCE,PIPE_V,84171,84255,84,378550
case_084,post,4,10976,SUB,PIPE_V,84255,84339,84,378550
case_084,post,4,1000029429,COPY_IN,PIPE_MTE2,84272,84277,5,378550
case_084,post,4,1000029436,COPY_IN,PIPE_MTE2,84277,84626,349,378550
case_084,post,4,1000029327,COPY_OUT,PIPE_MTE3,84339,84891,552,378550
case_084,post,4,10986,DIV,PIPE_V,84459,84759,300,378550
case_084,post,4,10996,MATMUL,PIPE_M,84459,85047,588,378550
case_084,post,4,1000029438,COPY_IN,PIPE_MTE2,84626,85009,383,378550
case_084,post,4,10987,REDUCE,PIPE_V,84759,84843,84,378550
case_084,post,4,10988,SUB,PIPE_V,84843,84927,84,378550
case_084,post,4,1000029340,COPY_OUT,PIPE_MTE3,84927,85457,530,378550
case_084,post,4,1000029442,COPY_IN,PIPE_MTE2,85009,85017,8,378550
case_084,post,4,1000029449,COPY_IN,PIPE_MTE2,85017,85380,363,378550
case_084,post,4,10998,DIV,PIPE_V,85047,85347,300,378550
case_084,post,4,11008,MATMUL,PIPE_M,85047,85635,588,378550
case_084,post,4,10999,REDUCE,PIPE_V,85347,85431,84,378550
case_084,post,4,1000029451,COPY_IN,PIPE_MTE2,85380,85674,294,378550
case_084,post,4,11000,SUB,PIPE_V,85431,85515,84,378550
case_084,post,4,1000029353,COPY_OUT,PIPE_MTE3,85515,85942,427,378550
case_084,post,4,11010,DIV,PIPE_V,85635,85935,300,378550
case_084,post,4,11020,MATMUL,PIPE_M,85635,86223,588,378550
case_084,post,4,1000029455,COPY_IN,PIPE_MTE2,85674,85680,6,378550
case_084,post,4,1000029462,COPY_IN,PIPE_MTE2,85680,85950,270,378550
case_084,post,4,11011,REDUCE,PIPE_V,85935,86019,84,378550
case_084,post,4,1000029464,COPY_IN,PIPE_MTE2,85950,86107,157,378550
case_084,post,4,11012,SUB,PIPE_V,86019,86103,84,378550
case_084,post,4,1000029366,COPY_OUT,PIPE_MTE3,86103,86369,266,378550
case_084,post,4,1000029468,COPY_IN,PIPE_MTE2,86107,86111,4,378550
case_084,post,4,1000029475,COPY_IN,PIPE_MTE2,86111,86319,208,378550
case_084,post,4,11022,DIV,PIPE_V,86223,86523,300,378550
case_084,post,4,11032,MATMUL,PIPE_M,86223,86811,588,378550
case_084,post,4,1000029477,COPY_IN,PIPE_MTE2,86319,86398,79,378550
case_084,post,4,1000029481,COPY_IN,PIPE_MTE2,86398,86399,1,378550
case_084,post,4,1000029488,COPY_IN,PIPE_MTE2,86399,86468,69,378550
case_084,post,4,1000029490,COPY_IN,PIPE_MTE2,86468,86764,296,378550
case_084,post,4,11023,REDUCE,PIPE_V,86523,86607,84,378550
case_084,post,4,11024,SUB,PIPE_V,86607,86691,84,378550
case_084,post,4,1000029379,COPY_OUT,PIPE_MTE3,86691,87264,573,378550
case_084,post,4,1000029494,COPY_IN,PIPE_MTE2,86764,86771,7,378550
case_084,post,4,1000029501,COPY_IN,PIPE_MTE2,86771,87148,377,378550
case_084,post,4,11034,DIV,PIPE_V,86811,87111,300,378550
case_084,post,4,11044,MATMUL,PIPE_M,86811,87399,588,378550
case_084,post,4,11035,REDUCE,PIPE_V,87111,87195,84,378550
case_084,post,4,1000029503,COPY_IN,PIPE_MTE2,87148,87559,411,378550
case_084,post,4,11036,SUB,PIPE_V,87195,87279,84,378550
case_084,post,4,1000029392,COPY_OUT,PIPE_MTE3,87279,87813,534,378550
case_084,post,4,11046,DIV,PIPE_V,87399,87699,300,378550
case_084,post,4,11056,MATMUL,PIPE_M,87399,87987,588,378550
case_084,post,4,1000029507,COPY_IN,PIPE_MTE2,87559,87566,7,378550
case_084,post,4,1000029514,COPY_IN,PIPE_MTE2,87566,87870,304,378550
case_084,post,4,11047,REDUCE,PIPE_V,87699,87783,84,378550
case_084,post,4,11048,SUB,PIPE_V,87783,87867,84,378550
case_084,post,4,1000029405,COPY_OUT,PIPE_MTE3,87867,88279,412,378550
case_084,post,4,1000029516,COPY_IN,PIPE_MTE2,87870,88181,311,378550
case_084,post,4,11058,DIV,PIPE_V,87987,88287,300,378550
case_084,post,4,11068,MATMUL,PIPE_M,87987,88575,588,378550
case_084,post,4,1000029520,COPY_IN,PIPE_MTE2,88181,88185,4,378550
case_084,post,4,1000029527,COPY_IN,PIPE_MTE2,88185,88365,180,378550
case_084,post,4,11059,REDUCE,PIPE_V,88287,88371,84,378550
case_084,post,4,1000029529,COPY_IN,PIPE_MTE2,88365,88543,178,378550
case_084,post,4,11060,SUB,PIPE_V,88371,88455,84,378550
case_084,post,4,1000029418,COPY_OUT,PIPE_MTE3,88455,88690,235,378550
case_084,post,4,1000029533,COPY_IN,PIPE_MTE2,88543,88547,4,378550
case_084,post,4,1000029540,COPY_IN,PIPE_MTE2,88547,88688,141,378550
case_084,post,4,11070,DIV,PIPE_V,88575,88875,300,378550
case_084,post,4,11080,MATMUL,PIPE_M,88575,89163,588,378550
case_084,post,4,1000029542,COPY_IN,PIPE_MTE2,88688,88764,76,378550
case_084,post,4,1000029546,COPY_IN,PIPE_MTE2,88764,88767,3,378550
case_084,post,4,1000029553,COPY_IN,PIPE_MTE2,88767,89031,264,378550
case_084,post,4,11071,REDUCE,PIPE_V,88875,88959,84,378550
case_084,post,4,11072,SUB,PIPE_V,88959,89043,84,378550
case_084,post,4,1000029555,COPY_IN,PIPE_MTE2,89031,89414,383,378550
case_084,post,4,1000029431,COPY_OUT,PIPE_MTE3,89043,89601,558,378550
case_084,post,4,11082,DIV,PIPE_V,89163,89463,300,378550
case_084,post,4,11092,MATMUL,PIPE_M,89163,89751,588,378550
case_084,post,4,1000029559,COPY_IN,PIPE_MTE2,89414,89422,8,378550
case_084,post,4,11083,REDUCE,PIPE_V,89463,89547,84,378550
case_084,post,4,11084,SUB,PIPE_V,89547,89631,84,378550
case_084,post,4,1000029444,COPY_OUT,PIPE_MTE3,89631,90065,434,378550
case_084,post,4,11094,DIV,PIPE_V,89751,90051,300,378550
case_084,post,4,11104,MATMUL,PIPE_M,89751,90339,588,378550
case_084,post,4,11095,REDUCE,PIPE_V,90051,90135,84,378550
case_084,post,4,11096,SUB,PIPE_V,90135,90219,84,378550
case_084,post,4,1000029457,COPY_OUT,PIPE_MTE3,90219,90482,263,378550
case_084,post,4,11106,DIV,PIPE_V,90339,90639,300,378550
case_084,post,4,11116,MATMUL,PIPE_M,90339,90927,588,378550
case_084,post,4,11107,REDUCE,PIPE_V,90639,90723,84,378550
case_084,post,4,11108,SUB,PIPE_V,90723,90807,84,378550
case_084,post,4,1000029470,COPY_OUT,PIPE_MTE3,90807,90884,77,378550
case_084,post,4,11118,DIV,PIPE_V,90927,91227,300,378550
case_084,post,4,11128,MATMUL,PIPE_M,90927,91515,588,378550
case_084,post,4,11119,REDUCE,PIPE_V,91227,91311,84,378550
case_084,post,4,11120,SUB,PIPE_V,91311,91395,84,378550
case_084,post,4,1000029483,COPY_OUT,PIPE_MTE3,91395,91795,400,378550
case_084,post,4,11130,DIV,PIPE_V,91515,91815,300,378550
case_084,post,4,11140,MATMUL,PIPE_M,91515,92103,588,378550
case_084,post,4,11131,REDUCE,PIPE_V,91815,91899,84,378550
case_084,post,4,11132,SUB,PIPE_V,91899,91983,84,378550
case_084,post,4,1000029496,COPY_OUT,PIPE_MTE3,91983,92285,302,378550
case_084,post,4,11142,DIV,PIPE_V,92103,92403,300,378550
case_084,post,4,11152,MATMUL,PIPE_M,92103,92691,588,378550
case_084,post,4,11143,REDUCE,PIPE_V,92403,92487,84,378550
case_084,post,4,11144,SUB,PIPE_V,92487,92571,84,378550
case_084,post,4,1000029509,COPY_OUT,PIPE_MTE3,92571,92648,77,378550
case_084,post,4,11154,DIV,PIPE_V,92691,92991,300,378550
case_084,post,4,11164,MATMUL,PIPE_M,92691,93279,588,378550
case_084,post,4,11155,REDUCE,PIPE_V,92991,93075,84,378550
case_084,post,4,11156,SUB,PIPE_V,93075,93159,84,378550
case_084,post,4,1000029522,COPY_OUT,PIPE_MTE3,93159,93236,77,378550
case_084,post,4,11166,DIV,PIPE_V,93279,93579,300,378550
case_084,post,4,11176,MATMUL,PIPE_M,93279,93867,588,378550
case_084,post,4,11167,REDUCE,PIPE_V,93579,93663,84,378550
case_084,post,4,11168,SUB,PIPE_V,93663,93747,84,378550
case_084,post,4,1000029535,COPY_OUT,PIPE_MTE3,93747,94194,447,378550
case_084,post,4,11178,DIV,PIPE_V,93867,94167,300,378550
case_084,post,4,11188,MATMUL,PIPE_M,93867,94455,588,378550
case_084,post,4,11179,REDUCE,PIPE_V,94167,94251,84,378550
case_084,post,4,11180,SUB,PIPE_V,94251,94335,84,378550
case_084,post,4,1000029548,COPY_OUT,PIPE_MTE3,94335,94647,312,378550
case_084,post,4,11190,DIV,PIPE_V,94455,94755,300,378550
case_084,post,4,11191,REDUCE,PIPE_V,94755,94839,84,378550
case_084,post,4,11192,SUB,PIPE_V,94839,94923,84,378550
case_084,post,4,1000029561,COPY_OUT,PIPE_MTE3,94923,95038,115,378550
case_084,post,4,1000022531,COPY_IN,PIPE_MTE2,107505,107769,264,378550
case_084,post,4,1000022534,COPY_IN,PIPE_MTE2,107769,107781,12,378550
case_084,post,4,4292,SUB,PIPE_V,107781,107865,84,378550
case_084,post,4,1000022526,COPY_IN,PIPE_MTE2,107781,108040,259,378550
case_084,post,4,4293,EXP,PIPE_V,107865,108165,300,378550
case_084,post,4,1000022547,COPY_IN,PIPE_MTE2,108040,108416,376,378550
case_084,post,4,4294,REDUCE,PIPE_V,108165,108249,84,378550
case_084,post,4,4295,DIV,PIPE_V,108249,108549,300,378550
case_084,post,4,1000022550,COPY_IN,PIPE_MTE2,108416,108426,10,378550
case_084,post,4,1000022542,COPY_IN,PIPE_MTE2,108426,108629,203,378550
case_084,post,4,4296,MATMUL,PIPE_M,108549,109137,588,378550
case_084,post,4,4304,SUB,PIPE_V,108549,108633,84,378550
case_084,post,4,1000021634,COPY_IN,PIPE_MTE2,108629,108904,275,378550
case_084,post,4,4305,EXP,PIPE_V,108633,108933,300,378550
case_084,post,4,1000021629,COPY_IN,PIPE_MTE2,108904,109091,187,378550
case_084,post,4,4306,REDUCE,PIPE_V,108933,109017,84,378550
case_084,post,4,4307,DIV,PIPE_V,109017,109317,300,378550
case_084,post,4,1000021647,COPY_IN,PIPE_MTE2,109091,109374,283,378550
case_084,post,4,1000022536,COPY_OUT,PIPE_MTE3,109137,109345,208,378550
case_084,post,4,3465,EXP,PIPE_V,109317,109617,300,378550
case_084,post,4,4308,MATMUL,PIPE_M,109317,109905,588,378550
case_084,post,4,1000021642,COPY_IN,PIPE_MTE2,109374,109488,114,378550
case_084,post,4,1000021660,COPY_IN,PIPE_MTE2,109488,109565,77,378550
case_084,post,4,1000021655,COPY_IN,PIPE_MTE2,109565,109688,123,378550
case_084,post,4,3466,REDUCE,PIPE_V,109617,109701,84,378550
case_084,post,4,1000021673,COPY_IN,PIPE_MTE2,109688,110105,417,378550
case_084,post,4,3467,DIV,PIPE_V,109701,110001,300,378550
case_084,post,4,1000022552,COPY_OUT,PIPE_MTE3,109905,110305,400,378550
case_084,post,4,3468,MATMUL,PIPE_M,110001,110589,588,378550
case_084,post,4,3477,EXP,PIPE_V,110001,110301,300,378550
case_084,post,4,1000021668,COPY_IN,PIPE_MTE2,110105,110502,397,378550
case_084,post,4,3478,REDUCE,PIPE_V,110301,110385,84,378550
case_084,post,4,3479,DIV,PIPE_V,110385,110685,300,378550
case_084,post,4,1000021686,COPY_IN,PIPE_MTE2,110502,110995,493,378550
case_084,post,4,1000021636,COPY_OUT,PIPE_MTE3,110589,110925,336,378550
case_084,post,4,3480,MATMUL,PIPE_M,110685,111273,588,378550
case_084,post,4,3489,EXP,PIPE_V,110685,110985,300,378550
case_084,post,4,3490,REDUCE,PIPE_V,110985,111069,84,378550
case_084,post,4,1000021681,COPY_IN,PIPE_MTE2,110995,111256,261,378550
case_084,post,4,3491,DIV,PIPE_V,111069,111369,300,378550
case_084,post,4,1000021699,COPY_IN,PIPE_MTE2,111256,111540,284,378550
case_084,post,4,1000021649,COPY_OUT,PIPE_MTE3,111273,111481,208,378550
case_084,post,4,3492,MATMUL,PIPE_M,111369,111957,588,378550
case_084,post,4,3501,EXP,PIPE_V,111369,111669,300,378550
case_084,post,4,1000021694,COPY_IN,PIPE_MTE2,111540,111702,162,378550
case_084,post,4,3502,REDUCE,PIPE_V,111669,111753,84,378550
case_084,post,4,1000021712,COPY_IN,PIPE_MTE2,111702,111907,205,378550
case_084,post,4,3503,DIV,PIPE_V,111753,112053,300,378550
case_084,post,4,1000021707,COPY_IN,PIPE_MTE2,111907,112116,209,378550
case_084,post,4,1000021662,COPY_OUT,PIPE_MTE3,111957,112216,259,378550
case_084,post,4,3504,MATMUL,PIPE_M,112053,112641,588,378550
case_084,post,4,3513,EXP,PIPE_V,112053,112353,300,378550
case_084,post,4,1000021725,COPY_IN,PIPE_MTE2,112116,112597,481,378550
case_084,post,4,3514,REDUCE,PIPE_V,112353,112437,84,378550
case_084,post,4,3515,DIV,PIPE_V,112437,112737,300,378550
case_084,post,4,1000021720,COPY_IN,PIPE_MTE2,112597,112906,309,378550
case_084,post,4,1000021675,COPY_OUT,PIPE_MTE3,112641,112957,316,378550
case_084,post,4,3516,MATMUL,PIPE_M,112737,113325,588,378550
case_084,post,4,3525,EXP,PIPE_V,112737,113037,300,378550
case_084,post,4,1000021738,COPY_IN,PIPE_MTE2,112906,113370,464,378550
case_084,post,4,3526,REDUCE,PIPE_V,113037,113121,84,378550
case_084,post,4,3527,DIV,PIPE_V,113121,113421,300,378550
case_084,post,4,1000021688,COPY_OUT,PIPE_MTE3,113325,113569,244,378550
case_084,post,4,1000021733,COPY_IN,PIPE_MTE2,113370,113599,229,378550
case_084,post,4,3528,MATMUL,PIPE_M,113421,114009,588,378550
case_084,post,4,3537,EXP,PIPE_V,113421,113721,300,378550
case_084,post,4,1000021751,COPY_IN,PIPE_MTE2,113599,113944,345,378550
case_084,post,4,3538,REDUCE,PIPE_V,113721,113805,84,378550
case_084,post,4,3539,DIV,PIPE_V,113805,114105,300,378550
case_084,post,4,1000021746,COPY_IN,PIPE_MTE2,113944,114131,187,378550
case_084,post,4,1000021701,COPY_OUT,PIPE_MTE3,114009,114217,208,378550
case_084,post,4,3540,MATMUL,PIPE_M,114105,114693,588,378550
case_084,post,4,3549,EXP,PIPE_V,114105,114405,300,378550
case_084,post,4,1000021764,COPY_IN,PIPE_MTE2,114131,114345,214,378550
case_084,post,4,1000021759,COPY_IN,PIPE_MTE2,114345,114411,66,378550
case_084,post,4,3550,REDUCE,PIPE_V,114405,114489,84,378550
case_084,post,4,1000021777,COPY_IN,PIPE_MTE2,114411,114764,353,378550
case_084,post,4,3551,DIV,PIPE_V,114489,114789,300,378550
case_084,post,4,1000021714,COPY_OUT,PIPE_MTE3,114693,115040,347,378550
case_084,post,4,1000021772,COPY_IN,PIPE_MTE2,114764,115091,327,378550
case_084,post,4,3552,MATMUL,PIPE_M,114789,115377,588,378550
case_084,post,4,3561,EXP,PIPE_V,114789,115089,300,378550
case_084,post,4,3562,REDUCE,PIPE_V,115089,115173,84,378550
case_084,post,4,1000021790,COPY_IN,PIPE_MTE2,115091,115605,514,378550
case_084,post,4,3563,DIV,PIPE_V,115173,115473,300,378550
case_084,post,4,1000021727,COPY_OUT,PIPE_MTE3,115377,115685,308,378550
case_084,post,4,3564,MATMUL,PIPE_M,115473,116061,588,378550
case_084,post,4,3573,EXP,PIPE_V,115473,115773,300,378550
case_084,post,4,1000021785,COPY_IN,PIPE_MTE2,115605,115844,239,378550
case_084,post,4,3574,REDUCE,PIPE_V,115773,115857,84,378550
case_084,post,4,1000021803,COPY_IN,PIPE_MTE2,115844,116202,358,378550
case_084,post,4,3575,DIV,PIPE_V,115857,116157,300,378550
case_084,post,4,1000021740,COPY_OUT,PIPE_MTE3,116061,116275,214,378550
case_084,post,4,3576,MATMUL,PIPE_M,116157,116745,588,378550
case_084,post,4,3585,EXP,PIPE_V,116157,116457,300,378550
case_084,post,4,1000021798,COPY_IN,PIPE_MTE2,116202,116376,174,378550
case_084,post,4,1000021816,COPY_IN,PIPE_MTE2,116376,116527,151,378550
case_084,post,4,3586,REDUCE,PIPE_V,116457,116541,84,378550
case_084,post,4,1000021811,COPY_IN,PIPE_MTE2,116527,116579,52,378550
case_084,post,4,3587,DIV,PIPE_V,116541,116841,300,378550
case_084,post,4,1000021829,COPY_IN,PIPE_MTE2,116579,116656,77,378550
case_084,post,4,1000021824,COPY_IN,PIPE_MTE2,116656,116755,99,378550
case_084,post,4,1000021753,COPY_OUT,PIPE_MTE3,116745,117098,353,378550
case_084,post,4,1000021842,COPY_IN,PIPE_MTE2,116755,117257,502,378550
case_084,post,4,3588,MATMUL,PIPE_M,116841,117429,588,378550
case_084,post,4,3597,EXP,PIPE_V,116841,117141,300,378550
case_084,post,4,3598,REDUCE,PIPE_V,117141,117225,84,378550
case_084,post,4,3599,DIV,PIPE_V,117225,117525,300,378550
case_084,post,4,1000021837,COPY_IN,PIPE_MTE2,117257,117641,384,378550
case_084,post,4,1000021766,COPY_OUT,PIPE_MTE3,117429,117841,412,378550
case_084,post,4,3600,MATMUL,PIPE_M,117525,118113,588,378550
case_084,post,4,3609,EXP,PIPE_V,117525,117825,300,378550
case_084,post,4,1000021855,COPY_IN,PIPE_MTE2,117641,118087,446,378550
case_084,post,4,3610,REDUCE,PIPE_V,117825,117909,84,378550
case_084,post,4,3611,DIV,PIPE_V,117909,118209,300,378550
case_084,post,4,1000021850,COPY_IN,PIPE_MTE2,118087,118390,303,378550
case_084,post,4,1000021779,COPY_OUT,PIPE_MTE3,118113,118411,298,378550
case_084,post,4,3612,MATMUL,PIPE_M,118209,118797,588,378550
case_084,post,4,3621,EXP,PIPE_V,118209,118509,300,378550
case_084,post,4,1000021868,COPY_IN,PIPE_MTE2,118390,118627,237,378550
case_084,post,4,3622,REDUCE,PIPE_V,118509,118593,84,378550
case_084,post,4,3623,DIV,PIPE_V,118593,118893,300,378550
case_084,post,4,1000021863,COPY_IN,PIPE_MTE2,118627,118761,134,378550
case_084,post,4,1000021881,COPY_IN,PIPE_MTE2,118761,118879,118,378550
case_084,post,4,1000021792,COPY_OUT,PIPE_MTE3,118797,118901,104,378550
case_084,post,4,1000021876,COPY_IN,PIPE_MTE2,118879,118945,66,378550
case_084,post,4,3624,MATMUL,PIPE_M,118893,119481,588,378550
case_084,post,4,3633,EXP,PIPE_V,118893,119193,300,378550
case_084,post,4,1000021894,COPY_IN,PIPE_MTE2,118945,119245,300,378550
case_084,post,4,3634,REDUCE,PIPE_V,119193,119277,84,378550
case_084,post,4,1000021889,COPY_IN,PIPE_MTE2,119245,119595,350,378550
case_084,post,4,3635,DIV,PIPE_V,119277,119577,300,378550
case_084,post,4,1000021805,COPY_OUT,PIPE_MTE3,119481,119895,414,378550
case_084,post,4,3636,MATMUL,PIPE_M,119577,120165,588,378550
case_084,post,4,3645,EXP,PIPE_V,119577,119877,300,378550
case_084,post,4,1000021907,COPY_IN,PIPE_MTE2,119595,120120,525,378550
case_084,post,4,3646,REDUCE,PIPE_V,119877,119961,84,378550
case_084,post,4,3647,DIV,PIPE_V,119961,120261,300,378550
case_084,post,4,1000021902,COPY_IN,PIPE_MTE2,120120,120422,302,378550
case_084,post,4,1000021818,COPY_OUT,PIPE_MTE3,120165,120489,324,378550
case_084,post,4,3648,MATMUL,PIPE_M,120261,120849,588,378550
case_084,post,4,3657,EXP,PIPE_V,120261,120561,300,378550
case_084,post,4,1000021920,COPY_IN,PIPE_MTE2,120422,120742,320,378550
case_084,post,4,3658,REDUCE,PIPE_V,120561,120645,84,378550
case_084,post,4,3659,DIV,PIPE_V,120645,120945,300,378550
case_084,post,4,1000021915,COPY_IN,PIPE_MTE2,120742,120914,172,378550
case_084,post,4,1000021831,COPY_OUT,PIPE_MTE3,120849,121031,182,378550
case_084,post,4,1000021933,COPY_IN,PIPE_MTE2,120914,121105,191,378550
case_084,post,4,3660,MATMUL,PIPE_M,120945,121533,588,378550
case_084,post,4,3669,EXP,PIPE_V,120945,121245,300,378550
case_084,post,4,1000021928,COPY_IN,PIPE_MTE2,121105,121252,147,378550
case_084,post,4,3670,REDUCE,PIPE_V,121245,121329,84,378550
case_084,post,4,1000021946,COPY_IN,PIPE_MTE2,121252,121561,309,378550
case_084,post,4,3671,DIV,PIPE_V,121329,121629,300,378550
case_084,post,4,1000021844,COPY_OUT,PIPE_MTE3,121533,121932,399,378550
case_084,post,4,1000021941,COPY_IN,PIPE_MTE2,121561,121965,404,378550
case_084,post,4,3672,MATMUL,PIPE_M,121629,122217,588,378550
case_084,post,4,3681,EXP,PIPE_V,121629,121929,300,378550
case_084,post,4,3682,REDUCE,PIPE_V,121929,122013,84,378550
case_084,post,4,1000021959,COPY_IN,PIPE_MTE2,121965,122414,449,378550
case_084,post,4,3683,DIV,PIPE_V,122013,122313,300,378550
case_084,post,4,1000021857,COPY_OUT,PIPE_MTE3,122217,122576,359,378550
case_084,post,4,3684,MATMUL,PIPE_M,122313,122901,588,378550
case_084,post,4,3693,EXP,PIPE_V,122313,122613,300,378550
case_084,post,4,1000021954,COPY_IN,PIPE_MTE2,122414,122728,314,378550
case_084,post,4,3694,REDUCE,PIPE_V,122613,122697,84,378550
case_084,post,4,3695,DIV,PIPE_V,122697,122997,300,378550
case_084,post,4,1000021972,COPY_IN,PIPE_MTE2,122728,123036,308,378550
case_084,post,4,1000021870,COPY_OUT,PIPE_MTE3,122901,123177,276,378550
case_084,post,4,3696,MATMUL,PIPE_M,122997,123585,588,378550
case_084,post,4,3705,EXP,PIPE_V,122997,123297,300,378550
case_084,post,4,1000021967,COPY_IN,PIPE_MTE2,123036,123301,265,378550
case_084,post,4,3706,REDUCE,PIPE_V,123297,123381,84,378550
case_084,post,4,1000021985,COPY_IN,PIPE_MTE2,123301,123532,231,378550
case_084,post,4,3707,DIV,PIPE_V,123381,123681,300,378550
case_084,post,4,1000021980,COPY_IN,PIPE_MTE2,123532,123694,162,378550
case_084,post,4,1000021883,COPY_OUT,PIPE_MTE3,123585,123770,185,378550
case_084,post,4,3708,MATMUL,PIPE_M,123681,124269,588,378550
case_084,post,4,3717,EXP,PIPE_V,123681,123981,300,378550
case_084,post,4,1000021998,COPY_IN,PIPE_MTE2,123694,124022,328,378550
case_084,post,4,3718,REDUCE,PIPE_V,123981,124065,84,378550
case_084,post,4,1000021993,COPY_IN,PIPE_MTE2,124022,124324,302,378550
case_084,post,4,3719,DIV,PIPE_V,124065,124365,300,378550
case_084,post,4,1000021896,COPY_OUT,PIPE_MTE3,124269,124612,343,378550
case_084,post,4,1000022011,COPY_IN,PIPE_MTE2,124324,124818,494,378550
case_084,post,4,3720,MATMUL,PIPE_M,124365,124953,588,378550
case_084,post,4,3729,EXP,PIPE_V,124365,124665,300,378550
case_084,post,4,3730,REDUCE,PIPE_V,124665,124749,84,378550
case_084,post,4,3731,DIV,PIPE_V,124749,125049,300,378550
case_084,post,4,1000022006,COPY_IN,PIPE_MTE2,124818,125051,233,378550
case_084,post,4,1000021909,COPY_OUT,PIPE_MTE3,124953,125222,269,378550
case_084,post,4,3732,MATMUL,PIPE_M,125049,125637,588,378550
case_084,post,4,3741,EXP,PIPE_V,125049,125349,300,378550
case_084,post,4,1000022024,COPY_IN,PIPE_MTE2,125051,125460,409,378550
case_084,post,4,3742,REDUCE,PIPE_V,125349,125433,84,378550
case_084,post,4,3743,DIV,PIPE_V,125433,125733,300,378550
case_084,post,4,1000022019,COPY_IN,PIPE_MTE2,125460,125616,156,378550
case_084,post,4,1000022037,COPY_IN,PIPE_MTE2,125616,125852,236,378550
case_084,post,4,1000021922,COPY_OUT,PIPE_MTE3,125637,125835,198,378550
case_084,post,4,3744,MATMUL,PIPE_M,125733,126321,588,378550
case_084,post,4,3753,EXP,PIPE_V,125733,126033,300,378550
case_084,post,4,1000022032,COPY_IN,PIPE_MTE2,125852,125904,52,378550
case_084,post,4,1000022050,COPY_IN,PIPE_MTE2,125904,125981,77,378550
case_084,post,4,1000022045,COPY_IN,PIPE_MTE2,125981,126158,177,378550
case_084,post,4,3754,REDUCE,PIPE_V,126033,126117,84,378550
case_084,post,4,3755,DIV,PIPE_V,126117,126417,300,378550
case_084,post,4,1000022063,COPY_IN,PIPE_MTE2,126158,126679,521,378550
case_084,post,4,1000021935,COPY_OUT,PIPE_MTE3,126321,126701,380,378550
case_084,post,4,3756,MATMUL,PIPE_M,126417,127005,588,378550
case_084,post,4,3765,EXP,PIPE_V,126417,126717,300,378550
case_084,post,4,1000022058,COPY_IN,PIPE_MTE2,126679,127052,373,378550
case_084,post,4,3766,REDUCE,PIPE_V,126717,126801,84,378550
case_084,post,4,3767,DIV,PIPE_V,126801,127101,300,378550
case_084,post,4,1000021948,COPY_OUT,PIPE_MTE3,127005,127341,336,378550
case_084,post,4,1000022076,COPY_IN,PIPE_MTE2,127052,127495,443,378550
case_084,post,4,3768,MATMUL,PIPE_M,127101,127689,588,378550
case_084,post,4,3777,EXP,PIPE_V,127101,127401,300,378550
case_084,post,4,3778,REDUCE,PIPE_V,127401,127485,84,378550
case_084,post,4,3779,DIV,PIPE_V,127485,127785,300,378550
case_084,post,4,1000022071,COPY_IN,PIPE_MTE2,127495,127717,222,378550
case_084,post,4,1000021961,COPY_OUT,PIPE_MTE3,127689,127897,208,378550
case_084,post,4,1000022089,COPY_IN,PIPE_MTE2,127717,127992,275,378550
case_084,post,4,3780,MATMUL,PIPE_M,127785,128373,588,378550
case_084,post,4,3789,EXP,PIPE_V,127785,128085,300,378550
case_084,post,4,1000022084,COPY_IN,PIPE_MTE2,127992,128086,94,378550
case_084,post,4,3790,REDUCE,PIPE_V,128085,128169,84,378550
case_084,post,4,1000022102,COPY_IN,PIPE_MTE2,128086,128163,77,378550
case_084,post,4,1000022097,COPY_IN,PIPE_MTE2,128163,128215,52,378550
case_084,post,4,3791,DIV,PIPE_V,128169,128469,300,378550
case_084,post,4,1000021974,COPY_OUT,PIPE_MTE3,128373,128659,286,378550
case_084,post,4,3792,MATMUL,PIPE_M,128469,129057,588,378550
case_084,post,4,3801,EXP,PIPE_V,128469,128769,300,378550
case_084,post,4,3802,REDUCE,PIPE_V,128769,128853,84,378550
case_084,post,4,1000022115,COPY_IN,PIPE_MTE2,128769,129257,488,378550
case_084,post,4,3803,DIV,PIPE_V,128853,129153,300,378550
case_084,post,4,1000021987,COPY_OUT,PIPE_MTE3,129057,129352,295,378550
case_084,post,4,3804,MATMUL,PIPE_M,129153,129741,588,378550
case_084,post,4,3813,EXP,PIPE_V,129153,129453,300,378550
case_084,post,4,1000022110,COPY_IN,PIPE_MTE2,129257,129523,266,378550
case_084,post,4,3814,REDUCE,PIPE_V,129453,129537,84,378550
case_084,post,4,1000022128,COPY_IN,PIPE_MTE2,129523,129895,372,378550
case_084,post,4,3815,DIV,PIPE_V,129537,129837,300,378550
case_084,post,4,1000022000,COPY_OUT,PIPE_MTE3,129741,129970,229,378550
case_084,post,4,3816,MATMUL,PIPE_M,129837,130425,588,378550
case_084,post,4,3825,EXP,PIPE_V,129837,130137,300,378550
case_084,post,4,1000022123,COPY_IN,PIPE_MTE2,129895,130077,182,378550
case_084,post,4,3826,REDUCE,PIPE_V,130137,130221,84,378550
case_084,post,4,1000022141,COPY_IN,PIPE_MTE2,130137,130409,272,378550
case_084,post,4,3827,DIV,PIPE_V,130221,130521,300,378550
case_084,post,4,1000022136,COPY_IN,PIPE_MTE2,130409,130612,203,378550
case_084,post,4,1000022013,COPY_OUT,PIPE_MTE3,130425,130628,203,378550
case_084,post,4,3828,MATMUL,PIPE_M,130521,131109,588,378550
case_084,post,4,3837,EXP,PIPE_V,130521,130821,300,378550
case_084,post,4,3838,REDUCE,PIPE_V,130821,130905,84,378550
case_084,post,4,1000022154,COPY_IN,PIPE_MTE2,130821,131168,347,378550
case_084,post,4,3839,DIV,PIPE_V,130905,131205,300,378550
case_084,post,4,1000022026,COPY_OUT,PIPE_MTE3,131109,131390,281,378550
case_084,post,4,1000022149,COPY_IN,PIPE_MTE2,131168,131425,257,378550
case_084,post,4,3840,MATMUL,PIPE_M,131205,131793,588,378550
case_084,post,4,3849,EXP,PIPE_V,131205,131505,300,378550
case_084,post,4,3850,REDUCE,PIPE_V,131505,131589,84,378550
case_084,post,4,1000022167,COPY_IN,PIPE_MTE2,131505,131922,417,378550
case_084,post,4,3851,DIV,PIPE_V,131589,131889,300,378550
case_084,post,4,1000022039,COPY_OUT,PIPE_MTE3,131793,132022,229,378550
case_084,post,4,3852,MATMUL,PIPE_M,131889,132477,588,378550
case_084,post,4,3861,EXP,PIPE_V,131889,132189,300,378550
case_084,post,4,1000022162,COPY_IN,PIPE_MTE2,131922,132135,213,378550
case_084,post,4,3862,REDUCE,PIPE_V,132189,132273,84,378550
case_084,post,4,1000022180,COPY_IN,PIPE_MTE2,132189,132486,297,378550
case_084,post,4,3863,DIV,PIPE_V,132273,132573,300,378550
case_084,post,4,1000022052,COPY_OUT,PIPE_MTE3,132477,132685,208,378550
case_084,post,4,1000022175,COPY_IN,PIPE_MTE2,132486,132692,206,378550
case_084,post,4,3864,MATMUL,PIPE_M,132573,133161,588,378550
case_084,post,4,3873,EXP,PIPE_V,132573,132873,300,378550
case_084,post,4,3874,REDUCE,PIPE_V,132873,132957,84,378550
case_084,post,4,1000022193,COPY_IN,PIPE_MTE2,132873,133038,165,378550
case_084,post,4,3875,DIV,PIPE_V,132957,133257,300,378550
case_084,post,4,1000022188,COPY_IN,PIPE_MTE2,133038,133357,319,378550
case_084,post,4,1000022065,COPY_OUT,PIPE_MTE3,133161,133506,345,378550
case_084,post,4,3876,MATMUL,PIPE_M,133257,133845,588,378550
case_084,post,4,3885,EXP,PIPE_V,133257,133557,300,378550
case_084,post,4,3886,REDUCE,PIPE_V,133557,133641,84,378550
case_084,post,4,1000022206,COPY_IN,PIPE_MTE2,133557,134090,533,378550
case_084,post,4,3887,DIV,PIPE_V,133641,133941,300,378550
case_084,post,4,1000022078,COPY_OUT,PIPE_MTE3,133845,134183,338,378550
case_084,post,4,3888,MATMUL,PIPE_M,133941,134529,588,378550
case_084,post,4,3897,EXP,PIPE_V,133941,134241,300,378550
case_084,post,4,1000022201,COPY_IN,PIPE_MTE2,134090,134378,288,378550
case_084,post,4,3898,REDUCE,PIPE_V,134241,134325,84,378550
case_084,post,4,3899,DIV,PIPE_V,134325,134625,300,378550
case_084,post,4,1000022219,COPY_IN,PIPE_MTE2,134378,134723,345,378550
case_084,post,4,1000022091,COPY_OUT,PIPE_MTE3,134529,134744,215,378550
case_084,post,4,3900,MATMUL,PIPE_M,134625,135213,588,378550
case_084,post,4,3909,EXP,PIPE_V,134625,134925,300,378550
case_084,post,4,1000022214,COPY_IN,PIPE_MTE2,134723,134884,161,378550
case_084,post,4,3910,REDUCE,PIPE_V,134925,135009,84,378550
case_084,post,4,1000022232,COPY_IN,PIPE_MTE2,134925,135003,78,378550
case_084,post,4,1000022227,COPY_IN,PIPE_MTE2,135003,135080,77,378550
case_084,post,4,3911,DIV,PIPE_V,135009,135309,300,378550
case_084,post,4,1000022104,COPY_OUT,PIPE_MTE3,135213,135387,174,378550
case_084,post,4,3912,MATMUL,PIPE_M,135309,135897,588,378550
case_084,post,4,3921,EXP,PIPE_V,135309,135609,300,378550
case_084,post,4,3922,REDUCE,PIPE_V,135609,135693,84,378550
case_084,post,4,1000022245,COPY_IN,PIPE_MTE2,135609,136039,430,378550
case_084,post,4,3923,DIV,PIPE_V,135693,135993,300,378550
case_084,post,4,1000022117,COPY_OUT,PIPE_MTE3,135897,136199,302,378550
case_084,post,4,3924,MATMUL,PIPE_M,135993,136581,588,378550
case_084,post,4,3933,EXP,PIPE_V,135993,136293,300,378550
case_084,post,4,1000022240,COPY_IN,PIPE_MTE2,136039,136321,282,378550
case_084,post,4,3934,REDUCE,PIPE_V,136293,136377,84,378550
case_084,post,4,1000022258,COPY_IN,PIPE_MTE2,136321,136720,399,378550
case_084,post,4,3935,DIV,PIPE_V,136377,136677,300,378550
case_084,post,4,1000022130,COPY_OUT,PIPE_MTE3,136581,136817,236,378550
case_084,post,4,3936,MATMUL,PIPE_M,136677,137265,588,378550
case_084,post,4,3945,EXP,PIPE_V,136677,136977,300,378550
case_084,post,4,1000022253,COPY_IN,PIPE_MTE2,136720,136949,229,378550
case_084,post,4,3946,REDUCE,PIPE_V,136977,137061,84,378550
case_084,post,4,1000022271,COPY_IN,PIPE_MTE2,136977,137275,298,378550
case_084,post,4,3947,DIV,PIPE_V,137061,137361,300,378550
case_084,post,4,1000022143,COPY_OUT,PIPE_MTE3,137265,137473,208,378550
case_084,post,4,1000022266,COPY_IN,PIPE_MTE2,137275,137481,206,378550
case_084,post,4,3948,MATMUL,PIPE_M,137361,137949,588,378550
case_084,post,4,3957,EXP,PIPE_V,137361,137661,300,378550
case_084,post,4,3958,REDUCE,PIPE_V,137661,137745,84,378550
case_084,post,4,1000022284,COPY_IN,PIPE_MTE2,137661,138012,351,378550
case_084,post,4,3959,DIV,PIPE_V,137745,138045,300,378550
case_084,post,4,1000022156,COPY_OUT,PIPE_MTE3,137949,138301,352,378550
case_084,post,4,1000022279,COPY_IN,PIPE_MTE2,138012,138361,349,378550
case_084,post,4,3960,MATMUL,PIPE_M,138045,138633,588,378550
case_084,post,4,3969,EXP,PIPE_V,138045,138345,300,378550
case_084,post,4,3970,REDUCE,PIPE_V,138345,138429,84,378550
case_084,post,4,1000022297,COPY_IN,PIPE_MTE2,138361,138883,522,378550
case_084,post,4,3971,DIV,PIPE_V,138429,138729,300,378550
case_084,post,4,1000022169,COPY_OUT,PIPE_MTE3,138633,138955,322,378550
case_084,post,4,3972,MATMUL,PIPE_M,138729,139317,588,378550
case_084,post,4,3981,EXP,PIPE_V,138729,139029,300,378550
case_084,post,4,1000022292,COPY_IN,PIPE_MTE2,138883,139145,262,378550
case_084,post,4,3982,REDUCE,PIPE_V,139029,139113,84,378550
case_084,post,4,3983,DIV,PIPE_V,139113,139413,300,378550
case_084,post,4,1000022310,COPY_IN,PIPE_MTE2,139145,139487,342,378550
case_084,post,4,1000022182,COPY_OUT,PIPE_MTE3,139317,139525,208,378550
case_084,post,4,3984,MATMUL,PIPE_M,139413,140001,588,378550
case_084,post,4,3993,EXP,PIPE_V,139413,139713,300,378550
case_084,post,4,1000022305,COPY_IN,PIPE_MTE2,139487,139653,166,378550
case_084,post,4,3994,REDUCE,PIPE_V,139713,139797,84,378550
case_084,post,4,1000022323,COPY_IN,PIPE_MTE2,139713,139791,78,378550
case_084,post,4,1000022318,COPY_IN,PIPE_MTE2,139791,139843,52,378550
case_084,post,4,3995,DIV,PIPE_V,139797,140097,300,378550
case_084,post,4,1000022195,COPY_OUT,PIPE_MTE3,140001,140285,284,378550
case_084,post,4,3996,MATMUL,PIPE_M,140097,140685,588,378550
case_084,post,4,4005,EXP,PIPE_V,140097,140397,300,378550
case_084,post,4,4006,REDUCE,PIPE_V,140397,140481,84,378550
case_084,post,4,1000022336,COPY_IN,PIPE_MTE2,140397,140936,539,378550
case_084,post,4,4007,DIV,PIPE_V,140481,140781,300,378550
case_084,post,4,1000022208,COPY_OUT,PIPE_MTE3,140685,141051,366,378550
case_084,post,4,4008,MATMUL,PIPE_M,140781,141369,588,378550
case_084,post,4,4017,EXP,PIPE_V,140781,141081,300,378550
case_084,post,4,1000022331,COPY_IN,PIPE_MTE2,140936,141184,248,378550
case_084,post,4,4018,REDUCE,PIPE_V,141081,141165,84,378550
case_084,post,4,4019,DIV,PIPE_V,141165,141465,300,378550
case_084,post,4,1000022349,COPY_IN,PIPE_MTE2,141184,141595,411,378550
case_084,post,4,1000022221,COPY_OUT,PIPE_MTE3,141369,141643,274,378550
case_084,post,4,4020,MATMUL,PIPE_M,141465,142053,588,378550
case_084,post,4,4029,EXP,PIPE_V,141465,141765,300,378550
case_084,post,4,1000022344,COPY_IN,PIPE_MTE2,141595,141763,168,378550
case_084,post,4,4030,REDUCE,PIPE_V,141765,141849,84,378550
case_084,post,4,1000022362,COPY_IN,PIPE_MTE2,141765,141946,181,378550
case_084,post,4,4031,DIV,PIPE_V,141849,142149,300,378550
case_084,post,4,1000022357,COPY_IN,PIPE_MTE2,141946,141998,52,378550
case_084,post,4,1000022234,COPY_OUT,PIPE_MTE3,142053,142209,156,378550
case_084,post,4,4032,MATMUL,PIPE_M,142149,142737,588,378550
case_084,post,4,4041,EXP,PIPE_V,142149,142449,300,378550
case_084,post,4,4042,REDUCE,PIPE_V,142449,142533,84,378550
case_084,post,4,1000022375,COPY_IN,PIPE_MTE2,142449,142841,392,378550
case_084,post,4,4043,DIV,PIPE_V,142533,142833,300,378550
case_084,post,4,1000022247,COPY_OUT,PIPE_MTE3,142737,143059,322,378550
case_084,post,4,4044,MATMUL,PIPE_M,142833,143421,588,378550
case_084,post,4,4053,EXP,PIPE_V,142833,143133,300,378550
case_084,post,4,1000022370,COPY_IN,PIPE_MTE2,142841,143135,294,378550
case_084,post,4,4054,REDUCE,PIPE_V,143133,143217,84,378550
case_084,post,4,1000022388,COPY_IN,PIPE_MTE2,143135,143535,400,378550
case_084,post,4,4055,DIV,PIPE_V,143217,143517,300,378550
case_084,post,4,1000022260,COPY_OUT,PIPE_MTE3,143421,143712,291,378550
case_084,post,4,4056,MATMUL,PIPE_M,143517,144105,588,378550
case_084,post,4,4065,EXP,PIPE_V,143517,143817,300,378550
case_084,post,4,1000022383,COPY_IN,PIPE_MTE2,143535,143770,235,378550
case_084,post,4,4066,REDUCE,PIPE_V,143817,143901,84,378550
case_084,post,4,1000022401,COPY_IN,PIPE_MTE2,143817,144167,350,378550
case_084,post,4,4067,DIV,PIPE_V,143901,144201,300,378550
case_084,post,4,1000022273,COPY_OUT,PIPE_MTE3,144105,144313,208,378550
case_084,post,4,1000022396,COPY_IN,PIPE_MTE2,144167,144360,193,378550
case_084,post,4,4068,MATMUL,PIPE_M,144201,144789,588,378550
case_084,post,4,4077,EXP,PIPE_V,144201,144501,300,378550
case_084,post,4,4078,REDUCE,PIPE_V,144501,144585,84,378550
case_084,post,4,1000022414,COPY_IN,PIPE_MTE2,144501,144578,77,378550
case_084,post,4,1000022409,COPY_IN,PIPE_MTE2,144578,144630,52,378550
case_084,post,4,4079,DIV,PIPE_V,144585,144885,300,378550
case_084,post,4,1000022286,COPY_OUT,PIPE_MTE3,144789,145068,279,378550
case_084,post,4,4080,MATMUL,PIPE_M,144885,145473,588,378550
case_084,post,4,4089,EXP,PIPE_V,144885,145185,300,378550
case_084,post,4,4090,REDUCE,PIPE_V,145185,145269,84,378550
case_084,post,4,1000022427,COPY_IN,PIPE_MTE2,145185,145648,463,378550
case_084,post,4,4091,DIV,PIPE_V,145269,145569,300,378550
case_084,post,4,1000022299,COPY_OUT,PIPE_MTE3,145473,145800,327,378550
case_084,post,4,4092,MATMUL,PIPE_M,145569,146157,588,378550
case_084,post,4,4101,EXP,PIPE_V,145569,145869,300,378550
case_084,post,4,1000022422,COPY_IN,PIPE_MTE2,145648,145875,227,378550
case_084,post,4,4102,REDUCE,PIPE_V,145869,145953,84,378550
case_084,post,4,1000022440,COPY_IN,PIPE_MTE2,145875,146258,383,378550
case_084,post,4,4103,DIV,PIPE_V,145953,146253,300,378550
case_084,post,4,1000022312,COPY_OUT,PIPE_MTE3,146157,146403,246,378550
case_084,post,4,4104,MATMUL,PIPE_M,146253,146841,588,378550
case_084,post,4,4113,EXP,PIPE_V,146253,146553,300,378550
case_084,post,4,1000022435,COPY_IN,PIPE_MTE2,146258,146453,195,378550
case_084,post,4,4114,REDUCE,PIPE_V,146553,146637,84,378550
case_084,post,4,1000022453,COPY_IN,PIPE_MTE2,146553,146655,102,378550
case_084,post,4,4115,DIV,PIPE_V,146637,146937,300,378550
case_084,post,4,1000022448,COPY_IN,PIPE_MTE2,146655,146707,52,378550
case_084,post,4,1000022325,COPY_OUT,PIPE_MTE3,146841,147007,166,378550
case_084,post,4,4116,MATMUL,PIPE_M,146937,147525,588,378550
case_084,post,4,4125,EXP,PIPE_V,146937,147237,300,378550
case_084,post,4,4126,REDUCE,PIPE_V,147237,147321,84,378550
case_084,post,4,1000022466,COPY_IN,PIPE_MTE2,147237,147750,513,378550
case_084,post,4,4127,DIV,PIPE_V,147321,147621,300,378550
case_084,post,4,1000022338,COPY_OUT,PIPE_MTE3,147525,147851,326,378550
case_084,post,4,4128,MATMUL,PIPE_M,147621,148209,588,378550
case_084,post,4,4137,EXP,PIPE_V,147621,147921,300,378550
case_084,post,4,1000022461,COPY_IN,PIPE_MTE2,147750,148010,260,378550
case_084,post,4,4138,REDUCE,PIPE_V,147921,148005,84,378550
case_084,post,4,4139,DIV,PIPE_V,148005,148305,300,378550
case_084,post,4,1000022479,COPY_IN,PIPE_MTE2,148010,148439,429,378550
case_084,post,4,1000022351,COPY_OUT,PIPE_MTE3,148209,148484,275,378550
case_084,post,4,4140,MATMUL,PIPE_M,148305,148893,588,378550
case_084,post,4,4149,EXP,PIPE_V,148305,148605,300,378550
case_084,post,4,1000022474,COPY_IN,PIPE_MTE2,148439,148606,167,378550
case_084,post,4,4150,REDUCE,PIPE_V,148605,148689,84,378550
case_084,post,4,1000022492,COPY_IN,PIPE_MTE2,148606,148938,332,378550
case_084,post,4,4151,DIV,PIPE_V,148689,148989,300,378550
case_084,post,4,1000022364,COPY_OUT,PIPE_MTE3,148893,149101,208,378550
case_084,post,4,1000022487,COPY_IN,PIPE_MTE2,148938,149135,197,378550
case_084,post,4,4152,MATMUL,PIPE_M,148989,149577,588,378550
case_084,post,4,4161,EXP,PIPE_V,148989,149289,300,378550
case_084,post,4,4162,REDUCE,PIPE_V,149289,149373,84,378550
case_084,post,4,1000022505,COPY_IN,PIPE_MTE2,149289,149474,185,378550
case_084,post,4,4163,DIV,PIPE_V,149373,149673,300,378550
case_084,post,4,1000022500,COPY_IN,PIPE_MTE2,149474,149766,292,378550
case_084,post,4,1000022377,COPY_OUT,PIPE_MTE3,149577,149906,329,378550
case_084,post,4,4164,MATMUL,PIPE_M,149673,150261,588,378550
case_084,post,4,4173,EXP,PIPE_V,149673,149973,300,378550
case_084,post,4,4174,REDUCE,PIPE_V,149973,150057,84,378550
case_084,post,4,1000022518,COPY_IN,PIPE_MTE2,149973,150355,382,378550
case_084,post,4,4175,DIV,PIPE_V,150057,150357,300,378550
case_084,post,4,1000022390,COPY_OUT,PIPE_MTE3,150261,150542,281,378550
case_084,post,4,1000022513,COPY_IN,PIPE_MTE2,150355,150589,234,378550
case_084,post,4,4176,MATMUL,PIPE_M,150357,150945,588,378550
case_084,post,4,4185,EXP,PIPE_V,150357,150657,300,378550
case_084,post,4,4186,REDUCE,PIPE_V,150657,150741,84,378550
case_084,post,4,1000020698,COPY_IN,PIPE_MTE2,150657,151016,359,378550
case_084,post,4,4187,DIV,PIPE_V,150741,151041,300,378550
case_084,post,4,1000022403,COPY_OUT,PIPE_MTE3,150945,151205,260,378550
case_084,post,4,1000020693,COPY_IN,PIPE_MTE2,151016,151262,246,378550
case_084,post,4,4188,MATMUL,PIPE_M,151041,151629,588,378550
case_084,post,4,4197,EXP,PIPE_V,151041,151341,300,378550
case_084,post,4,4198,REDUCE,PIPE_V,151341,151425,84,378550
case_084,post,4,1000020711,COPY_IN,PIPE_MTE2,151341,151524,183,378550
case_084,post,4,4199,DIV,PIPE_V,151425,151725,300,378550
case_084,post,4,1000020706,COPY_IN,PIPE_MTE2,151524,151688,164,378550
case_084,post,4,1000022416,COPY_OUT,PIPE_MTE3,151629,151906,277,378550
case_084,post,4,4200,MATMUL,PIPE_M,151725,152313,588,378550
case_084,post,4,4209,EXP,PIPE_V,151725,152025,300,378550
case_084,post,4,4210,REDUCE,PIPE_V,152025,152109,84,378550
case_084,post,4,1000020724,COPY_IN,PIPE_MTE2,152025,152464,439,378550
case_084,post,4,4211,DIV,PIPE_V,152109,152409,300,378550
case_084,post,4,1000022429,COPY_OUT,PIPE_MTE3,152313,152578,265,378550
case_084,post,4,4212,MATMUL,PIPE_M,152409,152997,588,378550
case_084,post,4,4221,EXP,PIPE_V,152409,152709,300,378550
case_084,post,4,1000020719,COPY_IN,PIPE_MTE2,152464,152649,185,378550
case_084,post,4,4222,REDUCE,PIPE_V,152709,152793,84,378550
case_084,post,4,1000020737,COPY_IN,PIPE_MTE2,152709,153039,330,378550
case_084,post,4,4223,DIV,PIPE_V,152793,153093,300,378550
case_084,post,4,1000022442,COPY_OUT,PIPE_MTE3,152997,153207,210,378550
case_084,post,4,1000020732,COPY_IN,PIPE_MTE2,153039,153249,210,378550
case_084,post,4,4224,MATMUL,PIPE_M,153093,153681,588,378550
case_084,post,4,4233,EXP,PIPE_V,153093,153393,300,378550
case_084,post,4,4234,REDUCE,PIPE_V,153393,153477,84,378550
case_084,post,4,1000020750,COPY_IN,PIPE_MTE2,153393,153638,245,378550
case_084,post,4,4235,DIV,PIPE_V,153477,153777,300,378550
case_084,post,4,1000020745,COPY_IN,PIPE_MTE2,153638,153855,217,378550
case_084,post,4,1000022455,COPY_OUT,PIPE_MTE3,153681,153887,206,378550
case_084,post,4,4236,MATMUL,PIPE_M,153777,154365,588,378550
case_084,post,4,4245,EXP,PIPE_V,153777,154077,300,378550
case_084,post,4,4246,REDUCE,PIPE_V,154077,154161,84,378550
case_084,post,4,1000020763,COPY_IN,PIPE_MTE2,154077,154515,438,378550
case_084,post,4,4247,DIV,PIPE_V,154161,154461,300,378550
case_084,post,4,1000022468,COPY_OUT,PIPE_MTE3,154365,154640,275,378550
case_084,post,4,4248,MATMUL,PIPE_M,154461,155049,588,378550
case_084,post,4,4257,EXP,PIPE_V,154461,154761,300,378550
case_084,post,4,1000020758,COPY_IN,PIPE_MTE2,154515,154795,280,378550
case_084,post,4,4258,REDUCE,PIPE_V,154761,154845,84,378550
case_084,post,4,1000020776,COPY_IN,PIPE_MTE2,154795,155156,361,378550
case_084,post,4,4259,DIV,PIPE_V,154845,155145,300,378550
case_084,post,4,1000022481,COPY_OUT,PIPE_MTE3,155049,155266,217,378550
case_084,post,4,4260,MATMUL,PIPE_M,155145,155733,588,378550
case_084,post,4,4269,EXP,PIPE_V,155145,155445,300,378550
case_084,post,4,1000020771,COPY_IN,PIPE_MTE2,155156,155398,242,378550
case_084,post,4,4270,REDUCE,PIPE_V,155445,155529,84,378550
case_084,post,4,1000020789,COPY_IN,PIPE_MTE2,155445,155782,337,378550
case_084,post,4,4271,DIV,PIPE_V,155529,155829,300,378550
case_084,post,4,1000022494,COPY_OUT,PIPE_MTE3,155733,155993,260,378550
case_084,post,4,1000020784,COPY_IN,PIPE_MTE2,155782,156032,250,378550
case_084,post,4,4272,MATMUL,PIPE_M,155829,156417,588,378550
case_084,post,4,4281,EXP,PIPE_V,155829,156129,300,378550
case_084,post,4,4282,REDUCE,PIPE_V,156129,156213,84,378550
case_084,post,4,1000020802,COPY_IN,PIPE_MTE2,156129,156535,406,378550
case_084,post,4,4283,DIV,PIPE_V,156213,156513,300,378550
case_084,post,4,1000022507,COPY_OUT,PIPE_MTE3,156417,156768,351,378550
case_084,post,4,2601,EXP,PIPE_V,156513,156813,300,378550
case_084,post,4,4284,MATMUL,PIPE_M,156513,157101,588,378550
case_084,post,4,1000020797,COPY_IN,PIPE_MTE2,156535,156866,331,378550
case_084,post,4,2602,REDUCE,PIPE_V,156813,156897,84,378550
case_084,post,4,1000020815,COPY_IN,PIPE_MTE2,156866,157243,377,378550
case_084,post,4,2603,DIV,PIPE_V,156897,157197,300,378550
case_084,post,4,1000022520,COPY_OUT,PIPE_MTE3,157101,157341,240,378550
case_084,post,4,2604,MATMUL,PIPE_M,157197,157785,588,378550
case_084,post,4,2613,EXP,PIPE_V,157197,157497,300,378550
case_084,post,4,1000020810,COPY_IN,PIPE_MTE2,157243,157462,219,378550
case_084,post,4,2614,REDUCE,PIPE_V,157497,157581,84,378550
case_084,post,4,1000020828,COPY_IN,PIPE_MTE2,157497,157768,271,378550
case_084,post,4,2615,DIV,PIPE_V,157581,157881,300,378550
case_084,post,4,1000020823,COPY_IN,PIPE_MTE2,157768,158032,264,378550
case_084,post,4,1000020700,COPY_OUT,PIPE_MTE3,157785,158045,260,378550
case_084,post,4,2616,MATMUL,PIPE_M,157881,158469,588,378550
case_084,post,4,2625,EXP,PIPE_V,157881,158181,300,378550
case_084,post,4,2626,REDUCE,PIPE_V,158181,158265,84,378550
case_084,post,4,1000020841,COPY_IN,PIPE_MTE2,158181,158531,350,378550
case_084,post,4,2627,DIV,PIPE_V,158265,158565,300,378550
case_084,post,4,1000020713,COPY_OUT,PIPE_MTE3,158469,158714,245,378550
case_084,post,4,1000020836,COPY_IN,PIPE_MTE2,158531,158790,259,378550
case_084,post,4,2628,MATMUL,PIPE_M,158565,159153,588,378550
case_084,post,4,2637,EXP,PIPE_V,158565,158865,300,378550
case_084,post,4,2638,REDUCE,PIPE_V,158865,158949,84,378550
case_084,post,4,1000020854,COPY_IN,PIPE_MTE2,158865,159349,484,378550
case_084,post,4,2639,DIV,PIPE_V,158949,159249,300,378550
case_084,post,4,1000020726,COPY_OUT,PIPE_MTE3,159153,159445,292,378550
case_084,post,4,2640,MATMUL,PIPE_M,159249,159837,588,378550
case_084,post,4,2649,EXP,PIPE_V,159249,159549,300,378550
case_084,post,4,1000020849,COPY_IN,PIPE_MTE2,159349,159649,300,378550
case_084,post,4,2650,REDUCE,PIPE_V,159549,159633,84,378550
case_084,post,4,2651,DIV,PIPE_V,159633,159933,300,378550
case_084,post,4,1000020867,COPY_IN,PIPE_MTE2,159649,159943,294,378550
case_084,post,4,1000020739,COPY_OUT,PIPE_MTE3,159837,160045,208,378550
case_084,post,4,2652,MATMUL,PIPE_M,159933,160521,588,378550
case_084,post,4,2661,EXP,PIPE_V,159933,160233,300,378550
case_084,post,4,1000020862,COPY_IN,PIPE_MTE2,159943,160133,190,378550
case_084,post,4,2662,REDUCE,PIPE_V,160233,160317,84,378550
case_084,post,4,1000020880,COPY_IN,PIPE_MTE2,160233,160562,329,378550
case_084,post,4,2663,DIV,PIPE_V,160317,160617,300,378550
case_084,post,4,1000020752,COPY_OUT,PIPE_MTE3,160521,160781,260,378550
case_084,post,4,1000020875,COPY_IN,PIPE_MTE2,160562,160822,260,378550
case_084,post,4,2664,MATMUL,PIPE_M,160617,161205,588,378550
case_084,post,4,2673,EXP,PIPE_V,160617,160917,300,378550
case_084,post,4,2674,REDUCE,PIPE_V,160917,161001,84,378550
case_084,post,4,1000020893,COPY_IN,PIPE_MTE2,160917,161371,454,378550
case_084,post,4,2675,DIV,PIPE_V,161001,161301,300,378550
case_084,post,4,1000020765,COPY_OUT,PIPE_MTE3,161205,161542,337,378550
case_084,post,4,2676,MATMUL,PIPE_M,161301,161889,588,378550
case_084,post,4,2685,EXP,PIPE_V,161301,161601,300,378550
case_084,post,4,1000020888,COPY_IN,PIPE_MTE2,161371,161701,330,378550
case_084,post,4,2686,REDUCE,PIPE_V,161601,161685,84,378550
case_084,post,4,2687,DIV,PIPE_V,161685,161985,300,378550
case_084,post,4,1000020906,COPY_IN,PIPE_MTE2,161701,162025,324,378550
case_084,post,4,1000020778,COPY_OUT,PIPE_MTE3,161889,162054,165,378550
case_084,post,4,2688,MATMUL,PIPE_M,161985,162573,588,378550
case_084,post,4,2697,EXP,PIPE_V,161985,162285,300,378550
case_084,post,4,1000020901,COPY_IN,PIPE_MTE2,162025,162176,151,378550
case_084,post,4,2698,REDUCE,PIPE_V,162285,162369,84,378550
case_084,post,4,1000020919,COPY_IN,PIPE_MTE2,162285,162439,154,378550
case_084,post,4,2699,DIV,PIPE_V,162369,162669,300,378550
case_084,post,4,1000020914,COPY_IN,PIPE_MTE2,162439,162520,81,378550
case_084,post,4,1000020791,COPY_OUT,PIPE_MTE3,162573,162677,104,378550
case_084,post,4,2700,MATMUL,PIPE_M,162669,163257,588,378550
case_084,post,4,2709,EXP,PIPE_V,162669,162969,300,378550
case_084,post,4,2710,REDUCE,PIPE_V,162969,163053,84,378550
case_084,post,4,1000020932,COPY_IN,PIPE_MTE2,162969,163123,154,378550
case_084,post,4,2711,DIV,PIPE_V,163053,163353,300,378550
case_084,post,4,1000020927,COPY_IN,PIPE_MTE2,163123,163227,104,378550
case_084,post,4,1000020804,COPY_OUT,PIPE_MTE3,163257,163395,138,378550
case_084,post,4,2712,MATMUL,PIPE_M,163353,163941,588,378550
case_084,post,4,2721,EXP,PIPE_V,163353,163653,300,378550
case_084,post,4,2722,REDUCE,PIPE_V,163653,163737,84,378550
case_084,post,4,1000020945,COPY_IN,PIPE_MTE2,163653,163817,164,378550
case_084,post,4,2723,DIV,PIPE_V,163737,164037,300,378550
case_084,post,4,1000020940,COPY_IN,PIPE_MTE2,163817,163921,104,378550
case_084,post,4,1000020817,COPY_OUT,PIPE_MTE3,163941,163993,52,378550
case_084,post,4,2724,MATMUL,PIPE_M,164037,164625,588,378550
case_084,post,4,2733,EXP,PIPE_V,164037,164337,300,378550
case_084,post,4,2734,REDUCE,PIPE_V,164337,164421,84,378550
case_084,post,4,1000020958,COPY_IN,PIPE_MTE2,164337,164441,104,378550
case_084,post,4,2735,DIV,PIPE_V,164421,164721,300,378550
case_084,post,4,1000020953,COPY_IN,PIPE_MTE2,164441,164493,52,378550
case_084,post,4,1000020830,COPY_OUT,PIPE_MTE3,164625,164677,52,378550
case_084,post,4,2736,MATMUL,PIPE_M,164721,165309,588,378550
case_084,post,4,2745,EXP,PIPE_V,164721,165021,300,378550
case_084,post,4,2746,REDUCE,PIPE_V,165021,165105,84,378550
case_084,post,4,1000020971,COPY_IN,PIPE_MTE2,165021,165179,158,378550
case_084,post,4,2747,DIV,PIPE_V,165105,165405,300,378550
case_084,post,4,1000020966,COPY_IN,PIPE_MTE2,165179,165238,59,378550
case_084,post,4,1000020843,COPY_OUT,PIPE_MTE3,165309,165413,104,378550
case_084,post,4,2748,MATMUL,PIPE_M,165405,165993,588,378550
case_084,post,4,2757,EXP,PIPE_V,165405,165705,300,378550
case_084,post,4,2758,REDUCE,PIPE_V,165705,165789,84,378550
case_084,post,4,1000020984,COPY_IN,PIPE_MTE2,165705,165904,199,378550
case_084,post,4,2759,DIV,PIPE_V,165789,166089,300,378550
case_084,post,4,1000020979,COPY_IN,PIPE_MTE2,165904,166097,193,378550
case_084,post,4,1000020856,COPY_OUT,PIPE_MTE3,165993,166142,149,378550
case_084,post,4,2760,MATMUL,PIPE_M,166089,166677,588,378550
case_084,post,4,2769,EXP,PIPE_V,166089,166389,300,378550
case_084,post,4,2770,REDUCE,PIPE_V,166389,166473,84,378550
case_084,post,4,1000020997,COPY_IN,PIPE_MTE2,166389,166466,77,378550
case_084,post,4,1000020992,COPY_IN,PIPE_MTE2,166466,166554,88,378550
case_084,post,4,2771,DIV,PIPE_V,166473,166773,300,378550
case_084,post,4,1000020869,COPY_OUT,PIPE_MTE3,166677,166752,75,378550
case_084,post,4,2772,MATMUL,PIPE_M,166773,167361,588,378550
case_084,post,4,2781,EXP,PIPE_V,166773,167073,300,378550
case_084,post,4,2782,REDUCE,PIPE_V,167073,167157,84,378550
case_084,post,4,1000021010,COPY_IN,PIPE_MTE2,167073,167304,231,378550
case_084,post,4,2783,DIV,PIPE_V,167157,167457,300,378550
case_084,post,4,1000021005,COPY_IN,PIPE_MTE2,167304,167434,130,378550
case_084,post,4,1000020882,COPY_OUT,PIPE_MTE3,167361,167489,128,378550
case_084,post,4,2784,MATMUL,PIPE_M,167457,168045,588,378550
case_084,post,4,2793,EXP,PIPE_V,167457,167757,300,378550
case_084,post,4,2794,REDUCE,PIPE_V,167757,167841,84,378550
case_084,post,4,1000021023,COPY_IN,PIPE_MTE2,167757,167911,154,378550
case_084,post,4,2795,DIV,PIPE_V,167841,168141,300,378550
case_084,post,4,1000021018,COPY_IN,PIPE_MTE2,167911,168075,164,378550
case_084,post,4,1000020895,COPY_OUT,PIPE_MTE3,168045,168175,130,378550
case_084,post,4,2796,MATMUL,PIPE_M,168141,168729,588,378550
case_084,post,4,2805,EXP,PIPE_V,168141,168441,300,378550
case_084,post,4,2806,REDUCE,PIPE_V,168441,168525,84,378550
case_084,post,4,1000021036,COPY_IN,PIPE_MTE2,168441,168679,238,378550
case_084,post,4,2807,DIV,PIPE_V,168525,168825,300,378550
case_084,post,4,1000021031,COPY_IN,PIPE_MTE2,168679,168783,104,378550
case_084,post,4,1000020908,COPY_OUT,PIPE_MTE3,168729,168918,189,378550
case_084,post,4,2808,MATMUL,PIPE_M,168825,169413,588,378550
case_084,post,4,2817,EXP,PIPE_V,168825,169125,300,378550
case_084,post,4,2818,REDUCE,PIPE_V,169125,169209,84,378550
case_084,post,4,1000021049,COPY_IN,PIPE_MTE2,169125,169408,283,378550
case_084,post,4,2819,DIV,PIPE_V,169209,169509,300,378550
case_084,post,4,1000021044,COPY_IN,PIPE_MTE2,169408,169591,183,378550
case_084,post,4,1000020921,COPY_OUT,PIPE_MTE3,169413,169594,181,378550
case_084,post,4,2820,MATMUL,PIPE_M,169509,170097,588,378550
case_084,post,4,2829,EXP,PIPE_V,169509,169809,300,378550
case_084,post,4,2830,REDUCE,PIPE_V,169809,169893,84,378550
case_084,post,4,1000021062,COPY_IN,PIPE_MTE2,169809,169976,167,378550
case_084,post,4,2831,DIV,PIPE_V,169893,170193,300,378550
case_084,post,4,1000021057,COPY_IN,PIPE_MTE2,169976,170062,86,378550
case_084,post,4,1000020934,COPY_OUT,PIPE_MTE3,170097,170201,104,378550
case_084,post,4,2832,MATMUL,PIPE_M,170193,170781,588,378550
case_084,post,4,2841,EXP,PIPE_V,170193,170493,300,378550
case_084,post,4,2842,REDUCE,PIPE_V,170493,170577,84,378550
case_084,post,4,1000021075,COPY_IN,PIPE_MTE2,170493,170827,334,378550
case_084,post,4,2843,DIV,PIPE_V,170577,170877,300,378550
case_084,post,4,1000020947,COPY_OUT,PIPE_MTE3,170781,170998,217,378550
case_084,post,4,1000021070,COPY_IN,PIPE_MTE2,170827,171016,189,378550
case_084,post,4,2844,MATMUL,PIPE_M,170877,171465,588,378550
case_084,post,4,2853,EXP,PIPE_V,170877,171177,300,378550
case_084,post,4,2854,REDUCE,PIPE_V,171177,171261,84,378550
case_084,post,4,1000021088,COPY_IN,PIPE_MTE2,171177,171545,368,378550
case_084,post,4,2855,DIV,PIPE_V,171261,171561,300,378550
case_084,post,4,1000020960,COPY_OUT,PIPE_MTE3,171465,171709,244,378550
case_084,post,4,1000021083,COPY_IN,PIPE_MTE2,171545,171778,233,378550
case_084,post,4,2856,MATMUL,PIPE_M,171561,172149,588,378550
case_084,post,4,2865,EXP,PIPE_V,171561,171861,300,378550
case_084,post,4,2866,REDUCE,PIPE_V,171861,171945,84,378550
case_084,post,4,1000021101,COPY_IN,PIPE_MTE2,171861,172133,272,378550
case_084,post,4,2867,DIV,PIPE_V,171945,172245,300,378550
case_084,post,4,1000021096,COPY_IN,PIPE_MTE2,172133,172305,172,378550
case_084,post,4,1000020973,COPY_OUT,PIPE_MTE3,172149,172316,167,378550
case_084,post,4,2868,MATMUL,PIPE_M,172245,172833,588,378550
case_084,post,4,2877,EXP,PIPE_V,172245,172545,300,378550
case_084,post,4,2878,REDUCE,PIPE_V,172545,172629,84,378550
case_084,post,4,1000021114,COPY_IN,PIPE_MTE2,172545,172916,371,378550
case_084,post,4,2879,DIV,PIPE_V,172629,172929,300,378550
case_084,post,4,1000020986,COPY_OUT,PIPE_MTE3,172833,173052,219,378550
case_084,post,4,1000021109,COPY_IN,PIPE_MTE2,172916,173103,187,378550
case_084,post,4,2880,MATMUL,PIPE_M,172929,173517,588,378550
case_084,post,4,2889,EXP,PIPE_V,172929,173229,300,378550
case_084,post,4,2890,REDUCE,PIPE_V,173229,173313,84,378550
case_084,post,4,1000021127,COPY_IN,PIPE_MTE2,173229,173567,338,378550
case_084,post,4,2891,DIV,PIPE_V,173313,173613,300,378550
case_084,post,4,1000020999,COPY_OUT,PIPE_MTE3,173517,173829,312,378550
case_084,post,4,1000021122,COPY_IN,PIPE_MTE2,173567,173876,309,378550
case_084,post,4,2892,MATMUL,PIPE_M,173613,174201,588,378550
case_084,post,4,2901,EXP,PIPE_V,173613,173913,300,378550
case_084,post,4,2902,REDUCE,PIPE_V,173913,173997,84,378550
case_084,post,4,1000021140,COPY_IN,PIPE_MTE2,173913,174255,342,378550
case_084,post,4,2903,DIV,PIPE_V,173997,174297,300,378550
case_084,post,4,1000021012,COPY_OUT,PIPE_MTE3,174201,174447,246,378550
case_084,post,4,1000021135,COPY_IN,PIPE_MTE2,174255,174488,233,378550
case_084,post,4,2904,MATMUL,PIPE_M,174297,174885,588,378550
case_084,post,4,2913,EXP,PIPE_V,174297,174597,300,378550
case_084,post,4,2914,REDUCE,PIPE_V,174597,174681,84,378550
case_084,post,4,1000021153,COPY_IN,PIPE_MTE2,174597,174838,241,378550
case_084,post,4,2915,DIV,PIPE_V,174681,174981,300,378550
case_084,post,4,1000021148,COPY_IN,PIPE_MTE2,174838,174932,94,378550
case_084,post,4,1000021025,COPY_OUT,PIPE_MTE3,174885,175064,179,378550
case_084,post,4,2916,MATMUL,PIPE_M,174981,175569,588,378550
case_084,post,4,2925,EXP,PIPE_V,174981,175281,300,378550
case_084,post,4,2926,REDUCE,PIPE_V,175281,175365,84,378550
case_084,post,4,1000021166,COPY_IN,PIPE_MTE2,175281,175609,328,378550
case_084,post,4,2927,DIV,PIPE_V,175365,175665,300,378550
case_084,post,4,1000021038,COPY_OUT,PIPE_MTE3,175569,175797,228,378550
case_084,post,4,1000021161,COPY_IN,PIPE_MTE2,175609,175829,220,378550
case_084,post,4,2928,MATMUL,PIPE_M,175665,176253,588,378550
case_084,post,4,2937,EXP,PIPE_V,175665,175965,300,378550
case_084,post,4,2938,REDUCE,PIPE_V,175965,176049,84,378550
case_084,post,4,1000021179,COPY_IN,PIPE_MTE2,175965,176359,394,378550
case_084,post,4,2939,DIV,PIPE_V,176049,176349,300,378550
case_084,post,4,1000021051,COPY_OUT,PIPE_MTE3,176253,176527,274,378550
case_084,post,4,2940,MATMUL,PIPE_M,176349,176937,588,378550
case_084,post,4,2949,EXP,PIPE_V,176349,176649,300,378550
case_084,post,4,1000021174,COPY_IN,PIPE_MTE2,176359,176598,239,378550
case_084,post,4,2950,REDUCE,PIPE_V,176649,176733,84,378550
case_084,post,4,1000021192,COPY_IN,PIPE_MTE2,176649,176952,303,378550
case_084,post,4,2951,DIV,PIPE_V,176733,177033,300,378550
case_084,post,4,1000021064,COPY_OUT,PIPE_MTE3,176937,177112,175,378550
case_084,post,4,1000021187,COPY_IN,PIPE_MTE2,176952,177119,167,378550
case_084,post,4,2952,MATMUL,PIPE_M,177033,177621,588,378550
case_084,post,4,2961,EXP,PIPE_V,177033,177333,300,378550
case_084,post,4,2962,REDUCE,PIPE_V,177333,177417,84,378550
case_084,post,4,1000021205,COPY_IN,PIPE_MTE2,177333,177651,318,378550
case_084,post,4,2963,DIV,PIPE_V,177417,177717,300,378550
case_084,post,4,1000021077,COPY_OUT,PIPE_MTE3,177621,177842,221,378550
case_084,post,4,1000021200,COPY_IN,PIPE_MTE2,177651,177860,209,378550
case_084,post,4,2964,MATMUL,PIPE_M,177717,178305,588,378550
case_084,post,4,2973,EXP,PIPE_V,177717,178017,300,378550
case_084,post,4,2974,REDUCE,PIPE_V,178017,178101,84,378550
case_084,post,4,1000021218,COPY_IN,PIPE_MTE2,178017,178418,401,378550
case_084,post,4,2975,DIV,PIPE_V,178101,178401,300,378550
case_084,post,4,1000021090,COPY_OUT,PIPE_MTE3,178305,178544,239,378550
case_084,post,4,2976,MATMUL,PIPE_M,178401,178989,588,378550
case_084,post,4,2985,EXP,PIPE_V,178401,178701,300,378550
case_084,post,4,1000021213,COPY_IN,PIPE_MTE2,178418,178640,222,378550
case_084,post,4,2986,REDUCE,PIPE_V,178701,178785,84,378550
case_084,post,4,1000021231,COPY_IN,PIPE_MTE2,178701,179039,338,378550
case_084,post,4,2987,DIV,PIPE_V,178785,179085,300,378550
case_084,post,4,1000021103,COPY_OUT,PIPE_MTE3,178989,179183,194,378550
case_084,post,4,1000021226,COPY_IN,PIPE_MTE2,179039,179207,168,378550
case_084,post,4,2988,MATMUL,PIPE_M,179085,179673,588,378550
case_084,post,4,2997,EXP,PIPE_V,179085,179385,300,378550
case_084,post,4,2998,REDUCE,PIPE_V,179385,179469,84,378550
case_084,post,4,1000021244,COPY_IN,PIPE_MTE2,179385,179660,275,378550
case_084,post,4,2999,DIV,PIPE_V,179469,179769,300,378550
case_084,post,4,1000021239,COPY_IN,PIPE_MTE2,179660,179910,250,378550
case_084,post,4,1000021116,COPY_OUT,PIPE_MTE3,179673,179917,244,378550
case_084,post,4,3000,MATMUL,PIPE_M,179769,180357,588,378550
case_084,post,4,3009,EXP,PIPE_V,179769,180069,300,378550
case_084,post,4,3010,REDUCE,PIPE_V,180069,180153,84,378550
case_084,post,4,1000021257,COPY_IN,PIPE_MTE2,180069,180342,273,378550
case_084,post,4,3011,DIV,PIPE_V,180153,180453,300,378550
case_084,post,4,1000021252,COPY_IN,PIPE_MTE2,180342,180598,256,378550
case_084,post,4,1000021129,COPY_OUT,PIPE_MTE3,180357,180625,268,378550
case_084,post,4,3012,MATMUL,PIPE_M,180453,181041,588,378550
case_084,post,4,3021,EXP,PIPE_V,180453,180753,300,378550
case_084,post,4,3022,REDUCE,PIPE_V,180753,180837,84,378550
case_084,post,4,1000021270,COPY_IN,PIPE_MTE2,180753,181104,351,378550
case_084,post,4,3023,DIV,PIPE_V,180837,181137,300,378550
case_084,post,4,1000021142,COPY_OUT,PIPE_MTE3,181041,181276,235,378550
case_084,post,4,1000021265,COPY_IN,PIPE_MTE2,181104,181321,217,378550
case_084,post,4,3024,MATMUL,PIPE_M,181137,181725,588,378550
case_084,post,4,3033,EXP,PIPE_V,181137,181437,300,378550
case_084,post,4,3034,REDUCE,PIPE_V,181437,181521,84,378550
case_084,post,4,1000021283,COPY_IN,PIPE_MTE2,181437,181685,248,378550
case_084,post,4,3035,DIV,PIPE_V,181521,181821,300,378550
case_084,post,4,1000021278,COPY_IN,PIPE_MTE2,181685,181830,145,378550
case_084,post,4,1000021155,COPY_OUT,PIPE_MTE3,181725,181847,122,378550
case_084,post,4,3036,MATMUL,PIPE_M,181821,182409,588,378550
case_084,post,4,3045,EXP,PIPE_V,181821,182121,300,378550
case_084,post,4,3046,REDUCE,PIPE_V,182121,182205,84,378550
case_084,post,4,1000021296,COPY_IN,PIPE_MTE2,182121,182454,333,378550
case_084,post,4,3047,DIV,PIPE_V,182205,182505,300,378550
case_084,post,4,1000021168,COPY_OUT,PIPE_MTE3,182409,182625,216,378550
case_084,post,4,1000021291,COPY_IN,PIPE_MTE2,182454,182647,193,378550
case_084,post,4,3048,MATMUL,PIPE_M,182505,183093,588,378550
case_084,post,4,3057,EXP,PIPE_V,182505,182805,300,378550
case_084,post,4,3058,REDUCE,PIPE_V,182805,182889,84,378550
case_084,post,4,1000021309,COPY_IN,PIPE_MTE2,182805,183214,409,378550
case_084,post,4,3059,DIV,PIPE_V,182889,183189,300,378550
case_084,post,4,1000021181,COPY_OUT,PIPE_MTE3,183093,183369,276,378550
case_084,post,4,3060,MATMUL,PIPE_M,183189,183777,588,378550
case_084,post,4,3069,EXP,PIPE_V,183189,183489,300,378550
case_084,post,4,1000021304,COPY_IN,PIPE_MTE2,183214,183470,256,378550
case_084,post,4,3070,REDUCE,PIPE_V,183489,183573,84,378550
case_084,post,4,1000021322,COPY_IN,PIPE_MTE2,183489,183782,293,378550
case_084,post,4,3071,DIV,PIPE_V,183573,183873,300,378550
case_084,post,4,1000021194,COPY_OUT,PIPE_MTE3,183777,183979,202,378550
case_084,post,4,1000021317,COPY_IN,PIPE_MTE2,183782,183982,200,378550
case_084,post,4,3072,MATMUL,PIPE_M,183873,184461,588,378550
case_084,post,4,3081,EXP,PIPE_V,183873,184173,300,378550
case_084,post,4,3082,REDUCE,PIPE_V,184173,184257,84,378550
case_084,post,4,1000021335,COPY_IN,PIPE_MTE2,184173,184471,298,378550
case_084,post,4,3083,DIV,PIPE_V,184257,184557,300,378550
case_084,post,4,1000021207,COPY_OUT,PIPE_MTE3,184461,184678,217,378550
case_084,post,4,1000021330,COPY_IN,PIPE_MTE2,184471,184683,212,378550
case_084,post,4,3084,MATMUL,PIPE_M,184557,185145,588,378550
case_084,post,4,3093,EXP,PIPE_V,184557,184857,300,378550
case_084,post,4,3094,REDUCE,PIPE_V,184857,184941,84,378550
case_084,post,4,1000021348,COPY_IN,PIPE_MTE2,184857,185205,348,378550
case_084,post,4,3095,DIV,PIPE_V,184941,185241,300,378550
case_084,post,4,1000021220,COPY_OUT,PIPE_MTE3,185145,185409,264,378550
case_084,post,4,1000021343,COPY_IN,PIPE_MTE2,185205,185459,254,378550
case_084,post,4,3096,MATMUL,PIPE_M,185241,185829,588,378550
case_084,post,4,3105,EXP,PIPE_V,185241,185541,300,378550
case_084,post,4,3106,REDUCE,PIPE_V,185541,185625,84,378550
case_084,post,4,1000021361,COPY_IN,PIPE_MTE2,185541,185920,379,378550
case_084,post,4,3107,DIV,PIPE_V,185625,185925,300,378550
case_084,post,4,1000021233,COPY_OUT,PIPE_MTE3,185829,186030,201,378550
case_084,post,4,1000021356,COPY_IN,PIPE_MTE2,185920,186075,155,378550
case_084,post,4,3108,MATMUL,PIPE_M,185925,186513,588,378550
case_084,post,4,3117,EXP,PIPE_V,185925,186225,300,378550
case_084,post,4,3118,REDUCE,PIPE_V,186225,186309,84,378550
case_084,post,4,1000021374,COPY_IN,PIPE_MTE2,186225,186472,247,378550
case_084,post,4,3119,DIV,PIPE_V,186309,186609,300,378550
case_084,post,4,1000021369,COPY_IN,PIPE_MTE2,186472,186680,208,378550
case_084,post,4,1000021246,COPY_OUT,PIPE_MTE3,186513,186735,222,378550
case_084,post,4,3120,MATMUL,PIPE_M,186609,187197,588,378550
case_084,post,4,3129,EXP,PIPE_V,186609,186909,300,378550
case_084,post,4,3130,REDUCE,PIPE_V,186909,186993,84,378550
case_084,post,4,1000021387,COPY_IN,PIPE_MTE2,186909,187215,306,378550
case_084,post,4,3131,DIV,PIPE_V,186993,187293,300,378550
case_084,post,4,1000021259,COPY_OUT,PIPE_MTE3,187197,187380,183,378550
case_084,post,4,1000021382,COPY_IN,PIPE_MTE2,187215,187398,183,378550
case_084,post,4,3132,MATMUL,PIPE_M,187293,187881,588,378550
case_084,post,4,3141,EXP,PIPE_V,187293,187593,300,378550
case_084,post,4,3142,REDUCE,PIPE_V,187593,187677,84,378550
case_084,post,4,1000021400,COPY_IN,PIPE_MTE2,187593,187946,353,378550
case_084,post,4,3143,DIV,PIPE_V,187677,187977,300,378550
case_084,post,4,1000021272,COPY_OUT,PIPE_MTE3,187881,188134,253,378550
case_084,post,4,1000021395,COPY_IN,PIPE_MTE2,187946,188193,247,378550
case_084,post,4,3144,MATMUL,PIPE_M,187977,188565,588,378550
case_084,post,4,3153,EXP,PIPE_V,187977,188277,300,378550
case_084,post,4,3154,REDUCE,PIPE_V,188277,188361,84,378550
case_084,post,4,1000021413,COPY_IN,PIPE_MTE2,188277,188540,263,378550
case_084,post,4,3155,DIV,PIPE_V,188361,188661,300,378550
case_084,post,4,1000021408,COPY_IN,PIPE_MTE2,188540,188723,183,378550
case_084,post,4,1000021285,COPY_OUT,PIPE_MTE3,188565,188742,177,378550
case_084,post,4,3156,MATMUL,PIPE_M,188661,189249,588,378550
case_084,post,4,3165,EXP,PIPE_V,188661,188961,300,378550
case_084,post,4,3166,REDUCE,PIPE_V,188961,189045,84,378550
case_084,post,4,1000021426,COPY_IN,PIPE_MTE2,188961,189298,337,378550
case_084,post,4,3167,DIV,PIPE_V,189045,189345,300,378550
case_084,post,4,1000021298,COPY_OUT,PIPE_MTE3,189249,189450,201,378550
case_084,post,4,1000021421,COPY_IN,PIPE_MTE2,189298,189487,189,378550
case_084,post,4,3168,MATMUL,PIPE_M,189345,189933,588,378550
case_084,post,4,3177,EXP,PIPE_V,189345,189645,300,378550
case_084,post,4,3178,REDUCE,PIPE_V,189645,189729,84,378550
case_084,post,4,1000021439,COPY_IN,PIPE_MTE2,189645,190032,387,378550
case_084,post,4,3179,DIV,PIPE_V,189729,190029,300,378550
case_084,post,4,1000021311,COPY_OUT,PIPE_MTE3,189933,190198,265,378550
case_084,post,4,3180,MATMUL,PIPE_M,190029,190617,588,378550
case_084,post,4,3189,EXP,PIPE_V,190029,190329,300,378550
case_084,post,4,1000021434,COPY_IN,PIPE_MTE2,190032,190288,256,378550
case_084,post,4,3190,REDUCE,PIPE_V,190329,190413,84,378550
case_084,post,4,1000021452,COPY_IN,PIPE_MTE2,190329,190625,296,378550
case_084,post,4,3191,DIV,PIPE_V,190413,190713,300,378550
case_084,post,4,1000021324,COPY_OUT,PIPE_MTE3,190617,190833,216,378550
case_084,post,4,1000021447,COPY_IN,PIPE_MTE2,190625,190836,211,378550
case_084,post,4,3192,MATMUL,PIPE_M,190713,191301,588,378550
case_084,post,4,3201,EXP,PIPE_V,190713,191013,300,378550
case_084,post,4,3202,REDUCE,PIPE_V,191013,191097,84,378550
case_084,post,4,1000021465,COPY_IN,PIPE_MTE2,191013,191201,188,378550
case_084,post,4,3203,DIV,PIPE_V,191097,191397,300,378550
case_084,post,4,1000021460,COPY_IN,PIPE_MTE2,191201,191436,235,378550
case_084,post,4,1000021337,COPY_OUT,PIPE_MTE3,191301,191515,214,378550
case_084,post,4,3204,MATMUL,PIPE_M,191397,191985,588,378550
case_084,post,4,3213,EXP,PIPE_V,191397,191697,300,378550
case_084,post,4,3214,REDUCE,PIPE_V,191697,191781,84,378550
case_084,post,4,1000021478,COPY_IN,PIPE_MTE2,191697,191990,293,378550
case_084,post,4,3215,DIV,PIPE_V,191781,192081,300,378550
case_084,post,4,1000021350,COPY_OUT,PIPE_MTE3,191985,192259,274,378550
case_084,post,4,1000021473,COPY_IN,PIPE_MTE2,191990,192267,277,378550
case_084,post,4,3216,MATMUL,PIPE_M,192081,192669,588,378550
case_084,post,4,3225,EXP,PIPE_V,192081,192381,300,378550
case_084,post,4,3226,REDUCE,PIPE_V,192381,192465,84,378550
case_084,post,4,1000021491,COPY_IN,PIPE_MTE2,192381,192780,399,378550
case_084,post,4,3227,DIV,PIPE_V,192465,192765,300,378550
case_084,post,4,1000021363,COPY_OUT,PIPE_MTE3,192669,192896,227,378550
case_084,post,4,3228,MATMUL,PIPE_M,192765,193353,588,378550
case_084,post,4,3237,EXP,PIPE_V,192765,193065,300,378550
case_084,post,4,1000021486,COPY_IN,PIPE_MTE2,192780,192948,168,378550
case_084,post,4,3238,REDUCE,PIPE_V,193065,193149,84,378550
case_084,post,4,1000021504,COPY_IN,PIPE_MTE2,193065,193336,271,378550
case_084,post,4,3239,DIV,PIPE_V,193149,193449,300,378550
case_084,post,4,1000021499,COPY_IN,PIPE_MTE2,193336,193499,163,378550
case_084,post,4,1000021376,COPY_OUT,PIPE_MTE3,193353,193511,158,378550
case_084,post,4,3240,MATMUL,PIPE_M,193449,194037,588,378550
case_084,post,4,3249,EXP,PIPE_V,193449,193749,300,378550
case_084,post,4,3250,REDUCE,PIPE_V,193749,193833,84,378550
case_084,post,4,1000021517,COPY_IN,PIPE_MTE2,193749,194079,330,378550
case_084,post,4,3251,DIV,PIPE_V,193833,194133,300,378550
case_084,post,4,1000021389,COPY_OUT,PIPE_MTE3,194037,194232,195,378550
case_084,post,4,1000021512,COPY_IN,PIPE_MTE2,194079,194248,169,378550
case_084,post,4,3252,MATMUL,PIPE_M,194133,194721,588,378550
case_084,post,4,3261,EXP,PIPE_V,194133,194433,300,378550
case_084,post,4,3262,REDUCE,PIPE_V,194433,194517,84,378550
case_084,post,4,1000021530,COPY_IN,PIPE_MTE2,194433,194807,374,378550
case_084,post,4,3263,DIV,PIPE_V,194517,194817,300,378550
case_084,post,4,1000021402,COPY_OUT,PIPE_MTE3,194721,194975,254,378550
case_084,post,4,1000021525,COPY_IN,PIPE_MTE2,194807,195075,268,378550
case_084,post,4,3264,MATMUL,PIPE_M,194817,195405,588,378550
case_084,post,4,3273,EXP,PIPE_V,194817,195117,300,378550
case_084,post,4,3274,REDUCE,PIPE_V,195117,195201,84,378550
case_084,post,4,1000021543,COPY_IN,PIPE_MTE2,195117,195398,281,378550
case_084,post,4,3275,DIV,PIPE_V,195201,195501,300,378550
case_084,post,4,1000021538,COPY_IN,PIPE_MTE2,195398,195606,208,378550
case_084,post,4,1000021415,COPY_OUT,PIPE_MTE3,195405,195613,208,378550
case_084,post,4,3276,MATMUL,PIPE_M,195501,196089,588,378550
case_084,post,4,3285,EXP,PIPE_V,195501,195801,300,378550
case_084,post,4,3286,REDUCE,PIPE_V,195801,195885,84,378550
case_084,post,4,1000021556,COPY_IN,PIPE_MTE2,195801,196150,349,378550
case_084,post,4,3287,DIV,PIPE_V,195885,196185,300,378550
case_084,post,4,1000021428,COPY_OUT,PIPE_MTE3,196089,196276,187,378550
case_084,post,4,1000021551,COPY_IN,PIPE_MTE2,196150,196311,161,378550
case_084,post,4,3288,MATMUL,PIPE_M,196185,196773,588,378550
case_084,post,4,3297,EXP,PIPE_V,196185,196485,300,378550
case_084,post,4,3298,REDUCE,PIPE_V,196485,196569,84,378550
case_084,post,4,1000021569,COPY_IN,PIPE_MTE2,196485,196782,297,378550
case_084,post,4,3299,DIV,PIPE_V,196569,196869,300,378550
case_084,post,4,1000021441,COPY_OUT,PIPE_MTE3,196773,197064,291,378550
case_084,post,4,1000021564,COPY_IN,PIPE_MTE2,196782,197072,290,378550
case_084,post,4,3300,MATMUL,PIPE_M,196869,197457,588,378550
case_084,post,4,3309,EXP,PIPE_V,196869,197169,300,378550
case_084,post,4,3310,REDUCE,PIPE_V,197169,197253,84,378550
case_084,post,4,1000021582,COPY_IN,PIPE_MTE2,197169,197491,322,378550
case_084,post,4,3311,DIV,PIPE_V,197253,197553,300,378550
case_084,post,4,1000021454,COPY_OUT,PIPE_MTE3,197457,197692,235,378550
case_084,post,4,1000021577,COPY_IN,PIPE_MTE2,197491,197705,214,378550
case_084,post,4,3312,MATMUL,PIPE_M,197553,198141,588,378550
case_084,post,4,3321,EXP,PIPE_V,197553,197853,300,378550
case_084,post,4,3322,REDUCE,PIPE_V,197853,197937,84,378550
case_084,post,4,1000021595,COPY_IN,PIPE_MTE2,197853,198084,231,378550
case_084,post,4,3323,DIV,PIPE_V,197937,198237,300,378550
case_084,post,4,1000021590,COPY_IN,PIPE_MTE2,198084,198239,155,378550
case_084,post,4,1000021467,COPY_OUT,PIPE_MTE3,198141,198338,197,378550
case_084,post,4,3324,MATMUL,PIPE_M,198237,198825,588,378550
case_084,post,4,3333,EXP,PIPE_V,198237,198537,300,378550
case_084,post,4,3334,REDUCE,PIPE_V,198537,198621,84,378550
case_084,post,4,1000021608,COPY_IN,PIPE_MTE2,198537,198858,321,378550
case_084,post,4,3335,DIV,PIPE_V,198621,198921,300,378550
case_084,post,4,1000021480,COPY_OUT,PIPE_MTE3,198825,199021,196,378550
case_084,post,4,1000021603,COPY_IN,PIPE_MTE2,198858,199055,197,378550
case_084,post,4,3336,MATMUL,PIPE_M,198921,199509,588,378550
case_084,post,4,3345,EXP,PIPE_V,198921,199221,300,378550
case_084,post,4,3346,REDUCE,PIPE_V,199221,199305,84,378550
case_084,post,4,1000021621,COPY_IN,PIPE_MTE2,199221,199615,394,378550
case_084,post,4,3347,DIV,PIPE_V,199305,199605,300,378550
case_084,post,4,1000021493,COPY_OUT,PIPE_MTE3,199509,199764,255,378550
case_084,post,4,3348,MATMUL,PIPE_M,199605,200193,588,378550
case_084,post,4,3357,EXP,PIPE_V,199605,199905,300,378550
case_084,post,4,1000021616,COPY_IN,PIPE_MTE2,199615,199836,221,378550
case_084,post,4,3358,REDUCE,PIPE_V,199905,199989,84,378550
case_084,post,4,3359,DIV,PIPE_V,199989,200289,300,378550
case_084,post,4,1000021506,COPY_OUT,PIPE_MTE3,200193,200295,102,378550
case_084,post,4,3360,MATMUL,PIPE_M,200289,200877,588,378550
case_084,post,4,3369,EXP,PIPE_V,200289,200589,300,378550
case_084,post,4,3370,REDUCE,PIPE_V,200589,200673,84,378550
case_084,post,4,3371,DIV,PIPE_V,200673,200973,300,378550
case_084,post,4,1000021519,COPY_OUT,PIPE_MTE3,200877,201052,175,378550
case_084,post,4,3372,MATMUL,PIPE_M,200973,201561,588,378550
case_084,post,4,3381,EXP,PIPE_V,200973,201273,300,378550
case_084,post,4,3382,REDUCE,PIPE_V,201273,201357,84,378550
case_084,post,4,3383,DIV,PIPE_V,201357,201657,300,378550
case_084,post,4,1000021532,COPY_OUT,PIPE_MTE3,201561,201722,161,378550
case_084,post,4,3384,MATMUL,PIPE_M,201657,202245,588,378550
case_084,post,4,3393,EXP,PIPE_V,201657,201957,300,378550
case_084,post,4,3394,REDUCE,PIPE_V,201957,202041,84,378550
case_084,post,4,3395,DIV,PIPE_V,202041,202341,300,378550
case_084,post,4,1000021545,COPY_OUT,PIPE_MTE3,202245,202297,52,378550
case_084,post,4,3396,MATMUL,PIPE_M,202341,202929,588,378550
case_084,post,4,3405,EXP,PIPE_V,202341,202641,300,378550
case_084,post,4,3406,REDUCE,PIPE_V,202641,202725,84,378550
case_084,post,4,3407,DIV,PIPE_V,202725,203025,300,378550
case_084,post,4,1000021558,COPY_OUT,PIPE_MTE3,202929,203092,163,378550
case_084,post,4,3408,MATMUL,PIPE_M,203025,203613,588,378550
case_084,post,4,3417,EXP,PIPE_V,203025,203325,300,378550
case_084,post,4,3418,REDUCE,PIPE_V,203325,203409,84,378550
case_084,post,4,3419,DIV,PIPE_V,203409,203709,300,378550
case_084,post,4,1000021571,COPY_OUT,PIPE_MTE3,203613,203790,177,378550
case_084,post,4,3420,MATMUL,PIPE_M,203709,204297,588,378550
case_084,post,4,3429,EXP,PIPE_V,203709,204009,300,378550
case_084,post,4,3430,REDUCE,PIPE_V,204009,204093,84,378550
case_084,post,4,3431,DIV,PIPE_V,204093,204393,300,378550
case_084,post,4,1000021584,COPY_OUT,PIPE_MTE3,204297,204398,101,378550
case_084,post,4,3432,MATMUL,PIPE_M,204393,204981,588,378550
case_084,post,4,3441,EXP,PIPE_V,204393,204693,300,378550
case_084,post,4,3442,REDUCE,PIPE_V,204693,204777,84,378550
case_084,post,4,3443,DIV,PIPE_V,204777,205077,300,378550
case_084,post,4,1000021597,COPY_OUT,PIPE_MTE3,204981,205033,52,378550
case_084,post,4,3444,MATMUL,PIPE_M,205077,205665,588,378550
case_084,post,4,3453,EXP,PIPE_V,205077,205377,300,378550
case_084,post,4,3454,REDUCE,PIPE_V,205377,205461,84,378550
case_084,post,4,3455,DIV,PIPE_V,205461,205761,300,378550
case_084,post,4,1000021610,COPY_OUT,PIPE_MTE3,205665,205717,52,378550
case_084,post,4,3456,MATMUL,PIPE_M,205761,206349,588,378550
case_084,post,4,1000021623,COPY_OUT,PIPE_MTE3,206349,206521,172,378550
case_084,post,4,1000026025,COPY_IN,PIPE_MTE2,233129,233395,266,378550
case_084,post,4,1000026028,COPY_IN,PIPE_MTE2,233395,233407,12,378550
case_084,post,4,7736,SUB,PIPE_V,233407,233491,84,378550
case_084,post,4,1000024725,COPY_IN,PIPE_MTE2,233407,233833,426,378550
case_084,post,4,7737,EXP,PIPE_V,233491,233791,300,378550
case_084,post,4,6537,EXP,PIPE_V,233833,234133,300,378550
case_084,post,4,1000024738,COPY_IN,PIPE_MTE2,233833,234328,495,378550
case_084,post,4,6538,REDUCE,PIPE_V,234133,234217,84,378550
case_084,post,4,6549,EXP,PIPE_V,234328,234628,300,378550
case_084,post,4,1000024751,COPY_IN,PIPE_MTE2,234328,234812,484,378550
case_084,post,4,6550,REDUCE,PIPE_V,234628,234712,84,378550
case_084,post,4,6561,EXP,PIPE_V,234812,235112,300,378550
case_084,post,4,1000024764,COPY_IN,PIPE_MTE2,234812,235278,466,378550
case_084,post,4,6562,REDUCE,PIPE_V,235112,235196,84,378550
case_084,post,4,6573,EXP,PIPE_V,235278,235578,300,378550
case_084,post,4,1000024777,COPY_IN,PIPE_MTE2,235278,235674,396,378550
case_084,post,4,6574,REDUCE,PIPE_V,235578,235662,84,378550
case_084,post,4,6585,EXP,PIPE_V,235674,235974,300,378550
case_084,post,4,1000024790,COPY_IN,PIPE_MTE2,235674,236049,375,378550
case_084,post,4,6586,REDUCE,PIPE_V,235974,236058,84,378550
case_084,post,4,1000024803,COPY_IN,PIPE_MTE2,236049,236576,527,378550
case_084,post,4,6597,EXP,PIPE_V,236058,236358,300,378550
case_084,post,4,6598,REDUCE,PIPE_V,236358,236442,84,378550
case_084,post,4,6609,EXP,PIPE_V,236576,236876,300,378550
case_084,post,4,1000024816,COPY_IN,PIPE_MTE2,236576,237082,506,378550
case_084,post,4,6610,REDUCE,PIPE_V,236876,236960,84,378550
case_084,post,4,6621,EXP,PIPE_V,237082,237382,300,378550
case_084,post,4,1000024829,COPY_IN,PIPE_MTE2,237082,237501,419,378550
case_084,post,4,6622,REDUCE,PIPE_V,237382,237466,84,378550
case_084,post,4,6633,EXP,PIPE_V,237501,237801,300,378550
case_084,post,4,1000024842,COPY_IN,PIPE_MTE2,237501,237956,455,378550
case_084,post,4,6634,REDUCE,PIPE_V,237801,237885,84,378550
case_084,post,4,6645,EXP,PIPE_V,237956,238256,300,378550
case_084,post,4,1000024855,COPY_IN,PIPE_MTE2,237956,238316,360,378550
case_084,post,4,6646,REDUCE,PIPE_V,238256,238340,84,378550
case_084,post,4,1000024868,COPY_IN,PIPE_MTE2,238316,238785,469,378550
case_084,post,4,6657,EXP,PIPE_V,238340,238640,300,378550
case_084,post,4,6658,REDUCE,PIPE_V,238640,238724,84,378550
case_084,post,4,6669,EXP,PIPE_V,238785,239085,300,378550
case_084,post,4,1000024881,COPY_IN,PIPE_MTE2,238785,239247,462,378550
case_084,post,4,6670,REDUCE,PIPE_V,239085,239169,84,378550
case_084,post,4,6681,EXP,PIPE_V,239247,239547,300,378550
case_084,post,4,1000024894,COPY_IN,PIPE_MTE2,239247,239541,294,378550
case_084,post,4,1000024907,COPY_IN,PIPE_MTE2,239541,239915,374,378550
case_084,post,4,6682,REDUCE,PIPE_V,239547,239631,84,378550
case_084,post,4,6693,EXP,PIPE_V,239631,239931,300,378550
case_084,post,4,1000024920,COPY_IN,PIPE_MTE2,239915,240155,240,378550
case_084,post,4,6694,REDUCE,PIPE_V,239931,240015,84,378550
case_084,post,4,6705,EXP,PIPE_V,240015,240315,300,378550
case_084,post,4,1000024933,COPY_IN,PIPE_MTE2,240155,240510,355,378550
case_084,post,4,6706,REDUCE,PIPE_V,240315,240399,84,378550
case_084,post,4,6717,EXP,PIPE_V,240399,240699,300,378550
case_084,post,4,1000024946,COPY_IN,PIPE_MTE2,240510,240773,263,378550
case_084,post,4,6718,REDUCE,PIPE_V,240699,240783,84,378550
case_084,post,4,1000024959,COPY_IN,PIPE_MTE2,240773,241111,338,378550
case_084,post,4,6729,EXP,PIPE_V,240783,241083,300,378550
case_084,post,4,6730,REDUCE,PIPE_V,241083,241167,84,378550
case_084,post,4,1000024972,COPY_IN,PIPE_MTE2,241111,241529,418,378550
case_084,post,4,6741,EXP,PIPE_V,241167,241467,300,378550
case_084,post,4,6742,REDUCE,PIPE_V,241467,241551,84,378550
case_084,post,4,1000024985,COPY_IN,PIPE_MTE2,241529,241915,386,378550
case_084,post,4,6753,EXP,PIPE_V,241551,241851,300,378550
case_084,post,4,6754,REDUCE,PIPE_V,241851,241935,84,378550
case_084,post,4,1000024998,COPY_IN,PIPE_MTE2,241915,242143,228,378550
case_084,post,4,6765,EXP,PIPE_V,241935,242235,300,378550
case_084,post,4,1000025011,COPY_IN,PIPE_MTE2,242143,242344,201,378550
case_084,post,4,6766,REDUCE,PIPE_V,242235,242319,84,378550
case_084,post,4,6777,EXP,PIPE_V,242319,242619,300,378550
case_084,post,4,6778,REDUCE,PIPE_V,242619,242703,84,378550
case_084,post,4,1000025024,COPY_IN,PIPE_MTE2,242619,242722,103,378550
case_084,post,4,6789,EXP,PIPE_V,242703,243003,300,378550
case_084,post,4,6790,REDUCE,PIPE_V,243003,243087,84,378550
case_084,post,4,6801,EXP,PIPE_V,243087,243387,300,378550
case_084,post,4,6802,REDUCE,PIPE_V,243387,243471,84,378550
case_084,post,4,1000025037,COPY_IN,PIPE_MTE2,243387,243541,154,378550
case_084,post,4,6813,EXP,PIPE_V,243471,243771,300,378550
case_084,post,4,6814,REDUCE,PIPE_V,243771,243855,84,378550
case_084,post,4,6825,EXP,PIPE_V,243855,244155,300,378550
case_084,post,4,6826,REDUCE,PIPE_V,244155,244239,84,378550
case_084,post,4,1000025050,COPY_IN,PIPE_MTE2,244155,244434,279,378550
case_084,post,4,1000029562,COPY_OUT,PIPE_MTE3,244155,244434,279,378550
case_084,post,4,6837,EXP,PIPE_V,244434,244734,300,378550
case_084,post,4,6838,REDUCE,PIPE_V,244734,244818,84,378550
case_084,post,4,1000025063,COPY_IN,PIPE_MTE2,244734,244998,264,378550
case_084,post,4,1000029566,COPY_OUT,PIPE_MTE3,244734,244998,264,378550
case_084,post,4,6849,EXP,PIPE_V,244998,245298,300,378550
case_084,post,4,6850,REDUCE,PIPE_V,245298,245382,84,378550
case_084,post,4,1000025076,COPY_IN,PIPE_MTE2,245298,245689,391,378550
case_084,post,4,1000029570,COPY_OUT,PIPE_MTE3,245298,245689,391,378550
case_084,post,4,6861,EXP,PIPE_V,245689,245989,300,378550
case_084,post,4,6862,REDUCE,PIPE_V,245989,246073,84,378550
case_084,post,4,1000025089,COPY_IN,PIPE_MTE2,245989,246422,433,378550
case_084,post,4,1000029574,COPY_OUT,PIPE_MTE3,245989,246422,433,378550
case_084,post,4,6873,EXP,PIPE_V,246422,246722,300,378550
case_084,post,4,6874,REDUCE,PIPE_V,246722,246806,84,378550
case_084,post,4,1000025102,COPY_IN,PIPE_MTE2,246722,247154,432,378550
case_084,post,4,1000029578,COPY_OUT,PIPE_MTE3,246722,247154,432,378550
case_084,post,4,6885,EXP,PIPE_V,247154,247454,300,378550
case_084,post,4,6886,REDUCE,PIPE_V,247454,247538,84,378550
case_084,post,4,1000025115,COPY_IN,PIPE_MTE2,247454,247892,438,378550
case_084,post,4,1000029582,COPY_OUT,PIPE_MTE3,247454,247892,438,378550
case_084,post,4,6897,EXP,PIPE_V,247892,248192,300,378550
case_084,post,4,6898,REDUCE,PIPE_V,248192,248276,84,378550
case_084,post,4,1000025128,COPY_IN,PIPE_MTE2,248192,248658,466,378550
case_084,post,4,1000029586,COPY_OUT,PIPE_MTE3,248192,248658,466,378550
case_084,post,4,6909,EXP,PIPE_V,248658,248958,300,378550
case_084,post,4,6910,REDUCE,PIPE_V,248958,249042,84,378550
case_084,post,4,1000025141,COPY_IN,PIPE_MTE2,248958,249459,501,378550
case_084,post,4,1000029590,COPY_OUT,PIPE_MTE3,248958,249459,501,378550
case_084,post,4,6921,EXP,PIPE_V,249459,249759,300,378550
case_084,post,4,6922,REDUCE,PIPE_V,249759,249843,84,378550
case_084,post,4,1000025154,COPY_IN,PIPE_MTE2,249759,250308,549,378550
case_084,post,4,1000029594,COPY_OUT,PIPE_MTE3,249759,250308,549,378550
case_084,post,4,6933,EXP,PIPE_V,250308,250608,300,378550
case_084,post,4,6934,REDUCE,PIPE_V,250608,250692,84,378550
case_084,post,4,1000025167,COPY_IN,PIPE_MTE2,250608,251096,488,378550
case_084,post,4,1000029598,COPY_OUT,PIPE_MTE3,250608,251096,488,378550
case_084,post,4,6945,EXP,PIPE_V,251096,251396,300,378550
case_084,post,4,6946,REDUCE,PIPE_V,251396,251480,84,378550
case_084,post,4,1000025180,COPY_IN,PIPE_MTE2,251396,251837,441,378550
case_084,post,4,1000029602,COPY_OUT,PIPE_MTE3,251396,251837,441,378550
case_084,post,4,6957,EXP,PIPE_V,251837,252137,300,378550
case_084,post,4,6958,REDUCE,PIPE_V,252137,252221,84,378550
case_084,post,4,1000025193,COPY_IN,PIPE_MTE2,252137,252568,431,378550
case_084,post,4,1000029606,COPY_OUT,PIPE_MTE3,252137,252568,431,378550
case_084,post,4,6969,EXP,PIPE_V,252568,252868,300,378550
case_084,post,4,6970,REDUCE,PIPE_V,252868,252952,84,378550
case_084,post,4,1000025206,COPY_IN,PIPE_MTE2,252868,253314,446,378550
case_084,post,4,1000029610,COPY_OUT,PIPE_MTE3,252868,253314,446,378550
case_084,post,4,6981,EXP,PIPE_V,253314,253614,300,378550
case_084,post,4,6982,REDUCE,PIPE_V,253614,253698,84,378550
case_084,post,4,1000025219,COPY_IN,PIPE_MTE2,253614,254050,436,378550
case_084,post,4,1000029614,COPY_OUT,PIPE_MTE3,253614,254050,436,378550
case_084,post,4,6993,EXP,PIPE_V,254050,254350,300,378550
case_084,post,4,6994,REDUCE,PIPE_V,254350,254434,84,378550
case_084,post,4,1000025232,COPY_IN,PIPE_MTE2,254350,254802,452,378550
case_084,post,4,1000029618,COPY_OUT,PIPE_MTE3,254350,254802,452,378550
case_084,post,4,7005,EXP,PIPE_V,254802,255102,300,378550
case_084,post,4,7006,REDUCE,PIPE_V,255102,255186,84,378550
case_084,post,4,1000025245,COPY_IN,PIPE_MTE2,255102,255605,503,378550
case_084,post,4,1000029622,COPY_OUT,PIPE_MTE3,255102,255605,503,378550
case_084,post,4,7017,EXP,PIPE_V,255605,255905,300,378550
case_084,post,4,7018,REDUCE,PIPE_V,255905,255989,84,378550
case_084,post,4,1000025258,COPY_IN,PIPE_MTE2,255905,256437,532,378550
case_084,post,4,1000029626,COPY_OUT,PIPE_MTE3,255905,256437,532,378550
case_084,post,4,7029,EXP,PIPE_V,256437,256737,300,378550
case_084,post,4,7030,REDUCE,PIPE_V,256737,256821,84,378550
case_084,post,4,1000025271,COPY_IN,PIPE_MTE2,256737,257245,508,378550
case_084,post,4,1000029630,COPY_OUT,PIPE_MTE3,256737,257245,508,378550
case_084,post,4,7041,EXP,PIPE_V,257245,257545,300,378550
case_084,post,4,7042,REDUCE,PIPE_V,257545,257629,84,378550
case_084,post,4,1000025284,COPY_IN,PIPE_MTE2,257545,258000,455,378550
case_084,post,4,1000029634,COPY_OUT,PIPE_MTE3,257545,258000,455,378550
case_084,post,4,7053,EXP,PIPE_V,258000,258300,300,378550
case_084,post,4,7054,REDUCE,PIPE_V,258300,258384,84,378550
case_084,post,4,1000025297,COPY_IN,PIPE_MTE2,258300,258727,427,378550
case_084,post,4,1000029638,COPY_OUT,PIPE_MTE3,258300,258727,427,378550
case_084,post,4,7065,EXP,PIPE_V,258727,259027,300,378550
case_084,post,4,7066,REDUCE,PIPE_V,259027,259111,84,378550
case_084,post,4,1000025310,COPY_IN,PIPE_MTE2,259027,259459,432,378550
case_084,post,4,1000029642,COPY_OUT,PIPE_MTE3,259027,259459,432,378550
case_084,post,4,7077,EXP,PIPE_V,259459,259759,300,378550
case_084,post,4,7078,REDUCE,PIPE_V,259759,259843,84,378550
case_084,post,4,1000025323,COPY_IN,PIPE_MTE2,259759,260226,467,378550
case_084,post,4,1000029646,COPY_OUT,PIPE_MTE3,259759,260226,467,378550
case_084,post,4,7089,EXP,PIPE_V,260226,260526,300,378550
case_084,post,4,7090,REDUCE,PIPE_V,260526,260610,84,378550
case_084,post,4,1000025336,COPY_IN,PIPE_MTE2,260526,261049,523,378550
case_084,post,4,1000029650,COPY_OUT,PIPE_MTE3,260526,261049,523,378550
case_084,post,4,7101,EXP,PIPE_V,261049,261349,300,378550
case_084,post,4,7102,REDUCE,PIPE_V,261349,261433,84,378550
case_084,post,4,1000025349,COPY_IN,PIPE_MTE2,261349,261875,526,378550
case_084,post,4,1000029654,COPY_OUT,PIPE_MTE3,261349,261875,526,378550
case_084,post,4,7113,EXP,PIPE_V,261875,262175,300,378550
case_084,post,4,7114,REDUCE,PIPE_V,262175,262259,84,378550
case_084,post,4,1000025362,COPY_IN,PIPE_MTE2,262175,262687,512,378550
case_084,post,4,1000029658,COPY_OUT,PIPE_MTE3,262175,262687,512,378550
case_084,post,4,7125,EXP,PIPE_V,262687,262987,300,378550
case_084,post,4,7126,REDUCE,PIPE_V,262987,263071,84,378550
case_084,post,4,1000025375,COPY_IN,PIPE_MTE2,262987,263446,459,378550
case_084,post,4,1000029662,COPY_OUT,PIPE_MTE3,262987,263446,459,378550
case_084,post,4,7137,EXP,PIPE_V,263446,263746,300,378550
case_084,post,4,7138,REDUCE,PIPE_V,263746,263830,84,378550
case_084,post,4,1000025388,COPY_IN,PIPE_MTE2,263746,264173,427,378550
case_084,post,4,1000029666,COPY_OUT,PIPE_MTE3,263746,264173,427,378550
case_084,post,4,7149,EXP,PIPE_V,264173,264473,300,378550
case_084,post,4,7150,REDUCE,PIPE_V,264473,264557,84,378550
case_084,post,4,1000025401,COPY_IN,PIPE_MTE2,264473,264902,429,378550
case_084,post,4,1000029670,COPY_OUT,PIPE_MTE3,264473,264902,429,378550
case_084,post,4,7161,EXP,PIPE_V,264902,265202,300,378550
case_084,post,4,7162,REDUCE,PIPE_V,265202,265286,84,378550
case_084,post,4,1000025414,COPY_IN,PIPE_MTE2,265202,265635,433,378550
case_084,post,4,1000029674,COPY_OUT,PIPE_MTE3,265202,265635,433,378550
case_084,post,4,7173,EXP,PIPE_V,265635,265935,300,378550
case_084,post,4,7174,REDUCE,PIPE_V,265935,266019,84,378550
case_084,post,4,1000025427,COPY_IN,PIPE_MTE2,265935,266372,437,378550
case_084,post,4,1000029678,COPY_OUT,PIPE_MTE3,265935,266372,437,378550
case_084,post,4,7185,EXP,PIPE_V,266372,266672,300,378550
case_084,post,4,7186,REDUCE,PIPE_V,266672,266756,84,378550
case_084,post,4,1000025440,COPY_IN,PIPE_MTE2,266672,267131,459,378550
case_084,post,4,1000029682,COPY_OUT,PIPE_MTE3,266672,267131,459,378550
case_084,post,4,7197,EXP,PIPE_V,267131,267431,300,378550
case_084,post,4,7198,REDUCE,PIPE_V,267431,267515,84,378550
case_084,post,4,1000025453,COPY_IN,PIPE_MTE2,267431,267935,504,378550
case_084,post,4,1000029686,COPY_OUT,PIPE_MTE3,267431,267935,504,378550
case_084,post,4,7209,EXP,PIPE_V,267935,268235,300,378550
case_084,post,4,7210,REDUCE,PIPE_V,268235,268319,84,378550
case_084,post,4,1000025466,COPY_IN,PIPE_MTE2,268235,268770,535,378550
case_084,post,4,1000029690,COPY_OUT,PIPE_MTE3,268235,268770,535,378550
case_084,post,4,7221,EXP,PIPE_V,268770,269070,300,378550
case_084,post,4,7222,REDUCE,PIPE_V,269070,269154,84,378550
case_084,post,4,1000025479,COPY_IN,PIPE_MTE2,269070,269560,490,378550
case_084,post,4,1000029694,COPY_OUT,PIPE_MTE3,269070,269560,490,378550
case_084,post,4,7233,EXP,PIPE_V,269560,269860,300,378550
case_084,post,4,7234,REDUCE,PIPE_V,269860,269944,84,378550
case_084,post,4,1000025492,COPY_IN,PIPE_MTE2,269860,270302,442,378550
case_084,post,4,1000029698,COPY_OUT,PIPE_MTE3,269860,270302,442,378550
case_084,post,4,7245,EXP,PIPE_V,270302,270602,300,378550
case_084,post,4,7246,REDUCE,PIPE_V,270602,270686,84,378550
case_084,post,4,1000025505,COPY_IN,PIPE_MTE2,270602,271029,427,378550
case_084,post,4,1000029702,COPY_OUT,PIPE_MTE3,270602,271029,427,378550
case_084,post,4,7257,EXP,PIPE_V,271029,271329,300,378550
case_084,post,4,7258,REDUCE,PIPE_V,271329,271413,84,378550
case_084,post,4,1000025518,COPY_IN,PIPE_MTE2,271329,271759,430,378550
case_084,post,4,1000029706,COPY_OUT,PIPE_MTE3,271329,271759,430,378550
case_084,post,4,7269,EXP,PIPE_V,271759,272059,300,378550
case_084,post,4,7270,REDUCE,PIPE_V,272059,272143,84,378550
case_084,post,4,1000025531,COPY_IN,PIPE_MTE2,272059,272494,435,378550
case_084,post,4,1000029710,COPY_OUT,PIPE_MTE3,272059,272494,435,378550
case_084,post,4,7281,EXP,PIPE_V,272494,272794,300,378550
case_084,post,4,7282,REDUCE,PIPE_V,272794,272878,84,378550
case_084,post,4,1000025544,COPY_IN,PIPE_MTE2,272794,273208,414,378550
case_084,post,4,1000029714,COPY_OUT,PIPE_MTE3,272794,273208,414,378550
case_084,post,4,7293,EXP,PIPE_V,273208,273508,300,378550
case_084,post,4,7294,REDUCE,PIPE_V,273508,273592,84,378550
case_084,post,4,1000025557,COPY_IN,PIPE_MTE2,273508,273838,330,378550
case_084,post,4,1000029718,COPY_OUT,PIPE_MTE3,273508,273838,330,378550
case_084,post,4,7305,EXP,PIPE_V,273838,274138,300,378550
case_084,post,4,7306,REDUCE,PIPE_V,274138,274222,84,378550
case_084,post,4,1000025570,COPY_IN,PIPE_MTE2,274138,274495,357,378550
case_084,post,4,1000029722,COPY_OUT,PIPE_MTE3,274138,274495,357,378550
case_084,post,4,7317,EXP,PIPE_V,274495,274795,300,378550
case_084,post,4,7318,REDUCE,PIPE_V,274795,274879,84,378550
case_084,post,4,1000025583,COPY_IN,PIPE_MTE2,274795,275130,335,378550
case_084,post,4,1000029726,COPY_OUT,PIPE_MTE3,274795,275130,335,378550
case_084,post,4,7329,EXP,PIPE_V,275130,275430,300,378550
case_084,post,4,7330,REDUCE,PIPE_V,275430,275514,84,378550
case_084,post,4,1000025596,COPY_IN,PIPE_MTE2,275430,275844,414,378550
case_084,post,4,1000029730,COPY_OUT,PIPE_MTE3,275430,275844,414,378550
case_084,post,4,7341,EXP,PIPE_V,275844,276144,300,378550
case_084,post,4,7342,REDUCE,PIPE_V,276144,276228,84,378550
case_084,post,4,1000025609,COPY_IN,PIPE_MTE2,276144,276474,330,378550
case_084,post,4,1000029734,COPY_OUT,PIPE_MTE3,276144,276474,330,378550
case_084,post,4,7353,EXP,PIPE_V,276474,276774,300,378550
case_084,post,4,7354,REDUCE,PIPE_V,276774,276858,84,378550
case_084,post,4,1000025622,COPY_IN,PIPE_MTE2,276774,277075,301,378550
case_084,post,4,1000029738,COPY_OUT,PIPE_MTE3,276774,277075,301,378550
case_084,post,4,7365,EXP,PIPE_V,277075,277375,300,378550
case_084,post,4,7366,REDUCE,PIPE_V,277375,277459,84,378550
case_084,post,4,1000029742,COPY_OUT,PIPE_MTE3,277375,277518,143,378550
case_084,post,4,1000025635,COPY_IN,PIPE_MTE2,277518,277808,290,378550
case_084,post,4,1000029746,COPY_OUT,PIPE_MTE3,277518,277526,8,378550
case_084,post,4,7377,EXP,PIPE_V,277808,278108,300,378550
case_084,post,4,7378,REDUCE,PIPE_V,278108,278192,84,378550
case_084,post,4,1000029750,COPY_OUT,PIPE_MTE3,278108,278361,253,378550
case_084,post,4,1000025648,COPY_IN,PIPE_MTE2,278361,278570,209,378550
case_084,post,4,1000029754,COPY_OUT,PIPE_MTE3,278361,278367,6,378550
case_084,post,4,7389,EXP,PIPE_V,278570,278870,300,378550
case_084,post,4,7390,REDUCE,PIPE_V,278870,278954,84,378550
case_084,post,4,1000029758,COPY_OUT,PIPE_MTE3,278870,279094,224,378550
case_084,post,4,1000025661,COPY_IN,PIPE_MTE2,279094,279238,144,378550
case_084,post,4,1000029762,COPY_OUT,PIPE_MTE3,279094,279100,6,378550
case_084,post,4,7401,EXP,PIPE_V,279238,279538,300,378550
case_084,post,4,7402,REDUCE,PIPE_V,279538,279622,84,378550
case_084,post,4,1000029766,COPY_OUT,PIPE_MTE3,279538,279728,190,378550
case_084,post,4,1000025674,COPY_IN,PIPE_MTE2,279728,279930,202,378550
case_084,post,4,1000029770,COPY_OUT,PIPE_MTE3,279728,279734,6,378550
case_084,post,4,7413,EXP,PIPE_V,279930,280230,300,378550
case_084,post,4,7414,REDUCE,PIPE_V,280230,280314,84,378550
case_084,post,4,1000029774,COPY_OUT,PIPE_MTE3,280230,280571,341,378550
case_084,post,4,1000025687,COPY_IN,PIPE_MTE2,280571,280741,170,378550
case_084,post,4,1000029778,COPY_OUT,PIPE_MTE3,280571,280581,10,378550
case_084,post,4,7425,EXP,PIPE_V,280741,281041,300,378550
case_084,post,4,7426,REDUCE,PIPE_V,281041,281125,84,378550
case_084,post,4,1000029782,COPY_OUT,PIPE_MTE3,281041,281190,149,378550
case_084,post,4,1000025700,COPY_IN,PIPE_MTE2,281190,281346,156,378550
case_084,post,4,1000029786,COPY_OUT,PIPE_MTE3,281190,281196,6,378550
case_084,post,4,7437,EXP,PIPE_V,281346,281646,300,378550
case_084,post,4,7438,REDUCE,PIPE_V,281646,281730,84,378550
case_084,post,4,1000029790,COPY_OUT,PIPE_MTE3,281646,281843,197,378550
case_084,post,4,1000025713,COPY_IN,PIPE_MTE2,281843,281974,131,378550
case_084,post,4,1000029794,COPY_OUT,PIPE_MTE3,281843,281849,6,378550
case_084,post,4,7449,EXP,PIPE_V,281974,282274,300,378550
case_084,post,4,7450,REDUCE,PIPE_V,282274,282358,84,378550
case_084,post,4,1000029798,COPY_OUT,PIPE_MTE3,282274,282428,154,378550
case_084,post,4,1000025726,COPY_IN,PIPE_MTE2,282428,282698,270,378550
case_084,post,4,1000029802,COPY_OUT,PIPE_MTE3,282428,282438,10,378550
case_084,post,4,7461,EXP,PIPE_V,282698,282998,300,378550
case_084,post,4,7462,REDUCE,PIPE_V,282998,283082,84,378550
case_084,post,4,1000029806,COPY_OUT,PIPE_MTE3,282998,283135,137,378550
case_084,post,4,1000025739,COPY_IN,PIPE_MTE2,283135,283340,205,378550
case_084,post,4,1000029810,COPY_OUT,PIPE_MTE3,283135,283141,6,378550
case_084,post,4,7473,EXP,PIPE_V,283340,283640,300,378550
case_084,post,4,7474,REDUCE,PIPE_V,283640,283724,84,378550
case_084,post,4,1000029814,COPY_OUT,PIPE_MTE3,283640,283845,205,378550
case_084,post,4,1000025752,COPY_IN,PIPE_MTE2,283845,284024,179,378550
case_084,post,4,1000029818,COPY_OUT,PIPE_MTE3,283845,283851,6,378550
case_084,post,4,7485,EXP,PIPE_V,284024,284324,300,378550
case_084,post,4,7486,REDUCE,PIPE_V,284324,284408,84,378550
case_084,post,4,1000029822,COPY_OUT,PIPE_MTE3,284324,284468,144,378550
case_084,post,4,1000025765,COPY_IN,PIPE_MTE2,284468,284769,301,378550
case_084,post,4,1000029826,COPY_OUT,PIPE_MTE3,284468,284476,8,378550
case_084,post,4,7497,EXP,PIPE_V,284769,285069,300,378550
case_084,post,4,7498,REDUCE,PIPE_V,285069,285153,84,378550
case_084,post,4,1000029830,COPY_OUT,PIPE_MTE3,285069,285508,439,378550
case_084,post,4,1000025778,COPY_IN,PIPE_MTE2,285508,285941,433,378550
case_084,post,4,1000029834,COPY_OUT,PIPE_MTE3,285508,285520,12,378550
case_084,post,4,7509,EXP,PIPE_V,285941,286241,300,378550
case_084,post,4,7510,REDUCE,PIPE_V,286241,286325,84,378550
case_084,post,4,1000029838,COPY_OUT,PIPE_MTE3,286241,286652,411,378550
case_084,post,4,1000025791,COPY_IN,PIPE_MTE2,286652,287070,418,378550
case_084,post,4,1000029842,COPY_OUT,PIPE_MTE3,286652,286662,10,378550
case_084,post,4,7521,EXP,PIPE_V,287070,287370,300,378550
case_084,post,4,7522,REDUCE,PIPE_V,287370,287454,84,378550
case_084,post,4,1000029846,COPY_OUT,PIPE_MTE3,287370,287897,527,378550
case_084,post,4,1000025804,COPY_IN,PIPE_MTE2,287897,288366,469,378550
case_084,post,4,1000029850,COPY_OUT,PIPE_MTE3,287897,287915,18,378550
case_084,post,4,7533,EXP,PIPE_V,288366,288666,300,378550
case_084,post,4,7534,REDUCE,PIPE_V,288666,288750,84,378550
case_084,post,4,1000029854,COPY_OUT,PIPE_MTE3,288666,289030,364,378550
case_084,post,4,1000025817,COPY_IN,PIPE_MTE2,289030,289555,525,378550
case_084,post,4,1000029858,COPY_OUT,PIPE_MTE3,289030,289042,12,378550
case_084,post,4,7545,EXP,PIPE_V,289555,289855,300,378550
case_084,post,4,7546,REDUCE,PIPE_V,289855,289939,84,378550
case_084,post,4,1000029862,COPY_OUT,PIPE_MTE3,289855,290381,526,378550
case_084,post,4,1000025830,COPY_IN,PIPE_MTE2,290381,290855,474,378550
case_084,post,4,1000029866,COPY_OUT,PIPE_MTE3,290381,290394,13,378550
case_084,post,4,7557,EXP,PIPE_V,290855,291155,300,378550
case_084,post,4,7558,REDUCE,PIPE_V,291155,291239,84,378550
case_084,post,4,1000029870,COPY_OUT,PIPE_MTE3,291155,291592,437,378550
case_084,post,4,1000025843,COPY_IN,PIPE_MTE2,291592,292122,530,378550
case_084,post,4,1000029874,COPY_OUT,PIPE_MTE3,291592,291604,12,378550
case_084,post,4,7569,EXP,PIPE_V,292122,292422,300,378550
case_084,post,4,7570,REDUCE,PIPE_V,292422,292506,84,378550
case_084,post,4,1000029878,COPY_OUT,PIPE_MTE3,292422,292916,494,378550
case_084,post,4,1000025856,COPY_IN,PIPE_MTE2,292916,293335,419,378550
case_084,post,4,1000029882,COPY_OUT,PIPE_MTE3,292916,292930,14,378550
case_084,post,4,7581,EXP,PIPE_V,293335,293635,300,378550
case_084,post,4,7582,REDUCE,PIPE_V,293635,293719,84,378550
case_084,post,4,1000029886,COPY_OUT,PIPE_MTE3,293635,294068,433,378550
case_084,post,4,1000025869,COPY_IN,PIPE_MTE2,294068,294635,567,378550
case_084,post,4,1000029890,COPY_OUT,PIPE_MTE3,294068,294086,18,378550
case_084,post,4,7593,EXP,PIPE_V,294635,294935,300,378550
case_084,post,4,7594,REDUCE,PIPE_V,294935,295019,84,378550
case_084,post,4,1000029894,COPY_OUT,PIPE_MTE3,294935,295420,485,378550
case_084,post,4,1000025882,COPY_IN,PIPE_MTE2,295420,295815,395,378550
case_084,post,4,1000029898,COPY_OUT,PIPE_MTE3,295420,295433,13,378550
case_084,post,4,7605,EXP,PIPE_V,295815,296115,300,378550
case_084,post,4,7606,REDUCE,PIPE_V,296115,296199,84,378550
case_084,post,4,1000029902,COPY_OUT,PIPE_MTE3,296115,296579,464,378550
case_084,post,4,1000025895,COPY_IN,PIPE_MTE2,296579,297148,569,378550
case_084,post,4,1000029906,COPY_OUT,PIPE_MTE3,296579,296593,14,378550
case_084,post,4,7617,EXP,PIPE_V,297148,297448,300,378550
case_084,post,4,7618,REDUCE,PIPE_V,297448,297532,84,378550
case_084,post,4,1000029910,COPY_OUT,PIPE_MTE3,297448,297861,413,378550
case_084,post,4,1000025908,COPY_IN,PIPE_MTE2,297861,298338,477,378550
case_084,post,4,1000029914,COPY_OUT,PIPE_MTE3,297861,297871,10,378550
case_084,post,4,7629,EXP,PIPE_V,298338,298638,300,378550
case_084,post,4,7630,REDUCE,PIPE_V,298638,298722,84,378550
case_084,post,4,1000029918,COPY_OUT,PIPE_MTE3,298638,299226,588,378550
case_084,post,4,1000025921,COPY_IN,PIPE_MTE2,299226,299763,537,378550
case_084,post,4,1000029922,COPY_OUT,PIPE_MTE3,299226,299242,16,378550
case_084,post,4,7641,EXP,PIPE_V,299763,300063,300,378550
case_084,post,4,7642,REDUCE,PIPE_V,300063,300147,84,378550
case_084,post,4,1000029926,COPY_OUT,PIPE_MTE3,300063,300492,429,378550
case_084,post,4,1000025934,COPY_IN,PIPE_MTE2,300492,300904,412,378550
case_084,post,4,1000029930,COPY_OUT,PIPE_MTE3,300492,300506,14,378550
case_084,post,4,7653,EXP,PIPE_V,300904,301204,300,378550
case_084,post,4,7654,REDUCE,PIPE_V,301204,301288,84,378550
case_084,post,4,1000029934,COPY_OUT,PIPE_MTE3,301204,301760,556,378550
case_084,post,4,1000025947,COPY_IN,PIPE_MTE2,301760,302269,509,378550
case_084,post,4,1000029938,COPY_OUT,PIPE_MTE3,301760,301775,15,378550
case_084,post,4,7665,EXP,PIPE_V,302269,302569,300,378550
case_084,post,4,7666,REDUCE,PIPE_V,302569,302653,84,378550
case_084,post,4,1000029942,COPY_OUT,PIPE_MTE3,302569,303044,475,378550
case_084,post,4,1000025960,COPY_IN,PIPE_MTE2,303044,303449,405,378550
case_084,post,4,1000029946,COPY_OUT,PIPE_MTE3,303044,303058,14,378550
case_084,post,4,7677,EXP,PIPE_V,303449,303749,300,378550
case_084,post,4,7678,REDUCE,PIPE_V,303749,303833,84,378550
case_084,post,4,1000029950,COPY_OUT,PIPE_MTE3,303749,304269,520,378550
case_084,post,4,1000025973,COPY_IN,PIPE_MTE2,304269,304736,467,378550
case_084,post,4,1000029954,COPY_OUT,PIPE_MTE3,304269,304286,17,378550
case_084,post,4,7689,EXP,PIPE_V,304736,305036,300,378550
case_084,post,4,7690,REDUCE,PIPE_V,305036,305120,84,378550
case_084,post,4,1000029958,COPY_OUT,PIPE_MTE3,305036,305423,387,378550
case_084,post,4,1000025986,COPY_IN,PIPE_MTE2,305423,305934,511,378550
case_084,post,4,1000029962,COPY_OUT,PIPE_MTE3,305423,305433,10,378550
case_084,post,4,7701,EXP,PIPE_V,305934,306234,300,378550
case_084,post,4,7702,REDUCE,PIPE_V,306234,306318,84,378550
case_084,post,4,1000029966,COPY_OUT,PIPE_MTE3,306234,306775,541,378550
case_084,post,4,1000025999,COPY_IN,PIPE_MTE2,306775,307225,450,378550
case_084,post,4,1000029970,COPY_OUT,PIPE_MTE3,306775,306787,12,378550
case_084,post,4,7713,EXP,PIPE_V,307225,307525,300,378550
case_084,post,4,7714,REDUCE,PIPE_V,307525,307609,84,378550
case_084,post,4,1000029974,COPY_OUT,PIPE_MTE3,307525,307913,388,378550
case_084,post,4,1000026012,COPY_IN,PIPE_MTE2,307913,308501,588,378550
case_084,post,4,1000029978,COPY_OUT,PIPE_MTE3,307913,307925,12,378550
case_084,post,4,7725,EXP,PIPE_V,308501,308801,300,378550
case_084,post,4,1000026020,COPY_IN,PIPE_MTE2,308501,308867,366,378550
case_084,post,4,7726,REDUCE,PIPE_V,308801,308885,84,378550
case_084,post,4,1000029982,COPY_OUT,PIPE_MTE3,308801,309401,600,378550
case_084,post,4,1000024720,COPY_IN,PIPE_MTE2,308867,309288,421,378550
case_084,post,4,7738,REDUCE,PIPE_V,308885,308969,84,378550
case_084,post,4,1000024733,COPY_IN,PIPE_MTE2,309288,309609,321,378550
case_084,post,4,7739,DIV,PIPE_V,309401,309701,300,378550
case_084,post,4,1000024746,COPY_IN,PIPE_MTE2,309609,309924,315,378550
case_084,post,4,6539,DIV,PIPE_V,309701,310001,300,378550
case_084,post,4,7740,MATMUL,PIPE_M,309701,310289,588,378550
case_084,post,4,1000024759,COPY_IN,PIPE_MTE2,309924,310161,237,378550
case_084,post,4,6551,DIV,PIPE_V,310001,310301,300,378550
case_084,post,4,1000024772,COPY_IN,PIPE_MTE2,310161,310518,357,378550
case_084,post,4,6540,MATMUL,PIPE_M,310289,310877,588,378550
case_084,post,4,1000026030,COPY_OUT,PIPE_MTE3,310289,310801,512,378550
case_084,post,4,6563,DIV,PIPE_V,310301,310601,300,378550
case_084,post,4,1000024785,COPY_IN,PIPE_MTE2,310518,310959,441,378550
case_084,post,4,6575,DIV,PIPE_V,310601,310901,300,378550
case_084,post,4,6552,MATMUL,PIPE_M,310877,311465,588,378550
case_084,post,4,1000024727,COPY_OUT,PIPE_MTE3,310877,311296,419,378550
case_084,post,4,6587,DIV,PIPE_V,310901,311201,300,378550
case_084,post,4,1000024798,COPY_IN,PIPE_MTE2,310959,311390,431,378550
case_084,post,4,6599,DIV,PIPE_V,311201,311501,300,378550
case_084,post,4,1000024811,COPY_IN,PIPE_MTE2,311390,311764,374,378550
case_084,post,4,6564,MATMUL,PIPE_M,311465,312053,588,378550
case_084,post,4,1000024740,COPY_OUT,PIPE_MTE3,311465,311839,374,378550
case_084,post,4,6611,DIV,PIPE_V,311501,311801,300,378550
case_084,post,4,1000024824,COPY_IN,PIPE_MTE2,311764,312096,332,378550
case_084,post,4,6623,DIV,PIPE_V,311801,312101,300,378550
case_084,post,4,6576,MATMUL,PIPE_M,312053,312641,588,378550
case_084,post,4,1000024753,COPY_OUT,PIPE_MTE3,312053,312415,362,378550
case_084,post,4,1000024837,COPY_IN,PIPE_MTE2,312096,312452,356,378550
case_084,post,4,6635,DIV,PIPE_V,312101,312401,300,378550
case_084,post,4,6647,DIV,PIPE_V,312401,312701,300,378550
case_084,post,4,1000024850,COPY_IN,PIPE_MTE2,312452,312795,343,378550
case_084,post,4,6588,MATMUL,PIPE_M,312641,313229,588,378550
case_084,post,4,1000024766,COPY_OUT,PIPE_MTE3,312641,313074,433,378550
case_084,post,4,6659,DIV,PIPE_V,312701,313001,300,378550
case_084,post,4,1000024863,COPY_IN,PIPE_MTE2,312795,313227,432,378550
case_084,post,4,6671,DIV,PIPE_V,313001,313301,300,378550
case_084,post,4,1000024876,COPY_IN,PIPE_MTE2,313227,313640,413,378550
case_084,post,4,6600,MATMUL,PIPE_M,313229,313817,588,378550
case_084,post,4,1000024779,COPY_OUT,PIPE_MTE3,313229,313641,412,378550
case_084,post,4,6683,DIV,PIPE_V,313301,313601,300,378550
case_084,post,4,6695,DIV,PIPE_V,313601,313901,300,378550
case_084,post,4,1000024889,COPY_IN,PIPE_MTE2,313640,314026,386,378550
case_084,post,4,6612,MATMUL,PIPE_M,313817,314405,588,378550
case_084,post,4,1000024792,COPY_OUT,PIPE_MTE3,313817,314222,405,378550
case_084,post,4,6707,DIV,PIPE_V,313901,314201,300,378550
case_084,post,4,1000024902,COPY_IN,PIPE_MTE2,314026,314343,317,378550
case_084,post,4,6719,DIV,PIPE_V,314201,314501,300,378550
case_084,post,4,1000024915,COPY_IN,PIPE_MTE2,314343,314688,345,378550
case_084,post,4,6624,MATMUL,PIPE_M,314405,314993,588,378550
case_084,post,4,1000024805,COPY_OUT,PIPE_MTE3,314405,314765,360,378550
case_084,post,4,6731,DIV,PIPE_V,314501,314801,300,378550
case_084,post,4,1000024928,COPY_IN,PIPE_MTE2,314688,314979,291,378550
case_084,post,4,6743,DIV,PIPE_V,314801,315101,300,378550
case_084,post,4,1000024941,COPY_IN,PIPE_MTE2,314979,315458,479,378550
case_084,post,4,6636,MATMUL,PIPE_M,314993,315581,588,378550
case_084,post,4,1000024818,COPY_OUT,PIPE_MTE3,314993,315472,479,378550
case_084,post,4,6755,DIV,PIPE_V,315101,315401,300,378550
case_084,post,4,6767,DIV,PIPE_V,315401,315701,300,378550
case_084,post,4,1000024954,COPY_IN,PIPE_MTE2,315458,315843,385,378550
case_084,post,4,6648,MATMUL,PIPE_M,315581,316169,588,378550
case_084,post,4,1000024831,COPY_OUT,PIPE_MTE3,315581,316010,429,378550
case_084,post,4,6779,DIV,PIPE_V,315701,316001,300,378550
case_084,post,4,1000024967,COPY_IN,PIPE_MTE2,315843,316261,418,378550
case_084,post,4,6791,DIV,PIPE_V,316001,316301,300,378550
case_084,post,4,6660,MATMUL,PIPE_M,316169,316757,588,378550
case_084,post,4,1000024844,COPY_OUT,PIPE_MTE3,316169,316505,336,378550
case_084,post,4,1000024980,COPY_IN,PIPE_MTE2,316261,316583,322,378550
case_084,post,4,6803,DIV,PIPE_V,316301,316601,300,378550
case_084,post,4,1000024993,COPY_IN,PIPE_MTE2,316583,316945,362,378550
case_084,post,4,6815,DIV,PIPE_V,316601,316901,300,378550
case_084,post,4,6672,MATMUL,PIPE_M,316757,317345,588,378550
case_084,post,4,1000024857,COPY_OUT,PIPE_MTE3,316757,317104,347,378550
case_084,post,4,1000025006,COPY_IN,PIPE_MTE2,316945,317248,303,378550
case_084,post,4,1000025019,COPY_IN,PIPE_MTE2,317248,317664,416,378550
case_084,post,4,6684,MATMUL,PIPE_M,317345,317933,588,378550
case_084,post,4,1000024870,COPY_OUT,PIPE_MTE3,317345,317789,444,378550
case_084,post,4,1000029563,COPY_IN,PIPE_MTE2,317664,318289,625,378550
case_084,post,4,6696,MATMUL,PIPE_M,317933,318521,588,378550
case_084,post,4,1000024883,COPY_OUT,PIPE_MTE3,317933,318345,412,378550
case_084,post,4,6827,DIV,PIPE_V,318289,318589,300,378550
case_084,post,4,1000025032,COPY_IN,PIPE_MTE2,318289,318660,371,378550
case_084,post,4,6708,MATMUL,PIPE_M,318521,319109,588,378550
case_084,post,4,1000024896,COPY_OUT,PIPE_MTE3,318521,318922,401,378550
case_084,post,4,1000029567,COPY_IN,PIPE_MTE2,318660,319134,474,378550
case_084,post,4,6720,MATMUL,PIPE_M,319109,319697,588,378550
case_084,post,4,1000024909,COPY_OUT,PIPE_MTE3,319109,319465,356,378550
case_084,post,4,6839,DIV,PIPE_V,319134,319434,300,378550
case_084,post,4,1000025045,COPY_IN,PIPE_MTE2,319134,319495,361,378550
case_084,post,4,1000029571,COPY_IN,PIPE_MTE2,319495,320096,601,378550
case_084,post,4,6732,MATMUL,PIPE_M,319697,320285,588,378550
case_084,post,4,1000024922,COPY_OUT,PIPE_MTE3,319697,320150,453,378550
case_084,post,4,6851,DIV,PIPE_V,320096,320396,300,378550
case_084,post,4,1000025058,COPY_IN,PIPE_MTE2,320096,320485,389,378550
case_084,post,4,6744,MATMUL,PIPE_M,320285,320873,588,378550
case_084,post,4,1000024935,COPY_OUT,PIPE_MTE3,320285,320715,430,378550
case_084,post,4,1000029575,COPY_IN,PIPE_MTE2,320485,321058,573,378550
case_084,post,4,6756,MATMUL,PIPE_M,320873,321461,588,378550
case_084,post,4,1000024948,COPY_OUT,PIPE_MTE3,320873,321197,324,378550
case_084,post,4,6863,DIV,PIPE_V,321058,321358,300,378550
case_084,post,4,1000025071,COPY_IN,PIPE_MTE2,321058,321384,326,378550
case_084,post,4,1000029579,COPY_IN,PIPE_MTE2,321384,321877,493,378550
case_084,post,4,6768,MATMUL,PIPE_M,321461,322049,588,378550
case_084,post,4,1000024961,COPY_OUT,PIPE_MTE3,321461,321809,348,378550
case_084,post,4,6875,DIV,PIPE_V,321877,322177,300,378550
case_084,post,4,1000025084,COPY_IN,PIPE_MTE2,321877,322210,333,378550
case_084,post,4,6780,MATMUL,PIPE_M,322049,322637,588,378550
case_084,post,4,1000024974,COPY_OUT,PIPE_MTE3,322049,322512,463,378550
case_084,post,4,1000029583,COPY_IN,PIPE_MTE2,322210,322851,641,378550
case_084,post,4,6792,MATMUL,PIPE_M,322637,323225,588,378550
case_084,post,4,1000024987,COPY_OUT,PIPE_MTE3,322637,323011,374,378550
case_084,post,4,6887,DIV,PIPE_V,322851,323151,300,378550
case_084,post,4,1000025097,COPY_IN,PIPE_MTE2,322851,323224,373,378550
case_084,post,4,1000029587,COPY_IN,PIPE_MTE2,323224,323714,490,378550
case_084,post,4,6804,MATMUL,PIPE_M,323225,323813,588,378550
case_084,post,4,1000025000,COPY_OUT,PIPE_MTE3,323225,323594,369,378550
case_084,post,4,6899,DIV,PIPE_V,323714,324014,300,378550
case_084,post,4,1000025110,COPY_IN,PIPE_MTE2,323714,324000,286,378550
case_084,post,4,6816,MATMUL,PIPE_M,323813,324401,588,378550
case_084,post,4,1000025013,COPY_OUT,PIPE_MTE3,323813,324171,358,378550
case_084,post,4,1000029591,COPY_IN,PIPE_MTE2,324000,324602,602,378550
case_084,post,4,6828,MATMUL,PIPE_M,324401,324989,588,378550
case_084,post,4,1000025026,COPY_OUT,PIPE_MTE3,324401,324823,422,378550
case_084,post,4,6911,DIV,PIPE_V,324602,324902,300,378550
case_084,post,4,1000025123,COPY_IN,PIPE_MTE2,324602,325013,411,378550
case_084,post,4,6840,MATMUL,PIPE_M,324989,325577,588,378550
case_084,post,4,1000025039,COPY_OUT,PIPE_MTE3,324989,325414,425,378550
case_084,post,4,1000029595,COPY_IN,PIPE_MTE2,325013,325598,585,378550
case_084,post,4,6852,MATMUL,PIPE_M,325577,326165,588,378550
case_084,post,4,1000025052,COPY_OUT,PIPE_MTE3,325577,325934,357,378550
case_084,post,4,6923,DIV,PIPE_V,325598,325898,300,378550
case_084,post,4,1000025136,COPY_IN,PIPE_MTE2,325598,325955,357,378550
case_084,post,4,1000029599,COPY_IN,PIPE_MTE2,325955,326452,497,378550
case_084,post,4,6864,MATMUL,PIPE_M,326165,326753,588,378550
case_084,post,4,1000025065,COPY_OUT,PIPE_MTE3,326165,326493,328,378550
case_084,post,4,6935,DIV,PIPE_V,326452,326752,300,378550
case_084,post,4,1000025149,COPY_IN,PIPE_MTE2,326452,326796,344,378550
case_084,post,4,6876,MATMUL,PIPE_M,326753,327341,588,378550
case_084,post,4,1000025078,COPY_OUT,PIPE_MTE3,326753,327217,464,378550
case_084,post,4,1000029603,COPY_IN,PIPE_MTE2,326796,327405,609,378550
case_084,post,4,6888,MATMUL,PIPE_M,327341,327929,588,378550
case_084,post,4,1000025091,COPY_OUT,PIPE_MTE3,327341,327759,418,378550
case_084,post,4,6947,DIV,PIPE_V,327405,327705,300,378550
case_084,post,4,1000025162,COPY_IN,PIPE_MTE2,327405,327833,428,378550
case_084,post,4,1000029607,COPY_IN,PIPE_MTE2,327833,328304,471,378550
case_084,post,4,6900,MATMUL,PIPE_M,327929,328517,588,378550
case_084,post,4,1000025104,COPY_OUT,PIPE_MTE3,327929,328255,326,378550
case_084,post,4,6959,DIV,PIPE_V,328304,328604,300,378550
case_084,post,4,1000025175,COPY_IN,PIPE_MTE2,328304,328606,302,378550
case_084,post,4,6912,MATMUL,PIPE_M,328517,329105,588,378550
case_084,post,4,1000025117,COPY_OUT,PIPE_MTE3,328517,328894,377,378550
case_084,post,4,1000029611,COPY_IN,PIPE_MTE2,328606,329149,543,378550
case_084,post,4,6924,MATMUL,PIPE_M,329105,329693,588,378550
case_084,post,4,1000025130,COPY_OUT,PIPE_MTE3,329105,329526,421,378550
case_084,post,4,6971,DIV,PIPE_V,329149,329449,300,378550
case_084,post,4,1000025188,COPY_IN,PIPE_MTE2,329149,329570,421,378550
case_084,post,4,1000029615,COPY_IN,PIPE_MTE2,329570,330150,580,378550
case_084,post,4,6936,MATMUL,PIPE_M,329693,330281,588,378550
case_084,post,4,1000025143,COPY_OUT,PIPE_MTE3,329693,330088,395,378550
case_084,post,4,6983,DIV,PIPE_V,330150,330450,300,378550
case_084,post,4,1000025201,COPY_IN,PIPE_MTE2,330150,330463,313,378550
case_084,post,4,6948,MATMUL,PIPE_M,330281,330869,588,378550
case_084,post,4,1000025156,COPY_OUT,PIPE_MTE3,330281,330616,335,378550
case_084,post,4,1000029619,COPY_IN,PIPE_MTE2,330463,330878,415,378550
case_084,post,4,6960,MATMUL,PIPE_M,330869,331457,588,378550
case_084,post,4,1000025169,COPY_OUT,PIPE_MTE3,330869,331137,268,378550
case_084,post,4,6995,DIV,PIPE_V,330878,331178,300,378550
case_084,post,4,1000025214,COPY_IN,PIPE_MTE2,330878,331147,269,378550
case_084,post,4,1000029623,COPY_IN,PIPE_MTE2,331147,331736,589,378550
case_084,post,4,6972,MATMUL,PIPE_M,331457,332045,588,378550
case_084,post,4,1000025182,COPY_OUT,PIPE_MTE3,331457,331861,404,378550
case_084,post,4,7007,DIV,PIPE_V,331736,332036,300,378550
case_084,post,4,1000025227,COPY_IN,PIPE_MTE2,331736,332060,324,378550
case_084,post,4,6984,MATMUL,PIPE_M,332045,332633,588,378550
case_084,post,4,1000025195,COPY_OUT,PIPE_MTE3,332045,332474,429,378550
case_084,post,4,1000029627,COPY_IN,PIPE_MTE2,332060,332586,526,378550
case_084,post,4,7019,DIV,PIPE_V,332586,332886,300,378550
case_084,post,4,1000025240,COPY_IN,PIPE_MTE2,332586,332936,350,378550
case_084,post,4,6996,MATMUL,PIPE_M,332633,333221,588,378550
case_084,post,4,1000025208,COPY_OUT,PIPE_MTE3,332633,333007,374,378550
case_084,post,4,1000029631,COPY_IN,PIPE_MTE2,332936,333339,403,378550
case_084,post,4,7008,MATMUL,PIPE_M,333221,333809,588,378550
case_084,post,4,1000025221,COPY_OUT,PIPE_MTE3,333221,333517,296,378550
case_084,post,4,7031,DIV,PIPE_V,333339,333639,300,378550
case_084,post,4,1000025253,COPY_IN,PIPE_MTE2,333339,333648,309,378550
case_084,post,4,1000029635,COPY_IN,PIPE_MTE2,333648,334260,612,378550
case_084,post,4,7020,MATMUL,PIPE_M,333809,334397,588,378550
case_084,post,4,1000025234,COPY_OUT,PIPE_MTE3,333809,334246,437,378550
case_084,post,4,7043,DIV,PIPE_V,334260,334560,300,378550
case_084,post,4,1000025266,COPY_IN,PIPE_MTE2,334260,334608,348,378550
case_084,post,4,7032,MATMUL,PIPE_M,334397,334985,588,378550
case_084,post,4,1000025247,COPY_OUT,PIPE_MTE3,334397,334802,405,378550
case_084,post,4,1000029639,COPY_IN,PIPE_MTE2,334608,335092,484,378550
case_084,post,4,7044,MATMUL,PIPE_M,334985,335573,588,378550
case_084,post,4,1000025260,COPY_OUT,PIPE_MTE3,334985,335269,284,378550
case_084,post,4,7055,DIV,PIPE_V,335092,335392,300,378550
case_084,post,4,1000025279,COPY_IN,PIPE_MTE2,335092,335377,285,378550
case_084,post,4,1000029643,COPY_IN,PIPE_MTE2,335377,335840,463,378550
case_084,post,4,7056,MATMUL,PIPE_M,335573,336161,588,378550
case_084,post,4,1000025273,COPY_OUT,PIPE_MTE3,335573,335875,302,378550
case_084,post,4,7067,DIV,PIPE_V,335840,336140,300,378550
case_084,post,4,1000025292,COPY_IN,PIPE_MTE2,335840,336147,307,378550
case_084,post,4,1000029647,COPY_IN,PIPE_MTE2,336147,336739,592,378550
case_084,post,4,7068,MATMUL,PIPE_M,336161,336749,588,378550
case_084,post,4,1000025286,COPY_OUT,PIPE_MTE3,336161,336606,445,378550
case_084,post,4,7079,DIV,PIPE_V,336739,337039,300,378550
case_084,post,4,1000025305,COPY_IN,PIPE_MTE2,336739,337142,403,378550
case_084,post,4,1000025299,COPY_OUT,PIPE_MTE3,336749,337154,405,378550
case_084,post,4,7080,MATMUL,PIPE_M,337142,337730,588,378550
case_084,post,4,1000029651,COPY_IN,PIPE_MTE2,337142,337529,387,378550
case_084,post,4,7091,DIV,PIPE_V,337529,337829,300,378550
case_084,post,4,1000025318,COPY_IN,PIPE_MTE2,337529,337794,265,378550
case_084,post,4,1000025312,COPY_OUT,PIPE_MTE3,337730,338053,323,378550
case_084,post,4,1000029655,COPY_IN,PIPE_MTE2,337794,338263,469,378550
case_084,post,4,7092,MATMUL,PIPE_M,337829,338417,588,378550
case_084,post,4,7103,DIV,PIPE_V,338263,338563,300,378550
case_084,post,4,1000025331,COPY_IN,PIPE_MTE2,338263,338632,369,378550
case_084,post,4,1000025325,COPY_OUT,PIPE_MTE3,338417,338798,381,378550
case_084,post,4,7104,MATMUL,PIPE_M,338632,339220,588,378550
case_084,post,4,1000029659,COPY_IN,PIPE_MTE2,338632,339188,556,378550
case_084,post,4,7115,DIV,PIPE_V,339188,339488,300,378550
case_084,post,4,1000025344,COPY_IN,PIPE_MTE2,339188,339524,336,378550
case_084,post,4,1000025338,COPY_OUT,PIPE_MTE3,339220,339576,356,378550
case_084,post,4,7116,MATMUL,PIPE_M,339524,340112,588,378550
case_084,post,4,1000029663,COPY_IN,PIPE_MTE2,339524,339937,413,378550
case_084,post,4,7127,DIV,PIPE_V,339937,340237,300,378550
case_084,post,4,1000025357,COPY_IN,PIPE_MTE2,339937,340160,223,378550
case_084,post,4,1000025351,COPY_OUT,PIPE_MTE3,340112,340481,369,378550
case_084,post,4,1000029667,COPY_IN,PIPE_MTE2,340160,340692,532,378550
case_084,post,4,7128,MATMUL,PIPE_M,340237,340825,588,378550
case_084,post,4,7139,DIV,PIPE_V,340692,340992,300,378550
case_084,post,4,1000025370,COPY_IN,PIPE_MTE2,340692,341061,369,378550
case_084,post,4,1000025364,COPY_OUT,PIPE_MTE3,340825,341242,417,378550
case_084,post,4,7140,MATMUL,PIPE_M,341061,341649,588,378550
case_084,post,4,1000029671,COPY_IN,PIPE_MTE2,341061,341599,538,378550
case_084,post,4,7151,DIV,PIPE_V,341599,341899,300,378550
case_084,post,4,1000025383,COPY_IN,PIPE_MTE2,341599,341950,351,378550
case_084,post,4,1000025377,COPY_OUT,PIPE_MTE3,341649,342009,360,378550
case_084,post,4,7152,MATMUL,PIPE_M,341950,342538,588,378550
case_084,post,4,1000029675,COPY_IN,PIPE_MTE2,341950,342349,399,378550
case_084,post,4,7163,DIV,PIPE_V,342349,342649,300,378550
case_084,post,4,1000025396,COPY_IN,PIPE_MTE2,342349,342590,241,378550
case_084,post,4,1000025390,COPY_OUT,PIPE_MTE3,342538,342854,316,378550
case_084,post,4,1000029679,COPY_IN,PIPE_MTE2,342590,343124,534,378550
case_084,post,4,7164,MATMUL,PIPE_M,342649,343237,588,378550
case_084,post,4,7175,DIV,PIPE_V,343124,343424,300,378550
case_084,post,4,1000025409,COPY_IN,PIPE_MTE2,343124,343484,360,378550
case_084,post,4,1000025403,COPY_OUT,PIPE_MTE3,343237,343602,365,378550
case_084,post,4,7176,MATMUL,PIPE_M,343484,344072,588,378550
case_084,post,4,1000029683,COPY_IN,PIPE_MTE2,343484,344027,543,378550
case_084,post,4,7187,DIV,PIPE_V,344027,344327,300,378550
case_084,post,4,1000025422,COPY_IN,PIPE_MTE2,344027,344326,299,378550
case_084,post,4,1000025416,COPY_OUT,PIPE_MTE3,344072,344417,345,378550
case_084,post,4,1000029687,COPY_IN,PIPE_MTE2,344326,344750,424,378550
case_084,post,4,7188,MATMUL,PIPE_M,344327,344915,588,378550
case_084,post,4,7199,DIV,PIPE_V,344750,345050,300,378550
case_084,post,4,1000025435,COPY_IN,PIPE_MTE2,344750,344969,219,378550
case_084,post,4,1000025429,COPY_OUT,PIPE_MTE3,344915,345212,297,378550
case_084,post,4,1000029691,COPY_IN,PIPE_MTE2,344969,345504,535,378550
case_084,post,4,7200,MATMUL,PIPE_M,345050,345638,588,378550
case_084,post,4,7211,DIV,PIPE_V,345504,345804,300,378550
case_084,post,4,1000025448,COPY_IN,PIPE_MTE2,345504,345864,360,378550
case_084,post,4,1000025442,COPY_OUT,PIPE_MTE3,345638,345986,348,378550
case_084,post,4,7212,MATMUL,PIPE_M,345864,346452,588,378550
case_084,post,4,1000029695,COPY_IN,PIPE_MTE2,345864,346407,543,378550
case_084,post,4,7223,DIV,PIPE_V,346407,346707,300,378550
case_084,post,4,1000025461,COPY_IN,PIPE_MTE2,346407,346699,292,378550
case_084,post,4,1000025455,COPY_OUT,PIPE_MTE3,346452,346789,337,378550
case_084,post,4,1000029699,COPY_IN,PIPE_MTE2,346699,347131,432,378550
case_084,post,4,7224,MATMUL,PIPE_M,346707,347295,588,378550
case_084,post,4,7235,DIV,PIPE_V,347131,347431,300,378550
case_084,post,4,1000025474,COPY_IN,PIPE_MTE2,347131,347350,219,378550
case_084,post,4,1000025468,COPY_OUT,PIPE_MTE3,347295,347609,314,378550
case_084,post,4,1000029703,COPY_IN,PIPE_MTE2,347350,347910,560,378550
case_084,post,4,7236,MATMUL,PIPE_M,347431,348019,588,378550
case_084,post,4,7247,DIV,PIPE_V,347910,348210,300,378550
case_084,post,4,1000025487,COPY_IN,PIPE_MTE2,347910,348260,350,378550
case_084,post,4,1000025481,COPY_OUT,PIPE_MTE3,348019,348363,344,378550
case_084,post,4,7248,MATMUL,PIPE_M,348260,348848,588,378550
case_084,post,4,1000029707,COPY_IN,PIPE_MTE2,348260,348789,529,378550
case_084,post,4,7259,DIV,PIPE_V,348789,349089,300,378550
case_084,post,4,1000025500,COPY_IN,PIPE_MTE2,348789,349070,281,378550
case_084,post,4,1000025494,COPY_OUT,PIPE_MTE3,348848,349186,338,378550
case_084,post,4,1000029711,COPY_IN,PIPE_MTE2,349070,349513,443,378550
case_084,post,4,7260,MATMUL,PIPE_M,349089,349677,588,378550
case_084,post,4,7271,DIV,PIPE_V,349513,349813,300,378550
case_084,post,4,1000025513,COPY_IN,PIPE_MTE2,349513,349715,202,378550
case_084,post,4,1000025507,COPY_OUT,PIPE_MTE3,349677,349932,255,378550
case_084,post,4,1000029715,COPY_IN,PIPE_MTE2,349715,350171,456,378550
case_084,post,4,7272,MATMUL,PIPE_M,349813,350401,588,378550
case_084,post,4,7283,DIV,PIPE_V,350171,350471,300,378550
case_084,post,4,1000025526,COPY_IN,PIPE_MTE2,350171,350458,287,378550
case_084,post,4,1000025520,COPY_OUT,PIPE_MTE3,350401,350700,299,378550
case_084,post,4,1000029719,COPY_IN,PIPE_MTE2,350458,350928,470,378550
case_084,post,4,7284,MATMUL,PIPE_M,350471,351059,588,378550
case_084,post,4,7295,DIV,PIPE_V,350928,351228,300,378550
case_084,post,4,1000025539,COPY_IN,PIPE_MTE2,350928,351121,193,378550
case_084,post,4,1000025533,COPY_OUT,PIPE_MTE3,351059,351275,216,378550
case_084,post,4,1000029723,COPY_IN,PIPE_MTE2,351121,351442,321,378550
case_084,post,4,7296,MATMUL,PIPE_M,351228,351816,588,378550
case_084,post,4,7307,DIV,PIPE_V,351442,351742,300,378550
case_084,post,4,1000025552,COPY_IN,PIPE_MTE2,351442,351649,207,378550
case_084,post,4,1000029727,COPY_IN,PIPE_MTE2,351649,351901,252,378550
case_084,post,4,7308,MATMUL,PIPE_M,351816,352404,588,378550
case_084,post,4,1000025546,COPY_OUT,PIPE_MTE3,351816,352051,235,378550
case_084,post,4,7319,DIV,PIPE_V,351901,352201,300,378550
case_084,post,4,1000025565,COPY_IN,PIPE_MTE2,351901,352137,236,378550
case_084,post,4,1000029731,COPY_IN,PIPE_MTE2,352137,352563,426,378550
case_084,post,4,7320,MATMUL,PIPE_M,352404,352992,588,378550
case_084,post,4,1000025559,COPY_OUT,PIPE_MTE3,352404,352701,297,378550
case_084,post,4,7331,DIV,PIPE_V,352563,352863,300,378550
case_084,post,4,1000025578,COPY_IN,PIPE_MTE2,352563,352845,282,378550
case_084,post,4,1000029735,COPY_IN,PIPE_MTE2,352845,353224,379,378550
case_084,post,4,7332,MATMUL,PIPE_M,352992,353580,588,378550
case_084,post,4,1000025572,COPY_OUT,PIPE_MTE3,352992,353236,244,378550
case_084,post,4,7343,DIV,PIPE_V,353224,353524,300,378550
case_084,post,4,1000025591,COPY_IN,PIPE_MTE2,353224,353415,191,378550
case_084,post,4,1000029739,COPY_IN,PIPE_MTE2,353415,353753,338,378550
case_084,post,4,7344,MATMUL,PIPE_M,353580,354168,588,378550
case_084,post,4,1000025585,COPY_OUT,PIPE_MTE3,353580,353819,239,378550
case_084,post,4,7355,DIV,PIPE_V,353753,354053,300,378550
case_084,post,4,1000025604,COPY_IN,PIPE_MTE2,353753,353926,173,378550
case_084,post,4,1000029743,COPY_IN,PIPE_MTE2,353926,354232,306,378550
case_084,post,4,7356,MATMUL,PIPE_M,354168,354756,588,378550
case_084,post,4,1000025598,COPY_OUT,PIPE_MTE3,354168,354428,260,378550
case_084,post,4,1000029747,COPY_IN,PIPE_MTE2,354232,354242,10,378550
case_084,post,4,7367,DIV,PIPE_V,354242,354542,300,378550
case_084,post,4,1000025617,COPY_IN,PIPE_MTE2,354242,354475,233,378550
case_084,post,4,1000029751,COPY_IN,PIPE_MTE2,354475,354865,390,378550
case_084,post,4,7368,MATMUL,PIPE_M,354756,355344,588,378550
case_084,post,4,1000025611,COPY_OUT,PIPE_MTE3,354756,355098,342,378550
case_084,post,4,1000029755,COPY_IN,PIPE_MTE2,354865,354879,14,378550
case_084,post,4,7379,DIV,PIPE_V,354879,355179,300,378550
case_084,post,4,1000025630,COPY_IN,PIPE_MTE2,354879,355187,308,378550
case_084,post,4,1000029759,COPY_IN,PIPE_MTE2,355187,355541,354,378550
case_084,post,4,7380,MATMUL,PIPE_M,355344,355932,588,378550
case_084,post,4,1000025624,COPY_OUT,PIPE_MTE3,355344,355622,278,378550
case_084,post,4,1000029763,COPY_IN,PIPE_MTE2,355541,355551,10,378550
case_084,post,4,7391,DIV,PIPE_V,355551,355851,300,378550
case_084,post,4,1000025643,COPY_IN,PIPE_MTE2,355551,355782,231,378550
case_084,post,4,1000029767,COPY_IN,PIPE_MTE2,355782,356044,262,378550
case_084,post,4,7392,MATMUL,PIPE_M,355932,356520,588,378550
case_084,post,4,1000025637,COPY_OUT,PIPE_MTE3,355932,356170,238,378550
case_084,post,4,1000029771,COPY_IN,PIPE_MTE2,356044,356054,10,378550
case_084,post,4,7403,DIV,PIPE_V,356054,356354,300,378550
case_084,post,4,1000025656,COPY_IN,PIPE_MTE2,356054,356292,238,378550
case_084,post,4,1000029775,COPY_IN,PIPE_MTE2,356292,356576,284,378550
case_084,post,4,7404,MATMUL,PIPE_M,356520,357108,588,378550
case_084,post,4,1000025650,COPY_OUT,PIPE_MTE3,356520,356733,213,378550
case_084,post,4,1000029779,COPY_IN,PIPE_MTE2,356576,356584,8,378550
case_084,post,4,7415,DIV,PIPE_V,356584,356884,300,378550
case_084,post,4,1000025669,COPY_IN,PIPE_MTE2,356584,356798,214,378550
case_084,post,4,1000029783,COPY_IN,PIPE_MTE2,356798,357245,447,378550
case_084,post,4,7416,MATMUL,PIPE_M,357108,357696,588,378550
case_084,post,4,1000025663,COPY_OUT,PIPE_MTE3,357108,357403,295,378550
case_084,post,4,1000029787,COPY_IN,PIPE_MTE2,357245,357256,11,378550
case_084,post,4,7427,DIV,PIPE_V,357256,357556,300,378550
case_084,post,4,1000025682,COPY_IN,PIPE_MTE2,357256,357508,252,378550
case_084,post,4,1000029791,COPY_IN,PIPE_MTE2,357508,357849,341,378550
case_084,post,4,7428,MATMUL,PIPE_M,357696,358284,588,378550
case_084,post,4,1000025676,COPY_OUT,PIPE_MTE3,357696,357933,237,378550
case_084,post,4,1000029795,COPY_IN,PIPE_MTE2,357849,357857,8,378550
case_084,post,4,7439,DIV,PIPE_V,357857,358157,300,378550
case_084,post,4,1000025695,COPY_IN,PIPE_MTE2,357857,358032,175,378550
case_084,post,4,1000029799,COPY_IN,PIPE_MTE2,358032,358334,302,378550
case_084,post,4,7440,MATMUL,PIPE_M,358284,358872,588,378550
case_084,post,4,1000025689,COPY_OUT,PIPE_MTE3,358284,358544,260,378550
case_084,post,4,1000029803,COPY_IN,PIPE_MTE2,358334,358344,10,378550
case_084,post,4,7451,DIV,PIPE_V,358344,358644,300,378550
case_084,post,4,1000025708,COPY_IN,PIPE_MTE2,358344,358581,237,378550
case_084,post,4,1000029807,COPY_IN,PIPE_MTE2,358581,358829,248,378550
case_084,post,4,1000029811,COPY_IN,PIPE_MTE2,358829,358837,8,378550
case_084,post,4,7463,DIV,PIPE_V,358837,359137,300,378550
case_084,post,4,1000025721,COPY_IN,PIPE_MTE2,358837,359092,255,378550
case_084,post,4,7452,MATMUL,PIPE_M,358872,359460,588,378550
case_084,post,4,1000025702,COPY_OUT,PIPE_MTE3,358872,359136,264,378550
case_084,post,4,1000029815,COPY_IN,PIPE_MTE2,359092,359412,320,378550
case_084,post,4,1000029819,COPY_IN,PIPE_MTE2,359412,359418,6,378550
case_084,post,4,7475,DIV,PIPE_V,359418,359718,300,378550
case_084,post,4,1000025734,COPY_IN,PIPE_MTE2,359418,359659,241,378550
case_084,post,4,7464,MATMUL,PIPE_M,359460,360048,588,378550
case_084,post,4,1000025715,COPY_OUT,PIPE_MTE3,359460,359729,269,378550
case_084,post,4,1000029823,COPY_IN,PIPE_MTE2,359659,359962,303,378550
case_084,post,4,1000029827,COPY_IN,PIPE_MTE2,359962,359968,6,378550
case_084,post,4,7487,DIV,PIPE_V,359968,360268,300,378550
case_084,post,4,1000025747,COPY_IN,PIPE_MTE2,359968,360155,187,378550
case_084,post,4,7476,MATMUL,PIPE_M,360048,360636,588,378550
case_084,post,4,1000025728,COPY_OUT,PIPE_MTE3,360048,360297,249,378550
case_084,post,4,1000029831,COPY_IN,PIPE_MTE2,360155,360560,405,378550
case_084,post,4,1000029835,COPY_IN,PIPE_MTE2,360560,360570,10,378550
case_084,post,4,7499,DIV,PIPE_V,360570,360870,300,378550
case_084,post,4,1000025760,COPY_IN,PIPE_MTE2,360570,360787,217,378550
case_084,post,4,7488,MATMUL,PIPE_M,360636,361224,588,378550
case_084,post,4,1000025741,COPY_OUT,PIPE_MTE3,360636,360854,218,378550
case_084,post,4,1000029839,COPY_IN,PIPE_MTE2,360787,361105,318,378550
case_084,post,4,1000029843,COPY_IN,PIPE_MTE2,361105,361113,8,378550
case_084,post,4,7511,DIV,PIPE_V,361113,361413,300,378550
case_084,post,4,1000025773,COPY_IN,PIPE_MTE2,361113,361323,210,378550
case_084,post,4,7500,MATMUL,PIPE_M,361224,361812,588,378550
case_084,post,4,1000025754,COPY_OUT,PIPE_MTE3,361224,361434,210,378550
case_084,post,4,1000029847,COPY_IN,PIPE_MTE2,361323,361634,311,378550
case_084,post,4,1000029851,COPY_IN,PIPE_MTE2,361634,361644,10,378550
case_084,post,4,7523,DIV,PIPE_V,361644,361944,300,378550
case_084,post,4,1000025786,COPY_IN,PIPE_MTE2,361644,361906,262,378550
case_084,post,4,7512,MATMUL,PIPE_M,361812,362400,588,378550
case_084,post,4,1000025767,COPY_OUT,PIPE_MTE3,361812,362051,239,378550
case_084,post,4,1000029855,COPY_IN,PIPE_MTE2,361906,362184,278,378550
case_084,post,4,1000029859,COPY_IN,PIPE_MTE2,362184,362192,8,378550
case_084,post,4,7535,DIV,PIPE_V,362192,362492,300,378550
case_084,post,4,1000025799,COPY_IN,PIPE_MTE2,362192,362399,207,378550
case_084,post,4,1000029863,COPY_IN,PIPE_MTE2,362399,362732,333,378550
case_084,post,4,7524,MATMUL,PIPE_M,362400,362988,588,378550
case_084,post,4,1000025780,COPY_OUT,PIPE_MTE3,362400,362658,258,378550
case_084,post,4,1000029867,COPY_IN,PIPE_MTE2,362732,362738,6,378550
case_084,post,4,7547,DIV,PIPE_V,362738,363038,300,378550
case_084,post,4,1000025812,COPY_IN,PIPE_MTE2,362738,362904,166,378550
case_084,post,4,1000029871,COPY_IN,PIPE_MTE2,362904,363268,364,378550
case_084,post,4,7536,MATMUL,PIPE_M,362988,363576,588,378550
case_084,post,4,1000025793,COPY_OUT,PIPE_MTE3,362988,363252,264,378550
case_084,post,4,1000029875,COPY_IN,PIPE_MTE2,363268,363276,8,378550
case_084,post,4,7559,DIV,PIPE_V,363276,363576,300,378550
case_084,post,4,1000025825,COPY_IN,PIPE_MTE2,363276,363443,167,378550
case_084,post,4,1000029879,COPY_IN,PIPE_MTE2,363443,363752,309,378550
case_084,post,4,7548,MATMUL,PIPE_M,363576,364164,588,378550
case_084,post,4,1000025806,COPY_OUT,PIPE_MTE3,363576,363844,268,378550
case_084,post,4,1000029883,COPY_IN,PIPE_MTE2,363752,363763,11,378550
case_084,post,4,7571,DIV,PIPE_V,363763,364063,300,378550
case_084,post,4,1000025838,COPY_IN,PIPE_MTE2,363763,364029,266,378550
case_084,post,4,1000029887,COPY_IN,PIPE_MTE2,364029,364332,303,378550
case_084,post,4,7560,MATMUL,PIPE_M,364164,364752,588,378550
case_084,post,4,1000025819,COPY_OUT,PIPE_MTE3,364164,364408,244,378550
case_084,post,4,1000029891,COPY_IN,PIPE_MTE2,364332,364342,10,378550
case_084,post,4,7583,DIV,PIPE_V,364342,364642,300,378550
case_084,post,4,1000025851,COPY_IN,PIPE_MTE2,364342,364571,229,378550
case_084,post,4,1000029895,COPY_IN,PIPE_MTE2,364571,364847,276,378550
case_084,post,4,7572,MATMUL,PIPE_M,364752,365340,588,378550
case_084,post,4,1000025832,COPY_OUT,PIPE_MTE3,364752,364972,220,378550
case_084,post,4,1000029899,COPY_IN,PIPE_MTE2,364847,364855,8,378550
case_084,post,4,7595,DIV,PIPE_V,364855,365155,300,378550
case_084,post,4,1000025864,COPY_IN,PIPE_MTE2,364855,365075,220,378550
case_084,post,4,1000029903,COPY_IN,PIPE_MTE2,365075,365383,308,378550
case_084,post,4,7584,MATMUL,PIPE_M,365340,365928,588,378550
case_084,post,4,1000025845,COPY_OUT,PIPE_MTE3,365340,365548,208,378550
case_084,post,4,1000029907,COPY_IN,PIPE_MTE2,365383,365391,8,378550
case_084,post,4,7607,DIV,PIPE_V,365391,365691,300,378550
case_084,post,4,1000025877,COPY_IN,PIPE_MTE2,365391,365586,195,378550
case_084,post,4,1000029911,COPY_IN,PIPE_MTE2,365586,365888,302,378550
case_084,post,4,1000029915,COPY_IN,PIPE_MTE2,365888,365896,8,378550
case_084,post,4,7619,DIV,PIPE_V,365896,366196,300,378550
case_084,post,4,1000025890,COPY_IN,PIPE_MTE2,365896,366127,231,378550
case_084,post,4,7596,MATMUL,PIPE_M,365928,366516,588,378550
case_084,post,4,1000025858,COPY_OUT,PIPE_MTE3,365928,366159,231,378550
case_084,post,4,1000029919,COPY_IN,PIPE_MTE2,366127,366455,328,378550
case_084,post,4,1000029923,COPY_IN,PIPE_MTE2,366455,366463,8,378550
case_084,post,4,7631,DIV,PIPE_V,366463,366763,300,378550
case_084,post,4,1000025903,COPY_IN,PIPE_MTE2,366463,366716,253,378550
case_084,post,4,7608,MATMUL,PIPE_M,366516,367104,588,378550
case_084,post,4,1000025871,COPY_OUT,PIPE_MTE3,366516,366773,257,378550
case_084,post,4,1000029927,COPY_IN,PIPE_MTE2,366716,366967,251,378550
case_084,post,4,1000029931,COPY_IN,PIPE_MTE2,366967,366975,8,378550
case_084,post,4,7643,DIV,PIPE_V,366975,367275,300,378550
case_084,post,4,1000025916,COPY_IN,PIPE_MTE2,366975,367206,231,378550
case_084,post,4,7620,MATMUL,PIPE_M,367104,367692,588,378550
case_084,post,4,1000025884,COPY_OUT,PIPE_MTE3,367104,367366,262,378550
case_084,post,4,1000029935,COPY_IN,PIPE_MTE2,367206,367516,310,378550
case_084,post,4,1000029939,COPY_IN,PIPE_MTE2,367516,367522,6,378550
case_084,post,4,7655,DIV,PIPE_V,367522,367822,300,378550
case_084,post,4,1000025929,COPY_IN,PIPE_MTE2,367522,367687,165,378550
case_084,post,4,1000029943,COPY_IN,PIPE_MTE2,367687,368054,367,378550
case_084,post,4,7632,MATMUL,PIPE_M,367692,368280,588,378550
case_084,post,4,1000025897,COPY_OUT,PIPE_MTE3,367692,367960,268,378550
case_084,post,4,1000029947,COPY_IN,PIPE_MTE2,368054,368062,8,378550
case_084,post,4,7667,DIV,PIPE_V,368062,368362,300,378550
case_084,post,4,1000025942,COPY_IN,PIPE_MTE2,368062,368227,165,378550
case_084,post,4,1000029951,COPY_IN,PIPE_MTE2,368227,368572,345,378550
case_084,post,4,7644,MATMUL,PIPE_M,368280,368868,588,378550
case_084,post,4,1000025910,COPY_OUT,PIPE_MTE3,368280,368531,251,378550
case_084,post,4,1000029955,COPY_IN,PIPE_MTE2,368572,368584,12,378550
case_084,post,4,7679,DIV,PIPE_V,368584,368884,300,378550
case_084,post,4,1000025955,COPY_IN,PIPE_MTE2,368584,368828,244,378550
case_084,post,4,1000029959,COPY_IN,PIPE_MTE2,368828,369122,294,378550
case_084,post,4,7656,MATMUL,PIPE_M,368868,369456,588,378550
case_084,post,4,1000025923,COPY_OUT,PIPE_MTE3,368868,369087,219,378550
case_084,post,4,1000029963,COPY_IN,PIPE_MTE2,369122,369128,6,378550
case_084,post,4,7691,DIV,PIPE_V,369128,369428,300,378550
case_084,post,4,1000025968,COPY_IN,PIPE_MTE2,369128,369268,140,378550
case_084,post,4,1000029967,COPY_IN,PIPE_MTE2,369268,369464,196,378550
case_084,post,4,7668,MATMUL,PIPE_M,369456,370044,588,378550
case_084,post,4,1000025936,COPY_OUT,PIPE_MTE3,369456,369612,156,378550
case_084,post,4,1000029971,COPY_IN,PIPE_MTE2,369464,369470,6,378550
case_084,post,4,7703,DIV,PIPE_V,369470,369770,300,378550
case_084,post,4,1000025981,COPY_IN,PIPE_MTE2,369470,369621,151,378550
case_084,post,4,1000029975,COPY_IN,PIPE_MTE2,369621,369812,191,378550
case_084,post,4,1000029979,COPY_IN,PIPE_MTE2,369812,369818,6,378550
case_084,post,4,7715,DIV,PIPE_V,369818,370118,300,378550
case_084,post,4,1000025994,COPY_IN,PIPE_MTE2,369818,369946,128,378550
case_084,post,4,1000029983,COPY_IN,PIPE_MTE2,369946,370137,191,378550
case_084,post,4,7680,MATMUL,PIPE_M,370044,370632,588,378550
case_084,post,4,1000025949,COPY_OUT,PIPE_MTE3,370044,370177,133,378550
case_084,post,4,7727,DIV,PIPE_V,370137,370437,300,378550
case_084,post,4,1000026007,COPY_IN,PIPE_MTE2,370137,370255,118,378550
case_084,post,4,7692,MATMUL,PIPE_M,370632,371220,588,378550
case_084,post,4,1000025962,COPY_OUT,PIPE_MTE3,370632,370702,70,378550
case_084,post,4,7704,MATMUL,PIPE_M,371220,371808,588,378550
case_084,post,4,1000025975,COPY_OUT,PIPE_MTE3,371220,371272,52,378550
case_084,post,4,7716,MATMUL,PIPE_M,371808,372396,588,378550
case_084,post,4,1000025988,COPY_OUT,PIPE_MTE3,371808,371860,52,378550
case_084,post,4,7728,MATMUL,PIPE_M,372396,372984,588,378550
case_084,post,4,1000026001,COPY_OUT,PIPE_MTE3,372396,372458,62,378550
case_084,post,4,1000026014,COPY_OUT,PIPE_MTE3,372984,373036,52,378550
